ano,mes,sigla_uf,id_municipio,id_estabelecimento_cnes,tipo_especialidade_leito,tipo_leito,quantidade_total,quantidade_contratado,quantidade_sus
2023,3,SP,3534401,0008052,1,1,4,0,4
2023,10,SP,3534401,0008052,1,1,4,0,4
2023,5,SP,3534401,0008052,1,1,4,0,4
2023,8,SP,3534401,0008052,1,1,4,0,4
2023,7,SP,3534401,0008052,1,1,4,0,4
2023,4,SP,3534401,0008052,1,1,4,0,4
2023,12,SP,3534401,0008052,1,1,4,0,4
2023,6,SP,3534401,0008052,1,1,4,0,4
2023,9,SP,3534401,0008052,1,1,4,0,4
2023,11,SP,3534401,0008052,1,1,4,0,4
2023,2,SP,3534401,0008052,1,1,4,0,4
2023,1,SP,3534401,0008052,1,1,4,0,4
2023,7,SP,3507506,0081825,1,1,1,0,0
2023,5,SP,3507506,0081825,1,1,1,0,0
2023,8,SP,3507506,0081825,1,1,1,0,0
2023,4,SP,3507506,0081825,1,1,1,0,0
2023,1,SP,3507506,0081825,1,1,1,0,0
2023,2,SP,3507506,0081825,1,1,1,0,0
2023,11,SP,3507506,0081825,1,1,1,0,0
2023,9,SP,3507506,0081825,1,1,1,0,0
2023,6,SP,3507506,0081825,1,1,1,0,0
2023,3,SP,3507506,0081825,1,1,1,0,0
2023,12,SP,3507506,0081825,1,1,1,0,0
2023,10,SP,3507506,0081825,1,1,1,0,0
2023,11,SP,3552502,0473561,1,1,1,0,0
2023,4,SP,3552502,0473561,1,1,1,0,0
2023,2,SP,3552502,0473561,1,1,1,0,0
2023,1,SP,3552502,0473561,1,1,1,0,0
2023,5,SP,3552502,0473561,1,1,1,0,0
2023,9,SP,3552502,0473561,1,1,1,0,0
2023,12,SP,3552502,0473561,1,1,1,0,0
2023,7,SP,3552502,0473561,1,1,1,0,0
2023,8,SP,3552502,0473561,1,1,1,0,0
2023,10,SP,3552502,0473561,1,1,1,0,0
2023,6,SP,3552502,0473561,1,1,1,0,0
2023,3,SP,3552502,0473561,1,1,1,0,0
2023,6,SP,3552205,0605484,1,1,2,0,0
2023,10,SP,3552205,0605484,1,1,2,0,0
2023,7,SP,3552205,0605484,1,1,2,0,0
2023,4,SP,3552205,0605484,1,1,2,0,0
2023,9,SP,3552205,0605484,1,1,2,0,0
2023,8,SP,3552205,0605484,1,1,2,0,0
2023,3,SP,3552205,0605484,1,1,2,0,0
2023,5,SP,3552205,0605484,1,1,2,0,0
2023,12,SP,3552205,0605484,1,1,2,0,0
2023,11,SP,3552205,0605484,1,1,2,0,0
2023,11,SP,3529401,0653101,1,1,2,0,0
2023,3,SP,3529401,0653101,1,1,2,0,0
2023,4,SP,3529401,0653101,1,1,2,0,0
2023,5,SP,3529401,0653101,1,1,2,0,0
2023,10,SP,3529401,0653101,1,1,2,0,0
2023,7,SP,3529401,0653101,1,1,2,0,0
2023,2,SP,3529401,0653101,1,1,2,0,0
2023,9,SP,3529401,0653101,1,1,2,0,0
2023,12,SP,3529401,0653101,1,1,2,0,0
2023,6,SP,3529401,0653101,1,1,2,0,0
2023,1,SP,3529401,0653101,1,1,2,0,0
2023,8,SP,3529401,0653101,1,1,2,0,0
2023,6,SP,3504008,2024624,1,1,1,0,0
2023,1,SP,3504008,2024624,1,1,1,0,0
2023,10,SP,3504008,2024624,1,1,1,0,0
2023,3,SP,3504008,2024624,1,1,1,0,0
2023,11,SP,3504008,2024624,1,1,1,0,0
2023,8,SP,3504008,2024624,1,1,1,0,0
2023,9,SP,3504008,2024624,1,1,1,0,0
2023,7,SP,3504008,2024624,1,1,1,0,0
2023,5,SP,3504008,2024624,1,1,1,0,0
2023,12,SP,3504008,2024624,1,1,1,0,0
2023,4,SP,3504008,2024624,1,1,1,0,0
2023,2,SP,3504008,2024624,1,1,1,0,0
2023,3,SP,3548708,2025361,1,1,2,0,2
2023,8,SP,3548708,2025361,1,1,2,0,2
2023,1,SP,3548708,2025361,1,1,2,0,2
2023,9,SP,3548708,2025361,1,1,2,0,2
2023,12,SP,3548708,2025361,1,1,2,0,2
2023,2,SP,3548708,2025361,1,1,2,0,2
2023,4,SP,3548708,2025361,1,1,2,0,2
2023,7,SP,3548708,2025361,1,1,2,0,2
2023,6,SP,3548708,2025361,1,1,2,0,2
2023,11,SP,3548708,2025361,1,1,2,0,2
2023,10,SP,3548708,2025361,1,1,2,0,2
2023,5,SP,3548708,2025361,1,1,2,0,2
2023,5,SP,3548500,2025760,1,1,1,0,0
2023,9,SP,3548500,2025760,1,1,1,0,0
2023,7,SP,3548500,2025760,1,1,1,0,0
2023,4,SP,3548500,2025760,1,1,1,0,0
2023,12,SP,3548500,2025760,1,1,1,0,0
2023,10,SP,3548500,2025760,1,1,1,0,0
2023,11,SP,3548500,2025760,1,1,1,0,0
2023,3,SP,3548500,2025760,1,1,1,0,0
2023,2,SP,3548500,2025760,1,1,1,0,0
2023,6,SP,3548500,2025760,1,1,1,0,0
2023,8,SP,3548500,2025760,1,1,1,0,0
2023,1,SP,3548500,2025760,1,1,1,0,0
2023,6,SP,3524402,2026074,1,1,1,0,0
2023,11,SP,3524402,2026074,1,1,1,0,0
2023,7,SP,3524402,2026074,1,1,1,0,0
2023,3,SP,3524402,2026074,1,1,1,0,0
2023,12,SP,3524402,2026074,1,1,1,0,0
2023,1,SP,3524402,2026074,1,1,1,0,0
2023,4,SP,3524402,2026074,1,1,1,0,0
2023,9,SP,3524402,2026074,1,1,1,0,0
2023,5,SP,3524402,2026074,1,1,1,0,0
2023,8,SP,3524402,2026074,1,1,1,0,0
2023,2,SP,3524402,2026074,1,1,1,0,0
2023,10,SP,3524402,2026074,1,1,1,0,0
2023,3,SP,3518404,2035723,1,1,1,0,0
2023,6,SP,3518404,2035723,1,1,1,0,0
2023,11,SP,3518404,2035723,1,1,1,0,0
2023,5,SP,3518404,2035723,1,1,1,0,0
2023,7,SP,3518404,2035723,1,1,1,0,0
2023,1,SP,3518404,2035723,1,1,1,0,0
2023,8,SP,3518404,2035723,1,1,1,0,0
2023,2,SP,3518404,2035723,1,1,1,0,0
2023,4,SP,3518404,2035723,1,1,1,0,0
2023,10,SP,3518404,2035723,1,1,1,0,0
2023,12,SP,3518404,2035723,1,1,1,0,0
2023,9,SP,3518404,2035723,1,1,1,0,0
2023,2,SP,3550308,2058502,1,1,2,0,0
2023,6,SP,3550308,2058502,1,1,2,0,0
2023,7,SP,3550308,2058502,1,1,2,0,0
2023,12,SP,3550308,2058502,1,1,2,0,0
2023,10,SP,3550308,2058502,1,1,2,0,0
2023,4,SP,3550308,2058502,1,1,2,0,0
2023,8,SP,3550308,2058502,1,1,2,0,0
2023,11,SP,3550308,2058502,1,1,2,0,0
2023,5,SP,3550308,2058502,1,1,2,0,0
2023,1,SP,3550308,2058502,1,1,2,0,0
2023,3,SP,3550308,2058502,1,1,2,0,0
2023,9,SP,3550308,2058502,1,1,2,0,0
2023,11,SP,3550308,2066572,1,1,4,0,4
2023,9,SP,3550308,2066572,1,1,4,0,4
2023,1,SP,3550308,2066572,1,1,4,0,4
2023,3,SP,3550308,2066572,1,1,4,0,4
2023,4,SP,3550308,2066572,1,1,4,0,4
2023,10,SP,3550308,2066572,1,1,4,0,4
2023,8,SP,3550308,2066572,1,1,4,0,4
2023,6,SP,3550308,2066572,1,1,4,0,4
2023,5,SP,3550308,2066572,1,1,4,0,4
2023,12,SP,3550308,2066572,1,1,4,0,4
2023,7,SP,3550308,2066572,1,1,4,0,4
2023,2,SP,3550308,2066572,1,1,4,0,4
2023,6,SP,3511102,2070413,1,1,1,0,0
2023,10,SP,3511102,2070413,1,1,1,0,0
2023,8,SP,3511102,2070413,1,1,1,0,0
2023,2,SP,3511102,2070413,1,1,1,0,0
2023,11,SP,3511102,2070413,1,1,1,0,0
2023,7,SP,3511102,2070413,1,1,1,0,0
2023,1,SP,3511102,2070413,1,1,1,0,0
2023,5,SP,3511102,2070413,1,1,1,0,0
2023,9,SP,3511102,2070413,1,1,1,0,0
2023,4,SP,3511102,2070413,1,1,1,0,0
2023,12,SP,3511102,2070413,1,1,1,0,0
2023,3,SP,3511102,2070413,1,1,1,0,0
2023,10,SP,3550308,2077507,1,1,1,0,0
2023,7,SP,3550308,2077507,1,1,1,0,0
2023,4,SP,3550308,2077507,1,1,1,0,0
2023,11,SP,3550308,2077507,1,1,1,0,0
2023,9,SP,3550308,2077507,1,1,1,0,0
2023,2,SP,3550308,2077507,1,1,1,0,0
2023,12,SP,3550308,2077507,1,1,1,0,0
2023,8,SP,3550308,2077507,1,1,1,0,0
2023,1,SP,3550308,2077507,1,1,1,0,0
2023,3,SP,3550308,2077507,1,1,1,0,0
2023,5,SP,3550308,2077507,1,1,1,0,0
2023,6,SP,3550308,2077507,1,1,1,0,0
2023,6,SP,3550308,2077523,1,1,2,0,2
2023,8,SP,3550308,2077523,1,1,2,0,2
2023,11,SP,3550308,2077523,1,1,2,0,2
2023,2,SP,3550308,2077523,1,1,2,0,2
2023,1,SP,3550308,2077523,1,1,2,0,2
2023,4,SP,3550308,2077523,1,1,2,0,2
2023,9,SP,3550308,2077523,1,1,2,0,2
2023,5,SP,3550308,2077523,1,1,2,0,2
2023,10,SP,3550308,2077523,1,1,2,0,2
2023,3,SP,3550308,2077523,1,1,2,0,2
2023,7,SP,3550308,2077523,1,1,2,0,2
2023,12,SP,3550308,2077523,1,1,2,0,2
2023,7,SP,3550308,2077574,1,1,1,0,1
2023,8,SP,3550308,2077574,1,1,1,0,1
2023,9,SP,3550308,2077574,1,1,1,0,1
2023,12,SP,3550308,2077574,1,1,1,0,1
2023,1,SP,3550308,2077574,1,1,1,0,1
2023,6,SP,3550308,2077574,1,1,1,0,1
2023,5,SP,3550308,2077574,1,1,1,0,1
2023,2,SP,3550308,2077574,1,1,1,0,1
2023,3,SP,3550308,2077574,1,1,1,0,1
2023,10,SP,3550308,2077574,1,1,1,0,1
2023,11,SP,3550308,2077574,1,1,1,0,1
2023,4,SP,3550308,2077574,1,1,1,0,1
2023,8,SP,3550308,2077604,1,1,1,0,0
2023,4,SP,3550308,2077604,1,1,1,0,0
2023,9,SP,3550308,2077604,1,1,1,0,0
2023,7,SP,3550308,2077604,1,1,1,0,0
2023,3,SP,3550308,2077604,1,1,1,0,0
2023,11,SP,3550308,2077604,1,1,1,0,0
2023,6,SP,3550308,2077604,1,1,1,0,0
2023,10,SP,3550308,2077604,1,1,1,0,0
2023,2,SP,3550308,2077604,1,1,1,0,0
2023,12,SP,3550308,2077604,1,1,1,0,0
2023,5,SP,3550308,2077604,1,1,1,0,0
2023,1,SP,3550308,2077604,1,1,1,0,0
2023,5,SP,3543402,2077973,1,1,1,0,0
2023,1,SP,3543402,2077973,1,1,1,0,0
2023,9,SP,3543402,2077973,1,1,1,0,0
2023,8,SP,3543402,2077973,1,1,1,0,0
2023,10,SP,3543402,2077973,1,1,1,0,0
2023,7,SP,3543402,2077973,1,1,1,0,0
2023,11,SP,3543402,2077973,1,1,1,0,0
2023,3,SP,3543402,2077973,1,1,1,0,0
2023,2,SP,3543402,2077973,1,1,1,0,0
2023,12,SP,3543402,2077973,1,1,1,0,0
2023,6,SP,3543402,2077973,1,1,1,0,0
2023,4,SP,3543402,2077973,1,1,1,0,0
2023,3,SP,3525904,2078066,1,1,1,0,0
2023,10,SP,3525904,2078066,1,1,1,0,0
2023,1,SP,3525904,2078066,1,1,1,0,0
2023,8,SP,3525904,2078066,1,1,1,0,0
2023,2,SP,3525904,2078066,1,1,1,0,0
2023,12,SP,3525904,2078066,1,1,1,0,0
2023,9,SP,3525904,2078066,1,1,1,0,0
2023,6,SP,3525904,2078066,1,1,1,0,0
2023,4,SP,3525904,2078066,1,1,1,0,0
2023,5,SP,3525904,2078066,1,1,1,0,0
2023,11,SP,3525904,2078066,1,1,1,0,0
2023,7,SP,3525904,2078066,1,1,1,0,0
2023,1,SP,3550308,2078406,1,1,1,0,0
2023,5,SP,3550308,2078406,1,1,1,0,0
2023,2,SP,3550308,2078406,1,1,1,0,0
2023,9,SP,3550308,2078406,1,1,1,0,0
2023,4,SP,3550308,2078406,1,1,1,0,0
2023,11,SP,3550308,2078406,1,1,1,0,0
2023,3,SP,3550308,2078406,1,1,1,0,0
2023,6,SP,3550308,2078406,1,1,1,0,0
2023,10,SP,3550308,2078406,1,1,1,0,0
2023,12,SP,3550308,2078406,1,1,1,0,0
2023,7,SP,3550308,2078406,1,1,1,0,0
2023,8,SP,3550308,2078406,1,1,1,0,0
2023,10,SP,3550308,2078597,1,1,2,0,1
2023,8,SP,3550308,2078597,1,1,2,0,1
2023,3,SP,3550308,2078597,1,1,2,0,1
2023,7,SP,3550308,2078597,1,1,2,0,1
2023,6,SP,3550308,2078597,1,1,2,0,1
2023,5,SP,3550308,2078597,1,1,2,0,1
2023,1,SP,3550308,2078597,1,1,2,0,1
2023,12,SP,3550308,2078597,1,1,2,0,1
2023,11,SP,3550308,2078597,1,1,2,0,1
2023,2,SP,3550308,2078597,1,1,2,0,1
2023,4,SP,3550308,2078597,1,1,2,0,1
2023,9,SP,3550308,2078597,1,1,2,0,1
2023,8,SP,3550308,2078635,1,1,5,0,0
2023,3,SP,3550308,2078635,1,1,5,0,0
2023,9,SP,3550308,2078635,1,1,5,0,0
2023,11,SP,3550308,2078635,1,1,5,0,0
2023,10,SP,3550308,2078635,1,1,5,0,0
2023,6,SP,3550308,2078635,1,1,5,0,0
2023,5,SP,3550308,2078635,1,1,5,0,0
2023,1,SP,3550308,2078635,1,1,5,0,0
2023,12,SP,3550308,2078635,1,1,5,0,0
2023,2,SP,3550308,2078635,1,1,5,0,0
2023,7,SP,3550308,2078635,1,1,5,0,0
2023,4,SP,3550308,2078635,1,1,5,0,0
2023,12,SP,3509502,2078678,1,1,1,0,0
2023,11,SP,3509502,2078678,1,1,1,0,0
2023,9,SP,3548500,2078740,1,1,1,0,0
2023,7,SP,3548500,2078740,1,1,1,0,0
2023,4,SP,3548500,2078740,1,1,1,0,0
2023,10,SP,3548500,2078740,1,1,1,0,0
2023,12,SP,3548500,2078740,1,1,1,0,0
2023,3,SP,3548500,2078740,1,1,1,0,0
2023,6,SP,3548500,2078740,1,1,1,0,0
2023,2,SP,3548500,2078740,1,1,1,0,0
2023,8,SP,3548500,2078740,1,1,1,0,0
2023,5,SP,3548500,2078740,1,1,1,0,0
2023,1,SP,3548500,2078740,1,1,1,0,0
2023,11,SP,3548500,2078740,1,1,1,0,0
2023,5,SP,3520509,2078872,1,1,1,0,0
2023,8,SP,3520509,2078872,1,1,1,0,0
2023,1,SP,3520509,2078872,1,1,1,0,0
2023,11,SP,3520509,2078872,1,1,1,0,0
2023,6,SP,3520509,2078872,1,1,1,0,0
2023,9,SP,3520509,2078872,1,1,1,0,0
2023,4,SP,3520509,2078872,1,1,1,0,0
2023,3,SP,3520509,2078872,1,1,1,0,0
2023,12,SP,3520509,2078872,1,1,1,0,0
2023,7,SP,3520509,2078872,1,1,1,0,0
2023,10,SP,3520509,2078872,1,1,1,0,0
2023,2,SP,3520509,2078872,1,1,1,0,0
2023,9,SP,3543402,2079275,1,1,1,0,0
2023,4,SP,3543402,2079275,1,1,1,0,0
2023,12,SP,3543402,2079275,1,1,1,0,0
2023,7,SP,3543402,2079275,1,1,1,0,0
2023,8,SP,3543402,2079275,1,1,1,0,0
2023,10,SP,3543402,2079275,1,1,1,0,0
2023,11,SP,3543402,2079275,1,1,1,0,0
2023,5,SP,3543402,2079275,1,1,1,0,0
2023,2,SP,3543402,2079275,1,1,1,0,0
2023,1,SP,3543402,2079275,1,1,1,0,0
2023,6,SP,3543402,2079275,1,1,1,0,0
2023,3,SP,3543402,2079275,1,1,1,0,0
2023,4,SP,3518800,2079410,1,1,2,0,2
2023,11,SP,3518800,2079410,1,1,2,0,2
2023,8,SP,3518800,2079410,1,1,2,0,2
2023,6,SP,3518800,2079410,1,1,2,0,2
2023,12,SP,3518800,2079410,1,1,2,0,2
2023,10,SP,3518800,2079410,1,1,2,0,2
2023,2,SP,3518800,2079410,1,1,2,0,2
2023,9,SP,3518800,2079410,1,1,2,0,2
2023,7,SP,3518800,2079410,1,1,2,0,2
2023,1,SP,3518800,2079410,1,1,2,0,2
2023,5,SP,3518800,2079410,1,1,2,0,2
2023,3,SP,3518800,2079410,1,1,2,0,2
2023,7,SP,3509502,2079666,1,1,1,0,0
2023,6,SP,3509502,2079666,1,1,1,0,0
2023,2,SP,3509502,2079666,1,1,1,0,0
2023,4,SP,3509502,2079666,1,1,1,0,0
2023,11,SP,3509502,2079666,1,1,1,0,0
2023,10,SP,3509502,2079666,1,1,1,0,0
2023,8,SP,3509502,2079666,1,1,1,0,0
2023,5,SP,3509502,2079666,1,1,1,0,0
2023,9,SP,3509502,2079666,1,1,1,0,0
2023,1,SP,3509502,2079666,1,1,1,0,0
2023,3,SP,3509502,2079666,1,1,1,0,0
2023,12,SP,3509502,2079666,1,1,1,0,0
2023,8,SP,3548500,2079720,1,1,2,0,2
2023,5,SP,3548500,2079720,1,1,2,0,2
2023,1,SP,3548500,2079720,1,1,2,0,2
2023,10,SP,3548500,2079720,1,1,2,0,2
2023,6,SP,3548500,2079720,1,1,2,0,2
2023,2,SP,3548500,2079720,1,1,2,0,2
2023,4,SP,3548500,2079720,1,1,2,0,2
2023,12,SP,3548500,2079720,1,1,2,0,2
2023,9,SP,3548500,2079720,1,1,2,0,2
2023,3,SP,3548500,2079720,1,1,2,0,2
2023,11,SP,3548500,2079720,1,1,2,0,2
2023,7,SP,3548500,2079720,1,1,2,0,2
2023,3,SP,3515707,2080079,1,1,1,0,1
2023,6,SP,3515707,2080079,1,1,1,0,1
2023,11,SP,3515707,2080079,1,1,1,0,1
2023,4,SP,3515707,2080079,1,1,1,0,1
2023,1,SP,3515707,2080079,1,1,1,0,1
2023,2,SP,3515707,2080079,1,1,1,0,1
2023,7,SP,3515707,2080079,1,1,1,0,1
2023,10,SP,3515707,2080079,1,1,1,0,1
2023,12,SP,3515707,2080079,1,1,1,0,1
2023,5,SP,3515707,2080079,1,1,1,0,1
2023,9,SP,3515707,2080079,1,1,1,0,1
2023,8,SP,3515707,2080079,1,1,1,0,1
2023,8,SP,3547809,2080133,1,1,1,0,0
2023,7,SP,3547809,2080133,1,1,1,0,0
2023,2,SP,3547809,2080133,1,1,1,0,0
2023,6,SP,3547809,2080133,1,1,1,0,0
2023,9,SP,3547809,2080133,1,1,1,0,0
2023,4,SP,3547809,2080133,1,1,1,0,0
2023,5,SP,3547809,2080133,1,1,1,0,0
2023,12,SP,3547809,2080133,1,1,1,0,0
2023,3,SP,3547809,2080133,1,1,1,0,0
2023,10,SP,3547809,2080133,1,1,1,0,0
2023,11,SP,3547809,2080133,1,1,1,0,0
2023,1,SP,3547809,2080133,1,1,1,0,0
2023,11,SP,3543402,2080400,1,1,2,0,1
2023,6,SP,3543402,2080400,1,1,2,0,1
2023,7,SP,3543402,2080400,1,1,2,0,1
2023,10,SP,3543402,2080400,1,1,2,0,1
2023,8,SP,3543402,2080400,1,1,2,0,1
2023,1,SP,3543402,2080400,1,1,2,0,1
2023,5,SP,3543402,2080400,1,1,2,0,1
2023,9,SP,3543402,2080400,1,1,2,0,1
2023,12,SP,3543402,2080400,1,1,1,0,1
2023,2,SP,3543402,2080400,1,1,2,0,1
2023,3,SP,3543402,2080400,1,1,2,0,1
2023,4,SP,3543402,2080400,1,1,2,0,1
2023,2,SP,3530706,2081016,1,1,1,0,0
2023,8,SP,3530706,2081016,1,1,1,0,0
2023,3,SP,3530706,2081016,1,1,1,0,0
2023,9,SP,3530706,2081016,1,1,1,0,0
2023,11,SP,3530706,2081016,1,1,1,0,0
2023,10,SP,3530706,2081016,1,1,1,0,0
2023,5,SP,3530706,2081016,1,1,1,0,0
2023,4,SP,3530706,2081016,1,1,1,0,0
2023,12,SP,3530706,2081016,1,1,1,0,0
2023,6,SP,3530706,2081016,1,1,1,0,0
2023,1,SP,3530706,2081016,1,1,1,0,0
2023,7,SP,3530706,2081016,1,1,1,0,0
2023,5,SP,3526902,2081458,1,1,2,0,1
2023,2,SP,3526902,2081458,1,1,2,0,1
2023,7,SP,3526902,2081458,1,1,2,0,1
2023,4,SP,3526902,2081458,1,1,2,0,1
2023,8,SP,3526902,2081458,1,1,2,0,1
2023,10,SP,3526902,2081458,1,1,2,0,1
2023,11,SP,3526902,2081458,1,1,2,0,1
2023,3,SP,3526902,2081458,1,1,2,0,1
2023,6,SP,3526902,2081458,1,1,2,0,1
2023,1,SP,3526902,2081458,1,1,2,0,1
2023,9,SP,3526902,2081458,1,1,2,0,1
2023,12,SP,3526902,2081458,1,1,2,0,1
2023,1,SP,3548500,2081636,1,1,1,0,0
2023,3,SP,3548500,2081636,1,1,1,0,0
2023,4,SP,3548500,2081636,1,1,1,0,0
2023,10,SP,3548500,2081636,1,1,1,0,0
2023,7,SP,3548500,2081636,1,1,1,0,0
2023,11,SP,3548500,2081636,1,1,1,0,0
2023,12,SP,3548500,2081636,1,1,1,0,0
2023,6,SP,3548500,2081636,1,1,1,0,0
2023,8,SP,3548500,2081636,1,1,1,0,0
2023,9,SP,3548500,2081636,1,1,1,0,0
2023,5,SP,3548500,2081636,1,1,1,0,0
2023,2,SP,3548500,2081636,1,1,1,0,0
2023,8,SP,3547809,2081881,1,1,3,0,0
2023,4,SP,3547809,2081881,1,1,3,0,0
2023,9,SP,3547809,2081881,1,1,3,0,0
2023,5,SP,3547809,2081881,1,1,3,0,0
2023,3,SP,3547809,2081881,1,1,3,0,0
2023,10,SP,3547809,2081881,1,1,3,0,0
2023,6,SP,3547809,2081881,1,1,3,0,0
2023,11,SP,3547809,2081881,1,1,3,0,0
2023,7,SP,3547809,2081881,1,1,3,0,0
2023,1,SP,3547809,2081881,1,1,3,0,0
2023,12,SP,3547809,2081881,1,1,3,0,0
2023,2,SP,3547809,2081881,1,1,3,0,0
2023,12,SP,3550308,2081970,1,1,4,0,4
2023,11,SP,3550308,2081970,1,1,4,0,4
2023,2,SP,3550308,2081970,1,1,4,0,4
2023,4,SP,3550308,2081970,1,1,4,0,4
2023,5,SP,3550308,2081970,1,1,4,0,4
2023,6,SP,3550308,2081970,1,1,4,0,4
2023,7,SP,3550308,2081970,1,1,4,0,4
2023,9,SP,3550308,2081970,1,1,4,0,4
2023,8,SP,3550308,2081970,1,1,4,0,4
2023,1,SP,3550308,2081970,1,1,4,0,4
2023,3,SP,3550308,2081970,1,1,4,0,4
2023,10,SP,3550308,2081970,1,1,4,0,4
2023,1,SP,3552205,2082101,1,1,1,0,0
2023,10,SP,3552205,2082101,1,1,1,0,0
2023,3,SP,3552205,2082101,1,1,1,0,0
2023,12,SP,3552205,2082101,1,1,1,0,0
2023,9,SP,3552205,2082101,1,1,1,0,0
2023,2,SP,3552205,2082101,1,1,1,0,0
2023,11,SP,3552205,2082101,1,1,1,0,0
2023,5,SP,3552205,2082101,1,1,1,0,0
2023,7,SP,3552205,2082101,1,1,1,0,0
2023,8,SP,3552205,2082101,1,1,1,0,0
2023,6,SP,3552205,2082101,1,1,1,0,0
2023,4,SP,3552205,2082101,1,1,1,0,0
2023,3,SP,3543402,2082187,1,1,5,0,5
2023,2,SP,3543402,2082187,1,1,5,0,5
2023,12,SP,3543402,2082187,1,1,5,0,5
2023,1,SP,3543402,2082187,1,1,5,0,5
2023,5,SP,3543402,2082187,1,1,5,0,5
2023,7,SP,3543402,2082187,1,1,5,0,5
2023,4,SP,3543402,2082187,1,1,5,0,5
2023,11,SP,3543402,2082187,1,1,5,0,5
2023,10,SP,3543402,2082187,1,1,5,0,5
2023,9,SP,3543402,2082187,1,1,5,0,5
2023,8,SP,3543402,2082187,1,1,5,0,5
2023,6,SP,3543402,2082187,1,1,5,0,5
2023,7,SP,3540705,2082322,1,1,1,0,1
2023,12,SP,3540705,2082322,1,1,1,0,1
2023,5,SP,3540705,2082322,1,1,1,0,1
2023,11,SP,3540705,2082322,1,1,1,0,1
2023,4,SP,3540705,2082322,1,1,1,0,1
2023,9,SP,3540705,2082322,1,1,1,0,1
2023,2,SP,3540705,2082322,1,1,1,0,1
2023,6,SP,3540705,2082322,1,1,1,0,1
2023,8,SP,3540705,2082322,1,1,1,0,1
2023,1,SP,3540705,2082322,1,1,1,0,1
2023,10,SP,3540705,2082322,1,1,1,0,1
2023,3,SP,3540705,2082322,1,1,1,0,1
2023,4,SP,3548807,2082330,1,1,4,0,0
2023,6,SP,3548807,2082330,1,1,4,0,0
2023,1,SP,3548807,2082330,1,1,4,0,0
2023,2,SP,3548807,2082330,1,1,4,0,0
2023,5,SP,3548807,2082330,1,1,4,0,0
2023,12,SP,3548807,2082330,1,1,4,0,0
2023,8,SP,3548807,2082330,1,1,4,0,0
2023,9,SP,3548807,2082330,1,1,4,0,0
2023,10,SP,3548807,2082330,1,1,4,0,0
2023,3,SP,3548807,2082330,1,1,4,0,0
2023,11,SP,3548807,2082330,1,1,4,0,0
2023,7,SP,3548807,2082330,1,1,4,0,0
2023,1,SP,3550308,2082624,1,1,1,0,0
2023,10,SP,3550308,2082624,1,1,1,0,0
2023,7,SP,3550308,2082624,1,1,1,0,0
2023,5,SP,3550308,2082624,1,1,1,0,0
2023,2,SP,3550308,2082624,1,1,1,0,0
2023,12,SP,3550308,2082624,1,1,1,0,0
2023,6,SP,3550308,2082624,1,1,1,0,0
2023,8,SP,3550308,2082624,1,1,1,0,0
2023,3,SP,3550308,2082624,1,1,1,0,0
2023,4,SP,3550308,2082624,1,1,1,0,0
2023,11,SP,3550308,2082624,1,1,1,0,0
2023,9,SP,3550308,2082624,1,1,1,0,0
2023,1,SP,3529005,2083116,1,1,2,0,1
2023,8,SP,3529005,2083116,1,1,2,0,1
2023,10,SP,3529005,2083116,1,1,2,0,1
2023,11,SP,3529005,2083116,1,1,2,0,1
2023,4,SP,3529005,2083116,1,1,2,0,1
2023,2,SP,3529005,2083116,1,1,2,0,1
2023,7,SP,3529005,2083116,1,1,2,0,1
2023,9,SP,3529005,2083116,1,1,2,0,1
2023,3,SP,3529005,2083116,1,1,2,0,1
2023,12,SP,3529005,2083116,1,1,2,0,1
2023,6,SP,3529005,2083116,1,1,2,0,1
2023,5,SP,3529005,2083116,1,1,2,0,1
2023,1,SP,3548708,2083248,1,1,4,0,0
2023,9,SP,3548708,2083248,1,1,4,0,0
2023,7,SP,3548708,2083248,1,1,4,0,0
2023,4,SP,3548708,2083248,1,1,4,0,0
2023,10,SP,3548708,2083248,1,1,4,0,0
2023,11,SP,3548708,2083248,1,1,4,0,0
2023,6,SP,3548708,2083248,1,1,4,0,0
2023,12,SP,3548708,2083248,1,1,4,0,0
2023,3,SP,3548708,2083248,1,1,4,0,0
2023,5,SP,3548708,2083248,1,1,4,0,0
2023,2,SP,3548708,2083248,1,1,4,0,0
2023,8,SP,3548708,2083248,1,1,4,0,0
2023,8,SP,3530607,2083256,1,1,1,0,0
2023,3,SP,3530607,2083256,1,1,1,0,0
2023,6,SP,3530607,2083256,1,1,1,0,0
2023,2,SP,3530607,2083256,1,1,1,0,0
2023,4,SP,3530607,2083256,1,1,1,0,0
2023,10,SP,3530607,2083256,1,1,1,0,0
2023,12,SP,3530607,2083256,1,1,1,0,0
2023,7,SP,3530607,2083256,1,1,1,0,0
2023,9,SP,3530607,2083256,1,1,1,0,0
2023,1,SP,3530607,2083256,1,1,1,0,0
2023,5,SP,3530607,2083256,1,1,1,0,0
2023,11,SP,3530607,2083256,1,1,1,0,0
2023,6,SP,3548906,2083299,1,1,1,0,0
2023,8,SP,3548906,2083299,1,1,1,0,0
2023,3,SP,3548906,2083299,1,1,1,0,0
2023,7,SP,3548906,2083299,1,1,1,0,0
2023,1,SP,3548906,2083299,1,1,1,0,0
2023,5,SP,3548906,2083299,1,1,1,0,0
2023,4,SP,3548906,2083299,1,1,1,0,0
2023,12,SP,3548906,2083299,1,1,1,0,0
2023,2,SP,3548906,2083299,1,1,1,0,0
2023,10,SP,3548906,2083299,1,1,1,0,0
2023,11,SP,3548906,2083299,1,1,1,0,0
2023,9,SP,3548906,2083299,1,1,1,0,0
2023,12,SP,3509502,2084252,1,1,2,0,2
2023,7,SP,3509502,2084252,1,1,2,0,2
2023,9,SP,3509502,2084252,1,1,2,0,2
2023,10,SP,3509502,2084252,1,1,2,0,2
2023,6,SP,3509502,2084252,1,1,2,0,2
2023,3,SP,3509502,2084252,1,1,2,0,2
2023,8,SP,3509502,2084252,1,1,2,0,2
2023,1,SP,3509502,2084252,1,1,2,0,2
2023,11,SP,3509502,2084252,1,1,2,0,2
2023,4,SP,3509502,2084252,1,1,2,0,2
2023,2,SP,3509502,2084252,1,1,2,0,2
2023,5,SP,3509502,2084252,1,1,2,0,2
2023,1,SP,3550308,2084368,1,1,4,0,0
2023,7,SP,3550308,2084368,1,1,4,0,0
2023,10,SP,3550308,2084368,1,1,4,0,0
2023,3,SP,3550308,2084368,1,1,4,0,0
2023,12,SP,3550308,2084368,1,1,4,0,0
2023,11,SP,3550308,2084368,1,1,4,0,0
2023,9,SP,3550308,2084368,1,1,4,0,0
2023,5,SP,3550308,2084368,1,1,4,0,0
2023,8,SP,3550308,2084368,1,1,4,0,0
2023,4,SP,3550308,2084368,1,1,4,0,0
2023,2,SP,3550308,2084368,1,1,4,0,0
2023,6,SP,3550308,2084368,1,1,4,0,0
2023,9,SP,3550308,2089238,1,1,7,0,0
2023,11,SP,3550308,2089238,1,1,7,0,0
2023,4,SP,3550308,2089238,1,1,7,0,0
2023,5,SP,3550308,2089238,1,1,7,0,0
2023,1,SP,3550308,2089238,1,1,9,0,0
2023,6,SP,3550308,2089238,1,1,7,0,0
2023,2,SP,3550308,2089238,1,1,9,0,0
2023,8,SP,3550308,2089238,1,1,7,0,0
2023,7,SP,3550308,2089238,1,1,7,0,0
2023,12,SP,3550308,2089238,1,1,7,0,0
2023,3,SP,3550308,2089238,1,1,7,0,0
2023,10,SP,3550308,2089238,1,1,7,0,0
2023,4,SP,3550308,2089483,1,1,2,0,0
2023,3,SP,3550308,2089483,1,1,2,0,0
2023,8,SP,3550308,2089483,1,1,2,0,0
2023,11,SP,3550308,2089483,1,1,2,0,0
2023,2,SP,3550308,2089483,1,1,2,0,0
2023,1,SP,3550308,2089483,1,1,2,0,0
2023,9,SP,3550308,2089483,1,1,2,0,0
2023,5,SP,3550308,2089483,1,1,2,0,0
2023,10,SP,3550308,2089483,1,1,2,0,0
2023,6,SP,3550308,2089483,1,1,2,0,0
2023,7,SP,3550308,2089483,1,1,2,0,0
2023,12,SP,3550308,2089483,1,1,2,0,0
2023,1,SP,3550308,2091313,1,1,1,0,1
2023,3,SP,3550308,2091313,1,1,1,0,1
2023,7,SP,3550308,2091313,1,1,1,0,1
2023,12,SP,3550308,2091313,1,1,1,0,1
2023,10,SP,3550308,2091313,1,1,1,0,1
2023,8,SP,3550308,2091313,1,1,1,0,1
2023,2,SP,3550308,2091313,1,1,1,0,1
2023,9,SP,3550308,2091313,1,1,1,0,1
2023,6,SP,3550308,2091313,1,1,1,0,1
2023,5,SP,3550308,2091313,1,1,1,0,1
2023,4,SP,3550308,2091313,1,1,1,0,1
2023,11,SP,3550308,2091313,1,1,1,0,1
2023,4,SP,3550308,2091755,1,1,4,0,4
2023,2,SP,3550308,2091755,1,1,4,0,4
2023,1,SP,3550308,2091755,1,1,4,0,4
2023,3,SP,3550308,2091755,1,1,4,0,4
2023,11,SP,3505500,2092611,1,1,3,0,2
2023,4,SP,3505500,2092611,1,1,3,0,2
2023,8,SP,3505500,2092611,1,1,3,0,2
2023,12,SP,3505500,2092611,1,1,3,0,2
2023,1,SP,3505500,2092611,1,1,3,0,2
2023,10,SP,3505500,2092611,1,1,3,0,2
2023,2,SP,3505500,2092611,1,1,3,0,2
2023,6,SP,3505500,2092611,1,1,3,0,2
2023,3,SP,3505500,2092611,1,1,3,0,2
2023,5,SP,3505500,2092611,1,1,3,0,2
2023,7,SP,3505500,2092611,1,1,3,0,2
2023,9,SP,3505500,2092611,1,1,3,0,2
2023,8,SP,3524402,2096412,1,1,1,0,1
2023,12,SP,3524402,2096412,1,1,1,0,1
2023,6,SP,3524402,2096412,1,1,1,0,1
2023,3,SP,3524402,2096412,1,1,1,0,1
2023,11,SP,3524402,2096412,1,1,1,0,1
2023,4,SP,3524402,2096412,1,1,1,0,1
2023,9,SP,3524402,2096412,1,1,1,0,1
2023,1,SP,3524402,2096412,1,1,1,0,1
2023,10,SP,3524402,2096412,1,1,1,0,1
2023,7,SP,3524402,2096412,1,1,1,0,1
2023,2,SP,3524402,2096412,1,1,1,0,1
2023,5,SP,3524402,2096412,1,1,1,0,1
2023,7,SP,3550308,2680785,1,1,1,0,0
2023,9,SP,3550308,2680785,1,1,3,0,0
2023,3,SP,3550308,2680785,1,1,1,0,0
2023,1,SP,3550308,2680785,1,1,1,0,0
2023,11,SP,3550308,2680785,1,1,3,0,0
2023,2,SP,3550308,2680785,1,1,1,0,0
2023,10,SP,3550308,2680785,1,1,3,0,0
2023,12,SP,3550308,2680785,1,1,3,0,0
2023,8,SP,3550308,2680785,1,1,1,0,0
2023,6,SP,3550308,2680785,1,1,1,0,0
2023,5,SP,3550308,2680785,1,1,1,0,0
2023,4,SP,3550308,2680785,1,1,1,0,0
2023,5,SP,3550308,2688689,1,1,3,0,3
2023,2,SP,3550308,2688689,1,1,3,0,3
2023,8,SP,3550308,2688689,1,1,3,0,3
2023,3,SP,3550308,2688689,1,1,3,0,3
2023,1,SP,3550308,2688689,1,1,3,0,3
2023,11,SP,3550308,2688689,1,1,3,0,3
2023,10,SP,3550308,2688689,1,1,3,0,3
2023,6,SP,3550308,2688689,1,1,3,0,3
2023,9,SP,3550308,2688689,1,1,3,0,3
2023,12,SP,3550308,2688689,1,1,3,0,3
2023,7,SP,3550308,2688689,1,1,3,0,3
2023,4,SP,3550308,2688689,1,1,3,0,3
2023,2,SP,3548500,2702622,1,1,1,0,0
2023,1,SP,3548500,2702622,1,1,1,0,0
2023,12,SP,3548500,2702622,1,1,1,0,0
2023,5,SP,3548500,2702622,1,1,1,0,0
2023,4,SP,3548500,2702622,1,1,1,0,0
2023,8,SP,3548500,2702622,1,1,1,0,0
2023,11,SP,3548500,2702622,1,1,1,0,0
2023,6,SP,3548500,2702622,1,1,1,0,0
2023,3,SP,3548500,2702622,1,1,1,0,0
2023,10,SP,3548500,2702622,1,1,1,0,0
2023,9,SP,3548500,2702622,1,1,1,0,0
2023,7,SP,3548500,2702622,1,1,1,0,0
2023,10,SP,3516200,2705982,1,1,2,0,2
2023,1,SP,3516200,2705982,1,1,1,0,1
2023,8,SP,3516200,2705982,1,1,1,0,1
2023,9,SP,3516200,2705982,1,1,1,0,1
2023,2,SP,3516200,2705982,1,1,1,0,1
2023,7,SP,3516200,2705982,1,1,1,0,1
2023,4,SP,3516200,2705982,1,1,1,0,1
2023,11,SP,3516200,2705982,1,1,2,0,2
2023,3,SP,3516200,2705982,1,1,1,0,1
2023,12,SP,3516200,2705982,1,1,2,0,2
2023,5,SP,3516200,2705982,1,1,1,0,1
2023,6,SP,3516200,2705982,1,1,1,0,1
2023,10,SP,3552205,2708558,1,1,2,0,0
2023,11,SP,3552205,2708558,1,1,2,0,0
2023,12,SP,3552205,2708558,1,1,2,0,0
2023,10,SP,3541000,2716097,1,1,1,0,1
2023,7,SP,3541000,2716097,1,1,1,0,1
2023,1,SP,3541000,2716097,1,1,1,0,1
2023,6,SP,3541000,2716097,1,1,1,0,1
2023,2,SP,3541000,2716097,1,1,1,0,1
2023,5,SP,3541000,2716097,1,1,1,0,1
2023,3,SP,3541000,2716097,1,1,1,0,1
2023,4,SP,3541000,2716097,1,1,1,0,1
2023,11,SP,3541000,2716097,1,1,1,0,1
2023,9,SP,3541000,2716097,1,1,1,0,1
2023,12,SP,3541000,2716097,1,1,1,0,1
2023,8,SP,3541000,2716097,1,1,1,0,1
2023,12,SP,3541406,2755130,1,1,2,0,2
2023,7,SP,3541406,2755130,1,1,2,0,2
2023,6,SP,3541406,2755130,1,1,2,0,2
2023,10,SP,3541406,2755130,1,1,2,0,2
2023,3,SP,3541406,2755130,1,1,2,0,2
2023,4,SP,3541406,2755130,1,1,2,0,2
2023,8,SP,3541406,2755130,1,1,2,0,2
2023,1,SP,3541406,2755130,1,1,2,0,2
2023,11,SP,3541406,2755130,1,1,2,0,2
2023,2,SP,3541406,2755130,1,1,2,0,2
2023,9,SP,3541406,2755130,1,1,2,0,2
2023,5,SP,3541406,2755130,1,1,2,0,2
2023,2,SP,3520509,2784602,1,1,2,0,1
2023,11,SP,3520509,2784602,1,1,3,0,1
2023,5,SP,3520509,2784602,1,1,2,0,1
2023,8,SP,3520509,2784602,1,1,3,0,1
2023,4,SP,3520509,2784602,1,1,2,0,1
2023,3,SP,3520509,2784602,1,1,2,0,1
2023,12,SP,3520509,2784602,1,1,3,0,1
2023,6,SP,3520509,2784602,1,1,2,0,1
2023,1,SP,3520509,2784602,1,1,2,0,1
2023,7,SP,3520509,2784602,1,1,2,0,1
2023,10,SP,3520509,2784602,1,1,3,0,1
2023,9,SP,3520509,2784602,1,1,3,0,1
2023,12,SP,3506003,2790556,1,1,1,0,1
2023,11,SP,3506003,2790556,1,1,1,0,1
2023,9,SP,3506003,2790556,1,1,1,0,1
2023,5,SP,3506003,2790556,1,1,1,0,1
2023,6,SP,3506003,2790556,1,1,1,0,1
2023,8,SP,3506003,2790556,1,1,1,0,1
2023,3,SP,3506003,2790556,1,1,1,0,1
2023,2,SP,3506003,2790556,1,1,1,0,1
2023,1,SP,3506003,2790556,1,1,1,0,1
2023,4,SP,3506003,2790556,1,1,1,0,1
2023,10,SP,3506003,2790556,1,1,1,0,1
2023,7,SP,3506003,2790556,1,1,1,0,1
2023,2,SP,3506003,2790564,1,1,5,0,5
2023,1,SP,3506003,2790564,1,1,5,0,5
2023,12,SP,3506003,2790564,1,1,5,0,5
2023,7,SP,3506003,2790564,1,1,5,0,5
2023,11,SP,3506003,2790564,1,1,5,0,5
2023,10,SP,3506003,2790564,1,1,5,0,5
2023,9,SP,3506003,2790564,1,1,5,0,5
2023,8,SP,3506003,2790564,1,1,5,0,5
2023,6,SP,3506003,2790564,1,1,5,0,5
2023,4,SP,3506003,2790564,1,1,5,0,5
2023,5,SP,3506003,2790564,1,1,5,0,5
2023,3,SP,3506003,2790564,1,1,5,0,5
2023,10,SP,3506003,3003361,1,1,1,0,0
2023,9,SP,3506003,3003361,1,1,1,0,0
2023,5,SP,3506003,3003361,1,1,1,0,0
2023,6,SP,3506003,3003361,1,1,1,0,0
2023,2,SP,3506003,3003361,1,1,1,0,0
2023,11,SP,3506003,3003361,1,1,1,0,0
2023,3,SP,3506003,3003361,1,1,1,0,0
2023,1,SP,3506003,3003361,1,1,1,0,0
2023,7,SP,3506003,3003361,1,1,1,0,0
2023,4,SP,3506003,3003361,1,1,1,0,0
2023,8,SP,3506003,3003361,1,1,1,0,0
2023,12,SP,3506003,3003361,1,1,1,0,0
2023,3,SP,3551009,3021378,1,1,1,0,1
2023,8,SP,3551009,3021378,1,1,1,0,1
2023,5,SP,3551009,3021378,1,1,1,0,1
2023,7,SP,3551009,3021378,1,1,1,0,1
2023,1,SP,3551009,3021378,1,1,1,0,1
2023,11,SP,3551009,3021378,1,1,1,0,1
2023,4,SP,3551009,3021378,1,1,1,0,1
2023,12,SP,3551009,3021378,1,1,1,0,1
2023,9,SP,3551009,3021378,1,1,1,0,1
2023,2,SP,3551009,3021378,1,1,1,0,1
2023,10,SP,3551009,3021378,1,1,1,0,1
2023,6,SP,3551009,3021378,1,1,1,0,1
2023,11,SP,3550308,3027805,1,1,3,0,0
2023,3,SP,3550308,3027805,1,1,3,0,0
2023,12,SP,3550308,3027805,1,1,3,0,0
2023,10,SP,3550308,3027805,1,1,3,0,0
2023,9,SP,3550308,3027805,1,1,3,0,0
2023,8,SP,3550308,3027805,1,1,3,0,0
2023,5,SP,3550308,3027805,1,1,3,0,0
2023,7,SP,3550308,3027805,1,1,3,0,0
2023,1,SP,3550308,3027805,1,1,3,0,0
2023,6,SP,3550308,3027805,1,1,3,0,0
2023,2,SP,3550308,3027805,1,1,3,0,0
2023,4,SP,3550308,3027805,1,1,3,0,0
2023,5,SP,3549904,3042529,1,1,2,0,0
2023,2,SP,3549904,3042529,1,1,2,0,0
2023,8,SP,3549904,3042529,1,1,2,0,0
2023,4,SP,3549904,3042529,1,1,2,0,0
2023,1,SP,3549904,3042529,1,1,2,0,0
2023,3,SP,3549904,3042529,1,1,2,0,0
2023,12,SP,3549904,3042529,1,1,2,0,0
2023,10,SP,3549904,3042529,1,1,2,0,0
2023,11,SP,3549904,3042529,1,1,2,0,0
2023,6,SP,3549904,3042529,1,1,2,0,0
2023,7,SP,3549904,3042529,1,1,2,0,0
2023,9,SP,3549904,3042529,1,1,2,0,0
2023,8,SP,3508504,3044831,1,1,1,0,0
2023,3,SP,3508504,3044831,1,1,1,0,0
2023,10,SP,3508504,3044831,1,1,1,0,0
2023,2,SP,3508504,3044831,1,1,1,0,0
2023,11,SP,3508504,3044831,1,1,1,0,0
2023,7,SP,3508504,3044831,1,1,1,0,0
2023,6,SP,3508504,3044831,1,1,1,0,0
2023,9,SP,3508504,3044831,1,1,1,0,0
2023,1,SP,3508504,3044831,1,1,1,0,0
2023,5,SP,3508504,3044831,1,1,1,0,0
2023,4,SP,3508504,3044831,1,1,1,0,0
2023,12,SP,3508504,3044831,1,1,1,0,0
2023,4,SP,3513009,3101126,1,1,1,0,0
2023,7,SP,3513009,3101126,1,1,1,0,0
2023,1,SP,3513009,3101126,1,1,1,0,0
2023,6,SP,3513009,3101126,1,1,1,0,0
2023,5,SP,3513009,3101126,1,1,1,0,0
2023,9,SP,3513009,3101126,1,1,1,0,0
2023,10,SP,3513009,3101126,1,1,1,0,0
2023,3,SP,3513009,3101126,1,1,1,0,0
2023,2,SP,3513009,3101126,1,1,1,0,0
2023,11,SP,3513009,3101126,1,1,1,0,0
2023,12,SP,3513009,3101126,1,1,1,0,0
2023,8,SP,3513009,3101126,1,1,1,0,0
2023,4,SP,3505708,3272591,1,1,1,0,0
2023,8,SP,3505708,3272591,1,1,1,0,0
2023,2,SP,3505708,3272591,1,1,1,0,0
2023,9,SP,3505708,3272591,1,1,1,0,0
2023,1,SP,3505708,3272591,1,1,1,0,0
2023,6,SP,3505708,3272591,1,1,1,0,0
2023,7,SP,3505708,3272591,1,1,1,0,0
2023,11,SP,3505708,3272591,1,1,1,0,0
2023,12,SP,3505708,3272591,1,1,1,0,0
2023,5,SP,3505708,3272591,1,1,1,0,0
2023,10,SP,3505708,3272591,1,1,1,0,0
2023,3,SP,3505708,3272591,1,1,1,0,0
2023,9,SP,3550308,3309959,1,1,5,0,0
2023,11,SP,3550308,3309959,1,1,5,0,0
2023,4,SP,3550308,3309959,1,1,5,0,0
2023,12,SP,3550308,3309959,1,1,5,0,0
2023,10,SP,3550308,3309959,1,1,5,0,0
2023,3,SP,3550308,3309959,1,1,5,0,0
2023,5,SP,3550308,3309959,1,1,5,0,0
2023,8,SP,3550308,3309959,1,1,5,0,0
2023,1,SP,3550308,3309959,1,1,5,0,0
2023,7,SP,3550308,3309959,1,1,5,0,0
2023,6,SP,3550308,3309959,1,1,5,0,0
2023,2,SP,3550308,3309959,1,1,5,0,0
2023,1,SP,3502804,3366219,1,1,1,0,0
2023,9,SP,3502804,3366219,1,1,1,0,0
2023,11,SP,3502804,3366219,1,1,1,0,0
2023,7,SP,3502804,3366219,1,1,1,0,0
2023,2,SP,3502804,3366219,1,1,1,0,0
2023,5,SP,3502804,3366219,1,1,1,0,0
2023,8,SP,3502804,3366219,1,1,1,0,0
2023,4,SP,3502804,3366219,1,1,1,0,0
2023,6,SP,3502804,3366219,1,1,1,0,0
2023,10,SP,3502804,3366219,1,1,1,0,0
2023,3,SP,3502804,3366219,1,1,1,0,0
2023,12,SP,3502804,3366219,1,1,1,0,0
2023,11,SP,3550308,3464555,1,1,1,0,0
2023,5,SP,3550308,3464555,1,1,1,0,0
2023,4,SP,3550308,3464555,1,1,1,0,0
2023,2,SP,3550308,3464555,1,1,1,0,0
2023,7,SP,3550308,3464555,1,1,1,0,0
2023,9,SP,3550308,3464555,1,1,1,0,0
2023,12,SP,3550308,3464555,1,1,1,0,0
2023,6,SP,3550308,3464555,1,1,1,0,0
2023,10,SP,3550308,3464555,1,1,1,0,0
2023,3,SP,3550308,3464555,1,1,1,0,0
2023,8,SP,3550308,3464555,1,1,1,0,0
2023,1,SP,3550308,3464555,1,1,1,0,0
2023,7,SP,3550308,3483096,1,1,1,0,0
2023,11,SP,3550308,3483096,1,1,1,0,0
2023,8,SP,3550308,3483096,1,1,1,0,0
2023,4,SP,3550308,3483096,1,1,1,0,0
2023,1,SP,3550308,3483096,1,1,1,0,0
2023,9,SP,3550308,3483096,1,1,1,0,0
2023,6,SP,3550308,3483096,1,1,1,0,0
2023,10,SP,3550308,3483096,1,1,1,0,0
2023,12,SP,3550308,3483096,1,1,1,0,0
2023,2,SP,3550308,3483096,1,1,1,0,0
2023,5,SP,3550308,3483096,1,1,1,0,0
2023,3,SP,3550308,3483096,1,1,1,0,0
2023,3,SP,3527207,3557081,1,1,1,0,0
2023,1,SP,3527207,3557081,1,1,1,0,0
2023,5,SP,3527207,3557081,1,1,1,0,0
2023,9,SP,3527207,3557081,1,1,1,0,0
2023,4,SP,3527207,3557081,1,1,1,0,0
2023,11,SP,3527207,3557081,1,1,1,0,0
2023,6,SP,3527207,3557081,1,1,1,0,0
2023,10,SP,3527207,3557081,1,1,1,0,0
2023,7,SP,3527207,3557081,1,1,1,0,0
2023,2,SP,3527207,3557081,1,1,1,0,0
2023,12,SP,3527207,3557081,1,1,1,0,0
2023,8,SP,3527207,3557081,1,1,1,0,0
2023,9,SP,3550308,3701832,1,1,5,0,0
2023,2,SP,3550308,3701832,1,1,5,0,0
2023,11,SP,3550308,3701832,1,1,5,0,0
2023,12,SP,3550308,3701832,1,1,5,0,0
2023,4,SP,3550308,3701832,1,1,5,0,0
2023,3,SP,3550308,3701832,1,1,5,0,0
2023,7,SP,3550308,3701832,1,1,5,0,0
2023,6,SP,3550308,3701832,1,1,5,0,0
2023,10,SP,3550308,3701832,1,1,5,0,0
2023,1,SP,3550308,3701832,1,1,5,0,0
2023,5,SP,3550308,3701832,1,1,5,0,0
2023,8,SP,3550308,3701832,1,1,5,0,0
2023,4,SP,3550308,3986683,1,1,5,0,0
2023,8,SP,3550308,3986683,1,1,5,0,0
2023,10,SP,3550308,3986683,1,1,5,0,0
2023,2,SP,3550308,3986683,1,1,5,0,0
2023,6,SP,3550308,3986683,1,1,5,0,0
2023,5,SP,3550308,3986683,1,1,5,0,0
2023,12,SP,3550308,3986683,1,1,5,0,0
2023,7,SP,3550308,3986683,1,1,5,0,0
2023,1,SP,3550308,3986683,1,1,5,0,0
2023,9,SP,3550308,3986683,1,1,5,0,0
2023,11,SP,3550308,3986683,1,1,5,0,0
2023,3,SP,3550308,3986683,1,1,5,0,0
2023,10,SP,3550308,4060105,1,1,2,0,0
2023,1,SP,3550308,4060105,1,1,2,0,0
2023,12,SP,3550308,4060105,1,1,2,0,0
2023,3,SP,3550308,4060105,1,1,2,0,0
2023,11,SP,3550308,4060105,1,1,2,0,0
2023,2,SP,3550308,4060105,1,1,2,0,0
2023,9,SP,3550308,4060105,1,1,2,0,0
2023,8,SP,3550308,4060105,1,1,2,0,0
2023,7,SP,3550308,4060105,1,1,2,0,0
2023,4,SP,3550308,4060105,1,1,2,0,0
2023,6,SP,3550308,4060105,1,1,2,0,0
2023,5,SP,3550308,4060105,1,1,2,0,0
2023,10,SP,3549805,4376439,1,1,1,0,0
2023,12,SP,3549805,4376439,1,1,1,0,0
2023,11,SP,3549805,4376439,1,1,1,0,0
2023,7,SP,3556206,5515483,1,1,1,0,0
2023,10,SP,3556206,5515483,1,1,1,0,0
2023,11,SP,3556206,5515483,1,1,1,0,0
2023,2,SP,3556206,5515483,1,1,1,0,0
2023,4,SP,3556206,5515483,1,1,1,0,0
2023,12,SP,3556206,5515483,1,1,1,0,0
2023,8,SP,3556206,5515483,1,1,1,0,0
2023,1,SP,3556206,5515483,1,1,1,0,0
2023,9,SP,3556206,5515483,1,1,1,0,0
2023,6,SP,3556206,5515483,1,1,1,0,0
2023,3,SP,3556206,5515483,1,1,1,0,0
2023,5,SP,3556206,5515483,1,1,1,0,0
2023,11,SP,3550308,5969271,1,1,4,0,0
2023,6,SP,3550308,5969271,1,1,4,0,0
2023,3,SP,3550308,5969271,1,1,4,0,0
2023,5,SP,3550308,5969271,1,1,4,0,0
2023,12,SP,3550308,5969271,1,1,4,0,0
2023,7,SP,3550308,5969271,1,1,4,0,0
2023,2,SP,3550308,5969271,1,1,4,0,0
2023,10,SP,3550308,5969271,1,1,4,0,0
2023,1,SP,3550308,5969271,1,1,4,0,0
2023,9,SP,3550308,5969271,1,1,4,0,0
2023,4,SP,3550308,5969271,1,1,4,0,0
2023,8,SP,3550308,5969271,1,1,4,0,0
2023,3,SP,3506003,6025668,1,1,1,0,0
2023,4,SP,3506003,6025668,1,1,1,0,0
2023,5,SP,3506003,6025668,1,1,1,0,0
2023,1,SP,3506003,6025668,1,1,1,0,0
2023,2,SP,3506003,6025668,1,1,1,0,0
2023,7,SP,3554102,6106056,1,1,1,0,0
2023,3,SP,3554102,6106056,1,1,1,0,0
2023,1,SP,3554102,6106056,1,1,1,0,0
2023,12,SP,3554102,6106056,1,1,1,0,0
2023,5,SP,3554102,6106056,1,1,1,0,0
2023,4,SP,3554102,6106056,1,1,1,0,0
2023,10,SP,3554102,6106056,1,1,1,0,0
2023,6,SP,3554102,6106056,1,1,1,0,0
2023,11,SP,3554102,6106056,1,1,1,0,0
2023,8,SP,3554102,6106056,1,1,1,0,0
2023,2,SP,3554102,6106056,1,1,1,0,0
2023,9,SP,3554102,6106056,1,1,1,0,0
2023,5,SP,3550308,6148956,1,1,1,0,0
2023,11,SP,3550308,6148956,1,1,1,0,0
2023,10,SP,3550308,6148956,1,1,1,0,0
2023,9,SP,3550308,6148956,1,1,1,0,0
2023,1,SP,3550308,6148956,1,1,1,0,0
2023,2,SP,3550308,6148956,1,1,1,0,0
2023,3,SP,3550308,6148956,1,1,1,0,0
2023,4,SP,3550308,6148956,1,1,1,0,0
2023,12,SP,3550308,6148956,1,1,1,0,0
2023,8,SP,3550308,6148956,1,1,1,0,0
2023,7,SP,3550308,6148956,1,1,1,0,0
2023,6,SP,3550308,6148956,1,1,1,0,0
2023,12,SP,3550308,6283993,1,1,1,0,0
2023,4,SP,3550308,6283993,1,1,1,0,0
2023,2,SP,3550308,6283993,1,1,1,0,0
2023,6,SP,3550308,6283993,1,1,1,0,0
2023,8,SP,3550308,6283993,1,1,1,0,0
2023,9,SP,3550308,6283993,1,1,1,0,0
2023,1,SP,3550308,6283993,1,1,1,0,0
2023,10,SP,3550308,6283993,1,1,1,0,0
2023,7,SP,3550308,6283993,1,1,1,0,0
2023,11,SP,3550308,6283993,1,1,1,0,0
2023,5,SP,3550308,6283993,1,1,1,0,0
2023,3,SP,3550308,6283993,1,1,1,0,0
2023,10,SP,3549904,6988938,1,1,2,0,0
2023,4,SP,3549904,6988938,1,1,2,0,0
2023,3,SP,3549904,6988938,1,1,2,0,0
2023,8,SP,3549904,6988938,1,1,2,0,0
2023,2,SP,3549904,6988938,1,1,2,0,0
2023,7,SP,3549904,6988938,1,1,2,0,0
2023,5,SP,3549904,6988938,1,1,2,0,0
2023,6,SP,3549904,6988938,1,1,2,0,0
2023,1,SP,3549904,6988938,1,1,2,0,0
2023,9,SP,3549904,6988938,1,1,2,0,0
2023,12,SP,3549904,6988938,1,1,2,0,0
2023,11,SP,3549904,6988938,1,1,2,0,0
2023,8,SP,3550308,7174705,1,1,40,0,0
2023,10,SP,3550308,7174705,1,1,40,0,0
2023,1,SP,3550308,7174705,1,1,10,0,0
2023,9,SP,3550308,7174705,1,1,40,0,0
2023,4,SP,3550308,7174705,1,1,10,0,0
2023,12,SP,3550308,7174705,1,1,40,0,0
2023,2,SP,3550308,7174705,1,1,10,0,0
2023,5,SP,3550308,7174705,1,1,40,0,0
2023,6,SP,3550308,7174705,1,1,40,0,0
2023,7,SP,3550308,7174705,1,1,40,0,0
2023,11,SP,3550308,7174705,1,1,40,0,0
2023,3,SP,3550308,7174705,1,1,10,0,0
2023,2,SP,3513801,7261012,1,1,1,0,0
2023,11,SP,3513801,7261012,1,1,1,0,0
2023,3,SP,3513801,7261012,1,1,1,0,0
2023,7,SP,3513801,7261012,1,1,1,0,0
2023,1,SP,3513801,7261012,1,1,1,0,0
2023,9,SP,3513801,7261012,1,1,1,0,0
2023,10,SP,3513801,7261012,1,1,1,0,0
2023,6,SP,3513801,7261012,1,1,1,0,0
2023,8,SP,3513801,7261012,1,1,1,0,0
2023,5,SP,3513801,7261012,1,1,1,0,0
2023,12,SP,3513801,7261012,1,1,1,0,0
2023,4,SP,3513801,7261012,1,1,1,0,0
2023,5,SP,3503208,7352980,1,1,1,0,0
2023,11,SP,3503208,7352980,1,1,1,0,0
2023,2,SP,3503208,7352980,1,1,1,0,0
2023,9,SP,3503208,7352980,1,1,1,0,0
2023,10,SP,3503208,7352980,1,1,1,0,0
2023,12,SP,3503208,7352980,1,1,1,0,0
2023,7,SP,3503208,7352980,1,1,1,0,0
2023,8,SP,3503208,7352980,1,1,1,0,0
2023,1,SP,3503208,7352980,1,1,1,0,0
2023,4,SP,3503208,7352980,1,1,1,0,0
2023,3,SP,3503208,7352980,1,1,1,0,0
2023,6,SP,3503208,7352980,1,1,1,0,0
2023,8,SP,3548708,7373465,1,1,2,0,2
2023,7,SP,3548708,7373465,1,1,2,0,2
2023,12,SP,3548708,7373465,1,1,2,0,2
2023,10,SP,3548708,7373465,1,1,2,0,2
2023,1,SP,3548708,7373465,1,1,2,0,2
2023,5,SP,3548708,7373465,1,1,2,0,2
2023,4,SP,3548708,7373465,1,1,2,0,2
2023,2,SP,3548708,7373465,1,1,2,0,2
2023,3,SP,3548708,7373465,1,1,2,0,2
2023,11,SP,3548708,7373465,1,1,2,0,2
2023,9,SP,3548708,7373465,1,1,2,0,2
2023,6,SP,3548708,7373465,1,1,2,0,2
2023,7,SP,3550308,7390157,1,1,5,0,0
2023,11,SP,3550308,7390157,1,1,5,0,0
2023,2,SP,3550308,7390157,1,1,5,0,0
2023,5,SP,3550308,7390157,1,1,5,0,0
2023,6,SP,3550308,7390157,1,1,5,0,0
2023,4,SP,3550308,7390157,1,1,5,0,0
2023,1,SP,3550308,7390157,1,1,5,0,0
2023,8,SP,3550308,7390157,1,1,5,0,0
2023,10,SP,3550308,7390157,1,1,5,0,0
2023,3,SP,3550308,7390157,1,1,5,0,0
2023,9,SP,3550308,7390157,1,1,5,0,0
2023,12,SP,3550308,7390157,1,1,5,0,0
2023,2,SP,3506003,7482450,1,1,1,0,0
2023,1,SP,3506003,7482450,1,1,1,0,0
2023,4,SP,3506003,7482450,1,1,1,0,0
2023,3,SP,3506003,7482450,1,1,1,0,0
2023,5,SP,3506003,7482450,1,1,1,0,0
2023,7,SP,3507506,7612990,1,1,1,0,0
2023,11,SP,3507506,7612990,1,1,1,0,0
2023,8,SP,3507506,7612990,1,1,1,0,0
2023,10,SP,3507506,7612990,1,1,1,0,0
2023,9,SP,3507506,7612990,1,1,1,0,0
2023,3,SP,3507506,7612990,1,1,1,0,0
2023,6,SP,3507506,7612990,1,1,1,0,0
2023,5,SP,3507506,7612990,1,1,1,0,0
2023,2,SP,3507506,7612990,1,1,1,0,0
2023,12,SP,3507506,7612990,1,1,1,0,0
2023,1,SP,3507506,7612990,1,1,1,0,0
2023,4,SP,3507506,7612990,1,1,1,0,0
2023,8,SP,3550308,7644167,1,1,1,0,0
2023,6,SP,3550308,7644167,1,1,1,0,0
2023,12,SP,3550308,7644167,1,1,1,0,0
2023,2,SP,3550308,7644167,1,1,1,0,0
2023,3,SP,3550308,7644167,1,1,1,0,0
2023,4,SP,3550308,7644167,1,1,1,0,0
2023,5,SP,3550308,7644167,1,1,1,0,0
2023,1,SP,3550308,7644167,1,1,1,0,0
2023,10,SP,3550308,7644167,1,1,1,0,0
2023,9,SP,3550308,7644167,1,1,1,0,0
2023,7,SP,3550308,7644167,1,1,1,0,0
2023,11,SP,3550308,7644167,1,1,1,0,0
2023,5,SP,3518701,9373306,1,1,1,0,0
2023,3,SP,3518701,9373306,1,1,1,0,0
2023,6,SP,3518701,9373306,1,1,1,0,0
2023,2,SP,3518701,9373306,1,1,1,0,0
2023,10,SP,3518701,9373306,1,1,1,0,0
2023,4,SP,3518701,9373306,1,1,1,0,0
2023,1,SP,3518701,9373306,1,1,1,0,0
2023,9,SP,3518701,9373306,1,1,1,0,0
2023,8,SP,3518701,9373306,1,1,1,0,0
2023,7,SP,3518701,9373306,1,1,1,0,0
2023,11,SP,3518701,9373306,1,1,1,0,0
2023,12,SP,3518701,9373306,1,1,1,0,0
2023,1,SP,3538709,9425802,1,1,1,0,1
2023,7,SP,3538709,9425802,1,1,1,0,1
2023,12,SP,3538709,9425802,1,1,1,0,1
2023,9,SP,3538709,9425802,1,1,1,0,1
2023,4,SP,3538709,9425802,1,1,1,0,1
2023,10,SP,3538709,9425802,1,1,1,0,1
2023,6,SP,3538709,9425802,1,1,1,0,1
2023,3,SP,3538709,9425802,1,1,1,0,1
2023,8,SP,3538709,9425802,1,1,1,0,1
2023,11,SP,3538709,9425802,1,1,1,0,1
2023,2,SP,3538709,9425802,1,1,1,0,1
2023,5,SP,3538709,9425802,1,1,1,0,1
2023,11,SP,3506003,9915354,1,1,1,0,0
2023,3,SP,3506003,9915354,1,1,1,0,0
2023,1,SP,3506003,9915354,1,1,1,0,0
2023,7,SP,3506003,9915354,1,1,1,0,0
2023,4,SP,3506003,9915354,1,1,1,0,0
2023,6,SP,3506003,9915354,1,1,1,0,0
2023,2,SP,3506003,9915354,1,1,1,0,0
2023,12,SP,3506003,9915354,1,1,1,0,0
2023,8,SP,3506003,9915354,1,1,1,0,0
2023,10,SP,3506003,9915354,1,1,1,0,0
2023,5,SP,3506003,9915354,1,1,1,0,0
2023,9,SP,3506003,9915354,1,1,1,0,0
2023,4,SP,3522505,9997032,1,1,2,0,0
2023,12,SP,3522505,9997032,1,1,2,0,0
2023,1,SP,3522505,9997032,1,1,2,0,0
2023,5,SP,3522505,9997032,1,1,2,0,0
2023,6,SP,3522505,9997032,1,1,2,0,0
2023,2,SP,3522505,9997032,1,1,2,0,0
2023,7,SP,3522505,9997032,1,1,2,0,0
2023,3,SP,3522505,9997032,1,1,2,0,0
2023,11,SP,3522505,9997032,1,1,2,0,0
2023,9,SP,3522505,9997032,1,1,2,0,0
2023,8,SP,3522505,9997032,1,1,2,0,0
2023,10,SP,3522505,9997032,1,1,2,0,0
2023,7,SP,3534401,0008036,10,4,70,0,70
2023,4,SP,3534401,0008036,10,4,70,0,70
2023,3,SP,3534401,0008036,10,4,70,0,70
2023,2,SP,3534401,0008036,10,4,70,0,70
2023,9,SP,3534401,0008036,10,4,70,0,70
2023,10,SP,3534401,0008036,10,4,70,0,70
2023,5,SP,3534401,0008036,10,4,70,0,70
2023,1,SP,3534401,0008036,10,4,70,0,70
2023,6,SP,3534401,0008036,10,4,70,0,70
2023,8,SP,3534401,0008036,10,4,70,0,70
2023,12,SP,3534401,0008036,10,4,70,0,70
2023,11,SP,3534401,0008036,10,4,70,0,70
2023,3,SP,3534401,0008052,10,4,14,0,14
2023,10,SP,3534401,0008052,10,4,14,0,14
2023,5,SP,3534401,0008052,10,4,14,0,14
2023,8,SP,3534401,0008052,10,4,14,0,14
2023,7,SP,3534401,0008052,10,4,14,0,14
2023,4,SP,3534401,0008052,10,4,14,0,14
2023,12,SP,3534401,0008052,10,4,14,0,14
2023,6,SP,3534401,0008052,10,4,14,0,14
2023,9,SP,3534401,0008052,10,4,14,0,14
2023,11,SP,3534401,0008052,10,4,14,0,14
2023,2,SP,3534401,0008052,10,4,14,0,14
2023,1,SP,3534401,0008052,10,4,14,0,14
2023,9,SP,3549904,0009539,10,4,5,0,0
2023,5,SP,3549904,0009539,10,4,5,0,0
2023,12,SP,3549904,0009539,10,4,5,0,0
2023,10,SP,3549904,0009539,10,4,5,0,0
2023,8,SP,3549904,0009539,10,4,5,0,0
2023,7,SP,3549904,0009539,10,4,5,0,0
2023,2,SP,3549904,0009539,10,4,5,0,0
2023,6,SP,3549904,0009539,10,4,5,0,0
2023,1,SP,3549904,0009539,10,4,5,0,0
2023,4,SP,3549904,0009539,10,4,5,0,0
2023,11,SP,3549904,0009539,10,4,5,0,0
2023,3,SP,3549904,0009539,10,4,5,0,0
2023,10,SP,3549904,0009628,10,4,55,0,55
2023,7,SP,3549904,0009628,10,4,55,0,55
2023,1,SP,3549904,0009628,10,4,55,0,55
2023,6,SP,3549904,0009628,10,4,55,0,55
2023,2,SP,3549904,0009628,10,4,55,0,55
2023,9,SP,3549904,0009628,10,4,55,0,55
2023,5,SP,3549904,0009628,10,4,55,0,55
2023,12,SP,3549904,0009628,10,4,55,0,55
2023,8,SP,3549904,0009628,10,4,55,0,55
2023,11,SP,3549904,0009628,10,4,55,0,55
2023,3,SP,3549904,0009628,10,4,55,0,55
2023,4,SP,3549904,0009628,10,4,55,0,55
2023,9,SP,3550704,0265187,10,4,1,0,1
2023,10,SP,3550704,0265187,10,4,1,0,1
2023,8,SP,3550704,0265187,10,4,1,0,1
2023,11,SP,3550704,0265187,10,4,1,0,1
2023,7,SP,3550704,0265187,10,4,1,0,1
2023,12,SP,3550704,0265187,10,4,1,0,1
2023,3,SP,3550704,0265187,10,4,1,0,1
2023,2,SP,3550704,0265187,10,4,1,0,1
2023,1,SP,3550704,0265187,10,4,1,0,1
2023,6,SP,3550704,0265187,10,4,1,0,1
2023,4,SP,3550704,0265187,10,4,1,0,1
2023,5,SP,3550704,0265187,10,4,1,0,1
2023,2,SP,3550308,0414808,10,4,3,0,0
2023,11,SP,3550308,0414808,10,4,3,0,0
2023,3,SP,3550308,0414808,10,4,3,0,0
2023,4,SP,3550308,0414808,10,4,3,0,0
2023,12,SP,3550308,0414808,10,4,3,0,0
2023,7,SP,3550308,0414808,10,4,3,0,0
2023,9,SP,3550308,0414808,10,4,3,0,0
2023,5,SP,3550308,0414808,10,4,3,0,0
2023,1,SP,3550308,0414808,10,4,3,0,0
2023,6,SP,3550308,0414808,10,4,3,0,0
2023,8,SP,3550308,0414808,10,4,3,0,0
2023,10,SP,3550308,0414808,10,4,3,0,0
2023,7,SP,3545803,0652601,10,4,3,0,0
2023,12,SP,3545803,0652601,10,4,3,0,0
2023,11,SP,3545803,0652601,10,4,3,0,0
2023,4,SP,3545803,0652601,10,4,3,0,0
2023,9,SP,3545803,0652601,10,4,3,0,0
2023,3,SP,3545803,0652601,10,4,3,0,0
2023,10,SP,3545803,0652601,10,4,3,0,0
2023,8,SP,3545803,0652601,10,4,3,0,0
2023,2,SP,3545803,0652601,10,4,3,0,0
2023,1,SP,3545803,0652601,10,4,3,0,0
2023,6,SP,3545803,0652601,10,4,3,0,0
2023,5,SP,3545803,0652601,10,4,3,0,0
2023,9,SP,3505500,0837164,10,4,1,0,0
2023,10,SP,3505500,0837164,10,4,1,0,0
2023,11,SP,3505500,0837164,10,4,1,0,0
2023,7,SP,3505500,0837164,10,4,1,0,0
2023,12,SP,3505500,0837164,10,4,1,0,0
2023,8,SP,3505500,0837164,10,4,1,0,0
2023,2,SP,3549706,0911437,10,4,1,0,0
2023,5,SP,3549706,0911437,10,4,1,0,0
2023,1,SP,3549706,0911437,10,4,1,0,0
2023,10,SP,3549706,0911437,10,4,1,0,0
2023,9,SP,3549706,0911437,10,4,1,0,0
2023,3,SP,3549706,0911437,10,4,1,0,0
2023,4,SP,3549706,0911437,10,4,1,0,0
2023,7,SP,3549706,0911437,10,4,1,0,0
2023,6,SP,3549706,0911437,10,4,1,0,0
2023,8,SP,3549706,0911437,10,4,1,0,0
2023,12,SP,3549706,0911437,10,4,1,0,0
2023,11,SP,3549706,0911437,10,4,1,0,0
2023,5,SP,3548906,0962589,10,4,13,0,0
2023,7,SP,3548906,0962589,10,4,13,0,0
2023,8,SP,3548906,0962589,10,4,13,0,0
2023,9,SP,3548906,0962589,10,4,13,0,0
2023,6,SP,3548906,0962589,10,4,13,0,0
2023,4,SP,3548906,0962589,10,4,13,0,0
2023,1,SP,3548906,0962589,10,4,13,0,0
2023,2,SP,3548906,0962589,10,4,13,0,0
2023,11,SP,3548906,0962589,10,4,13,0,0
2023,3,SP,3548906,0962589,10,4,13,0,0
2023,10,SP,3548906,0962589,10,4,13,0,0
2023,12,SP,3548906,0962589,10,4,13,0,0
2023,1,SP,3550308,0993956,10,4,90,0,0
2023,8,SP,3550308,0993956,10,4,90,0,0
2023,2,SP,3550308,0993956,10,4,90,0,0
2023,4,SP,3550308,0993956,10,4,90,0,0
2023,10,SP,3550308,0993956,10,4,90,0,0
2023,9,SP,3550308,0993956,10,4,90,0,0
2023,7,SP,3550308,0993956,10,4,90,0,0
2023,5,SP,3550308,0993956,10,4,90,0,0
2023,3,SP,3550308,0993956,10,4,90,0,0
2023,11,SP,3550308,0993956,10,4,90,0,0
2023,6,SP,3550308,0993956,10,4,90,0,0
2023,12,SP,3550308,0993956,10,4,90,0,0
2023,10,SP,3509502,2022621,10,4,88,0,52
2023,4,SP,3509502,2022621,10,4,88,0,52
2023,3,SP,3509502,2022621,10,4,88,0,52
2023,8,SP,3509502,2022621,10,4,88,0,52
2023,7,SP,3509502,2022621,10,4,88,0,52
2023,5,SP,3509502,2022621,10,4,88,0,52
2023,1,SP,3509502,2022621,10,4,88,0,52
2023,6,SP,3509502,2022621,10,4,88,0,52
2023,9,SP,3509502,2022621,10,4,88,0,52
2023,2,SP,3509502,2022621,10,4,88,0,52
2023,11,SP,3509502,2022621,10,4,88,0,52
2023,12,SP,3509502,2022621,10,4,88,0,52
2023,11,SP,3509502,2023148,10,4,28,0,0
2023,9,SP,3509502,2023148,10,4,28,0,0
2023,4,SP,3509502,2023148,10,4,28,0,0
2023,8,SP,3509502,2023148,10,4,28,0,0
2023,5,SP,3509502,2023148,10,4,28,0,0
2023,7,SP,3509502,2023148,10,4,28,0,0
2023,12,SP,3509502,2023148,10,4,28,0,0
2023,2,SP,3509502,2023148,10,4,28,0,0
2023,6,SP,3509502,2023148,10,4,28,0,0
2023,3,SP,3509502,2023148,10,4,28,0,0
2023,10,SP,3509502,2023148,10,4,28,0,0
2023,1,SP,3509502,2023148,10,4,28,0,0
2023,7,SP,3523404,2023709,10,4,8,0,6
2023,4,SP,3523404,2023709,10,4,8,0,6
2023,2,SP,3523404,2023709,10,4,8,0,6
2023,8,SP,3523404,2023709,10,4,8,0,6
2023,1,SP,3523404,2023709,10,4,8,0,6
2023,10,SP,3523404,2023709,10,4,8,0,6
2023,6,SP,3523404,2023709,10,4,8,0,6
2023,3,SP,3523404,2023709,10,4,8,0,6
2023,11,SP,3523404,2023709,10,4,8,0,6
2023,5,SP,3523404,2023709,10,4,8,0,6
2023,12,SP,3523404,2023709,10,4,8,0,6
2023,9,SP,3523404,2023709,10,4,8,0,6
2023,4,SP,3531100,2024438,10,4,3,0,3
2023,8,SP,3531100,2024438,10,4,3,0,3
2023,3,SP,3531100,2024438,10,4,3,0,3
2023,1,SP,3531100,2024438,10,4,3,0,3
2023,9,SP,3531100,2024438,10,4,3,0,3
2023,12,SP,3531100,2024438,10,4,3,0,3
2023,11,SP,3531100,2024438,10,4,3,0,3
2023,6,SP,3531100,2024438,10,4,3,0,3
2023,2,SP,3531100,2024438,10,4,3,0,3
2023,10,SP,3531100,2024438,10,4,3,0,3
2023,7,SP,3531100,2024438,10,4,3,0,3
2023,5,SP,3531100,2024438,10,4,3,0,3
2023,6,SP,3504008,2024624,10,4,3,0,0
2023,1,SP,3504008,2024624,10,4,3,0,0
2023,10,SP,3504008,2024624,10,4,3,0,0
2023,3,SP,3504008,2024624,10,4,3,0,0
2023,11,SP,3504008,2024624,10,4,3,0,0
2023,8,SP,3504008,2024624,10,4,3,0,0
2023,9,SP,3504008,2024624,10,4,3,0,0
2023,7,SP,3504008,2024624,10,4,3,0,0
2023,5,SP,3504008,2024624,10,4,3,0,0
2023,12,SP,3504008,2024624,10,4,3,0,0
2023,4,SP,3504008,2024624,10,4,3,0,0
2023,2,SP,3504008,2024624,10,4,3,0,0
2023,3,SP,3513405,2024691,10,4,17,0,11
2023,10,SP,3513405,2024691,10,4,17,0,11
2023,4,SP,3513405,2024691,10,4,17,0,11
2023,5,SP,3513405,2024691,10,4,17,0,11
2023,6,SP,3513405,2024691,10,4,17,0,11
2023,1,SP,3513405,2024691,10,4,17,0,11
2023,2,SP,3513405,2024691,10,4,17,0,11
2023,12,SP,3513405,2024691,10,4,17,0,11
2023,9,SP,3513405,2024691,10,4,17,0,11
2023,7,SP,3513405,2024691,10,4,17,0,11
2023,11,SP,3513405,2024691,10,4,17,0,11
2023,8,SP,3513405,2024691,10,4,17,0,11
2023,3,SP,3524303,2025477,10,4,10,0,6
2023,6,SP,3524303,2025477,10,4,10,0,6
2023,7,SP,3524303,2025477,10,4,10,0,6
2023,4,SP,3524303,2025477,10,4,10,0,6
2023,11,SP,3524303,2025477,10,4,10,0,6
2023,12,SP,3524303,2025477,10,4,10,0,6
2023,9,SP,3524303,2025477,10,4,10,0,6
2023,1,SP,3524303,2025477,10,4,10,0,6
2023,10,SP,3524303,2025477,10,4,10,0,6
2023,8,SP,3524303,2025477,10,4,10,0,6
2023,2,SP,3524303,2025477,10,4,10,0,6
2023,5,SP,3524303,2025477,10,4,10,0,6
2023,2,SP,3529005,2025507,10,4,13,0,13
2023,12,SP,3529005,2025507,10,4,13,0,13
2023,9,SP,3529005,2025507,10,4,13,0,13
2023,7,SP,3529005,2025507,10,4,13,0,13
2023,5,SP,3529005,2025507,10,4,13,0,13
2023,3,SP,3529005,2025507,10,4,13,0,13
2023,8,SP,3529005,2025507,10,4,13,0,13
2023,6,SP,3529005,2025507,10,4,13,0,13
2023,1,SP,3529005,2025507,10,4,16,0,12
2023,11,SP,3529005,2025507,10,4,13,0,13
2023,4,SP,3529005,2025507,10,4,13,0,13
2023,10,SP,3529005,2025507,10,4,13,0,13
2023,9,SP,3548500,2025752,10,4,15,0,6
2023,5,SP,3548500,2025752,10,4,15,0,6
2023,12,SP,3548500,2025752,10,4,15,0,6
2023,10,SP,3548500,2025752,10,4,15,0,6
2023,4,SP,3548500,2025752,10,4,15,0,6
2023,11,SP,3548500,2025752,10,4,15,0,6
2023,3,SP,3548500,2025752,10,4,15,0,6
2023,6,SP,3548500,2025752,10,4,15,0,6
2023,7,SP,3548500,2025752,10,4,15,0,6
2023,8,SP,3548500,2025752,10,4,15,0,6
2023,2,SP,3548500,2025752,10,4,15,0,6
2023,1,SP,3548500,2025752,10,4,15,0,6
2023,5,SP,3548500,2025760,10,4,16,0,0
2023,9,SP,3548500,2025760,10,4,16,0,0
2023,7,SP,3548500,2025760,10,4,16,0,0
2023,4,SP,3548500,2025760,10,4,16,0,0
2023,12,SP,3548500,2025760,10,4,16,0,0
2023,10,SP,3548500,2025760,10,4,16,0,0
2023,11,SP,3548500,2025760,10,4,16,0,0
2023,3,SP,3548500,2025760,10,4,16,0,0
2023,2,SP,3548500,2025760,10,4,16,0,0
2023,6,SP,3548500,2025760,10,4,16,0,0
2023,8,SP,3548500,2025760,10,4,16,0,0
2023,1,SP,3548500,2025760,10,4,16,0,0
2023,6,SP,3524402,2026074,10,4,3,0,0
2023,11,SP,3524402,2026074,10,4,3,0,0
2023,7,SP,3524402,2026074,10,4,3,0,0
2023,3,SP,3524402,2026074,10,4,3,0,0
2023,12,SP,3524402,2026074,10,4,3,0,0
2023,1,SP,3524402,2026074,10,4,3,0,0
2023,4,SP,3524402,2026074,10,4,3,0,0
2023,9,SP,3524402,2026074,10,4,3,0,0
2023,5,SP,3524402,2026074,10,4,3,0,0
2023,8,SP,3524402,2026074,10,4,3,0,0
2023,10,SP,3524402,2026074,10,4,3,0,0
2023,2,SP,3524402,2026074,10,4,3,0,0
2023,10,SP,3524402,2026112,10,4,3,0,0
2023,11,SP,3524402,2026112,10,4,3,0,0
2023,7,SP,3524402,2026112,10,4,3,0,0
2023,6,SP,3524402,2026112,10,4,3,0,0
2023,3,SP,3524402,2026112,10,4,3,0,0
2023,1,SP,3524402,2026112,10,4,3,0,0
2023,5,SP,3524402,2026112,10,4,3,0,0
2023,4,SP,3524402,2026112,10,4,3,0,0
2023,8,SP,3524402,2026112,10,4,3,0,0
2023,12,SP,3524402,2026112,10,4,3,0,0
2023,9,SP,3524402,2026112,10,4,3,0,0
2023,2,SP,3524402,2026112,10,4,3,0,0
2023,3,SP,3518602,2026805,10,4,7,0,5
2023,5,SP,3518602,2026805,10,4,7,0,5
2023,6,SP,3518602,2026805,10,4,6,0,4
2023,8,SP,3518602,2026805,10,4,6,0,4
2023,12,SP,3518602,2026805,10,4,6,0,4
2023,1,SP,3518602,2026805,10,4,7,0,5
2023,4,SP,3518602,2026805,10,4,7,0,5
2023,7,SP,3518602,2026805,10,4,6,0,4
2023,2,SP,3518602,2026805,10,4,7,0,5
2023,11,SP,3518602,2026805,10,4,6,0,4
2023,9,SP,3518602,2026805,10,4,6,0,4
2023,10,SP,3518602,2026805,10,4,6,0,4
2023,12,SP,3522406,2027186,10,4,14,0,10
2023,7,SP,3522406,2027186,10,4,14,0,10
2023,6,SP,3522406,2027186,10,4,14,0,10
2023,5,SP,3522406,2027186,10,4,14,0,10
2023,1,SP,3522406,2027186,10,4,14,0,10
2023,2,SP,3522406,2027186,10,4,14,0,10
2023,10,SP,3522406,2027186,10,4,14,0,10
2023,8,SP,3522406,2027186,10,4,14,0,10
2023,9,SP,3522406,2027186,10,4,14,0,10
2023,3,SP,3522406,2027186,10,4,14,0,10
2023,11,SP,3522406,2027186,10,4,14,0,10
2023,4,SP,3522406,2027186,10,4,14,0,10
2023,7,SP,3548708,2027356,10,4,37,0,37
2023,8,SP,3548708,2027356,10,4,37,0,37
2023,10,SP,3548708,2027356,10,4,37,0,37
2023,3,SP,3548708,2027356,10,4,37,0,37
2023,1,SP,3548708,2027356,10,4,37,0,37
2023,2,SP,3548708,2027356,10,4,37,0,37
2023,9,SP,3548708,2027356,10,4,37,0,37
2023,6,SP,3548708,2027356,10,4,37,0,37
2023,11,SP,3548708,2027356,10,4,37,0,37
2023,4,SP,3548708,2027356,10,4,37,0,37
2023,5,SP,3548708,2027356,10,4,37,0,37
2023,12,SP,3548708,2027356,10,4,37,0,37
2023,2,SP,3531308,2028204,10,4,9,0,6
2023,12,SP,3531308,2028204,10,4,9,0,6
2023,11,SP,3531308,2028204,10,4,9,0,6
2023,4,SP,3531308,2028204,10,4,9,0,6
2023,1,SP,3531308,2028204,10,4,9,0,6
2023,5,SP,3531308,2028204,10,4,9,0,6
2023,6,SP,3531308,2028204,10,4,9,0,6
2023,9,SP,3531308,2028204,10,4,9,0,6
2023,10,SP,3531308,2028204,10,4,9,0,6
2023,8,SP,3531308,2028204,10,4,9,0,6
2023,3,SP,3531308,2028204,10,4,9,0,6
2023,7,SP,3531308,2028204,10,4,9,0,6
2023,8,SP,3554300,2028239,10,4,6,0,5
2023,10,SP,3554300,2028239,10,4,6,0,5
2023,9,SP,3554300,2028239,10,4,6,0,5
2023,6,SP,3554300,2028239,10,4,6,0,5
2023,11,SP,3554300,2028239,10,4,6,0,5
2023,2,SP,3554300,2028239,10,4,6,0,5
2023,4,SP,3554300,2028239,10,4,6,0,5
2023,1,SP,3554300,2028239,10,4,6,0,5
2023,12,SP,3554300,2028239,10,4,6,0,5
2023,7,SP,3554300,2028239,10,4,6,0,5
2023,5,SP,3554300,2028239,10,4,6,0,5
2023,3,SP,3554300,2028239,10,4,6,0,5
2023,9,SP,3503802,2037297,10,4,1,0,1
2023,12,SP,3503802,2037297,10,4,1,0,1
2023,6,SP,3503802,2037297,10,4,1,0,1
2023,5,SP,3503802,2037297,10,4,1,0,1
2023,4,SP,3503802,2037297,10,4,1,0,1
2023,11,SP,3503802,2037297,10,4,1,0,1
2023,10,SP,3503802,2037297,10,4,1,0,1
2023,1,SP,3503802,2037297,10,4,1,0,1
2023,7,SP,3503802,2037297,10,4,1,0,1
2023,2,SP,3503802,2037297,10,4,1,0,1
2023,3,SP,3503802,2037297,10,4,1,0,1
2023,8,SP,3503802,2037297,10,4,1,0,1
2023,3,SP,3518800,2040069,10,4,52,0,52
2023,6,SP,3518800,2040069,10,4,52,0,52
2023,5,SP,3518800,2040069,10,4,52,0,52
2023,8,SP,3518800,2040069,10,4,52,0,52
2023,9,SP,3518800,2040069,10,4,52,0,52
2023,1,SP,3518800,2040069,10,4,52,0,52
2023,2,SP,3518800,2040069,10,4,52,0,52
2023,10,SP,3518800,2040069,10,4,52,0,52
2023,7,SP,3518800,2040069,10,4,52,0,52
2023,4,SP,3518800,2040069,10,4,52,0,52
2023,12,SP,3518800,2040069,10,4,52,0,52
2023,11,SP,3518800,2040069,10,4,52,0,52
2023,10,SP,3531506,2053500,10,4,4,0,2
2023,7,SP,3531506,2053500,10,4,4,0,2
2023,6,SP,3531506,2053500,10,4,4,0,2
2023,1,SP,3531506,2053500,10,4,4,0,2
2023,3,SP,3531506,2053500,10,4,4,0,2
2023,4,SP,3531506,2053500,10,4,4,0,2
2023,2,SP,3531506,2053500,10,4,4,0,2
2023,9,SP,3531506,2053500,10,4,4,0,2
2023,12,SP,3531506,2053500,10,4,4,0,2
2023,11,SP,3531506,2053500,10,4,4,0,2
2023,8,SP,3531506,2053500,10,4,4,0,2
2023,5,SP,3531506,2053500,10,4,4,0,2
2023,5,SP,3531506,2053519,10,4,5,0,4
2023,1,SP,3531506,2053519,10,4,5,0,4
2023,4,SP,3531506,2053519,10,4,5,0,4
2023,10,SP,3531506,2053519,10,4,5,0,4
2023,11,SP,3531506,2053519,10,4,5,0,4
2023,6,SP,3531506,2053519,10,4,5,0,4
2023,12,SP,3531506,2053519,10,4,5,0,4
2023,9,SP,3531506,2053519,10,4,5,0,4
2023,8,SP,3531506,2053519,10,4,5,0,4
2023,2,SP,3531506,2053519,10,4,5,0,4
2023,3,SP,3531506,2053519,10,4,5,0,4
2023,7,SP,3531506,2053519,10,4,5,0,4
2023,4,SP,3533403,2058308,10,4,8,0,8
2023,12,SP,3533403,2058308,10,4,8,0,8
2023,6,SP,3533403,2058308,10,4,8,0,8
2023,3,SP,3533403,2058308,10,4,8,0,8
2023,5,SP,3533403,2058308,10,4,8,0,8
2023,8,SP,3533403,2058308,10,4,8,0,8
2023,11,SP,3533403,2058308,10,4,8,0,8
2023,7,SP,3533403,2058308,10,4,8,0,8
2023,10,SP,3533403,2058308,10,4,8,0,8
2023,9,SP,3533403,2058308,10,4,8,0,8
2023,2,SP,3533403,2058308,10,4,8,0,8
2023,1,SP,3533403,2058308,10,4,8,0,8
2023,2,SP,3550308,2058502,10,4,34,0,0
2023,6,SP,3550308,2058502,10,4,34,0,0
2023,7,SP,3550308,2058502,10,4,34,0,0
2023,12,SP,3550308,2058502,10,4,34,0,0
2023,10,SP,3550308,2058502,10,4,34,0,0
2023,4,SP,3550308,2058502,10,4,34,0,0
2023,8,SP,3550308,2058502,10,4,34,0,0
2023,11,SP,3550308,2058502,10,4,34,0,0
2023,5,SP,3550308,2058502,10,4,34,0,0
2023,1,SP,3550308,2058502,10,4,34,0,0
2023,3,SP,3550308,2058502,10,4,34,0,0
2023,9,SP,3550308,2058502,10,4,34,0,0
2023,1,SP,3501608,2058790,10,4,10,0,10
2023,10,SP,3501608,2058790,10,4,15,0,15
2023,8,SP,3501608,2058790,10,4,15,0,15
2023,11,SP,3501608,2058790,10,4,15,0,15
2023,12,SP,3501608,2058790,10,4,15,0,15
2023,6,SP,3501608,2058790,10,4,10,0,10
2023,4,SP,3501608,2058790,10,4,10,0,10
2023,7,SP,3501608,2058790,10,4,15,0,15
2023,3,SP,3501608,2058790,10,4,10,0,10
2023,5,SP,3501608,2058790,10,4,10,0,10
2023,2,SP,3501608,2058790,10,4,10,0,10
2023,9,SP,3501608,2058790,10,4,15,0,15
2023,10,SP,3550308,2065665,10,4,32,0,32
2023,2,SP,3550308,2065665,10,4,32,0,32
2023,5,SP,3550308,2065665,10,4,32,0,32
2023,8,SP,3550308,2065665,10,4,32,0,32
2023,3,SP,3550308,2065665,10,4,32,0,32
2023,4,SP,3550308,2065665,10,4,32,0,32
2023,6,SP,3550308,2065665,10,4,32,0,32
2023,1,SP,3550308,2065665,10,4,32,0,32
2023,12,SP,3550308,2065665,10,4,32,0,32
2023,9,SP,3550308,2065665,10,4,32,0,32
2023,11,SP,3550308,2065665,10,4,32,0,32
2023,7,SP,3550308,2065665,10,4,32,0,32
2023,8,SP,3550308,2066092,10,4,32,0,32
2023,4,SP,3550308,2066092,10,4,32,0,32
2023,11,SP,3550308,2066092,10,4,32,0,32
2023,7,SP,3550308,2066092,10,4,32,0,32
2023,12,SP,3550308,2066092,10,4,32,0,32
2023,3,SP,3550308,2066092,10,4,32,0,32
2023,1,SP,3550308,2066092,10,4,32,0,32
2023,2,SP,3550308,2066092,10,4,32,0,32
2023,9,SP,3550308,2066092,10,4,32,0,32
2023,6,SP,3550308,2066092,10,4,32,0,32
2023,5,SP,3550308,2066092,10,4,32,0,32
2023,10,SP,3550308,2066092,10,4,32,0,32
2023,6,SP,3511102,2070413,10,4,6,0,0
2023,10,SP,3511102,2070413,10,4,6,0,0
2023,8,SP,3511102,2070413,10,4,6,0,0
2023,2,SP,3511102,2070413,10,4,5,0,0
2023,11,SP,3511102,2070413,10,4,6,0,0
2023,7,SP,3511102,2070413,10,4,6,0,0
2023,1,SP,3511102,2070413,10,4,5,0,0
2023,5,SP,3511102,2070413,10,4,6,0,0
2023,9,SP,3511102,2070413,10,4,6,0,0
2023,4,SP,3511102,2070413,10,4,5,0,0
2023,12,SP,3511102,2070413,10,4,6,0,0
2023,3,SP,3511102,2070413,10,4,5,0,0
2023,10,SP,3547304,2072513,10,4,1,0,1
2023,9,SP,3547304,2072513,10,4,1,0,1
2023,3,SP,3547304,2072513,10,4,1,0,1
2023,5,SP,3547304,2072513,10,4,1,0,1
2023,11,SP,3547304,2072513,10,4,1,0,1
2023,1,SP,3547304,2072513,10,4,1,0,1
2023,12,SP,3547304,2072513,10,4,1,0,1
2023,2,SP,3547304,2072513,10,4,1,0,1
2023,8,SP,3547304,2072513,10,4,1,0,1
2023,6,SP,3547304,2072513,10,4,1,0,1
2023,4,SP,3547304,2072513,10,4,1,0,1
2023,7,SP,3547304,2072513,10,4,1,0,1
2023,3,SP,3550308,2075717,10,4,22,0,22
2023,10,SP,3550308,2075717,10,4,20,0,20
2023,9,SP,3550308,2075717,10,4,20,0,20
2023,2,SP,3550308,2075717,10,4,22,0,22
2023,4,SP,3550308,2075717,10,4,22,0,22
2023,7,SP,3550308,2075717,10,4,20,0,20
2023,5,SP,3550308,2075717,10,4,20,0,20
2023,12,SP,3550308,2075717,10,4,20,0,20
2023,6,SP,3550308,2075717,10,4,20,0,20
2023,11,SP,3550308,2075717,10,4,20,0,20
2023,1,SP,3550308,2075717,10,4,22,0,22
2023,8,SP,3550308,2075717,10,4,20,0,20
2023,10,SP,3550308,2076896,10,4,12,0,12
2023,7,SP,3550308,2076896,10,4,12,0,12
2023,9,SP,3550308,2076896,10,4,12,0,12
2023,11,SP,3550308,2076896,10,4,12,0,12
2023,3,SP,3550308,2076896,10,4,12,0,12
2023,12,SP,3550308,2076896,10,4,12,0,12
2023,5,SP,3550308,2076896,10,4,12,0,12
2023,6,SP,3550308,2076896,10,4,12,0,12
2023,8,SP,3550308,2076896,10,4,12,0,12
2023,2,SP,3550308,2076896,10,4,12,0,12
2023,1,SP,3550308,2076896,10,4,12,0,12
2023,4,SP,3550308,2076896,10,4,12,0,12
2023,7,SP,3515004,2077078,10,4,2,0,2
2023,10,SP,3515004,2077078,10,4,2,0,2
2023,11,SP,3515004,2077078,10,4,2,0,2
2023,9,SP,3515004,2077078,10,4,2,0,2
2023,8,SP,3515004,2077078,10,4,2,0,2
2023,2,SP,3515004,2077078,10,4,2,0,2
2023,1,SP,3515004,2077078,10,4,2,0,2
2023,4,SP,3515004,2077078,10,4,2,0,2
2023,5,SP,3515004,2077078,10,4,2,0,2
2023,6,SP,3515004,2077078,10,4,2,0,2
2023,12,SP,3515004,2077078,10,4,2,0,2
2023,3,SP,3515004,2077078,10,4,2,0,2
2023,7,SP,3550308,2077388,10,4,21,0,21
2023,2,SP,3550308,2077388,10,4,21,0,21
2023,9,SP,3550308,2077388,10,4,21,0,21
2023,11,SP,3550308,2077388,10,4,21,0,21
2023,1,SP,3550308,2077388,10,4,21,0,21
2023,10,SP,3550308,2077388,10,4,21,0,21
2023,6,SP,3550308,2077388,10,4,21,0,21
2023,8,SP,3550308,2077388,10,4,21,0,21
2023,4,SP,3550308,2077388,10,4,21,0,21
2023,12,SP,3550308,2077388,10,4,21,0,21
2023,5,SP,3550308,2077388,10,4,21,0,21
2023,3,SP,3550308,2077388,10,4,21,0,21
2023,6,SP,3550308,2077426,10,4,26,0,26
2023,8,SP,3550308,2077426,10,4,26,0,26
2023,3,SP,3550308,2077426,10,4,26,0,26
2023,12,SP,3550308,2077426,10,4,26,0,26
2023,9,SP,3550308,2077426,10,4,26,0,26
2023,5,SP,3550308,2077426,10,4,26,0,26
2023,2,SP,3550308,2077426,10,4,26,0,26
2023,10,SP,3550308,2077426,10,4,26,0,26
2023,7,SP,3550308,2077426,10,4,26,0,26
2023,4,SP,3550308,2077426,10,4,26,0,26
2023,1,SP,3550308,2077426,10,4,26,0,26
2023,11,SP,3550308,2077426,10,4,26,0,26
2023,5,SP,3536208,2077434,10,4,7,0,7
2023,1,SP,3536208,2077434,10,4,7,0,7
2023,11,SP,3536208,2077434,10,4,7,0,7
2023,12,SP,3536208,2077434,10,4,7,0,7
2023,6,SP,3536208,2077434,10,4,7,0,7
2023,8,SP,3536208,2077434,10,4,7,0,7
2023,10,SP,3536208,2077434,10,4,7,0,7
2023,2,SP,3536208,2077434,10,4,7,0,7
2023,7,SP,3536208,2077434,10,4,7,0,7
2023,9,SP,3536208,2077434,10,4,7,0,7
2023,4,SP,3536208,2077434,10,4,7,0,7
2023,3,SP,3536208,2077434,10,4,7,0,7
2023,4,SP,3550308,2077477,10,4,20,0,20
2023,7,SP,3550308,2077477,10,4,20,0,20
2023,12,SP,3550308,2077477,10,4,20,0,20
2023,10,SP,3550308,2077477,10,4,20,0,20
2023,1,SP,3550308,2077477,10,4,20,0,20
2023,2,SP,3550308,2077477,10,4,20,0,20
2023,11,SP,3550308,2077477,10,4,20,0,20
2023,3,SP,3550308,2077477,10,4,20,0,20
2023,5,SP,3550308,2077477,10,4,20,0,20
2023,9,SP,3550308,2077477,10,4,20,0,20
2023,6,SP,3550308,2077477,10,4,20,0,20
2023,8,SP,3550308,2077477,10,4,20,0,20
2023,8,SP,3550308,2077485,10,4,5,0,5
2023,1,SP,3550308,2077485,10,4,5,0,5
2023,6,SP,3550308,2077485,10,4,5,0,5
2023,11,SP,3550308,2077485,10,4,5,0,5
2023,3,SP,3550308,2077485,10,4,5,0,5
2023,12,SP,3550308,2077485,10,4,5,0,5
2023,2,SP,3550308,2077485,10,4,5,0,5
2023,9,SP,3550308,2077485,10,4,5,0,5
2023,4,SP,3550308,2077485,10,4,5,0,5
2023,5,SP,3550308,2077485,10,4,5,0,5
2023,7,SP,3550308,2077485,10,4,5,0,5
2023,10,SP,3550308,2077485,10,4,5,0,5
2023,3,SP,3550308,2077493,10,4,38,0,38
2023,5,SP,3550308,2077493,10,4,38,0,38
2023,9,SP,3550308,2077493,10,4,38,0,38
2023,12,SP,3550308,2077493,10,4,38,0,38
2023,1,SP,3550308,2077493,10,4,38,0,38
2023,10,SP,3550308,2077493,10,4,38,0,38
2023,7,SP,3550308,2077493,10,4,38,0,38
2023,11,SP,3550308,2077493,10,4,38,0,38
2023,4,SP,3550308,2077493,10,4,38,0,38
2023,8,SP,3550308,2077493,10,4,38,0,38
2023,6,SP,3550308,2077493,10,4,38,0,38
2023,2,SP,3550308,2077493,10,4,38,0,38
2023,6,SP,3550308,2077523,10,4,32,0,32
2023,11,SP,3550308,2077523,10,4,32,0,32
2023,8,SP,3550308,2077523,10,4,32,0,32
2023,2,SP,3550308,2077523,10,4,32,0,32
2023,1,SP,3550308,2077523,10,4,32,0,32
2023,4,SP,3550308,2077523,10,4,32,0,32
2023,9,SP,3550308,2077523,10,4,32,0,32
2023,5,SP,3550308,2077523,10,4,32,0,32
2023,10,SP,3550308,2077523,10,4,32,0,32
2023,3,SP,3550308,2077523,10,4,32,0,32
2023,7,SP,3550308,2077523,10,4,32,0,32
2023,12,SP,3550308,2077523,10,4,32,0,32
2023,7,SP,3550308,2077574,10,4,23,0,23
2023,8,SP,3550308,2077574,10,4,23,0,23
2023,9,SP,3550308,2077574,10,4,23,0,23
2023,12,SP,3550308,2077574,10,4,23,0,23
2023,1,SP,3550308,2077574,10,4,23,0,23
2023,6,SP,3550308,2077574,10,4,23,0,23
2023,5,SP,3550308,2077574,10,4,23,0,23
2023,2,SP,3550308,2077574,10,4,23,0,23
2023,3,SP,3550308,2077574,10,4,23,0,23
2023,10,SP,3550308,2077574,10,4,23,0,23
2023,11,SP,3550308,2077574,10,4,23,0,23
2023,4,SP,3550308,2077574,10,4,23,0,23
2023,4,SP,3526803,2077582,10,4,20,0,12
2023,9,SP,3526803,2077582,10,4,20,0,12
2023,10,SP,3526803,2077582,10,4,20,0,12
2023,7,SP,3526803,2077582,10,4,20,0,12
2023,12,SP,3526803,2077582,10,4,20,0,12
2023,5,SP,3526803,2077582,10,4,20,0,12
2023,11,SP,3526803,2077582,10,4,20,0,12
2023,8,SP,3526803,2077582,10,4,20,0,12
2023,1,SP,3526803,2077582,10,4,20,0,12
2023,3,SP,3526803,2077582,10,4,20,0,12
2023,2,SP,3526803,2077582,10,4,20,0,12
2023,6,SP,3526803,2077582,10,4,20,0,12
2023,9,SP,3550308,2077639,10,4,51,0,51
2023,2,SP,3550308,2077639,10,4,51,0,51
2023,4,SP,3550308,2077639,10,4,51,0,51
2023,7,SP,3550308,2077639,10,4,51,0,51
2023,1,SP,3550308,2077639,10,4,51,0,51
2023,11,SP,3550308,2077639,10,4,51,0,51
2023,10,SP,3550308,2077639,10,4,51,0,51
2023,5,SP,3550308,2077639,10,4,51,0,51
2023,12,SP,3550308,2077639,10,4,51,0,51
2023,8,SP,3550308,2077639,10,4,51,0,51
2023,6,SP,3550308,2077639,10,4,51,0,51
2023,3,SP,3550308,2077639,10,4,51,0,51
2023,2,SP,3500105,2077647,10,4,9,0,6
2023,6,SP,3500105,2077647,10,4,9,0,6
2023,7,SP,3500105,2077647,10,4,9,0,6
2023,3,SP,3500105,2077647,10,4,9,0,6
2023,8,SP,3500105,2077647,10,4,9,0,6
2023,1,SP,3500105,2077647,10,4,9,0,6
2023,9,SP,3500105,2077647,10,4,9,0,6
2023,5,SP,3500105,2077647,10,4,9,0,6
2023,4,SP,3500105,2077647,10,4,9,0,6
2023,12,SP,3500105,2077647,10,4,9,0,6
2023,10,SP,3500105,2077647,10,4,9,0,6
2023,11,SP,3500105,2077647,10,4,9,0,6
2023,10,SP,3550308,2077671,10,4,8,0,8
2023,11,SP,3550308,2077671,10,4,8,0,8
2023,4,SP,3550308,2077671,10,4,8,0,8
2023,5,SP,3550308,2077671,10,4,8,0,8
2023,3,SP,3550308,2077671,10,4,8,0,8
2023,9,SP,3550308,2077671,10,4,8,0,8
2023,12,SP,3550308,2077671,10,4,8,0,8
2023,2,SP,3550308,2077671,10,4,8,0,8
2023,1,SP,3550308,2077671,10,4,8,0,8
2023,7,SP,3550308,2077671,10,4,8,0,8
2023,6,SP,3550308,2077671,10,4,8,0,8
2023,8,SP,3550308,2077671,10,4,8,0,8
2023,5,SP,3550308,2077701,10,4,61,0,61
2023,2,SP,3550308,2077701,10,4,61,0,61
2023,6,SP,3550308,2077701,10,4,61,0,61
2023,1,SP,3550308,2077701,10,4,61,0,61
2023,8,SP,3550308,2077701,10,4,61,0,61
2023,12,SP,3550308,2077701,10,4,61,0,61
2023,10,SP,3550308,2077701,10,4,61,0,61
2023,4,SP,3550308,2077701,10,4,61,0,61
2023,9,SP,3550308,2077701,10,4,61,0,61
2023,7,SP,3550308,2077701,10,4,61,0,61
2023,11,SP,3550308,2077701,10,4,61,0,61
2023,3,SP,3550308,2077701,10,4,61,0,61
2023,5,SP,3543402,2077973,10,4,5,0,0
2023,1,SP,3543402,2077973,10,4,5,0,0
2023,9,SP,3543402,2077973,10,4,5,0,0
2023,8,SP,3543402,2077973,10,4,5,0,0
2023,10,SP,3543402,2077973,10,4,5,0,0
2023,7,SP,3543402,2077973,10,4,5,0,0
2023,11,SP,3543402,2077973,10,4,5,0,0
2023,3,SP,3543402,2077973,10,4,5,0,0
2023,2,SP,3543402,2077973,10,4,5,0,0
2023,12,SP,3543402,2077973,10,4,5,0,0
2023,6,SP,3543402,2077973,10,4,5,0,0
2023,4,SP,3543402,2077973,10,4,5,0,0
2023,9,SP,3550308,2078015,10,4,46,0,46
2023,12,SP,3550308,2078015,10,4,46,0,46
2023,2,SP,3550308,2078015,10,4,46,0,46
2023,10,SP,3550308,2078015,10,4,46,0,46
2023,7,SP,3550308,2078015,10,4,46,0,46
2023,8,SP,3550308,2078015,10,4,46,0,46
2023,3,SP,3550308,2078015,10,4,46,0,46
2023,11,SP,3550308,2078015,10,4,46,0,46
2023,1,SP,3550308,2078015,10,4,46,0,46
2023,6,SP,3550308,2078015,10,4,46,0,46
2023,4,SP,3550308,2078015,10,4,46,0,46
2023,5,SP,3550308,2078015,10,4,46,0,46
2023,3,SP,3525904,2078066,10,4,16,0,0
2023,10,SP,3525904,2078066,10,4,16,0,0
2023,1,SP,3525904,2078066,10,4,16,0,0
2023,8,SP,3525904,2078066,10,4,16,0,0
2023,2,SP,3525904,2078066,10,4,16,0,0
2023,12,SP,3525904,2078066,10,4,16,0,0
2023,9,SP,3525904,2078066,10,4,16,0,0
2023,6,SP,3525904,2078066,10,4,16,0,0
2023,4,SP,3525904,2078066,10,4,16,0,0
2023,5,SP,3525904,2078066,10,4,16,0,0
2023,11,SP,3525904,2078066,10,4,16,0,0
2023,7,SP,3525904,2078066,10,4,16,0,0
2023,9,SP,3526704,2078074,10,4,17,0,11
2023,5,SP,3526704,2078074,10,4,17,0,11
2023,8,SP,3526704,2078074,10,4,17,0,11
2023,3,SP,3526704,2078074,10,4,17,0,11
2023,6,SP,3526704,2078074,10,4,17,0,11
2023,1,SP,3526704,2078074,10,4,17,0,11
2023,2,SP,3526704,2078074,10,4,17,0,11
2023,7,SP,3526704,2078074,10,4,17,0,11
2023,11,SP,3526704,2078074,10,4,17,0,11
2023,4,SP,3526704,2078074,10,4,17,0,11
2023,10,SP,3526704,2078074,10,4,17,0,11
2023,12,SP,3526704,2078074,10,4,17,0,11
2023,5,SP,3541505,2078139,10,4,13,0,7
2023,7,SP,3541505,2078139,10,4,13,0,7
2023,12,SP,3541505,2078139,10,4,13,0,7
2023,10,SP,3541505,2078139,10,4,13,0,7
2023,2,SP,3541505,2078139,10,4,13,0,7
2023,3,SP,3541505,2078139,10,4,13,0,7
2023,6,SP,3541505,2078139,10,4,13,0,7
2023,4,SP,3541505,2078139,10,4,13,0,7
2023,11,SP,3541505,2078139,10,4,13,0,7
2023,1,SP,3541505,2078139,10,4,13,0,7
2023,9,SP,3541505,2078139,10,4,13,0,7
2023,8,SP,3541505,2078139,10,4,13,0,7
2023,6,SP,3541406,2078147,10,4,7,0,0
2023,8,SP,3541406,2078147,10,4,7,0,0
2023,7,SP,3541406,2078147,10,4,7,0,0
2023,2,SP,3541406,2078147,10,4,7,0,0
2023,11,SP,3541406,2078147,10,4,7,0,0
2023,1,SP,3541406,2078147,10,4,7,0,0
2023,3,SP,3541406,2078147,10,4,7,0,0
2023,9,SP,3541406,2078147,10,4,7,0,0
2023,5,SP,3541406,2078147,10,4,7,0,0
2023,4,SP,3541406,2078147,10,4,7,0,0
2023,12,SP,3541406,2078147,10,4,7,0,0
2023,10,SP,3541406,2078147,10,4,7,0,0
2023,10,SP,3504107,2078228,10,4,7,0,0
2023,11,SP,3504107,2078228,10,4,7,0,0
2023,7,SP,3504107,2078228,10,4,7,0,0
2023,3,SP,3504107,2078228,10,4,7,0,0
2023,9,SP,3504107,2078228,10,4,7,0,0
2023,8,SP,3504107,2078228,10,4,7,0,0
2023,6,SP,3504107,2078228,10,4,7,0,0
2023,5,SP,3504107,2078228,10,4,7,0,0
2023,4,SP,3504107,2078228,10,4,7,0,0
2023,2,SP,3504107,2078228,10,4,7,0,0
2023,1,SP,3504107,2078228,10,4,7,0,0
2023,12,SP,3504107,2078228,10,4,7,0,0
2023,1,SP,3506508,2078252,10,4,12,0,7
2023,7,SP,3506508,2078252,10,4,12,0,7
2023,5,SP,3506508,2078252,10,4,12,0,7
2023,11,SP,3506508,2078252,10,4,12,0,7
2023,3,SP,3506508,2078252,10,4,12,0,7
2023,2,SP,3506508,2078252,10,4,12,0,7
2023,8,SP,3506508,2078252,10,4,12,0,7
2023,9,SP,3506508,2078252,10,4,12,0,7
2023,6,SP,3506508,2078252,10,4,12,0,7
2023,12,SP,3506508,2078252,10,4,12,0,7
2023,10,SP,3506508,2078252,10,4,12,0,7
2023,4,SP,3506508,2078252,10,4,12,0,7
2023,9,SP,3553708,2078295,10,4,18,0,11
2023,12,SP,3553708,2078295,10,4,18,0,11
2023,7,SP,3553708,2078295,10,4,18,0,11
2023,5,SP,3553708,2078295,10,4,18,0,11
2023,4,SP,3553708,2078295,10,4,18,0,11
2023,3,SP,3553708,2078295,10,4,18,0,11
2023,2,SP,3553708,2078295,10,4,18,0,11
2023,6,SP,3553708,2078295,10,4,18,0,11
2023,10,SP,3553708,2078295,10,4,18,0,11
2023,8,SP,3553708,2078295,10,4,18,0,11
2023,1,SP,3553708,2078295,10,4,18,0,11
2023,11,SP,3553708,2078295,10,4,18,0,11
2023,4,SP,3531803,2078341,10,4,7,0,7
2023,9,SP,3531803,2078341,10,4,7,0,7
2023,6,SP,3531803,2078341,10,4,7,0,7
2023,8,SP,3531803,2078341,10,4,7,0,7
2023,10,SP,3531803,2078341,10,4,7,0,7
2023,12,SP,3531803,2078341,10,4,7,0,7
2023,3,SP,3531803,2078341,10,4,7,0,7
2023,1,SP,3531803,2078341,10,4,7,0,7
2023,2,SP,3531803,2078341,10,4,7,0,7
2023,7,SP,3531803,2078341,10,4,7,0,7
2023,5,SP,3531803,2078341,10,4,7,0,7
2023,11,SP,3531803,2078341,10,4,7,0,7
2023,1,SP,3550308,2078406,10,4,5,0,0
2023,5,SP,3550308,2078406,10,4,5,0,0
2023,2,SP,3550308,2078406,10,4,5,0,0
2023,9,SP,3550308,2078406,10,4,5,0,0
2023,4,SP,3550308,2078406,10,4,5,0,0
2023,11,SP,3550308,2078406,10,4,5,0,0
2023,3,SP,3550308,2078406,10,4,5,0,0
2023,6,SP,3550308,2078406,10,4,5,0,0
2023,10,SP,3550308,2078406,10,4,5,0,0
2023,12,SP,3550308,2078406,10,4,5,0,0
2023,7,SP,3550308,2078406,10,4,5,0,0
2023,8,SP,3550308,2078406,10,4,5,0,0
2023,2,SP,3517406,2078414,10,4,5,0,3
2023,1,SP,3517406,2078414,10,4,5,0,3
2023,12,SP,3517406,2078414,10,4,5,0,3
2023,3,SP,3517406,2078414,10,4,5,0,3
2023,8,SP,3517406,2078414,10,4,5,0,3
2023,9,SP,3517406,2078414,10,4,5,0,3
2023,10,SP,3517406,2078414,10,4,5,0,3
2023,11,SP,3517406,2078414,10,4,5,0,3
2023,6,SP,3517406,2078414,10,4,5,0,3
2023,7,SP,3517406,2078414,10,4,5,0,3
2023,5,SP,3517406,2078414,10,4,5,0,3
2023,4,SP,3517406,2078414,10,4,5,0,3
2023,9,SP,3537107,2078422,10,4,2,0,2
2023,2,SP,3537107,2078422,10,4,2,0,2
2023,4,SP,3537107,2078422,10,4,2,0,2
2023,3,SP,3537107,2078422,10,4,2,0,2
2023,12,SP,3537107,2078422,10,4,1,0,1
2023,1,SP,3537107,2078422,10,4,2,0,2
2023,5,SP,3537107,2078422,10,4,2,0,2
2023,8,SP,3537107,2078422,10,4,2,0,2
2023,6,SP,3537107,2078422,10,4,2,0,2
2023,11,SP,3537107,2078422,10,4,1,0,1
2023,7,SP,3537107,2078422,10,4,2,0,2
2023,10,SP,3537107,2078422,10,4,2,0,2
2023,2,SP,3515509,2078430,10,4,1,0,0
2023,1,SP,3515509,2078430,10,4,1,0,0
2023,8,SP,3515509,2078430,10,4,1,0,0
2023,9,SP,3515509,2078430,10,4,1,0,0
2023,5,SP,3515509,2078430,10,4,1,0,0
2023,6,SP,3515509,2078430,10,4,1,0,0
2023,3,SP,3515509,2078430,10,4,1,0,0
2023,4,SP,3515509,2078430,10,4,1,0,0
2023,11,SP,3515509,2078430,10,4,1,0,0
2023,12,SP,3515509,2078430,10,4,1,0,0
2023,7,SP,3515509,2078430,10,4,1,0,0
2023,10,SP,3515509,2078430,10,4,1,0,0
2023,6,SP,3536307,2078449,10,4,4,0,4
2023,4,SP,3536307,2078449,10,4,4,0,4
2023,8,SP,3536307,2078449,10,4,4,0,4
2023,2,SP,3536307,2078449,10,4,4,0,4
2023,12,SP,3536307,2078449,10,4,4,0,4
2023,5,SP,3536307,2078449,10,4,4,0,4
2023,9,SP,3536307,2078449,10,4,4,0,4
2023,11,SP,3536307,2078449,10,4,4,0,4
2023,1,SP,3536307,2078449,10,4,4,0,4
2023,7,SP,3536307,2078449,10,4,4,0,4
2023,3,SP,3536307,2078449,10,4,4,0,4
2023,10,SP,3536307,2078449,10,4,4,0,4
2023,10,SP,3513504,2078473,10,4,9,0,9
2023,12,SP,3513504,2078473,10,4,9,0,9
2023,11,SP,3513504,2078473,10,4,9,0,9
2023,1,SP,3513504,2078473,10,4,9,0,9
2023,9,SP,3513504,2078473,10,4,9,0,9
2023,4,SP,3513504,2078473,10,4,9,0,9
2023,3,SP,3513504,2078473,10,4,9,0,9
2023,8,SP,3513504,2078473,10,4,9,0,9
2023,6,SP,3513504,2078473,10,4,9,0,9
2023,7,SP,3513504,2078473,10,4,9,0,9
2023,2,SP,3513504,2078473,10,4,9,0,9
2023,5,SP,3513504,2078473,10,4,9,0,9
2023,5,SP,3520442,2078511,10,4,13,0,6
2023,1,SP,3520442,2078511,10,4,13,0,6
2023,11,SP,3520442,2078511,10,4,13,0,6
2023,12,SP,3520442,2078511,10,4,13,0,6
2023,8,SP,3520442,2078511,10,4,13,0,6
2023,3,SP,3520442,2078511,10,4,13,0,6
2023,10,SP,3520442,2078511,10,4,13,0,6
2023,7,SP,3520442,2078511,10,4,13,0,6
2023,2,SP,3520442,2078511,10,4,13,0,6
2023,4,SP,3520442,2078511,10,4,13,0,6
2023,6,SP,3520442,2078511,10,4,13,0,6
2023,9,SP,3520442,2078511,10,4,13,0,6
2023,12,SP,3524006,2078538,10,4,11,0,11
2023,9,SP,3524006,2078538,10,4,11,0,11
2023,5,SP,3524006,2078538,10,4,11,0,11
2023,8,SP,3524006,2078538,10,4,11,0,11
2023,7,SP,3524006,2078538,10,4,11,0,11
2023,2,SP,3524006,2078538,10,4,11,0,11
2023,11,SP,3524006,2078538,10,4,11,0,11
2023,1,SP,3524006,2078538,10,4,11,0,11
2023,6,SP,3524006,2078538,10,4,11,0,11
2023,4,SP,3524006,2078538,10,4,11,0,11
2023,10,SP,3524006,2078538,10,4,11,0,11
2023,3,SP,3524006,2078538,10,4,11,0,11
2023,6,SP,3548609,2078546,10,4,5,0,3
2023,4,SP,3548609,2078546,10,4,5,0,3
2023,9,SP,3548609,2078546,10,4,5,0,3
2023,5,SP,3548609,2078546,10,4,5,0,3
2023,10,SP,3548609,2078546,10,4,5,0,3
2023,3,SP,3548609,2078546,10,4,5,0,3
2023,2,SP,3548609,2078546,10,4,5,0,3
2023,8,SP,3548609,2078546,10,4,5,0,3
2023,1,SP,3548609,2078546,10,4,5,0,3
2023,7,SP,3548609,2078546,10,4,5,0,3
2023,11,SP,3548609,2078546,10,4,5,0,3
2023,12,SP,3548609,2078546,10,4,5,0,3
2023,10,SP,3523107,2078562,10,4,10,0,10
2023,5,SP,3523107,2078562,10,4,10,0,10
2023,4,SP,3523107,2078562,10,4,10,0,10
2023,11,SP,3523107,2078562,10,4,10,0,10
2023,7,SP,3523107,2078562,10,4,10,0,10
2023,8,SP,3523107,2078562,10,4,10,0,10
2023,9,SP,3523107,2078562,10,4,10,0,10
2023,3,SP,3523107,2078562,10,4,10,0,10
2023,6,SP,3523107,2078562,10,4,10,0,10
2023,1,SP,3523107,2078562,10,4,10,0,10
2023,12,SP,3523107,2078562,10,4,10,0,10
2023,2,SP,3523107,2078562,10,4,10,0,10
2023,9,SP,3550308,2078589,10,4,13,0,0
2023,12,SP,3550308,2078589,10,4,13,0,0
2023,8,SP,3550308,2078589,10,4,13,0,0
2023,5,SP,3550308,2078589,10,4,13,0,0
2023,6,SP,3550308,2078589,10,4,13,0,0
2023,7,SP,3550308,2078589,10,4,13,0,0
2023,10,SP,3550308,2078589,10,4,13,0,0
2023,1,SP,3550308,2078589,10,4,13,0,0
2023,11,SP,3550308,2078589,10,4,13,0,0
2023,3,SP,3550308,2078589,10,4,13,0,0
2023,4,SP,3550308,2078589,10,4,13,0,0
2023,2,SP,3550308,2078589,10,4,13,0,0
2023,3,SP,3550308,2078619,10,4,43,0,0
2023,11,SP,3550308,2078619,10,4,43,0,0
2023,12,SP,3550308,2078619,10,4,43,0,0
2023,4,SP,3550308,2078619,10,4,43,0,0
2023,1,SP,3550308,2078619,10,4,43,0,0
2023,8,SP,3550308,2078619,10,4,43,0,0
2023,7,SP,3550308,2078619,10,4,43,0,0
2023,10,SP,3550308,2078619,10,4,43,0,0
2023,9,SP,3550308,2078619,10,4,43,0,0
2023,5,SP,3550308,2078619,10,4,43,0,0
2023,6,SP,3550308,2078619,10,4,43,0,0
2023,2,SP,3550308,2078619,10,4,43,0,0
2023,2,SP,3509502,2078678,10,4,15,0,0
2023,9,SP,3509502,2078678,10,4,15,0,0
2023,12,SP,3509502,2078678,10,4,14,0,0
2023,8,SP,3509502,2078678,10,4,15,0,0
2023,11,SP,3509502,2078678,10,4,14,0,0
2023,4,SP,3509502,2078678,10,4,15,0,0
2023,10,SP,3509502,2078678,10,4,15,0,0
2023,5,SP,3509502,2078678,10,4,15,0,0
2023,1,SP,3509502,2078678,10,4,15,0,0
2023,7,SP,3509502,2078678,10,4,15,0,0
2023,6,SP,3509502,2078678,10,4,15,0,0
2023,3,SP,3509502,2078678,10,4,15,0,0
2023,11,SP,3524105,2078686,10,4,3,0,0
2023,6,SP,3524105,2078686,10,4,3,0,0
2023,7,SP,3524105,2078686,10,4,3,0,0
2023,10,SP,3524105,2078686,10,4,3,0,0
2023,12,SP,3524105,2078686,10,4,3,0,0
2023,2,SP,3524105,2078686,10,4,3,0,0
2023,5,SP,3524105,2078686,10,4,3,0,0
2023,3,SP,3524105,2078686,10,4,3,0,0
2023,1,SP,3524105,2078686,10,4,3,0,0
2023,4,SP,3524105,2078686,10,4,3,0,0
2023,9,SP,3524105,2078686,10,4,3,0,0
2023,8,SP,3524105,2078686,10,4,3,0,0
2023,12,SP,3552205,2078732,10,4,4,0,0
2023,7,SP,3552205,2078732,10,4,4,0,0
2023,2,SP,3552205,2078732,10,4,4,0,0
2023,9,SP,3552205,2078732,10,4,4,0,0
2023,3,SP,3552205,2078732,10,4,4,0,0
2023,8,SP,3552205,2078732,10,4,4,0,0
2023,10,SP,3552205,2078732,10,4,4,0,0
2023,4,SP,3552205,2078732,10,4,4,0,0
2023,5,SP,3552205,2078732,10,4,4,0,0
2023,6,SP,3552205,2078732,10,4,4,0,0
2023,1,SP,3552205,2078732,10,4,4,0,0
2023,11,SP,3552205,2078732,10,4,4,0,0
2023,9,SP,3548500,2078740,10,4,22,0,0
2023,7,SP,3548500,2078740,10,4,22,0,0
2023,4,SP,3548500,2078740,10,4,22,0,0
2023,10,SP,3548500,2078740,10,4,22,0,0
2023,12,SP,3548500,2078740,10,4,22,0,0
2023,3,SP,3548500,2078740,10,4,22,0,0
2023,6,SP,3548500,2078740,10,4,22,0,0
2023,2,SP,3548500,2078740,10,4,22,0,0
2023,8,SP,3548500,2078740,10,4,22,0,0
2023,5,SP,3548500,2078740,10,4,22,0,0
2023,1,SP,3548500,2078740,10,4,22,0,0
2023,11,SP,3548500,2078740,10,4,22,0,0
2023,2,SP,3525904,2078767,10,4,20,0,0
2023,11,SP,3525904,2078767,10,4,20,0,0
2023,12,SP,3525904,2078767,10,4,20,0,0
2023,1,SP,3525904,2078767,10,4,20,0,0
2023,8,SP,3525904,2078767,10,4,20,0,0
2023,3,SP,3525904,2078767,10,4,20,0,0
2023,7,SP,3525904,2078767,10,4,20,0,0
2023,4,SP,3525904,2078767,10,4,20,0,0
2023,10,SP,3525904,2078767,10,4,20,0,0
2023,6,SP,3525904,2078767,10,4,20,0,0
2023,9,SP,3525904,2078767,10,4,20,0,0
2023,5,SP,3525904,2078767,10,4,20,0,0
2023,7,SP,3502804,2078775,10,4,12,0,12
2023,10,SP,3502804,2078775,10,4,12,0,12
2023,12,SP,3502804,2078775,10,4,12,0,12
2023,2,SP,3502804,2078775,10,4,12,0,12
2023,9,SP,3502804,2078775,10,4,12,0,12
2023,8,SP,3502804,2078775,10,4,12,0,12
2023,5,SP,3502804,2078775,10,4,12,0,12
2023,1,SP,3502804,2078775,10,4,12,0,12
2023,4,SP,3502804,2078775,10,4,12,0,12
2023,6,SP,3502804,2078775,10,4,12,0,12
2023,11,SP,3502804,2078775,10,4,12,0,12
2023,3,SP,3502804,2078775,10,4,12,0,12
2023,5,SP,3543402,2078791,10,4,21,0,0
2023,10,SP,3543402,2078791,10,4,21,0,0
2023,9,SP,3543402,2078791,10,4,21,0,0
2023,11,SP,3543402,2078791,10,4,21,0,0
2023,12,SP,3543402,2078791,10,4,21,0,0
2023,3,SP,3543402,2078791,10,4,21,0,0
2023,7,SP,3543402,2078791,10,4,21,0,0
2023,4,SP,3543402,2078791,10,4,21,0,0
2023,2,SP,3543402,2078791,10,4,21,0,0
2023,8,SP,3543402,2078791,10,4,21,0,0
2023,1,SP,3543402,2078791,10,4,21,0,0
2023,6,SP,3543402,2078791,10,4,21,0,0
2023,12,SP,3551702,2078961,10,4,4,0,0
2023,1,SP,3551702,2078961,10,4,4,0,0
2023,7,SP,3551702,2078961,10,4,4,0,0
2023,9,SP,3551702,2078961,10,4,4,0,0
2023,8,SP,3551702,2078961,10,4,4,0,0
2023,2,SP,3551702,2078961,10,4,4,0,0
2023,6,SP,3551702,2078961,10,4,4,0,0
2023,5,SP,3551702,2078961,10,4,4,0,0
2023,3,SP,3551702,2078961,10,4,4,0,0
2023,10,SP,3551702,2078961,10,4,4,0,0
2023,4,SP,3551702,2078961,10,4,4,0,0
2023,11,SP,3551702,2078961,10,4,4,0,0
2023,1,SP,3510203,2079097,10,4,7,0,5
2023,6,SP,3510203,2079097,10,4,7,0,5
2023,8,SP,3510203,2079097,10,4,7,0,5
2023,3,SP,3510203,2079097,10,4,7,0,5
2023,2,SP,3510203,2079097,10,4,7,0,5
2023,11,SP,3510203,2079097,10,4,7,0,5
2023,9,SP,3510203,2079097,10,4,7,0,5
2023,10,SP,3510203,2079097,10,4,7,0,5
2023,7,SP,3510203,2079097,10,4,7,0,5
2023,5,SP,3510203,2079097,10,4,7,0,5
2023,12,SP,3510203,2079097,10,4,7,0,5
2023,4,SP,3510203,2079097,10,4,7,0,5
2023,3,SP,3543402,2079119,10,4,32,0,32
2023,6,SP,3543402,2079119,10,4,32,0,32
2023,7,SP,3543402,2079119,10,4,32,0,32
2023,8,SP,3543402,2079119,10,4,32,0,32
2023,5,SP,3543402,2079119,10,4,32,0,32
2023,12,SP,3543402,2079119,10,4,32,0,32
2023,1,SP,3543402,2079119,10,4,32,0,32
2023,11,SP,3543402,2079119,10,4,32,0,32
2023,9,SP,3543402,2079119,10,4,32,0,32
2023,10,SP,3543402,2079119,10,4,32,0,32
2023,4,SP,3543402,2079119,10,4,32,0,32
2023,2,SP,3543402,2079119,10,4,32,0,32
2023,6,SP,3554003,2079135,10,4,20,0,17
2023,11,SP,3554003,2079135,10,4,20,0,17
2023,9,SP,3554003,2079135,10,4,20,0,17
2023,8,SP,3554003,2079135,10,4,20,0,17
2023,3,SP,3554003,2079135,10,4,20,0,16
2023,1,SP,3554003,2079135,10,4,20,0,16
2023,12,SP,3554003,2079135,10,4,20,0,17
2023,7,SP,3554003,2079135,10,4,20,0,17
2023,4,SP,3554003,2079135,10,4,20,0,16
2023,5,SP,3554003,2079135,10,4,20,0,17
2023,10,SP,3554003,2079135,10,4,20,0,17
2023,2,SP,3554003,2079135,10,4,20,0,16
2023,8,SP,3545308,2079178,10,4,2,0,2
2023,10,SP,3545308,2079178,10,4,2,0,2
2023,12,SP,3545308,2079178,10,4,2,0,2
2023,4,SP,3545308,2079178,10,4,2,0,2
2023,7,SP,3545308,2079178,10,4,2,0,2
2023,9,SP,3545308,2079178,10,4,2,0,2
2023,2,SP,3545308,2079178,10,4,2,0,2
2023,1,SP,3545308,2079178,10,4,2,0,2
2023,11,SP,3545308,2079178,10,4,2,0,2
2023,5,SP,3545308,2079178,10,4,2,0,2
2023,3,SP,3545308,2079178,10,4,2,0,2
2023,6,SP,3545308,2079178,10,4,2,0,2
2023,3,SP,3550308,2079186,10,4,66,0,66
2023,2,SP,3550308,2079186,10,4,66,0,66
2023,12,SP,3550308,2079186,10,4,66,0,66
2023,10,SP,3550308,2079186,10,4,66,0,66
2023,11,SP,3550308,2079186,10,4,66,0,66
2023,1,SP,3550308,2079186,10,4,66,0,66
2023,7,SP,3550308,2079186,10,4,66,0,66
2023,8,SP,3550308,2079186,10,4,66,0,66
2023,9,SP,3550308,2079186,10,4,66,0,66
2023,5,SP,3550308,2079186,10,4,66,0,66
2023,4,SP,3550308,2079186,10,4,66,0,66
2023,6,SP,3550308,2079186,10,4,66,0,66
2023,4,SP,3511003,2079216,10,4,2,0,2
2023,6,SP,3511003,2079216,10,4,2,0,2
2023,7,SP,3511003,2079216,10,4,2,0,2
2023,8,SP,3511003,2079216,10,4,2,0,2
2023,11,SP,3511003,2079216,10,4,2,0,2
2023,12,SP,3511003,2079216,10,4,2,0,2
2023,1,SP,3511003,2079216,10,4,2,0,2
2023,9,SP,3511003,2079216,10,4,2,0,2
2023,10,SP,3511003,2079216,10,4,2,0,2
2023,2,SP,3511003,2079216,10,4,2,0,2
2023,3,SP,3511003,2079216,10,4,2,0,2
2023,5,SP,3511003,2079216,10,4,2,0,2
2023,6,SP,3545803,2079232,10,4,24,0,20
2023,2,SP,3545803,2079232,10,4,24,0,20
2023,5,SP,3545803,2079232,10,4,24,0,20
2023,8,SP,3545803,2079232,10,4,24,0,20
2023,12,SP,3545803,2079232,10,4,24,0,20
2023,3,SP,3545803,2079232,10,4,24,0,20
2023,11,SP,3545803,2079232,10,4,24,0,20
2023,7,SP,3545803,2079232,10,4,24,0,20
2023,10,SP,3545803,2079232,10,4,24,0,20
2023,4,SP,3545803,2079232,10,4,24,0,20
2023,9,SP,3545803,2079232,10,4,24,0,20
2023,1,SP,3545803,2079232,10,4,24,0,20
2023,3,SP,3550308,2079240,10,4,12,0,12
2023,6,SP,3550308,2079240,10,4,12,0,12
2023,5,SP,3550308,2079240,10,4,12,0,12
2023,9,SP,3550308,2079240,10,4,12,0,12
2023,1,SP,3550308,2079240,10,4,12,0,12
2023,4,SP,3550308,2079240,10,4,12,0,12
2023,8,SP,3550308,2079240,10,4,12,0,12
2023,11,SP,3550308,2079240,10,4,12,0,12
2023,10,SP,3550308,2079240,10,4,12,0,12
2023,12,SP,3550308,2079240,10,4,12,0,12
2023,7,SP,3550308,2079240,10,4,12,0,12
2023,2,SP,3550308,2079240,10,4,12,0,12
2023,3,SP,3535408,2079283,10,4,12,0,12
2023,2,SP,3535408,2079283,10,4,12,0,12
2023,10,SP,3535408,2079283,10,4,12,0,12
2023,1,SP,3535408,2079283,10,4,12,0,12
2023,8,SP,3535408,2079283,10,4,12,0,12
2023,4,SP,3535408,2079283,10,4,12,0,12
2023,11,SP,3535408,2079283,10,4,12,0,12
2023,6,SP,3535408,2079283,10,4,12,0,12
2023,9,SP,3535408,2079283,10,4,12,0,12
2023,7,SP,3535408,2079283,10,4,12,0,12
2023,5,SP,3535408,2079283,10,4,12,0,12
2023,4,SP,3508405,2079313,10,4,2,0,2
2023,8,SP,3508405,2079313,10,4,2,0,2
2023,3,SP,3508405,2079313,10,4,2,0,2
2023,2,SP,3508405,2079313,10,4,2,0,2
2023,11,SP,3508405,2079313,10,4,2,0,2
2023,7,SP,3508405,2079313,10,4,2,0,2
2023,12,SP,3508405,2079313,10,4,2,0,2
2023,10,SP,3508405,2079313,10,4,2,0,2
2023,9,SP,3508405,2079313,10,4,2,0,2
2023,6,SP,3508405,2079313,10,4,2,0,2
2023,1,SP,3508405,2079313,10,4,2,0,2
2023,5,SP,3508405,2079313,10,4,2,0,2
2023,12,SP,3520103,2079348,10,4,2,0,2
2023,3,SP,3520103,2079348,10,4,2,0,2
2023,9,SP,3520103,2079348,10,4,2,0,2
2023,10,SP,3520103,2079348,10,4,2,0,2
2023,1,SP,3520103,2079348,10,4,2,0,2
2023,6,SP,3520103,2079348,10,4,2,0,2
2023,8,SP,3520103,2079348,10,4,2,0,2
2023,2,SP,3520103,2079348,10,4,2,0,2
2023,5,SP,3520103,2079348,10,4,2,0,2
2023,7,SP,3520103,2079348,10,4,2,0,2
2023,4,SP,3520103,2079348,10,4,2,0,2
2023,11,SP,3520103,2079348,10,4,2,0,2
2023,2,SP,3551504,2079364,10,4,6,0,4
2023,1,SP,3551504,2079364,10,4,6,0,4
2023,5,SP,3552700,2079399,10,4,5,0,3
2023,9,SP,3552700,2079399,10,4,5,0,3
2023,2,SP,3552700,2079399,10,4,5,0,3
2023,12,SP,3552700,2079399,10,4,5,0,3
2023,11,SP,3552700,2079399,10,4,5,0,3
2023,6,SP,3552700,2079399,10,4,5,0,3
2023,7,SP,3552700,2079399,10,4,5,0,3
2023,10,SP,3552700,2079399,10,4,5,0,3
2023,8,SP,3552700,2079399,10,4,5,0,3
2023,4,SP,3552700,2079399,10,4,5,0,3
2023,3,SP,3552700,2079399,10,4,5,0,3
2023,1,SP,3552700,2079399,10,4,5,0,3
2023,2,SP,3508108,2079461,10,4,2,0,2
2023,11,SP,3508108,2079461,10,4,2,0,2
2023,5,SP,3508108,2079461,10,4,2,0,2
2023,6,SP,3508108,2079461,10,4,2,0,2
2023,12,SP,3508108,2079461,10,4,2,0,2
2023,8,SP,3508108,2079461,10,4,2,0,2
2023,4,SP,3508108,2079461,10,4,2,0,2
2023,9,SP,3508108,2079461,10,4,2,0,2
2023,3,SP,3508108,2079461,10,4,2,0,2
2023,1,SP,3508108,2079461,10,4,2,0,2
2023,10,SP,3508108,2079461,10,4,2,0,2
2023,7,SP,3508108,2079461,10,4,2,0,2
2023,11,SP,3513603,2079518,10,4,3,0,2
2023,8,SP,3513603,2079518,10,4,3,0,2
2023,5,SP,3513603,2079518,10,4,3,0,2
2023,10,SP,3513603,2079518,10,4,3,0,2
2023,12,SP,3513603,2079518,10,4,3,0,2
2023,9,SP,3513603,2079518,10,4,3,0,2
2023,7,SP,3513603,2079518,10,4,3,0,2
2023,2,SP,3513603,2079518,10,4,3,0,2
2023,4,SP,3513603,2079518,10,4,3,0,2
2023,1,SP,3513603,2079518,10,4,3,0,2
2023,3,SP,3513603,2079518,10,4,3,0,2
2023,6,SP,3513603,2079518,10,4,3,0,2
2023,6,SP,3550308,2079542,10,4,203,0,0
2023,4,SP,3550308,2079542,10,4,203,0,0
2023,3,SP,3550308,2079542,10,4,203,0,0
2023,8,SP,3550308,2079542,10,4,203,0,0
2023,1,SP,3550308,2079542,10,4,203,0,0
2023,9,SP,3550308,2079542,10,4,203,0,0
2023,10,SP,3550308,2079542,10,4,203,0,0
2023,5,SP,3550308,2079542,10,4,203,0,0
2023,11,SP,3550308,2079542,10,4,154,0,0
2023,2,SP,3550308,2079542,10,4,203,0,0
2023,7,SP,3550308,2079542,10,4,203,0,0
2023,12,SP,3550308,2079542,10,4,154,0,0
2023,12,SP,3545605,2079550,10,4,1,0,0
2023,11,SP,3545605,2079550,10,4,1,0,0
2023,8,SP,3545605,2079550,10,4,1,0,0
2023,1,SP,3545605,2079550,10,4,1,0,0
2023,3,SP,3545605,2079550,10,4,1,0,0
2023,5,SP,3545605,2079550,10,4,1,0,0
2023,2,SP,3545605,2079550,10,4,1,0,0
2023,9,SP,3545605,2079550,10,4,1,0,0
2023,4,SP,3545605,2079550,10,4,1,0,0
2023,10,SP,3545605,2079550,10,4,1,0,0
2023,7,SP,3545605,2079550,10,4,1,0,0
2023,6,SP,3545605,2079550,10,4,1,0,0
2023,2,SP,3542602,2079593,10,4,10,0,8
2023,10,SP,3542602,2079593,10,4,10,0,8
2023,3,SP,3542602,2079593,10,4,10,0,8
2023,12,SP,3542602,2079593,10,4,10,0,8
2023,6,SP,3542602,2079593,10,4,10,0,8
2023,8,SP,3542602,2079593,10,4,10,0,8
2023,5,SP,3542602,2079593,10,4,10,0,8
2023,7,SP,3542602,2079593,10,4,10,0,8
2023,9,SP,3542602,2079593,10,4,10,0,8
2023,4,SP,3542602,2079593,10,4,10,0,8
2023,11,SP,3542602,2079593,10,4,10,0,8
2023,1,SP,3542602,2079593,10,4,10,0,8
2023,4,SP,3519709,2079615,10,4,12,0,12
2023,12,SP,3519709,2079615,10,4,12,0,12
2023,2,SP,3519709,2079615,10,4,12,0,12
2023,3,SP,3519709,2079615,10,4,12,0,12
2023,1,SP,3519709,2079615,10,4,12,0,12
2023,9,SP,3519709,2079615,10,4,12,0,12
2023,10,SP,3519709,2079615,10,4,12,0,12
2023,7,SP,3519709,2079615,10,4,12,0,12
2023,6,SP,3519709,2079615,10,4,12,0,12
2023,11,SP,3519709,2079615,10,4,12,0,12
2023,5,SP,3519709,2079615,10,4,12,0,12
2023,8,SP,3519709,2079615,10,4,12,0,12
2023,8,SP,3548500,2079720,10,4,10,0,10
2023,5,SP,3548500,2079720,10,4,10,0,10
2023,1,SP,3548500,2079720,10,4,10,0,10
2023,10,SP,3548500,2079720,10,4,10,0,10
2023,6,SP,3548500,2079720,10,4,10,0,10
2023,2,SP,3548500,2079720,10,4,10,0,10
2023,4,SP,3548500,2079720,10,4,10,0,10
2023,12,SP,3548500,2079720,10,4,10,0,10
2023,9,SP,3548500,2079720,10,4,10,0,10
2023,3,SP,3548500,2079720,10,4,10,0,10
2023,11,SP,3548500,2079720,10,4,10,0,10
2023,7,SP,3548500,2079720,10,4,10,0,10
2023,6,SP,3509502,2079798,10,4,24,0,24
2023,11,SP,3509502,2079798,10,4,24,0,24
2023,8,SP,3509502,2079798,10,4,24,0,24
2023,7,SP,3509502,2079798,10,4,24,0,24
2023,10,SP,3509502,2079798,10,4,24,0,24
2023,2,SP,3509502,2079798,10,4,24,0,24
2023,1,SP,3509502,2079798,10,4,24,0,24
2023,4,SP,3509502,2079798,10,4,24,0,24
2023,12,SP,3509502,2079798,10,4,24,0,24
2023,9,SP,3509502,2079798,10,4,24,0,24
2023,5,SP,3509502,2079798,10,4,24,0,24
2023,3,SP,3509502,2079798,10,4,24,0,24
2023,9,SP,3552809,2079828,10,4,43,0,43
2023,3,SP,3552809,2079828,10,4,43,0,43
2023,2,SP,3552809,2079828,10,4,43,0,43
2023,4,SP,3552809,2079828,10,4,43,0,43
2023,5,SP,3552809,2079828,10,4,43,0,43
2023,6,SP,3552809,2079828,10,4,43,0,43
2023,7,SP,3552809,2079828,10,4,43,0,43
2023,10,SP,3552809,2079828,10,4,43,0,43
2023,12,SP,3552809,2079828,10,4,43,0,43
2023,11,SP,3552809,2079828,10,4,43,0,43
2023,8,SP,3552809,2079828,10,4,43,0,43
2023,1,SP,3552809,2079828,10,4,43,0,43
2023,11,SP,3522703,2079836,10,4,3,0,2
2023,4,SP,3522703,2079836,10,4,3,0,2
2023,2,SP,3522703,2079836,10,4,3,0,2
2023,5,SP,3522703,2079836,10,4,3,0,2
2023,12,SP,3522703,2079836,10,4,3,0,2
2023,9,SP,3522703,2079836,10,4,3,0,2
2023,3,SP,3522703,2079836,10,4,3,0,2
2023,6,SP,3522703,2079836,10,4,3,0,2
2023,8,SP,3522703,2079836,10,4,3,0,2
2023,7,SP,3522703,2079836,10,4,3,0,2
2023,1,SP,3522703,2079836,10,4,3,0,2
2023,10,SP,3522703,2079836,10,4,3,0,2
2023,9,SP,3552502,2079860,10,4,1,0,1
2023,5,SP,3552502,2079860,10,4,1,0,1
2023,6,SP,3552502,2079860,10,4,1,0,1
2023,7,SP,3552502,2079860,10,4,1,0,1
2023,3,SP,3552502,2079860,10,4,1,0,1
2023,2,SP,3552502,2079860,10,4,1,0,1
2023,10,SP,3552502,2079860,10,4,1,0,1
2023,8,SP,3552502,2079860,10,4,1,0,1
2023,11,SP,3552502,2079860,10,4,1,0,1
2023,1,SP,3552502,2079860,10,4,1,0,1
2023,4,SP,3552502,2079860,10,4,1,0,1
2023,12,SP,3552502,2079860,10,4,1,0,1
2023,12,SP,3553807,2079879,10,4,6,0,5
2023,5,SP,3553807,2079879,10,4,6,0,5
2023,8,SP,3553807,2079879,10,4,6,0,5
2023,11,SP,3553807,2079879,10,4,6,0,5
2023,1,SP,3553807,2079879,10,4,6,0,5
2023,4,SP,3553807,2079879,10,4,6,0,5
2023,3,SP,3553807,2079879,10,4,6,0,5
2023,6,SP,3553807,2079879,10,4,6,0,5
2023,10,SP,3553807,2079879,10,4,6,0,5
2023,2,SP,3553807,2079879,10,4,6,0,5
2023,7,SP,3553807,2079879,10,4,6,0,5
2023,9,SP,3553807,2079879,10,4,6,0,5
2023,4,SP,3534401,2079887,10,4,19,0,0
2023,1,SP,3534401,2079887,10,4,19,0,0
2023,9,SP,3534401,2079887,10,4,19,0,0
2023,12,SP,3534401,2079887,10,4,19,0,0
2023,6,SP,3534401,2079887,10,4,19,0,0
2023,5,SP,3534401,2079887,10,4,19,0,0
2023,8,SP,3534401,2079887,10,4,19,0,0
2023,10,SP,3534401,2079887,10,4,19,0,0
2023,11,SP,3534401,2079887,10,4,19,0,0
2023,7,SP,3534401,2079887,10,4,19,0,0
2023,2,SP,3534401,2079887,10,4,19,0,0
2023,3,SP,3534401,2079887,10,4,19,0,0
2023,7,SP,3540606,2079925,10,4,12,0,8
2023,4,SP,3540606,2079925,10,4,12,0,8
2023,1,SP,3540606,2079925,10,4,12,0,8
2023,11,SP,3540606,2079925,10,4,12,0,8
2023,12,SP,3540606,2079925,10,4,12,0,8
2023,5,SP,3540606,2079925,10,4,12,0,8
2023,6,SP,3540606,2079925,10,4,12,0,8
2023,3,SP,3540606,2079925,10,4,12,0,8
2023,9,SP,3540606,2079925,10,4,12,0,8
2023,2,SP,3540606,2079925,10,4,12,0,8
2023,10,SP,3540606,2079925,10,4,12,0,8
2023,8,SP,3540606,2079925,10,4,12,0,8
2023,4,SP,3526407,2079976,10,4,11,0,5
2023,12,SP,3526407,2079976,10,4,11,0,5
2023,3,SP,3526407,2079976,10,4,11,0,5
2023,11,SP,3526407,2079976,10,4,11,0,5
2023,5,SP,3526407,2079976,10,4,11,0,5
2023,2,SP,3526407,2079976,10,4,11,0,5
2023,8,SP,3526407,2079976,10,4,11,0,5
2023,10,SP,3526407,2079976,10,4,11,0,5
2023,7,SP,3526407,2079976,10,4,11,0,5
2023,1,SP,3526407,2079976,10,4,11,0,5
2023,9,SP,3526407,2079976,10,4,11,0,5
2023,6,SP,3526407,2079976,10,4,11,0,5
2023,6,SP,3552809,2080001,10,4,12,0,0
2023,11,SP,3552809,2080001,10,4,12,0,0
2023,12,SP,3552809,2080001,10,4,12,0,0
2023,3,SP,3552809,2080001,10,4,12,0,0
2023,2,SP,3552809,2080001,10,4,12,0,0
2023,4,SP,3552809,2080001,10,4,12,0,0
2023,9,SP,3552809,2080001,10,4,12,0,0
2023,10,SP,3552809,2080001,10,4,12,0,0
2023,8,SP,3552809,2080001,10,4,12,0,0
2023,7,SP,3552809,2080001,10,4,12,0,0
2023,1,SP,3552809,2080001,10,4,12,0,0
2023,5,SP,3552809,2080001,10,4,12,0,0
2023,3,SP,3513801,2080028,10,4,2,0,2
2023,10,SP,3513801,2080028,10,4,2,0,2
2023,8,SP,3513801,2080028,10,4,2,0,2
2023,7,SP,3513801,2080028,10,4,2,0,2
2023,9,SP,3513801,2080028,10,4,2,0,2
2023,5,SP,3513801,2080028,10,4,2,0,2
2023,11,SP,3513801,2080028,10,4,2,0,2
2023,4,SP,3513801,2080028,10,4,2,0,2
2023,1,SP,3513801,2080028,10,4,2,0,2
2023,2,SP,3513801,2080028,10,4,2,0,2
2023,12,SP,3513801,2080028,10,4,2,0,2
2023,6,SP,3513801,2080028,10,4,2,0,2
2023,8,SP,3549409,2080044,10,4,14,0,8
2023,10,SP,3549409,2080044,10,4,14,0,8
2023,6,SP,3549409,2080044,10,4,14,0,8
2023,2,SP,3549409,2080044,10,4,14,0,8
2023,3,SP,3549409,2080044,10,4,14,0,8
2023,4,SP,3549409,2080044,10,4,14,0,8
2023,12,SP,3549409,2080044,10,4,14,0,8
2023,9,SP,3549409,2080044,10,4,14,0,8
2023,1,SP,3549409,2080044,10,4,14,0,8
2023,11,SP,3549409,2080044,10,4,14,0,8
2023,5,SP,3549409,2080044,10,4,14,0,8
2023,7,SP,3549409,2080044,10,4,14,0,8
2023,12,SP,3530607,2080052,10,4,16,0,12
2023,6,SP,3530607,2080052,10,4,16,0,12
2023,9,SP,3530607,2080052,10,4,16,0,12
2023,7,SP,3530607,2080052,10,4,16,0,12
2023,5,SP,3530607,2080052,10,4,16,0,12
2023,11,SP,3530607,2080052,10,4,16,0,12
2023,8,SP,3530607,2080052,10,4,16,0,12
2023,10,SP,3530607,2080052,10,4,16,0,12
2023,2,SP,3530607,2080052,10,4,16,0,12
2023,1,SP,3530607,2080052,10,4,16,0,12
2023,4,SP,3530607,2080052,10,4,16,0,12
2023,3,SP,3530607,2080052,10,4,16,0,12
2023,3,SP,3515707,2080079,10,4,24,0,24
2023,6,SP,3515707,2080079,10,4,24,0,24
2023,11,SP,3515707,2080079,10,4,24,0,24
2023,4,SP,3515707,2080079,10,4,24,0,24
2023,1,SP,3515707,2080079,10,4,24,0,24
2023,2,SP,3515707,2080079,10,4,24,0,24
2023,7,SP,3515707,2080079,10,4,24,0,24
2023,10,SP,3515707,2080079,10,4,24,0,24
2023,12,SP,3515707,2080079,10,4,24,0,24
2023,5,SP,3515707,2080079,10,4,24,0,24
2023,9,SP,3515707,2080079,10,4,24,0,24
2023,8,SP,3515707,2080079,10,4,24,0,24
2023,6,SP,3554508,2080087,10,4,9,0,6
2023,11,SP,3554508,2080087,10,4,9,0,6
2023,10,SP,3554508,2080087,10,4,9,0,6
2023,1,SP,3554508,2080087,10,4,9,0,6
2023,8,SP,3554508,2080087,10,4,9,0,6
2023,2,SP,3554508,2080087,10,4,9,0,6
2023,4,SP,3554508,2080087,10,4,9,0,6
2023,5,SP,3554508,2080087,10,4,9,0,6
2023,9,SP,3554508,2080087,10,4,9,0,6
2023,3,SP,3554508,2080087,10,4,9,0,6
2023,7,SP,3554508,2080087,10,4,9,0,6
2023,12,SP,3554508,2080087,10,4,9,0,6
2023,6,SP,3523404,2080206,10,4,2,0,0
2023,9,SP,3523404,2080206,10,4,2,0,0
2023,5,SP,3523404,2080206,10,4,2,0,0
2023,11,SP,3523404,2080206,10,4,2,0,0
2023,1,SP,3523404,2080206,10,4,2,0,0
2023,4,SP,3523404,2080206,10,4,2,0,0
2023,7,SP,3523404,2080206,10,4,2,0,0
2023,8,SP,3523404,2080206,10,4,2,0,0
2023,12,SP,3523404,2080206,10,4,2,0,0
2023,2,SP,3523404,2080206,10,4,2,0,0
2023,10,SP,3523404,2080206,10,4,2,0,0
2023,3,SP,3523404,2080206,10,4,2,0,0
2023,12,SP,3518800,2080338,10,4,35,0,35
2023,2,SP,3518800,2080338,10,4,35,0,35
2023,11,SP,3518800,2080338,10,4,35,0,35
2023,9,SP,3518800,2080338,10,4,35,0,35
2023,7,SP,3518800,2080338,10,4,35,0,35
2023,8,SP,3518800,2080338,10,4,35,0,35
2023,1,SP,3518800,2080338,10,4,35,0,35
2023,3,SP,3518800,2080338,10,4,35,0,35
2023,10,SP,3518800,2080338,10,4,35,0,35
2023,4,SP,3518800,2080338,10,4,35,0,35
2023,6,SP,3518800,2080338,10,4,35,0,35
2023,5,SP,3518800,2080338,10,4,35,0,35
2023,6,SP,3538907,2080370,10,4,5,0,4
2023,5,SP,3538907,2080370,10,4,5,0,4
2023,7,SP,3538907,2080370,10,4,5,0,4
2023,1,SP,3538907,2080370,10,4,5,0,4
2023,2,SP,3538907,2080370,10,4,5,0,4
2023,9,SP,3538907,2080370,10,4,5,0,4
2023,3,SP,3538907,2080370,10,4,5,0,4
2023,8,SP,3538907,2080370,10,4,5,0,4
2023,12,SP,3538907,2080370,10,4,5,0,4
2023,11,SP,3538907,2080370,10,4,5,0,4
2023,4,SP,3538907,2080370,10,4,5,0,4
2023,10,SP,3538907,2080370,10,4,5,0,4
2023,12,SP,3543402,2080400,10,4,9,0,0
2023,4,SP,3550100,2080443,10,4,14,0,10
2023,7,SP,3550100,2080443,10,4,14,0,10
2023,6,SP,3550100,2080443,10,4,14,0,10
2023,9,SP,3550100,2080443,10,4,14,0,10
2023,1,SP,3550100,2080443,10,4,14,0,10
2023,12,SP,3550100,2080443,10,4,14,0,10
2023,2,SP,3550100,2080443,10,4,14,0,10
2023,8,SP,3550100,2080443,10,4,14,0,10
2023,3,SP,3550100,2080443,10,4,14,0,10
2023,11,SP,3550100,2080443,10,4,14,0,10
2023,10,SP,3550100,2080443,10,4,14,0,10
2023,5,SP,3550100,2080443,10,4,14,0,10
2023,8,SP,3521309,2080451,10,4,4,0,3
2023,6,SP,3521309,2080451,10,4,4,0,3
2023,1,SP,3521309,2080451,10,4,4,0,3
2023,10,SP,3521309,2080451,10,4,4,0,3
2023,4,SP,3521309,2080451,10,4,4,0,3
2023,5,SP,3521309,2080451,10,4,4,0,3
2023,7,SP,3521309,2080451,10,4,4,0,3
2023,2,SP,3521309,2080451,10,4,4,0,3
2023,11,SP,3521309,2080451,10,4,4,0,3
2023,9,SP,3521309,2080451,10,4,4,0,3
2023,3,SP,3521309,2080451,10,4,4,0,3
2023,12,SP,3521309,2080451,10,4,4,0,3
2023,4,SP,3501301,2080508,10,4,3,0,3
2023,3,SP,3501301,2080508,10,4,3,0,3
2023,1,SP,3501301,2080508,10,4,3,0,3
2023,2,SP,3501301,2080508,10,4,3,0,3
2023,5,SP,3501301,2080508,10,4,3,0,3
2023,5,SP,3542404,2080524,10,4,3,0,0
2023,12,SP,3542404,2080524,10,4,3,0,0
2023,10,SP,3542404,2080524,10,4,3,0,0
2023,11,SP,3542404,2080524,10,4,3,0,0
2023,7,SP,3542404,2080524,10,4,3,0,0
2023,4,SP,3542404,2080524,10,4,3,0,0
2023,3,SP,3542404,2080524,10,4,3,0,0
2023,6,SP,3542404,2080524,10,4,3,0,0
2023,2,SP,3542404,2080524,10,4,3,0,0
2023,1,SP,3542404,2080524,10,4,3,0,0
2023,9,SP,3542404,2080524,10,4,3,0,0
2023,8,SP,3542404,2080524,10,4,3,0,0
2023,12,SP,3550308,2080575,10,4,4,0,1
2023,1,SP,3550308,2080575,10,4,4,0,1
2023,10,SP,3550308,2080575,10,4,4,0,1
2023,6,SP,3550308,2080575,10,4,4,0,1
2023,7,SP,3550308,2080575,10,4,4,0,1
2023,8,SP,3550308,2080575,10,4,4,0,1
2023,4,SP,3550308,2080575,10,4,4,0,1
2023,2,SP,3550308,2080575,10,4,4,0,1
2023,11,SP,3550308,2080575,10,4,4,0,1
2023,3,SP,3550308,2080575,10,4,4,0,1
2023,9,SP,3550308,2080575,10,4,4,0,1
2023,5,SP,3550308,2080575,10,4,4,0,1
2023,5,SP,3550308,2080583,10,4,28,0,28
2023,2,SP,3550308,2080583,10,4,28,0,28
2023,12,SP,3550308,2080583,10,4,28,0,28
2023,4,SP,3550308,2080583,10,4,28,0,28
2023,6,SP,3550308,2080583,10,4,28,0,28
2023,3,SP,3550308,2080583,10,4,28,0,28
2023,7,SP,3550308,2080583,10,4,28,0,28
2023,10,SP,3550308,2080583,10,4,28,0,28
2023,9,SP,3550308,2080583,10,4,28,0,28
2023,8,SP,3550308,2080583,10,4,28,0,28
2023,11,SP,3550308,2080583,10,4,28,0,28
2023,1,SP,3550308,2080583,10,4,28,0,28
2023,5,SP,3540002,2080621,10,4,3,0,2
2023,8,SP,3540002,2080621,10,4,3,0,2
2023,10,SP,3540002,2080621,10,4,3,0,2
2023,1,SP,3540002,2080621,10,4,3,0,2
2023,11,SP,3540002,2080621,10,4,3,0,2
2023,7,SP,3540002,2080621,10,4,3,0,2
2023,9,SP,3540002,2080621,10,4,3,0,2
2023,6,SP,3540002,2080621,10,4,3,0,2
2023,12,SP,3540002,2080621,10,4,3,0,2
2023,3,SP,3540002,2080621,10,4,3,0,2
2023,4,SP,3540002,2080621,10,4,3,0,2
2023,2,SP,3540002,2080621,10,4,3,0,2
2023,8,SP,3555000,2080664,10,4,11,0,10
2023,3,SP,3555000,2080664,10,4,11,0,10
2023,2,SP,3555000,2080664,10,4,11,0,10
2023,9,SP,3555000,2080664,10,4,11,0,10
2023,4,SP,3555000,2080664,10,4,11,0,10
2023,6,SP,3555000,2080664,10,4,11,0,10
2023,1,SP,3555000,2080664,10,4,11,0,10
2023,11,SP,3555000,2080664,10,4,11,0,10
2023,10,SP,3555000,2080664,10,4,11,0,10
2023,12,SP,3555000,2080664,10,4,11,0,10
2023,5,SP,3555000,2080664,10,4,11,0,10
2023,7,SP,3555000,2080664,10,4,11,0,10
2023,10,SP,3546306,2080745,10,4,3,0,2
2023,11,SP,3546306,2080745,10,4,3,0,2
2023,9,SP,3546306,2080745,10,4,3,0,2
2023,12,SP,3546306,2080745,10,4,3,0,2
2023,6,SP,3546306,2080745,10,4,3,0,2
2023,3,SP,3546306,2080745,10,4,3,0,2
2023,7,SP,3546306,2080745,10,4,3,0,2
2023,2,SP,3546306,2080745,10,4,3,0,2
2023,4,SP,3546306,2080745,10,4,3,0,2
2023,8,SP,3546306,2080745,10,4,3,0,2
2023,1,SP,3546306,2080745,10,4,3,0,2
2023,5,SP,3546306,2080745,10,4,3,0,2
2023,11,SP,3516200,2080753,10,4,6,0,0
2023,2,SP,3516200,2080753,10,4,6,0,0
2023,9,SP,3516200,2080753,10,4,6,0,0
2023,1,SP,3516200,2080753,10,4,6,0,0
2023,8,SP,3516200,2080753,10,4,6,0,0
2023,10,SP,3516200,2080753,10,4,6,0,0
2023,6,SP,3516200,2080753,10,4,6,0,0
2023,5,SP,3516200,2080753,10,4,6,0,0
2023,4,SP,3516200,2080753,10,4,6,0,0
2023,7,SP,3516200,2080753,10,4,6,0,0
2023,12,SP,3516200,2080753,10,4,6,0,0
2023,3,SP,3516200,2080753,10,4,6,0,0
2023,4,SP,3550308,2080796,10,4,39,0,0
2023,10,SP,3550308,2080796,10,4,39,0,0
2023,3,SP,3550308,2080796,10,4,39,0,0
2023,6,SP,3550308,2080796,10,4,39,0,0
2023,9,SP,3550308,2080796,10,4,39,0,0
2023,11,SP,3550308,2080796,10,4,39,0,0
2023,7,SP,3550308,2080796,10,4,39,0,0
2023,2,SP,3550308,2080796,10,4,39,0,0
2023,8,SP,3550308,2080796,10,4,39,0,0
2023,12,SP,3550308,2080796,10,4,39,0,0
2023,5,SP,3550308,2080796,10,4,39,0,0
2023,1,SP,3550308,2080796,10,4,39,0,0
2023,2,SP,3550308,2080818,10,4,10,0,0
2023,12,SP,3550308,2080818,10,4,10,0,0
2023,8,SP,3550308,2080818,10,4,10,0,0
2023,5,SP,3550308,2080818,10,4,10,0,0
2023,3,SP,3550308,2080818,10,4,10,0,0
2023,6,SP,3550308,2080818,10,4,10,0,0
2023,11,SP,3550308,2080818,10,4,10,0,0
2023,9,SP,3550308,2080818,10,4,10,0,0
2023,1,SP,3550308,2080818,10,4,10,0,0
2023,10,SP,3550308,2080818,10,4,10,0,0
2023,4,SP,3550308,2080818,10,4,10,0,0
2023,7,SP,3550308,2080818,10,4,10,0,0
2023,3,SP,3549706,2080923,10,4,9,0,6
2023,2,SP,3549706,2080923,10,4,9,0,6
2023,10,SP,3549706,2080923,10,4,10,0,6
2023,8,SP,3549706,2080923,10,4,9,0,6
2023,4,SP,3549706,2080923,10,4,9,0,6
2023,12,SP,3549706,2080923,10,4,10,0,6
2023,9,SP,3549706,2080923,10,4,9,0,6
2023,7,SP,3549706,2080923,10,4,9,0,6
2023,6,SP,3549706,2080923,10,4,9,0,6
2023,5,SP,3549706,2080923,10,4,9,0,6
2023,1,SP,3549706,2080923,10,4,9,0,6
2023,11,SP,3549706,2080923,10,4,10,0,6
2023,6,SP,3548906,2080931,10,4,30,0,20
2023,9,SP,3548906,2080931,10,4,30,0,20
2023,12,SP,3548906,2080931,10,4,30,0,20
2023,5,SP,3548906,2080931,10,4,30,0,20
2023,8,SP,3548906,2080931,10,4,30,0,20
2023,3,SP,3548906,2080931,10,4,30,0,20
2023,4,SP,3548906,2080931,10,4,30,0,20
2023,2,SP,3548906,2080931,10,4,30,0,20
2023,7,SP,3548906,2080931,10,4,30,0,20
2023,10,SP,3548906,2080931,10,4,30,0,20
2023,1,SP,3548906,2080931,10,4,30,0,20
2023,11,SP,3548906,2080931,10,4,30,0,20
2023,9,SP,3515202,2080966,10,4,1,0,1
2023,8,SP,3515202,2080966,10,4,1,0,1
2023,6,SP,3515202,2080966,10,4,1,0,1
2023,5,SP,3515202,2080966,10,4,1,0,1
2023,4,SP,3515202,2080966,10,4,1,0,1
2023,11,SP,3515202,2080966,10,4,1,0,1
2023,3,SP,3515202,2080966,10,4,1,0,1
2023,10,SP,3515202,2080966,10,4,1,0,1
2023,7,SP,3515202,2080966,10,4,1,0,1
2023,12,SP,3515202,2080966,10,4,1,0,1
2023,2,SP,3530706,2081016,10,4,20,0,0
2023,8,SP,3530706,2081016,10,4,20,0,0
2023,3,SP,3530706,2081016,10,4,20,0,0
2023,9,SP,3530706,2081016,10,4,20,0,0
2023,11,SP,3530706,2081016,10,4,20,0,0
2023,10,SP,3530706,2081016,10,4,20,0,0
2023,5,SP,3530706,2081016,10,4,20,0,0
2023,4,SP,3530706,2081016,10,4,20,0,0
2023,12,SP,3530706,2081016,10,4,20,0,0
2023,6,SP,3530706,2081016,10,4,20,0,0
2023,1,SP,3530706,2081016,10,4,20,0,0
2023,7,SP,3530706,2081016,10,4,20,0,0
2023,5,SP,3543907,2081032,10,4,3,0,0
2023,2,SP,3543907,2081032,10,4,3,0,0
2023,10,SP,3543907,2081032,10,4,3,0,0
2023,12,SP,3543907,2081032,10,4,3,0,0
2023,6,SP,3543907,2081032,10,4,3,0,0
2023,4,SP,3543907,2081032,10,4,3,0,0
2023,3,SP,3543907,2081032,10,4,3,0,0
2023,7,SP,3543907,2081032,10,4,3,0,0
2023,9,SP,3543907,2081032,10,4,3,0,0
2023,1,SP,3543907,2081032,10,4,3,0,0
2023,8,SP,3543907,2081032,10,4,3,0,0
2023,11,SP,3543907,2081032,10,4,3,0,0
2023,2,SP,3503307,2081040,10,4,5,0,0
2023,12,SP,3503307,2081040,10,4,5,0,0
2023,5,SP,3503307,2081040,10,4,5,0,0
2023,8,SP,3503307,2081040,10,4,5,0,0
2023,6,SP,3503307,2081040,10,4,5,0,0
2023,10,SP,3503307,2081040,10,4,5,0,0
2023,1,SP,3503307,2081040,10,4,5,0,0
2023,7,SP,3503307,2081040,10,4,5,0,0
2023,11,SP,3503307,2081040,10,4,5,0,0
2023,4,SP,3503307,2081040,10,4,5,0,0
2023,3,SP,3503307,2081040,10,4,5,0,0
2023,9,SP,3503307,2081040,10,4,5,0,0
2023,4,SP,3536505,2081059,10,4,2,0,2
2023,3,SP,3536505,2081059,10,4,2,0,2
2023,9,SP,3536505,2081059,10,4,2,0,2
2023,5,SP,3536505,2081059,10,4,2,0,2
2023,11,SP,3536505,2081059,10,4,2,0,2
2023,6,SP,3536505,2081059,10,4,2,0,2
2023,12,SP,3536505,2081059,10,4,2,0,2
2023,1,SP,3536505,2081059,10,4,2,0,2
2023,10,SP,3536505,2081059,10,4,2,0,2
2023,2,SP,3536505,2081059,10,4,2,0,2
2023,7,SP,3536505,2081059,10,4,2,0,2
2023,8,SP,3536505,2081059,10,4,2,0,2
2023,10,SP,3504008,2081083,10,4,10,0,6
2023,4,SP,3504008,2081083,10,4,10,0,6
2023,7,SP,3504008,2081083,10,4,10,0,6
2023,2,SP,3504008,2081083,10,4,10,0,6
2023,6,SP,3504008,2081083,10,4,10,0,6
2023,11,SP,3504008,2081083,10,4,10,0,6
2023,8,SP,3504008,2081083,10,4,10,0,6
2023,1,SP,3504008,2081083,10,4,10,0,6
2023,9,SP,3504008,2081083,10,4,10,0,6
2023,5,SP,3504008,2081083,10,4,10,0,6
2023,12,SP,3504008,2081083,10,4,10,0,6
2023,3,SP,3504008,2081083,10,4,10,0,6
2023,11,SP,3522604,2081091,10,4,8,0,8
2023,8,SP,3522604,2081091,10,4,8,0,8
2023,12,SP,3522604,2081091,10,4,8,0,8
2023,7,SP,3522604,2081091,10,4,8,0,8
2023,9,SP,3522604,2081091,10,4,8,0,8
2023,4,SP,3522604,2081091,10,4,8,0,8
2023,2,SP,3522604,2081091,10,4,8,0,8
2023,10,SP,3522604,2081091,10,4,8,0,8
2023,5,SP,3522604,2081091,10,4,8,0,8
2023,1,SP,3522604,2081091,10,4,8,0,8
2023,3,SP,3522604,2081091,10,4,8,0,8
2023,6,SP,3522604,2081091,10,4,8,0,8
2023,1,SP,3556305,2081105,10,4,5,0,3
2023,3,SP,3556305,2081105,10,4,5,0,3
2023,9,SP,3556305,2081105,10,4,5,0,3
2023,6,SP,3556305,2081105,10,4,5,0,3
2023,2,SP,3556305,2081105,10,4,5,0,3
2023,12,SP,3556305,2081105,10,4,5,0,3
2023,11,SP,3556305,2081105,10,4,5,0,3
2023,8,SP,3556305,2081105,10,4,5,0,3
2023,10,SP,3556305,2081105,10,4,5,0,3
2023,5,SP,3556305,2081105,10,4,5,0,3
2023,7,SP,3556305,2081105,10,4,5,0,3
2023,4,SP,3556305,2081105,10,4,5,0,3
2023,8,SP,3543907,2081113,10,4,2,0,0
2023,4,SP,3543907,2081113,10,4,2,0,0
2023,3,SP,3543907,2081113,10,4,2,0,0
2023,7,SP,3543907,2081113,10,4,2,0,0
2023,10,SP,3543907,2081113,10,4,2,0,0
2023,11,SP,3543907,2081113,10,4,2,0,0
2023,2,SP,3543907,2081113,10,4,2,0,0
2023,12,SP,3543907,2081113,10,4,2,0,0
2023,6,SP,3543907,2081113,10,4,2,0,0
2023,5,SP,3543907,2081113,10,4,2,0,0
2023,1,SP,3543907,2081113,10,4,2,0,0
2023,9,SP,3543907,2081113,10,4,2,0,0
2023,2,SP,3543402,2081164,10,4,1,0,1
2023,11,SP,3543402,2081164,10,4,1,0,1
2023,7,SP,3543402,2081164,10,4,1,0,1
2023,5,SP,3543402,2081164,10,4,1,0,1
2023,4,SP,3543402,2081164,10,4,1,0,1
2023,1,SP,3543402,2081164,10,4,1,0,1
2023,12,SP,3543402,2081164,10,4,1,0,1
2023,3,SP,3543402,2081164,10,4,1,0,1
2023,9,SP,3543402,2081164,10,4,1,0,1
2023,6,SP,3543402,2081164,10,4,1,0,1
2023,8,SP,3543402,2081164,10,4,1,0,1
2023,10,SP,3543402,2081164,10,4,1,0,1
2023,9,SP,3543303,2081202,10,4,4,0,4
2023,8,SP,3543303,2081202,10,4,4,0,4
2023,3,SP,3543303,2081202,10,4,4,0,4
2023,1,SP,3543303,2081202,10,4,4,0,4
2023,12,SP,3543303,2081202,10,4,4,0,4
2023,7,SP,3543303,2081202,10,4,4,0,4
2023,4,SP,3543303,2081202,10,4,4,0,4
2023,6,SP,3543303,2081202,10,4,4,0,4
2023,2,SP,3543303,2081202,10,4,4,0,4
2023,11,SP,3543303,2081202,10,4,4,0,4
2023,5,SP,3543303,2081202,10,4,4,0,4
2023,10,SP,3543303,2081202,10,4,4,0,4
2023,6,SP,3536000,2081229,10,4,2,0,1
2023,1,SP,3536000,2081229,10,4,2,0,1
2023,3,SP,3536000,2081229,10,4,2,0,1
2023,2,SP,3536000,2081229,10,4,2,0,1
2023,5,SP,3536000,2081229,10,4,2,0,1
2023,9,SP,3536000,2081229,10,4,2,0,1
2023,7,SP,3536000,2081229,10,4,2,0,1
2023,11,SP,3536000,2081229,10,4,2,0,1
2023,8,SP,3536000,2081229,10,4,2,0,1
2023,12,SP,3536000,2081229,10,4,2,0,1
2023,10,SP,3536000,2081229,10,4,2,0,1
2023,4,SP,3536000,2081229,10,4,2,0,1
2023,10,SP,3543808,2081237,10,4,2,0,1
2023,5,SP,3543808,2081237,10,4,2,0,1
2023,1,SP,3543808,2081237,10,4,2,0,1
2023,2,SP,3543808,2081237,10,4,2,0,1
2023,7,SP,3543808,2081237,10,4,2,0,1
2023,11,SP,3543808,2081237,10,4,2,0,1
2023,6,SP,3543808,2081237,10,4,2,0,1
2023,3,SP,3543808,2081237,10,4,2,0,1
2023,4,SP,3543808,2081237,10,4,2,0,1
2023,12,SP,3543808,2081237,10,4,2,0,1
2023,8,SP,3543808,2081237,10,4,2,0,1
2023,9,SP,3543808,2081237,10,4,2,0,1
2023,7,SP,3552304,2081245,10,4,1,0,1
2023,4,SP,3552304,2081245,10,4,1,0,1
2023,8,SP,3552304,2081245,10,4,1,0,1
2023,3,SP,3552304,2081245,10,4,1,0,1
2023,11,SP,3552304,2081245,10,4,1,0,1
2023,9,SP,3552304,2081245,10,4,1,0,1
2023,6,SP,3552304,2081245,10,4,1,0,1
2023,5,SP,3552304,2081245,10,4,1,0,1
2023,1,SP,3552304,2081245,10,4,1,0,1
2023,2,SP,3552304,2081245,10,4,1,0,1
2023,10,SP,3552304,2081245,10,4,1,0,1
2023,12,SP,3552304,2081245,10,4,1,0,1
2023,7,SP,3503307,2081253,10,4,12,0,10
2023,9,SP,3503307,2081253,10,4,12,0,10
2023,2,SP,3503307,2081253,10,4,12,0,10
2023,5,SP,3503307,2081253,10,4,12,0,10
2023,12,SP,3503307,2081253,10,4,12,0,10
2023,10,SP,3503307,2081253,10,4,12,0,10
2023,4,SP,3503307,2081253,10,4,12,0,10
2023,11,SP,3503307,2081253,10,4,12,0,10
2023,8,SP,3503307,2081253,10,4,12,0,10
2023,1,SP,3503307,2081253,10,4,12,0,10
2023,3,SP,3503307,2081253,10,4,12,0,10
2023,6,SP,3503307,2081253,10,4,12,0,10
2023,9,SP,3507001,2081261,10,4,9,0,8
2023,7,SP,3507001,2081261,10,4,9,0,8
2023,12,SP,3507001,2081261,10,4,9,0,8
2023,6,SP,3507001,2081261,10,4,9,0,8
2023,8,SP,3507001,2081261,10,4,9,0,8
2023,10,SP,3507001,2081261,10,4,9,0,8
2023,11,SP,3507001,2081261,10,4,9,0,8
2023,6,SP,3509304,2081296,10,4,3,0,2
2023,5,SP,3509304,2081296,10,4,3,0,2
2023,10,SP,3509304,2081296,10,4,3,0,2
2023,9,SP,3509304,2081296,10,4,3,0,2
2023,12,SP,3509304,2081296,10,4,3,0,2
2023,11,SP,3509304,2081296,10,4,3,0,2
2023,3,SP,3509304,2081296,10,4,3,0,2
2023,7,SP,3509304,2081296,10,4,3,0,2
2023,4,SP,3509304,2081296,10,4,3,0,2
2023,2,SP,3509304,2081296,10,4,3,0,2
2023,1,SP,3509304,2081296,10,4,3,0,2
2023,8,SP,3509304,2081296,10,4,3,0,2
2023,2,SP,3538808,2081350,10,4,8,0,6
2023,3,SP,3538808,2081350,10,4,8,0,6
2023,12,SP,3538808,2081350,10,4,8,0,6
2023,5,SP,3538808,2081350,10,4,8,0,6
2023,6,SP,3538808,2081350,10,4,8,0,6
2023,4,SP,3538808,2081350,10,4,8,0,6
2023,10,SP,3538808,2081350,10,4,8,0,6
2023,1,SP,3538808,2081350,10,4,8,0,6
2023,9,SP,3538808,2081350,10,4,8,0,6
2023,8,SP,3538808,2081350,10,4,8,0,6
2023,11,SP,3538808,2081350,10,4,8,0,6
2023,7,SP,3538808,2081350,10,4,8,0,6
2023,5,SP,3557105,2081377,10,4,6,0,4
2023,9,SP,3557105,2081377,10,4,6,0,4
2023,7,SP,3557105,2081377,10,4,6,0,4
2023,4,SP,3557105,2081377,10,4,6,0,4
2023,3,SP,3557105,2081377,10,4,6,0,4
2023,11,SP,3557105,2081377,10,4,6,0,4
2023,12,SP,3557105,2081377,10,4,6,0,4
2023,1,SP,3557105,2081377,10,4,6,0,4
2023,6,SP,3557105,2081377,10,4,6,0,4
2023,8,SP,3557105,2081377,10,4,6,0,4
2023,2,SP,3557105,2081377,10,4,6,0,4
2023,10,SP,3557105,2081377,10,4,6,0,4
2023,8,SP,3555109,2081385,10,4,3,0,3
2023,3,SP,3555109,2081385,10,4,3,0,3
2023,1,SP,3555109,2081385,10,4,3,0,3
2023,10,SP,3555109,2081385,10,4,3,0,3
2023,2,SP,3555109,2081385,10,4,3,0,3
2023,5,SP,3555109,2081385,10,4,3,0,3
2023,9,SP,3555109,2081385,10,4,3,0,3
2023,7,SP,3555109,2081385,10,4,3,0,3
2023,12,SP,3555109,2081385,10,4,3,0,3
2023,4,SP,3555109,2081385,10,4,3,0,3
2023,11,SP,3555109,2081385,10,4,3,0,3
2023,6,SP,3555109,2081385,10,4,3,0,3
2023,2,SP,3551603,2081393,10,4,3,0,1
2023,6,SP,3551603,2081393,10,4,3,0,1
2023,11,SP,3551603,2081393,10,4,3,0,1
2023,10,SP,3551603,2081393,10,4,3,0,1
2023,3,SP,3551603,2081393,10,4,3,0,1
2023,1,SP,3551603,2081393,10,4,3,0,1
2023,4,SP,3551603,2081393,10,4,3,0,1
2023,9,SP,3551603,2081393,10,4,3,0,1
2023,7,SP,3551603,2081393,10,4,3,0,1
2023,5,SP,3551603,2081393,10,4,3,0,1
2023,8,SP,3551603,2081393,10,4,3,0,1
2023,12,SP,3551603,2081393,10,4,3,0,1
2023,7,SP,3518404,2081512,10,4,5,0,4
2023,2,SP,3518404,2081512,10,4,5,0,4
2023,6,SP,3518404,2081512,10,4,5,0,4
2023,3,SP,3518404,2081512,10,4,5,0,4
2023,11,SP,3518404,2081512,10,4,5,0,4
2023,9,SP,3518404,2081512,10,4,5,0,4
2023,10,SP,3518404,2081512,10,4,5,0,4
2023,4,SP,3518404,2081512,10,4,5,0,4
2023,12,SP,3518404,2081512,10,4,5,0,4
2023,5,SP,3518404,2081512,10,4,5,0,4
2023,8,SP,3518404,2081512,10,4,5,0,4
2023,1,SP,3518404,2081512,10,4,5,0,4
2023,1,SP,3523206,2081555,10,4,9,0,4
2023,8,SP,3523206,2081555,10,4,9,0,4
2023,7,SP,3523206,2081555,10,4,9,0,4
2023,5,SP,3523206,2081555,10,4,9,0,4
2023,3,SP,3523206,2081555,10,4,9,0,4
2023,10,SP,3523206,2081555,10,4,9,0,4
2023,6,SP,3523206,2081555,10,4,9,0,4
2023,9,SP,3523206,2081555,10,4,9,0,4
2023,2,SP,3523206,2081555,10,4,9,0,4
2023,12,SP,3523206,2081555,10,4,9,0,4
2023,4,SP,3523206,2081555,10,4,9,0,4
2023,11,SP,3523206,2081555,10,4,9,0,4
2023,5,SP,3516200,2081601,10,4,6,0,0
2023,1,SP,3516200,2081601,10,4,6,0,0
2023,11,SP,3516200,2081601,10,4,6,0,0
2023,4,SP,3516200,2081601,10,4,6,0,0
2023,10,SP,3516200,2081601,10,4,6,0,0
2023,9,SP,3516200,2081601,10,4,6,0,0
2023,3,SP,3516200,2081601,10,4,6,0,0
2023,12,SP,3516200,2081601,10,4,6,0,0
2023,7,SP,3516200,2081601,10,4,6,0,0
2023,8,SP,3516200,2081601,10,4,6,0,0
2023,2,SP,3516200,2081601,10,4,6,0,0
2023,6,SP,3516200,2081601,10,4,6,0,0
2023,9,SP,3518800,2081628,10,4,6,0,0
2023,11,SP,3518800,2081628,10,4,6,0,0
2023,7,SP,3518800,2081628,10,4,6,0,0
2023,2,SP,3518800,2081628,10,4,6,0,0
2023,10,SP,3518800,2081628,10,4,6,0,0
2023,12,SP,3518800,2081628,10,4,6,0,0
2023,8,SP,3518800,2081628,10,4,6,0,0
2023,3,SP,3518800,2081628,10,4,6,0,0
2023,4,SP,3518800,2081628,10,4,6,0,0
2023,6,SP,3518800,2081628,10,4,6,0,0
2023,5,SP,3518800,2081628,10,4,6,0,0
2023,1,SP,3518800,2081628,10,4,6,0,0
2023,2,SP,3518404,2081644,10,4,16,0,10
2023,7,SP,3518404,2081644,10,4,16,0,10
2023,10,SP,3518404,2081644,10,4,16,0,10
2023,4,SP,3518404,2081644,10,4,16,0,10
2023,3,SP,3518404,2081644,10,4,16,0,10
2023,8,SP,3518404,2081644,10,4,16,0,10
2023,9,SP,3518404,2081644,10,4,16,0,10
2023,12,SP,3518404,2081644,10,4,16,0,10
2023,5,SP,3518404,2081644,10,4,16,0,10
2023,1,SP,3518404,2081644,10,4,16,0,10
2023,11,SP,3518404,2081644,10,4,16,0,10
2023,6,SP,3518404,2081644,10,4,16,0,10
2023,5,SP,3552205,2081695,10,4,19,0,19
2023,6,SP,3552205,2081695,10,4,19,0,19
2023,3,SP,3552205,2081695,10,4,19,0,19
2023,8,SP,3552205,2081695,10,4,19,0,19
2023,1,SP,3552205,2081695,10,4,19,0,19
2023,4,SP,3552205,2081695,10,4,19,0,19
2023,10,SP,3552205,2081695,10,4,19,0,19
2023,12,SP,3552205,2081695,10,4,19,0,19
2023,9,SP,3552205,2081695,10,4,19,0,19
2023,2,SP,3552205,2081695,10,4,19,0,19
2023,11,SP,3552205,2081695,10,4,19,0,19
2023,7,SP,3552205,2081695,10,4,19,0,19
2023,8,SP,3513702,2081717,10,4,2,0,1
2023,3,SP,3513702,2081717,10,4,2,0,1
2023,5,SP,3513702,2081717,10,4,2,0,1
2023,9,SP,3513702,2081717,10,4,2,0,1
2023,11,SP,3513702,2081717,10,4,2,0,1
2023,10,SP,3513702,2081717,10,4,2,0,1
2023,7,SP,3513702,2081717,10,4,2,0,1
2023,4,SP,3513702,2081717,10,4,2,0,1
2023,6,SP,3513702,2081717,10,4,2,0,1
2023,12,SP,3513702,2081717,10,4,2,0,1
2023,1,SP,3513702,2081717,10,4,2,0,1
2023,2,SP,3513702,2081717,10,4,2,0,1
2023,3,SP,3504206,2081768,10,4,5,0,3
2023,4,SP,3504206,2081768,10,4,5,0,3
2023,6,SP,3504206,2081768,10,4,5,0,3
2023,11,SP,3504206,2081768,10,4,5,0,3
2023,10,SP,3504206,2081768,10,4,5,0,3
2023,8,SP,3504206,2081768,10,4,5,0,3
2023,7,SP,3504206,2081768,10,4,5,0,3
2023,1,SP,3504206,2081768,10,4,5,0,3
2023,12,SP,3504206,2081768,10,4,5,0,3
2023,2,SP,3504206,2081768,10,4,5,0,3
2023,9,SP,3504206,2081768,10,4,5,0,3
2023,5,SP,3504206,2081768,10,4,5,0,3
2023,5,SP,3507902,2081784,10,4,9,0,8
2023,4,SP,3507902,2081784,10,4,9,0,8
2023,8,SP,3507902,2081784,10,4,9,0,8
2023,6,SP,3507902,2081784,10,4,9,0,8
2023,1,SP,3507902,2081784,10,4,9,0,8
2023,10,SP,3507902,2081784,10,4,9,0,8
2023,2,SP,3507902,2081784,10,4,9,0,8
2023,7,SP,3507902,2081784,10,4,9,0,8
2023,9,SP,3507902,2081784,10,4,9,0,8
2023,11,SP,3507902,2081784,10,4,9,0,8
2023,3,SP,3507902,2081784,10,4,9,0,8
2023,12,SP,3507902,2081784,10,4,9,0,8
2023,5,SP,3501103,2081806,10,4,3,0,3
2023,3,SP,3501103,2081806,10,4,3,0,3
2023,6,SP,3501103,2081806,10,4,3,0,3
2023,10,SP,3501103,2081806,10,4,3,0,3
2023,4,SP,3501103,2081806,10,4,3,0,3
2023,7,SP,3501103,2081806,10,4,3,0,3
2023,8,SP,3501103,2081806,10,4,3,0,3
2023,11,SP,3501103,2081806,10,4,3,0,3
2023,1,SP,3501103,2081806,10,4,3,0,3
2023,12,SP,3501103,2081806,10,4,3,0,3
2023,9,SP,3501103,2081806,10,4,3,0,3
2023,2,SP,3501103,2081806,10,4,3,0,3
2023,10,SP,3542206,2081873,10,4,5,0,2
2023,1,SP,3542206,2081873,10,4,5,0,2
2023,5,SP,3542206,2081873,10,4,5,0,2
2023,4,SP,3542206,2081873,10,4,5,0,2
2023,9,SP,3542206,2081873,10,4,5,0,2
2023,11,SP,3542206,2081873,10,4,5,0,2
2023,7,SP,3542206,2081873,10,4,5,0,2
2023,3,SP,3542206,2081873,10,4,5,0,2
2023,12,SP,3542206,2081873,10,4,5,0,2
2023,6,SP,3542206,2081873,10,4,5,0,2
2023,2,SP,3542206,2081873,10,4,5,0,2
2023,8,SP,3542206,2081873,10,4,5,0,2
2023,8,SP,3547809,2081881,10,4,1,0,0
2023,4,SP,3547809,2081881,10,4,1,0,0
2023,9,SP,3547809,2081881,10,4,1,0,0
2023,5,SP,3547809,2081881,10,4,1,0,0
2023,3,SP,3547809,2081881,10,4,1,0,0
2023,10,SP,3547809,2081881,10,4,1,0,0
2023,6,SP,3547809,2081881,10,4,1,0,0
2023,11,SP,3547809,2081881,10,4,1,0,0
2023,7,SP,3547809,2081881,10,4,1,0,0
2023,1,SP,3547809,2081881,10,4,1,0,0
2023,12,SP,3547809,2081881,10,4,1,0,0
2023,2,SP,3547809,2081881,10,4,1,0,0
2023,12,SP,3556404,2081903,10,4,5,0,3
2023,7,SP,3556404,2081903,10,4,5,0,3
2023,3,SP,3556404,2081903,10,4,5,0,3
2023,8,SP,3556404,2081903,10,4,5,0,3
2023,1,SP,3556404,2081903,10,4,5,0,3
2023,2,SP,3556404,2081903,10,4,5,0,3
2023,4,SP,3556404,2081903,10,4,5,0,3
2023,9,SP,3556404,2081903,10,4,5,0,3
2023,6,SP,3556404,2081903,10,4,5,0,3
2023,11,SP,3556404,2081903,10,4,5,0,3
2023,10,SP,3556404,2081903,10,4,5,0,3
2023,5,SP,3556404,2081903,10,4,5,0,3
2023,9,SP,3509502,2081938,10,4,18,0,0
2023,3,SP,3509502,2081938,10,4,12,0,0
2023,1,SP,3509502,2081938,10,4,12,0,0
2023,8,SP,3509502,2081938,10,4,12,0,0
2023,10,SP,3509502,2081938,10,4,18,0,0
2023,6,SP,3509502,2081938,10,4,12,0,0
2023,5,SP,3509502,2081938,10,4,12,0,0
2023,7,SP,3509502,2081938,10,4,12,0,0
2023,4,SP,3509502,2081938,10,4,12,0,0
2023,11,SP,3509502,2081938,10,4,18,0,0
2023,2,SP,3509502,2081938,10,4,12,0,0
2023,12,SP,3509502,2081938,10,4,18,0,0
2023,8,SP,3507407,2081989,10,4,2,0,1
2023,5,SP,3507407,2081989,10,4,2,0,1
2023,11,SP,3507407,2081989,10,4,2,0,1
2023,12,SP,3507407,2081989,10,4,2,0,1
2023,7,SP,3507407,2081989,10,4,2,0,1
2023,9,SP,3507407,2081989,10,4,2,0,1
2023,10,SP,3507407,2081989,10,4,2,0,1
2023,1,SP,3507407,2081989,10,4,2,0,1
2023,2,SP,3507407,2081989,10,4,2,0,1
2023,3,SP,3507407,2081989,10,4,2,0,1
2023,6,SP,3507407,2081989,10,4,2,0,1
2023,4,SP,3507407,2081989,10,4,2,0,1
2023,4,SP,3502705,2082098,10,4,7,0,6
2023,1,SP,3502705,2082098,10,4,7,0,6
2023,3,SP,3502705,2082098,10,4,7,0,6
2023,2,SP,3502705,2082098,10,4,7,0,6
2023,6,SP,3502705,2082098,10,4,11,0,9
2023,9,SP,3502705,2082098,10,4,11,0,9
2023,11,SP,3502705,2082098,10,4,11,0,9
2023,12,SP,3502705,2082098,10,4,11,0,9
2023,10,SP,3502705,2082098,10,4,11,0,9
2023,5,SP,3502705,2082098,10,4,11,0,9
2023,8,SP,3502705,2082098,10,4,11,0,9
2023,7,SP,3502705,2082098,10,4,11,0,9
2023,1,SP,3552205,2082101,10,4,10,0,0
2023,10,SP,3552205,2082101,10,4,10,0,0
2023,3,SP,3552205,2082101,10,4,10,0,0
2023,12,SP,3552205,2082101,10,4,10,0,0
2023,9,SP,3552205,2082101,10,4,10,0,0
2023,2,SP,3552205,2082101,10,4,10,0,0
2023,11,SP,3552205,2082101,10,4,10,0,0
2023,5,SP,3552205,2082101,10,4,10,0,0
2023,7,SP,3552205,2082101,10,4,10,0,0
2023,8,SP,3552205,2082101,10,4,10,0,0
2023,6,SP,3552205,2082101,10,4,10,0,0
2023,4,SP,3552205,2082101,10,4,10,0,0
2023,3,SP,3501608,2082179,10,4,20,0,2
2023,4,SP,3501608,2082179,10,4,20,0,2
2023,12,SP,3501608,2082179,10,4,20,0,2
2023,6,SP,3501608,2082179,10,4,20,0,2
2023,11,SP,3501608,2082179,10,4,20,0,2
2023,1,SP,3501608,2082179,10,4,20,0,2
2023,2,SP,3501608,2082179,10,4,20,0,2
2023,8,SP,3501608,2082179,10,4,20,0,2
2023,7,SP,3501608,2082179,10,4,20,0,2
2023,5,SP,3501608,2082179,10,4,20,0,2
2023,10,SP,3501608,2082179,10,4,20,0,2
2023,9,SP,3501608,2082179,10,4,20,0,2
2023,3,SP,3543402,2082187,10,4,24,0,22
2023,2,SP,3543402,2082187,10,4,24,0,22
2023,12,SP,3543402,2082187,10,4,24,0,22
2023,1,SP,3543402,2082187,10,4,24,0,22
2023,5,SP,3543402,2082187,10,4,24,0,22
2023,7,SP,3543402,2082187,10,4,24,0,22
2023,4,SP,3543402,2082187,10,4,24,0,22
2023,11,SP,3543402,2082187,10,4,24,0,22
2023,9,SP,3543402,2082187,10,4,24,0,22
2023,10,SP,3543402,2082187,10,4,24,0,22
2023,8,SP,3543402,2082187,10,4,24,0,22
2023,6,SP,3543402,2082187,10,4,24,0,22
2023,5,SP,3501905,2082195,10,4,6,0,0
2023,4,SP,3501905,2082195,10,4,6,0,0
2023,1,SP,3501905,2082195,10,4,6,0,0
2023,8,SP,3501905,2082195,10,4,6,0,0
2023,7,SP,3501905,2082195,10,4,6,0,0
2023,9,SP,3501905,2082195,10,4,6,0,0
2023,12,SP,3501905,2082195,10,4,6,0,0
2023,3,SP,3501905,2082195,10,4,6,0,0
2023,6,SP,3501905,2082195,10,4,6,0,0
2023,2,SP,3501905,2082195,10,4,6,0,0
2023,10,SP,3501905,2082195,10,4,6,0,0
2023,11,SP,3501905,2082195,10,4,6,0,0
2023,7,SP,3505708,2082209,10,4,28,0,28
2023,10,SP,3505708,2082209,10,4,28,0,28
2023,1,SP,3505708,2082209,10,4,28,0,28
2023,5,SP,3505708,2082209,10,4,28,0,28
2023,2,SP,3505708,2082209,10,4,28,0,28
2023,9,SP,3505708,2082209,10,4,28,0,28
2023,12,SP,3505708,2082209,10,4,28,0,28
2023,4,SP,3505708,2082209,10,4,28,0,28
2023,11,SP,3505708,2082209,10,4,28,0,28
2023,3,SP,3505708,2082209,10,4,28,0,28
2023,8,SP,3505708,2082209,10,4,28,0,28
2023,6,SP,3505708,2082209,10,4,28,0,28
2023,4,SP,3550308,2082225,10,4,36,0,36
2023,1,SP,3550308,2082225,10,4,36,0,36
2023,10,SP,3550308,2082225,10,4,36,0,36
2023,9,SP,3550308,2082225,10,4,36,0,36
2023,2,SP,3550308,2082225,10,4,36,0,36
2023,6,SP,3550308,2082225,10,4,36,0,36
2023,8,SP,3550308,2082225,10,4,36,0,36
2023,12,SP,3550308,2082225,10,4,36,0,36
2023,3,SP,3550308,2082225,10,4,36,0,36
2023,7,SP,3550308,2082225,10,4,36,0,36
2023,5,SP,3550308,2082225,10,4,36,0,36
2023,11,SP,3550308,2082225,10,4,36,0,36
2023,7,SP,3540705,2082322,10,4,6,0,4
2023,12,SP,3540705,2082322,10,4,6,0,4
2023,5,SP,3540705,2082322,10,4,6,0,4
2023,11,SP,3540705,2082322,10,4,6,0,4
2023,4,SP,3540705,2082322,10,4,6,0,4
2023,9,SP,3540705,2082322,10,4,6,0,4
2023,2,SP,3540705,2082322,10,4,6,0,4
2023,6,SP,3540705,2082322,10,4,6,0,4
2023,8,SP,3540705,2082322,10,4,6,0,4
2023,1,SP,3540705,2082322,10,4,6,0,4
2023,10,SP,3540705,2082322,10,4,6,0,4
2023,3,SP,3540705,2082322,10,4,6,0,4
2023,4,SP,3548807,2082330,10,4,3,0,0
2023,6,SP,3548807,2082330,10,4,3,0,0
2023,1,SP,3548807,2082330,10,4,3,0,0
2023,2,SP,3548807,2082330,10,4,3,0,0
2023,5,SP,3548807,2082330,10,4,3,0,0
2023,12,SP,3548807,2082330,10,4,3,0,0
2023,8,SP,3548807,2082330,10,4,3,0,0
2023,9,SP,3548807,2082330,10,4,3,0,0
2023,10,SP,3548807,2082330,10,4,3,0,0
2023,3,SP,3548807,2082330,10,4,3,0,0
2023,11,SP,3548807,2082330,10,4,3,0,0
2023,7,SP,3548807,2082330,10,4,3,0,0
2023,3,SP,3529401,2082349,10,4,6,0,6
2023,1,SP,3529401,2082349,10,4,6,0,6
2023,4,SP,3529401,2082349,10,4,6,0,6
2023,6,SP,3529401,2082349,10,4,6,0,6
2023,7,SP,3529401,2082349,10,4,6,0,6
2023,9,SP,3529401,2082349,10,4,6,0,6
2023,2,SP,3529401,2082349,10,4,6,0,6
2023,5,SP,3529401,2082349,10,4,6,0,6
2023,10,SP,3529401,2082349,10,4,6,0,6
2023,11,SP,3529401,2082349,10,4,6,0,6
2023,12,SP,3529401,2082349,10,4,6,0,6
2023,8,SP,3529401,2082349,10,4,6,0,6
2023,6,SP,3506102,2082381,10,4,10,0,10
2023,5,SP,3506102,2082381,10,4,10,0,10
2023,8,SP,3506102,2082381,10,4,10,0,10
2023,3,SP,3506102,2082381,10,4,10,0,10
2023,12,SP,3506102,2082381,10,4,10,0,10
2023,11,SP,3506102,2082381,10,4,10,0,10
2023,1,SP,3506102,2082381,10,4,10,0,10
2023,9,SP,3506102,2082381,10,4,10,0,10
2023,7,SP,3506102,2082381,10,4,10,0,10
2023,10,SP,3506102,2082381,10,4,10,0,10
2023,4,SP,3506102,2082381,10,4,10,0,10
2023,2,SP,3506102,2082381,10,4,10,0,10
2023,6,SP,3526704,2082462,10,4,2,0,0
2023,7,SP,3526704,2082462,10,4,2,0,0
2023,1,SP,3526704,2082462,10,4,2,0,0
2023,5,SP,3526704,2082462,10,4,2,0,0
2023,10,SP,3526704,2082462,10,4,2,0,0
2023,4,SP,3526704,2082462,10,4,2,0,0
2023,9,SP,3526704,2082462,10,4,2,0,0
2023,2,SP,3526704,2082462,10,4,2,0,0
2023,8,SP,3526704,2082462,10,4,2,0,0
2023,3,SP,3526704,2082462,10,4,2,0,0
2023,12,SP,3526704,2082462,10,4,2,0,0
2023,11,SP,3526704,2082462,10,4,2,0,0
2023,4,SP,3535507,2082519,10,4,4,0,2
2023,8,SP,3535507,2082519,10,4,4,0,2
2023,3,SP,3535507,2082519,10,4,4,0,2
2023,10,SP,3535507,2082519,10,4,4,0,2
2023,7,SP,3535507,2082519,10,4,4,0,2
2023,2,SP,3535507,2082519,10,4,4,0,2
2023,1,SP,3535507,2082519,10,4,4,0,2
2023,5,SP,3535507,2082519,10,4,4,0,2
2023,12,SP,3535507,2082519,10,4,4,0,2
2023,11,SP,3535507,2082519,10,4,4,0,2
2023,6,SP,3535507,2082519,10,4,4,0,2
2023,9,SP,3535507,2082519,10,4,4,0,2
2023,3,SP,3534609,2082586,10,4,3,0,2
2023,10,SP,3534609,2082586,10,4,3,0,2
2023,12,SP,3534609,2082586,10,4,3,0,2
2023,8,SP,3534609,2082586,10,4,3,0,2
2023,1,SP,3534609,2082586,10,4,3,0,2
2023,9,SP,3534609,2082586,10,4,3,0,2
2023,7,SP,3534609,2082586,10,4,3,0,2
2023,5,SP,3534609,2082586,10,4,3,0,2
2023,6,SP,3534609,2082586,10,4,3,0,2
2023,11,SP,3534609,2082586,10,4,3,0,2
2023,2,SP,3534609,2082586,10,4,3,0,2
2023,4,SP,3534609,2082586,10,4,3,0,2
2023,12,SP,3548807,2082594,10,4,3,0,3
2023,5,SP,3548807,2082594,10,4,3,0,3
2023,6,SP,3548807,2082594,10,4,3,0,3
2023,7,SP,3548807,2082594,10,4,3,0,3
2023,10,SP,3548807,2082594,10,4,3,0,3
2023,8,SP,3548807,2082594,10,4,3,0,3
2023,2,SP,3548807,2082594,10,4,3,0,3
2023,3,SP,3548807,2082594,10,4,3,0,3
2023,9,SP,3548807,2082594,10,4,3,0,3
2023,4,SP,3548807,2082594,10,4,3,0,3
2023,11,SP,3548807,2082594,10,4,3,0,3
2023,1,SP,3548807,2082594,10,4,3,0,3
2023,10,SP,3505302,2082632,10,4,6,0,4
2023,8,SP,3505302,2082632,10,4,6,0,4
2023,1,SP,3505302,2082632,10,4,6,0,4
2023,6,SP,3505302,2082632,10,4,6,0,4
2023,4,SP,3505302,2082632,10,4,6,0,4
2023,9,SP,3505302,2082632,10,4,6,0,4
2023,12,SP,3505302,2082632,10,4,6,0,4
2023,3,SP,3505302,2082632,10,4,6,0,4
2023,5,SP,3505302,2082632,10,4,6,0,4
2023,2,SP,3505302,2082632,10,4,6,0,4
2023,11,SP,3505302,2082632,10,4,6,0,4
2023,7,SP,3505302,2082632,10,4,6,0,4
2023,6,SP,3502101,2082691,10,4,10,0,8
2023,3,SP,3502101,2082691,10,4,10,0,8
2023,12,SP,3502101,2082691,10,4,9,0,6
2023,9,SP,3502101,2082691,10,4,10,0,8
2023,4,SP,3502101,2082691,10,4,10,0,8
2023,2,SP,3502101,2082691,10,4,10,0,8
2023,5,SP,3502101,2082691,10,4,10,0,8
2023,8,SP,3502101,2082691,10,4,10,0,8
2023,7,SP,3502101,2082691,10,4,10,0,8
2023,10,SP,3502101,2082691,10,4,9,0,6
2023,1,SP,3502101,2082691,10,4,10,0,8
2023,11,SP,3502101,2082691,10,4,9,0,6
2023,9,SP,3543907,2082705,10,4,3,0,0
2023,4,SP,3543907,2082705,10,4,3,0,0
2023,2,SP,3543907,2082705,10,4,3,0,0
2023,7,SP,3543907,2082705,10,4,3,0,0
2023,10,SP,3543907,2082705,10,4,3,0,0
2023,6,SP,3543907,2082705,10,4,3,0,0
2023,3,SP,3543907,2082705,10,4,3,0,0
2023,5,SP,3543907,2082705,10,4,3,0,0
2023,8,SP,3543907,2082705,10,4,3,0,0
2023,1,SP,3543907,2082705,10,4,3,0,0
2023,11,SP,3543907,2082705,10,4,3,0,0
2023,12,SP,3543907,2082705,10,4,3,0,0
2023,2,SP,3550605,2082721,10,4,16,0,16
2023,1,SP,3550605,2082721,10,4,16,0,16
2023,8,SP,3550605,2082721,10,4,16,0,16
2023,5,SP,3550605,2082721,10,4,16,0,16
2023,3,SP,3550605,2082721,10,4,16,0,16
2023,7,SP,3550605,2082721,10,4,16,0,16
2023,6,SP,3550605,2082721,10,4,16,0,16
2023,9,SP,3550605,2082721,10,4,16,0,16
2023,12,SP,3550605,2082721,10,4,16,0,16
2023,10,SP,3550605,2082721,10,4,16,0,16
2023,11,SP,3550605,2082721,10,4,16,0,16
2023,4,SP,3550605,2082721,10,4,16,0,16
2023,12,SP,3502200,2082748,10,4,4,0,4
2023,2,SP,3502200,2082748,10,4,4,0,4
2023,9,SP,3502200,2082748,10,4,4,0,4
2023,1,SP,3502200,2082748,10,4,4,0,4
2023,8,SP,3502200,2082748,10,4,4,0,4
2023,5,SP,3502200,2082748,10,4,4,0,4
2023,4,SP,3502200,2082748,10,4,4,0,4
2023,6,SP,3502200,2082748,10,4,4,0,4
2023,10,SP,3502200,2082748,10,4,4,0,4
2023,7,SP,3502200,2082748,10,4,4,0,4
2023,3,SP,3502200,2082748,10,4,4,0,4
2023,11,SP,3502200,2082748,10,4,4,0,4
2023,9,SP,3550308,2082829,10,4,34,0,34
2023,7,SP,3550308,2082829,10,4,34,0,34
2023,3,SP,3550308,2082829,10,4,34,0,34
2023,8,SP,3550308,2082829,10,4,34,0,34
2023,1,SP,3550308,2082829,10,4,34,0,34
2023,5,SP,3550308,2082829,10,4,34,0,34
2023,2,SP,3550308,2082829,10,4,34,0,34
2023,4,SP,3550308,2082829,10,4,34,0,34
2023,10,SP,3550308,2082829,10,4,34,0,34
2023,6,SP,3550308,2082829,10,4,34,0,34
2023,11,SP,3550308,2082829,10,4,34,0,34
2023,12,SP,3550308,2082829,10,4,34,0,34
2023,6,SP,3533908,2082845,10,4,14,0,6
2023,10,SP,3533908,2082845,10,4,14,0,6
2023,2,SP,3533908,2082845,10,4,14,0,6
2023,3,SP,3533908,2082845,10,4,14,0,6
2023,7,SP,3533908,2082845,10,4,14,0,6
2023,9,SP,3533908,2082845,10,4,14,0,6
2023,1,SP,3533908,2082845,10,4,14,0,6
2023,11,SP,3533908,2082845,10,4,14,0,6
2023,8,SP,3533908,2082845,10,4,14,0,6
2023,4,SP,3533908,2082845,10,4,14,0,6
2023,12,SP,3533908,2082845,10,4,14,0,6
2023,5,SP,3533908,2082845,10,4,14,0,6
2023,9,SP,3505906,2082853,10,4,6,0,5
2023,2,SP,3505906,2082853,10,4,6,0,5
2023,7,SP,3505906,2082853,10,4,6,0,5
2023,10,SP,3505906,2082853,10,4,6,0,5
2023,4,SP,3505906,2082853,10,4,6,0,5
2023,1,SP,3505906,2082853,10,4,6,0,5
2023,8,SP,3505906,2082853,10,4,6,0,5
2023,11,SP,3505906,2082853,10,4,6,0,5
2023,6,SP,3505906,2082853,10,4,6,0,5
2023,12,SP,3505906,2082853,10,4,6,0,5
2023,3,SP,3505906,2082853,10,4,6,0,5
2023,5,SP,3505906,2082853,10,4,6,0,5
2023,12,SP,3543907,2082888,10,4,16,0,14
2023,4,SP,3543907,2082888,10,4,16,0,14
2023,2,SP,3543907,2082888,10,4,16,0,14
2023,1,SP,3543907,2082888,10,4,16,0,14
2023,5,SP,3543907,2082888,10,4,16,0,14
2023,9,SP,3543907,2082888,10,4,16,0,14
2023,6,SP,3543907,2082888,10,4,16,0,14
2023,8,SP,3543907,2082888,10,4,16,0,14
2023,3,SP,3543907,2082888,10,4,16,0,14
2023,11,SP,3543907,2082888,10,4,16,0,14
2023,7,SP,3543907,2082888,10,4,16,0,14
2023,10,SP,3543907,2082888,10,4,16,0,14
2023,9,SP,3510500,2082926,10,4,24,0,18
2023,10,SP,3510500,2082926,10,4,24,0,18
2023,11,SP,3510500,2082926,10,4,24,0,18
2023,12,SP,3510500,2082926,10,4,24,0,18
2023,1,SP,3510500,2082926,10,4,24,0,18
2023,2,SP,3510500,2082926,10,4,24,0,18
2023,6,SP,3510500,2082926,10,4,24,0,18
2023,3,SP,3510500,2082926,10,4,24,0,18
2023,4,SP,3510500,2082926,10,4,24,0,18
2023,8,SP,3510500,2082926,10,4,24,0,18
2023,7,SP,3510500,2082926,10,4,24,0,18
2023,5,SP,3510500,2082926,10,4,24,0,18
2023,9,SP,3553005,2082934,10,4,3,0,2
2023,1,SP,3553005,2082934,10,4,3,0,2
2023,12,SP,3553005,2082934,10,4,3,0,2
2023,11,SP,3553005,2082934,10,4,3,0,2
2023,8,SP,3553005,2082934,10,4,3,0,2
2023,7,SP,3553005,2082934,10,4,3,0,2
2023,4,SP,3553005,2082934,10,4,3,0,2
2023,5,SP,3553005,2082934,10,4,3,0,2
2023,2,SP,3553005,2082934,10,4,3,0,2
2023,10,SP,3553005,2082934,10,4,3,0,2
2023,3,SP,3553005,2082934,10,4,3,0,2
2023,6,SP,3553005,2082934,10,4,3,0,2
2023,10,SP,3528007,2082942,10,4,4,0,4
2023,2,SP,3528007,2082942,10,4,4,0,4
2023,3,SP,3528007,2082942,10,4,4,0,4
2023,8,SP,3528007,2082942,10,4,4,0,4
2023,1,SP,3528007,2082942,10,4,4,0,4
2023,12,SP,3528007,2082942,10,4,4,0,4
2023,6,SP,3528007,2082942,10,4,4,0,4
2023,7,SP,3528007,2082942,10,4,4,0,4
2023,4,SP,3528007,2082942,10,4,4,0,4
2023,5,SP,3528007,2082942,10,4,4,0,4
2023,11,SP,3528007,2082942,10,4,4,0,4
2023,9,SP,3528007,2082942,10,4,4,0,4
2023,7,SP,3530102,2083019,10,4,6,0,6
2023,5,SP,3530102,2083019,10,4,8,0,8
2023,3,SP,3530102,2083019,10,4,8,0,8
2023,12,SP,3530102,2083019,10,4,6,0,6
2023,2,SP,3530102,2083019,10,4,8,0,8
2023,10,SP,3530102,2083019,10,4,6,0,6
2023,6,SP,3530102,2083019,10,4,8,0,8
2023,1,SP,3530102,2083019,10,4,8,0,8
2023,11,SP,3530102,2083019,10,4,6,0,6
2023,4,SP,3530102,2083019,10,4,8,0,8
2023,9,SP,3530102,2083019,10,4,6,0,6
2023,8,SP,3530102,2083019,10,4,6,0,6
2023,9,SP,3502507,2083051,10,4,2,0,0
2023,6,SP,3502507,2083051,10,4,2,0,0
2023,4,SP,3502507,2083051,10,4,2,0,0
2023,11,SP,3502507,2083051,10,4,2,0,0
2023,12,SP,3502507,2083051,10,4,2,0,0
2023,7,SP,3502507,2083051,10,4,2,0,0
2023,5,SP,3502507,2083051,10,4,2,0,0
2023,3,SP,3502507,2083051,10,4,2,0,0
2023,1,SP,3502507,2083051,10,4,2,0,0
2023,2,SP,3502507,2083051,10,4,2,0,0
2023,10,SP,3502507,2083051,10,4,2,0,0
2023,8,SP,3502507,2083051,10,4,2,0,0
2023,2,SP,3537800,2083175,10,4,8,0,6
2023,5,SP,3537800,2083175,10,4,8,0,6
2023,11,SP,3537800,2083175,10,4,8,0,6
2023,6,SP,3537800,2083175,10,4,8,0,6
2023,3,SP,3537800,2083175,10,4,8,0,6
2023,1,SP,3537800,2083175,10,4,8,0,6
2023,7,SP,3537800,2083175,10,4,8,0,6
2023,10,SP,3537800,2083175,10,4,8,0,6
2023,12,SP,3537800,2083175,10,4,8,0,6
2023,8,SP,3537800,2083175,10,4,8,0,6
2023,9,SP,3537800,2083175,10,4,8,0,6
2023,4,SP,3537800,2083175,10,4,8,0,6
2023,11,SP,3510609,2083191,10,4,14,0,0
2023,9,SP,3510609,2083191,10,4,14,0,0
2023,3,SP,3510609,2083191,10,4,14,0,0
2023,5,SP,3510609,2083191,10,4,14,0,0
2023,1,SP,3510609,2083191,10,4,14,0,0
2023,7,SP,3510609,2083191,10,4,14,0,0
2023,2,SP,3510609,2083191,10,4,14,0,0
2023,10,SP,3510609,2083191,10,4,14,0,0
2023,12,SP,3510609,2083191,10,4,14,0,0
2023,8,SP,3510609,2083191,10,4,14,0,0
2023,4,SP,3510609,2083191,10,4,14,0,0
2023,6,SP,3510609,2083191,10,4,14,0,0
2023,5,SP,3554409,2083213,10,4,2,0,1
2023,3,SP,3554409,2083213,10,4,2,0,1
2023,9,SP,3554409,2083213,10,4,2,0,1
2023,4,SP,3554409,2083213,10,4,2,0,1
2023,8,SP,3554409,2083213,10,4,2,0,1
2023,7,SP,3554409,2083213,10,4,2,0,1
2023,12,SP,3554409,2083213,10,4,2,0,1
2023,6,SP,3554409,2083213,10,4,2,0,1
2023,1,SP,3554409,2083213,10,4,2,0,1
2023,10,SP,3554409,2083213,10,4,2,0,1
2023,2,SP,3554409,2083213,10,4,2,0,1
2023,11,SP,3554409,2083213,10,4,2,0,1
2023,7,SP,3506359,2083272,10,4,12,0,12
2023,2,SP,3506359,2083272,10,4,12,0,12
2023,10,SP,3506359,2083272,10,4,12,0,12
2023,12,SP,3506359,2083272,10,4,12,0,12
2023,4,SP,3506359,2083272,10,4,12,0,12
2023,1,SP,3506359,2083272,10,4,12,0,12
2023,11,SP,3506359,2083272,10,4,12,0,12
2023,5,SP,3506359,2083272,10,4,12,0,12
2023,6,SP,3506359,2083272,10,4,12,0,12
2023,8,SP,3506359,2083272,10,4,12,0,12
2023,3,SP,3506359,2083272,10,4,12,0,12
2023,9,SP,3506359,2083272,10,4,12,0,12
2023,6,SP,3548906,2083299,10,4,1,0,0
2023,8,SP,3548906,2083299,10,4,1,0,0
2023,3,SP,3548906,2083299,10,4,1,0,0
2023,7,SP,3548906,2083299,10,4,1,0,0
2023,1,SP,3548906,2083299,10,4,1,0,0
2023,5,SP,3548906,2083299,10,4,1,0,0
2023,4,SP,3548906,2083299,10,4,1,0,0
2023,12,SP,3548906,2083299,10,4,1,0,0
2023,2,SP,3548906,2083299,10,4,1,0,0
2023,10,SP,3548906,2083299,10,4,1,0,0
2023,11,SP,3548906,2083299,10,4,1,0,0
2023,9,SP,3548906,2083299,10,4,1,0,0
2023,5,SP,3540200,2083493,10,4,3,0,3
2023,3,SP,3540200,2083493,10,4,3,0,3
2023,11,SP,3540200,2083493,10,4,3,0,3
2023,8,SP,3540200,2083493,10,4,3,0,3
2023,2,SP,3540200,2083493,10,4,3,0,3
2023,6,SP,3540200,2083493,10,4,3,0,3
2023,1,SP,3540200,2083493,10,4,3,0,3
2023,9,SP,3540200,2083493,10,4,3,0,3
2023,10,SP,3540200,2083493,10,4,3,0,3
2023,7,SP,3540200,2083493,10,4,3,0,3
2023,12,SP,3540200,2083493,10,4,3,0,3
2023,4,SP,3540200,2083493,10,4,3,0,3
2023,1,SP,3504503,2083604,10,4,17,0,12
2023,12,SP,3504503,2083604,10,4,17,0,12
2023,6,SP,3504503,2083604,10,4,17,0,12
2023,3,SP,3504503,2083604,10,4,17,0,12
2023,4,SP,3504503,2083604,10,4,17,0,12
2023,7,SP,3504503,2083604,10,4,17,0,12
2023,5,SP,3504503,2083604,10,4,17,0,12
2023,9,SP,3504503,2083604,10,4,17,0,12
2023,11,SP,3504503,2083604,10,4,17,0,12
2023,2,SP,3504503,2083604,10,4,17,0,12
2023,8,SP,3504503,2083604,10,4,17,0,12
2023,10,SP,3504503,2083604,10,4,17,0,12
2023,1,SP,3516309,2083876,10,4,20,0,20
2023,11,SP,3516309,2083876,10,4,20,0,20
2023,2,SP,3516309,2083876,10,4,20,0,20
2023,9,SP,3516309,2083876,10,4,20,0,20
2023,12,SP,3516309,2083876,10,4,20,0,20
2023,8,SP,3516309,2083876,10,4,20,0,20
2023,6,SP,3516309,2083876,10,4,20,0,20
2023,5,SP,3516309,2083876,10,4,20,0,20
2023,3,SP,3516309,2083876,10,4,20,0,20
2023,10,SP,3516309,2083876,10,4,20,0,20
2023,4,SP,3516309,2083876,10,4,20,0,20
2023,7,SP,3516309,2083876,10,4,20,0,20
2023,8,SP,3517703,2083973,10,4,8,0,8
2023,5,SP,3517703,2083973,10,4,8,0,8
2023,1,SP,3517703,2083973,10,4,8,0,8
2023,4,SP,3517703,2083973,10,4,8,0,8
2023,9,SP,3517703,2083973,10,4,8,0,8
2023,3,SP,3517703,2083973,10,4,8,0,8
2023,12,SP,3517703,2083973,10,4,8,0,8
2023,10,SP,3517703,2083973,10,4,8,0,8
2023,7,SP,3517703,2083973,10,4,8,0,8
2023,6,SP,3517703,2083973,10,4,8,0,8
2023,2,SP,3517703,2083973,10,4,8,0,8
2023,11,SP,3517703,2083973,10,4,8,0,8
2023,8,SP,3546405,2084058,10,4,4,0,4
2023,12,SP,3546405,2084058,10,4,4,0,4
2023,6,SP,3546405,2084058,10,4,4,0,4
2023,4,SP,3546405,2084058,10,4,4,0,4
2023,5,SP,3546405,2084058,10,4,4,0,4
2023,10,SP,3546405,2084058,10,4,4,0,4
2023,9,SP,3546405,2084058,10,4,4,0,4
2023,7,SP,3546405,2084058,10,4,4,0,4
2023,11,SP,3546405,2084058,10,4,4,0,4
2023,1,SP,3546405,2084058,10,4,4,0,4
2023,2,SP,3546405,2084058,10,4,4,0,4
2023,3,SP,3546405,2084058,10,4,4,0,4
2023,12,SP,3503307,2084120,10,4,1,0,0
2023,4,SP,3503307,2084120,10,4,1,0,0
2023,11,SP,3503307,2084120,10,4,1,0,0
2023,6,SP,3503307,2084120,10,4,1,0,0
2023,10,SP,3503307,2084120,10,4,1,0,0
2023,5,SP,3503307,2084120,10,4,1,0,0
2023,1,SP,3503307,2084120,10,4,1,0,0
2023,7,SP,3503307,2084120,10,4,1,0,0
2023,2,SP,3503307,2084120,10,4,1,0,0
2023,8,SP,3503307,2084120,10,4,1,0,0
2023,3,SP,3503307,2084120,10,4,1,0,0
2023,9,SP,3503307,2084120,10,4,1,0,0
2023,10,SP,3551702,2084171,10,4,5,0,2
2023,12,SP,3551702,2084171,10,4,5,0,2
2023,5,SP,3551702,2084171,10,4,5,0,2
2023,4,SP,3551702,2084171,10,4,5,0,2
2023,6,SP,3551702,2084171,10,4,5,0,2
2023,1,SP,3551702,2084171,10,4,5,0,2
2023,2,SP,3551702,2084171,10,4,5,0,2
2023,7,SP,3551702,2084171,10,4,5,0,2
2023,11,SP,3551702,2084171,10,4,5,0,2
2023,3,SP,3551702,2084171,10,4,5,0,2
2023,9,SP,3551702,2084171,10,4,5,0,2
2023,8,SP,3551702,2084171,10,4,5,0,2
2023,12,SP,3534708,2084201,10,4,2,0,0
2023,1,SP,3534708,2084201,10,4,2,0,0
2023,6,SP,3534708,2084201,10,4,2,0,0
2023,4,SP,3534708,2084201,10,4,2,0,0
2023,7,SP,3534708,2084201,10,4,2,0,0
2023,2,SP,3534708,2084201,10,4,2,0,0
2023,3,SP,3534708,2084201,10,4,2,0,0
2023,10,SP,3534708,2084201,10,4,2,0,0
2023,5,SP,3534708,2084201,10,4,2,0,0
2023,8,SP,3534708,2084201,10,4,2,0,0
2023,11,SP,3534708,2084201,10,4,2,0,0
2023,9,SP,3534708,2084201,10,4,2,0,0
2023,10,SP,3549102,2084228,10,4,11,0,8
2023,7,SP,3549102,2084228,10,4,11,0,8
2023,3,SP,3549102,2084228,10,4,11,0,8
2023,12,SP,3549102,2084228,10,4,11,0,8
2023,5,SP,3549102,2084228,10,4,11,0,8
2023,1,SP,3549102,2084228,10,4,11,0,8
2023,11,SP,3549102,2084228,10,4,11,0,8
2023,2,SP,3549102,2084228,10,4,11,0,8
2023,8,SP,3549102,2084228,10,4,11,0,8
2023,9,SP,3549102,2084228,10,4,11,0,8
2023,4,SP,3549102,2084228,10,4,11,0,8
2023,6,SP,3549102,2084228,10,4,11,0,8
2023,8,SP,3557105,2084309,10,4,2,0,0
2023,11,SP,3557105,2084309,10,4,2,0,0
2023,6,SP,3557105,2084309,10,4,2,0,0
2023,5,SP,3557105,2084309,10,4,2,0,0
2023,10,SP,3557105,2084309,10,4,2,0,0
2023,9,SP,3557105,2084309,10,4,2,0,0
2023,3,SP,3557105,2084309,10,4,2,0,0
2023,12,SP,3557105,2084309,10,4,2,0,0
2023,1,SP,3557105,2084309,10,4,2,0,0
2023,7,SP,3557105,2084309,10,4,2,0,0
2023,2,SP,3557105,2084309,10,4,2,0,0
2023,4,SP,3557105,2084309,10,4,2,0,0
2023,1,SP,3550308,2084368,10,4,9,0,0
2023,7,SP,3550308,2084368,10,4,9,0,0
2023,10,SP,3550308,2084368,10,4,9,0,0
2023,3,SP,3550308,2084368,10,4,9,0,0
2023,12,SP,3550308,2084368,10,4,9,0,0
2023,11,SP,3550308,2084368,10,4,9,0,0
2023,9,SP,3550308,2084368,10,4,9,0,0
2023,8,SP,3550308,2084368,10,4,9,0,0
2023,5,SP,3550308,2084368,10,4,9,0,0
2023,4,SP,3550308,2084368,10,4,9,0,0
2023,2,SP,3550308,2084368,10,4,9,0,0
2023,6,SP,3550308,2084368,10,4,9,0,0
2023,6,SP,3543402,2084414,10,4,14,0,14
2023,4,SP,3543402,2084414,10,4,14,0,14
2023,12,SP,3543402,2084414,10,4,14,0,14
2023,9,SP,3543402,2084414,10,4,14,0,14
2023,8,SP,3543402,2084414,10,4,14,0,14
2023,1,SP,3543402,2084414,10,4,14,0,14
2023,11,SP,3543402,2084414,10,4,14,0,14
2023,5,SP,3543402,2084414,10,4,14,0,14
2023,10,SP,3543402,2084414,10,4,14,0,14
2023,7,SP,3543402,2084414,10,4,14,0,14
2023,2,SP,3543402,2084414,10,4,14,0,14
2023,3,SP,3543402,2084414,10,4,14,0,14
2023,1,SP,3550407,2084422,10,4,10,0,7
2023,3,SP,3550407,2084422,10,4,10,0,7
2023,10,SP,3550407,2084422,10,4,10,0,7
2023,11,SP,3550407,2084422,10,4,10,0,7
2023,6,SP,3550407,2084422,10,4,10,0,7
2023,5,SP,3550407,2084422,10,4,10,0,7
2023,8,SP,3550407,2084422,10,4,10,0,7
2023,12,SP,3550407,2084422,10,4,10,0,7
2023,2,SP,3550407,2084422,10,4,10,0,7
2023,4,SP,3550407,2084422,10,4,10,0,7
2023,9,SP,3550407,2084422,10,4,10,0,7
2023,7,SP,3550407,2084422,10,4,10,0,7
2023,7,SP,3512209,2084430,10,4,3,0,2
2023,5,SP,3512209,2084430,10,4,3,0,2
2023,12,SP,3512209,2084430,10,4,3,0,2
2023,2,SP,3512209,2084430,10,4,3,0,2
2023,3,SP,3512209,2084430,10,4,3,0,2
2023,11,SP,3512209,2084430,10,4,3,0,2
2023,9,SP,3512209,2084430,10,4,3,0,2
2023,1,SP,3512209,2084430,10,4,3,0,2
2023,10,SP,3512209,2084430,10,4,3,0,2
2023,8,SP,3512209,2084430,10,4,3,0,2
2023,4,SP,3512209,2084430,10,4,3,0,2
2023,6,SP,3512209,2084430,10,4,3,0,2
2023,4,SP,3550308,2084473,10,4,26,0,26
2023,6,SP,3550308,2084473,10,4,26,0,26
2023,11,SP,3550308,2084473,10,4,26,0,26
2023,7,SP,3550308,2084473,10,4,26,0,26
2023,3,SP,3550308,2084473,10,4,30,0,30
2023,2,SP,3550308,2084473,10,4,30,0,30
2023,10,SP,3550308,2084473,10,4,26,0,26
2023,12,SP,3550308,2084473,10,4,26,0,26
2023,9,SP,3550308,2084473,10,4,26,0,26
2023,1,SP,3550308,2084473,10,4,30,0,30
2023,8,SP,3550308,2084473,10,4,26,0,26
2023,5,SP,3550308,2084473,10,4,26,0,26
2023,9,SP,3524402,2085194,10,4,36,0,21
2023,5,SP,3524402,2085194,10,4,36,0,21
2023,1,SP,3524402,2085194,10,4,34,0,21
2023,4,SP,3524402,2085194,10,4,36,0,21
2023,11,SP,3524402,2085194,10,4,36,0,21
2023,12,SP,3524402,2085194,10,4,36,0,21
2023,8,SP,3524402,2085194,10,4,36,0,21
2023,7,SP,3524402,2085194,10,4,36,0,21
2023,10,SP,3524402,2085194,10,4,36,0,21
2023,2,SP,3524402,2085194,10,4,34,0,21
2023,6,SP,3524402,2085194,10,4,36,0,21
2023,3,SP,3524402,2085194,10,4,34,0,21
2023,7,SP,3529005,2086050,10,4,25,0,25
2023,2,SP,3529005,2086050,10,4,25,0,25
2023,9,SP,3529005,2086050,10,4,25,0,25
2023,6,SP,3529005,2086050,10,4,25,0,25
2023,1,SP,3529005,2086050,10,4,25,0,25
2023,12,SP,3529005,2086050,10,4,25,0,25
2023,11,SP,3529005,2086050,10,4,25,0,25
2023,10,SP,3529005,2086050,10,4,25,0,25
2023,8,SP,3529005,2086050,10,4,25,0,25
2023,3,SP,3529005,2086050,10,4,25,0,25
2023,5,SP,3529005,2086050,10,4,25,0,25
2023,4,SP,3529005,2086050,10,4,25,0,25
2023,10,SP,3522208,2086271,10,4,1,0,1
2023,7,SP,3522208,2086271,10,4,1,0,1
2023,6,SP,3522208,2086271,10,4,1,0,1
2023,9,SP,3522208,2086271,10,4,1,0,1
2023,4,SP,3522208,2086271,10,4,1,0,1
2023,11,SP,3522208,2086271,10,4,1,0,1
2023,12,SP,3522208,2086271,10,4,1,0,1
2023,3,SP,3522208,2086271,10,4,1,0,1
2023,8,SP,3522208,2086271,10,4,1,0,1
2023,5,SP,3522208,2086271,10,4,1,0,1
2023,2,SP,3522208,2086271,10,4,1,0,1
2023,1,SP,3522208,2086271,10,4,1,0,1
2023,9,SP,3538709,2087057,10,4,10,0,6
2023,5,SP,3538709,2087057,10,4,10,0,6
2023,11,SP,3538709,2087057,10,4,10,0,6
2023,3,SP,3538709,2087057,10,4,10,0,6
2023,8,SP,3538709,2087057,10,4,10,0,6
2023,2,SP,3538709,2087057,10,4,10,0,6
2023,10,SP,3538709,2087057,10,4,10,0,6
2023,12,SP,3538709,2087057,10,4,10,0,6
2023,7,SP,3538709,2087057,10,4,10,0,6
2023,6,SP,3538709,2087057,10,4,10,0,6
2023,4,SP,3538709,2087057,10,4,10,0,6
2023,1,SP,3538709,2087057,10,4,10,0,6
2023,8,SP,3526902,2087103,10,4,7,0,3
2023,11,SP,3526902,2087103,10,4,7,0,3
2023,10,SP,3526902,2087103,10,4,7,0,3
2023,6,SP,3526902,2087103,10,4,7,0,3
2023,2,SP,3526902,2087103,10,4,7,0,3
2023,1,SP,3526902,2087103,10,4,6,0,3
2023,3,SP,3526902,2087103,10,4,7,0,3
2023,4,SP,3526902,2087103,10,4,7,0,3
2023,5,SP,3526902,2087103,10,4,7,0,3
2023,7,SP,3526902,2087103,10,4,7,0,3
2023,12,SP,3526902,2087103,10,4,7,0,3
2023,9,SP,3526902,2087103,10,4,7,0,3
2023,4,SP,3527207,2087111,10,4,16,0,8
2023,6,SP,3527207,2087111,10,4,16,0,8
2023,10,SP,3527207,2087111,10,4,16,0,8
2023,3,SP,3527207,2087111,10,4,16,0,8
2023,8,SP,3527207,2087111,10,4,16,0,8
2023,9,SP,3527207,2087111,10,4,16,0,8
2023,2,SP,3527207,2087111,10,4,16,0,8
2023,12,SP,3527207,2087111,10,4,16,0,8
2023,7,SP,3527207,2087111,10,4,16,0,8
2023,11,SP,3527207,2087111,10,4,16,0,8
2023,1,SP,3527207,2087111,10,4,16,0,8
2023,5,SP,3527207,2087111,10,4,16,0,8
2023,3,SP,3557006,2087618,10,4,10,0,10
2023,5,SP,3557006,2087618,10,4,10,0,10
2023,4,SP,3557006,2087618,10,4,10,0,10
2023,11,SP,3557006,2087618,10,4,10,0,10
2023,1,SP,3557006,2087618,10,4,10,0,10
2023,6,SP,3557006,2087618,10,4,10,0,10
2023,7,SP,3557006,2087618,10,4,10,0,10
2023,9,SP,3557006,2087618,10,4,10,0,10
2023,12,SP,3557006,2087618,10,4,10,0,10
2023,2,SP,3557006,2087618,10,4,10,0,10
2023,10,SP,3557006,2087618,10,4,10,0,10
2023,8,SP,3557006,2087618,10,4,10,0,10
2023,10,SP,3519071,2087715,10,4,18,0,18
2023,6,SP,3519071,2087715,10,4,18,0,18
2023,2,SP,3519071,2087715,10,4,18,0,18
2023,5,SP,3519071,2087715,10,4,18,0,18
2023,4,SP,3519071,2087715,10,4,18,0,18
2023,1,SP,3519071,2087715,10,4,18,0,18
2023,12,SP,3519071,2087715,10,4,18,0,18
2023,3,SP,3519071,2087715,10,4,18,0,18
2023,7,SP,3519071,2087715,10,4,18,0,18
2023,11,SP,3519071,2087715,10,4,18,0,18
2023,8,SP,3519071,2087715,10,4,18,0,18
2023,9,SP,3519071,2087715,10,4,18,0,18
2023,8,SP,3522109,2087804,10,4,6,0,6
2023,6,SP,3522109,2087804,10,4,6,0,6
2023,1,SP,3522109,2087804,10,4,6,0,6
2023,10,SP,3522109,2087804,10,4,6,0,6
2023,2,SP,3522109,2087804,10,4,6,0,6
2023,3,SP,3522109,2087804,10,4,6,0,6
2023,5,SP,3522109,2087804,10,4,6,0,6
2023,4,SP,3522109,2087804,10,4,6,0,6
2023,11,SP,3522109,2087804,10,4,6,0,6
2023,7,SP,3522109,2087804,10,4,6,0,6
2023,12,SP,3522109,2087804,10,4,6,0,6
2023,9,SP,3522109,2087804,10,4,6,0,6
2023,2,SP,3530805,2088193,10,4,8,0,8
2023,8,SP,3530805,2088193,10,4,8,0,8
2023,1,SP,3530805,2088193,10,4,8,0,8
2023,10,SP,3530805,2088193,10,4,8,0,8
2023,9,SP,3530805,2088193,10,4,8,0,8
2023,3,SP,3530805,2088193,10,4,8,0,8
2023,7,SP,3530805,2088193,10,4,8,0,8
2023,12,SP,3530805,2088193,10,4,8,0,8
2023,6,SP,3530805,2088193,10,4,8,0,8
2023,4,SP,3530805,2088193,10,4,8,0,8
2023,5,SP,3530805,2088193,10,4,8,0,8
2023,11,SP,3530805,2088193,10,4,8,0,8
2023,2,SP,3533502,2088487,10,4,6,0,3
2023,4,SP,3533502,2088487,10,4,6,0,3
2023,1,SP,3533502,2088487,10,4,6,0,3
2023,5,SP,3533502,2088487,10,4,6,0,3
2023,6,SP,3533502,2088487,10,4,6,0,3
2023,12,SP,3533502,2088487,10,4,6,0,3
2023,3,SP,3533502,2088487,10,4,6,0,3
2023,8,SP,3533502,2088487,10,4,6,0,3
2023,11,SP,3533502,2088487,10,4,6,0,3
2023,9,SP,3533502,2088487,10,4,6,0,3
2023,7,SP,3533502,2088487,10,4,6,0,3
2023,10,SP,3533502,2088487,10,4,6,0,3
2023,9,SP,3529708,2088525,10,4,11,0,7
2023,3,SP,3529708,2088525,10,4,11,0,7
2023,8,SP,3529708,2088525,10,4,11,0,7
2023,4,SP,3529708,2088525,10,4,11,0,7
2023,11,SP,3529708,2088525,10,4,11,0,7
2023,1,SP,3529708,2088525,10,4,11,0,7
2023,12,SP,3529708,2088525,10,4,11,0,7
2023,7,SP,3529708,2088525,10,4,11,0,7
2023,2,SP,3529708,2088525,10,4,11,0,7
2023,6,SP,3529708,2088525,10,4,11,0,7
2023,5,SP,3529708,2088525,10,4,11,0,7
2023,10,SP,3529708,2088525,10,4,11,0,7
2023,7,SP,3511102,2089327,10,4,17,0,13
2023,4,SP,3511102,2089327,10,4,17,0,13
2023,5,SP,3511102,2089327,10,4,17,0,13
2023,2,SP,3511102,2089327,10,4,17,0,13
2023,8,SP,3511102,2089327,10,4,17,0,13
2023,9,SP,3511102,2089327,10,4,17,0,13
2023,6,SP,3511102,2089327,10,4,17,0,13
2023,11,SP,3511102,2089327,10,4,17,0,13
2023,1,SP,3511102,2089327,10,4,17,0,13
2023,3,SP,3511102,2089327,10,4,17,0,13
2023,12,SP,3511102,2089327,10,4,17,0,13
2023,10,SP,3511102,2089327,10,4,17,0,13
2023,10,SP,3539509,2089548,10,4,8,0,5
2023,2,SP,3539509,2089548,10,4,8,0,5
2023,9,SP,3539509,2089548,10,4,8,0,5
2023,11,SP,3539509,2089548,10,4,8,0,5
2023,5,SP,3539509,2089548,10,4,8,0,5
2023,4,SP,3539509,2089548,10,4,8,0,5
2023,8,SP,3539509,2089548,10,4,8,0,5
2023,6,SP,3539509,2089548,10,4,8,0,5
2023,1,SP,3539509,2089548,10,4,8,0,5
2023,3,SP,3539509,2089548,10,4,8,0,5
2023,12,SP,3539509,2089548,10,4,8,0,5
2023,7,SP,3539509,2089548,10,4,8,0,5
2023,2,SP,3550308,2089564,10,4,2,0,0
2023,12,SP,3550308,2089564,10,4,2,0,0
2023,6,SP,3550308,2089564,10,4,2,0,0
2023,7,SP,3550308,2089564,10,4,2,0,0
2023,3,SP,3550308,2089564,10,4,2,0,0
2023,5,SP,3550308,2089564,10,4,2,0,0
2023,10,SP,3550308,2089564,10,4,2,0,0
2023,9,SP,3550308,2089564,10,4,2,0,0
2023,1,SP,3550308,2089564,10,4,2,0,0
2023,4,SP,3550308,2089564,10,4,2,0,0
2023,8,SP,3550308,2089564,10,4,2,0,0
2023,11,SP,3550308,2089564,10,4,2,0,0
2023,2,SP,3550308,2089602,10,4,60,0,0
2023,3,SP,3550308,2089602,10,4,60,0,0
2023,12,SP,3550308,2089602,10,4,60,0,0
2023,7,SP,3550308,2089602,10,4,60,0,0
2023,6,SP,3550308,2089602,10,4,60,0,0
2023,9,SP,3550308,2089602,10,4,60,0,0
2023,11,SP,3550308,2089602,10,4,60,0,0
2023,5,SP,3550308,2089602,10,4,60,0,0
2023,8,SP,3550308,2089602,10,4,60,0,0
2023,10,SP,3550308,2089602,10,4,60,0,0
2023,4,SP,3550308,2089602,10,4,60,0,0
2023,1,SP,3550308,2089602,10,4,60,0,0
2023,4,SP,3550308,2089777,10,4,20,0,0
2023,7,SP,3550308,2089777,10,4,20,0,0
2023,3,SP,3550308,2089777,10,4,20,0,0
2023,2,SP,3550308,2089777,10,4,20,0,0
2023,12,SP,3550308,2089777,10,4,21,0,0
2023,8,SP,3550308,2089777,10,4,21,0,0
2023,1,SP,3550308,2089777,10,4,20,0,0
2023,5,SP,3550308,2089777,10,4,20,0,0
2023,11,SP,3550308,2089777,10,4,21,0,0
2023,10,SP,3550308,2089777,10,4,21,0,0
2023,9,SP,3550308,2089777,10,4,21,0,0
2023,6,SP,3550308,2089777,10,4,20,0,0
2023,8,SP,3511409,2090333,10,4,4,0,4
2023,7,SP,3511409,2090333,10,4,4,0,4
2023,6,SP,3511409,2090333,10,4,4,0,4
2023,3,SP,3511409,2090333,10,4,4,0,4
2023,2,SP,3511409,2090333,10,4,4,0,4
2023,12,SP,3511409,2090333,10,4,4,0,4
2023,4,SP,3511409,2090333,10,4,4,0,4
2023,5,SP,3511409,2090333,10,4,4,0,4
2023,10,SP,3511409,2090333,10,4,4,0,4
2023,11,SP,3511409,2090333,10,4,4,0,4
2023,1,SP,3511409,2090333,10,4,4,0,4
2023,9,SP,3511409,2090333,10,4,4,0,4
2023,8,SP,3512100,2090376,10,4,2,0,2
2023,10,SP,3512100,2090376,10,4,2,0,2
2023,6,SP,3512100,2090376,10,4,2,0,2
2023,9,SP,3512100,2090376,10,4,2,0,2
2023,5,SP,3512100,2090376,10,4,2,0,2
2023,11,SP,3512100,2090376,10,4,2,0,2
2023,2,SP,3512100,2090376,10,4,2,0,2
2023,12,SP,3512100,2090376,10,4,2,0,2
2023,1,SP,3512100,2090376,10,4,2,0,2
2023,3,SP,3512100,2090376,10,4,2,0,2
2023,4,SP,3512100,2090376,10,4,2,0,2
2023,7,SP,3512100,2090376,10,4,2,0,2
2023,5,SP,3529302,2090961,10,4,13,0,12
2023,2,SP,3529302,2090961,10,4,13,0,12
2023,9,SP,3529302,2090961,10,4,13,0,12
2023,11,SP,3529302,2090961,10,4,13,0,12
2023,1,SP,3529302,2090961,10,4,13,0,12
2023,12,SP,3529302,2090961,10,4,13,0,12
2023,6,SP,3529302,2090961,10,4,13,0,12
2023,10,SP,3529302,2090961,10,4,13,0,12
2023,7,SP,3529302,2090961,10,4,13,0,12
2023,4,SP,3529302,2090961,10,4,13,0,12
2023,8,SP,3529302,2090961,10,4,13,0,12
2023,3,SP,3529302,2090961,10,4,13,0,12
2023,8,SP,3547502,2091267,10,4,2,0,1
2023,3,SP,3547502,2091267,10,4,8,0,2
2023,5,SP,3547502,2091267,10,4,8,0,2
2023,12,SP,3547502,2091267,10,4,2,0,1
2023,9,SP,3547502,2091267,10,4,2,0,1
2023,10,SP,3547502,2091267,10,4,2,0,1
2023,2,SP,3547502,2091267,10,4,8,0,2
2023,11,SP,3547502,2091267,10,4,2,0,1
2023,4,SP,3547502,2091267,10,4,8,0,2
2023,7,SP,3547502,2091267,10,4,8,0,2
2023,1,SP,3547502,2091267,10,4,8,0,2
2023,6,SP,3547502,2091267,10,4,8,0,2
2023,1,SP,3550308,2091313,10,4,24,0,24
2023,3,SP,3550308,2091313,10,4,24,0,24
2023,7,SP,3550308,2091313,10,4,24,0,24
2023,12,SP,3550308,2091313,10,4,24,0,24
2023,10,SP,3550308,2091313,10,4,24,0,24
2023,8,SP,3550308,2091313,10,4,24,0,24
2023,2,SP,3550308,2091313,10,4,24,0,24
2023,9,SP,3550308,2091313,10,4,24,0,24
2023,6,SP,3550308,2091313,10,4,24,0,24
2023,5,SP,3550308,2091313,10,4,24,0,24
2023,4,SP,3550308,2091313,10,4,24,0,24
2023,11,SP,3550308,2091313,10,4,24,0,24
2023,10,SP,3550308,2091585,10,4,33,0,33
2023,8,SP,3550308,2091585,10,4,33,0,33
2023,1,SP,3550308,2091585,10,4,33,0,33
2023,5,SP,3550308,2091585,10,4,33,0,33
2023,6,SP,3550308,2091585,10,4,33,0,33
2023,4,SP,3550308,2091585,10,4,33,0,33
2023,2,SP,3550308,2091585,10,4,33,0,33
2023,12,SP,3550308,2091585,10,4,33,0,33
2023,9,SP,3550308,2091585,10,4,33,0,33
2023,11,SP,3550308,2091585,10,4,33,0,33
2023,7,SP,3550308,2091585,10,4,33,0,33
2023,3,SP,3550308,2091585,10,4,33,0,33
2023,4,SP,3550308,2091755,10,4,31,0,31
2023,2,SP,3550308,2091755,10,4,31,0,31
2023,1,SP,3550308,2091755,10,4,31,0,31
2023,3,SP,3550308,2091755,10,4,31,0,31
2023,2,SP,3550308,2091801,10,4,14,0,0
2023,1,SP,3550308,2091801,10,4,14,0,0
2023,3,SP,3550308,2091801,10,4,14,0,0
2023,8,SP,3550308,2091801,10,4,14,0,0
2023,10,SP,3550308,2091801,10,4,14,0,0
2023,11,SP,3550308,2091801,10,4,14,0,0
2023,4,SP,3550308,2091801,10,4,14,0,0
2023,6,SP,3550308,2091801,10,4,14,0,0
2023,12,SP,3550308,2091801,10,4,14,0,0
2023,9,SP,3550308,2091801,10,4,14,0,0
2023,5,SP,3550308,2091801,10,4,14,0,0
2023,7,SP,3550308,2091801,10,4,14,0,0
2023,6,SP,3556800,2092093,10,4,6,0,4
2023,10,SP,3556800,2092093,10,4,6,0,4
2023,5,SP,3556800,2092093,10,4,6,0,4
2023,7,SP,3556800,2092093,10,4,6,0,4
2023,1,SP,3556800,2092093,10,4,6,0,4
2023,3,SP,3556800,2092093,10,4,6,0,4
2023,4,SP,3556800,2092093,10,4,6,0,4
2023,2,SP,3556800,2092093,10,4,6,0,4
2023,9,SP,3556800,2092093,10,4,6,0,4
2023,11,SP,3556800,2092093,10,4,6,0,4
2023,8,SP,3556800,2092093,10,4,6,0,4
2023,12,SP,3556800,2092093,10,4,6,0,4
2023,12,SP,3523909,2092298,10,4,10,0,10
2023,9,SP,3523909,2092298,10,4,10,0,10
2023,10,SP,3523909,2092298,10,4,10,0,10
2023,8,SP,3523909,2092298,10,4,10,0,10
2023,2,SP,3523909,2092298,10,4,10,0,10
2023,1,SP,3523909,2092298,10,4,10,0,10
2023,7,SP,3523909,2092298,10,4,10,0,10
2023,11,SP,3523909,2092298,10,4,10,0,10
2023,3,SP,3523909,2092298,10,4,10,0,10
2023,5,SP,3523909,2092298,10,4,10,0,10
2023,4,SP,3523909,2092298,10,4,10,0,10
2023,6,SP,3523909,2092298,10,4,10,0,10
2023,9,SP,3519303,2092395,10,4,5,0,5
2023,11,SP,3519303,2092395,10,4,5,0,5
2023,3,SP,3519303,2092395,10,4,5,0,5
2023,6,SP,3519303,2092395,10,4,5,0,5
2023,2,SP,3519303,2092395,10,4,5,0,5
2023,10,SP,3519303,2092395,10,4,5,0,5
2023,12,SP,3519303,2092395,10,4,5,0,5
2023,5,SP,3519303,2092395,10,4,5,0,5
2023,8,SP,3519303,2092395,10,4,5,0,5
2023,4,SP,3519303,2092395,10,4,5,0,5
2023,7,SP,3519303,2092395,10,4,5,0,5
2023,1,SP,3519303,2092395,10,4,5,0,5
2023,11,SP,3505500,2092611,10,4,15,0,11
2023,4,SP,3505500,2092611,10,4,15,0,11
2023,8,SP,3505500,2092611,10,4,15,0,11
2023,12,SP,3505500,2092611,10,4,15,0,11
2023,1,SP,3505500,2092611,10,4,15,0,11
2023,10,SP,3505500,2092611,10,4,15,0,11
2023,2,SP,3505500,2092611,10,4,15,0,11
2023,6,SP,3505500,2092611,10,4,15,0,11
2023,3,SP,3505500,2092611,10,4,15,0,11
2023,5,SP,3505500,2092611,10,4,15,0,11
2023,7,SP,3505500,2092611,10,4,15,0,11
2023,9,SP,3505500,2092611,10,4,15,0,11
2023,10,SP,3515400,2092638,10,4,4,0,2
2023,9,SP,3515400,2092638,10,4,4,0,2
2023,2,SP,3515400,2092638,10,4,4,0,2
2023,11,SP,3515400,2092638,10,4,4,0,2
2023,4,SP,3515400,2092638,10,4,4,0,2
2023,8,SP,3515400,2092638,10,4,4,0,2
2023,3,SP,3515400,2092638,10,4,4,0,2
2023,12,SP,3515400,2092638,10,4,4,0,2
2023,7,SP,3515400,2092638,10,4,4,0,2
2023,6,SP,3515400,2092638,10,4,4,0,2
2023,1,SP,3515400,2092638,10,4,4,0,2
2023,5,SP,3515400,2092638,10,4,4,0,2
2023,1,SP,3521804,2093227,10,4,4,0,4
2023,8,SP,3546603,2093332,10,4,10,0,6
2023,5,SP,3546603,2093332,10,4,10,0,6
2023,11,SP,3546603,2093332,10,4,10,0,6
2023,10,SP,3546603,2093332,10,4,10,0,6
2023,1,SP,3546603,2093332,10,4,10,0,6
2023,7,SP,3546603,2093332,10,4,10,0,6
2023,3,SP,3546603,2093332,10,4,10,0,6
2023,12,SP,3546603,2093332,10,4,10,0,6
2023,6,SP,3546603,2093332,10,4,10,0,6
2023,4,SP,3546603,2093332,10,4,10,0,6
2023,9,SP,3546603,2093332,10,4,10,0,6
2023,2,SP,3546603,2093332,10,4,10,0,6
2023,11,SP,3512001,2095912,10,4,8,0,6
2023,10,SP,3512001,2095912,10,4,8,0,6
2023,12,SP,3512001,2095912,10,4,8,0,6
2023,4,SP,3512001,2095912,10,4,8,0,6
2023,3,SP,3512001,2095912,10,4,8,0,6
2023,8,SP,3512001,2095912,10,4,8,0,6
2023,7,SP,3512001,2095912,10,4,8,0,6
2023,6,SP,3512001,2095912,10,4,8,0,6
2023,1,SP,3512001,2095912,10,4,8,0,6
2023,2,SP,3512001,2095912,10,4,8,0,6
2023,5,SP,3512001,2095912,10,4,8,0,6
2023,9,SP,3512001,2095912,10,4,8,0,6
2023,1,SP,3531308,2096005,10,4,5,0,0
2023,9,SP,3531308,2096005,10,4,5,0,0
2023,8,SP,3531308,2096005,10,4,5,0,0
2023,2,SP,3531308,2096005,10,4,5,0,0
2023,5,SP,3531308,2096005,10,4,5,0,0
2023,3,SP,3531308,2096005,10,4,5,0,0
2023,6,SP,3531308,2096005,10,4,5,0,0
2023,11,SP,3531308,2096005,10,4,5,0,0
2023,4,SP,3531308,2096005,10,4,5,0,0
2023,12,SP,3531308,2096005,10,4,5,0,0
2023,10,SP,3531308,2096005,10,4,5,0,0
2023,7,SP,3531308,2096005,10,4,5,0,0
2023,6,SP,3509205,2096196,10,4,8,0,8
2023,8,SP,3509205,2096196,10,4,8,0,8
2023,11,SP,3509205,2096196,10,4,8,0,8
2023,1,SP,3509205,2096196,10,4,8,0,8
2023,12,SP,3509205,2096196,10,4,8,0,8
2023,4,SP,3509205,2096196,10,4,8,0,8
2023,9,SP,3509205,2096196,10,4,8,0,8
2023,10,SP,3509205,2096196,10,4,8,0,8
2023,2,SP,3509205,2096196,10,4,8,0,8
2023,3,SP,3509205,2096196,10,4,8,0,8
2023,7,SP,3509205,2096196,10,4,8,0,8
2023,5,SP,3509205,2096196,10,4,8,0,8
2023,7,SP,3530706,2096463,10,4,10,0,5
2023,2,SP,3530706,2096463,10,4,10,0,5
2023,12,SP,3530706,2096463,10,4,10,0,5
2023,5,SP,3530706,2096463,10,4,10,0,5
2023,3,SP,3530706,2096463,10,4,10,0,5
2023,6,SP,3530706,2096463,10,4,10,0,5
2023,9,SP,3530706,2096463,10,4,10,0,5
2023,8,SP,3530706,2096463,10,4,10,0,5
2023,11,SP,3530706,2096463,10,4,10,0,5
2023,10,SP,3530706,2096463,10,4,10,0,5
2023,4,SP,3530706,2096463,10,4,10,0,5
2023,1,SP,3530706,2096463,10,4,10,0,5
2023,4,SP,3540804,2096617,10,4,1,0,0
2023,2,SP,3540804,2096617,10,4,1,0,0
2023,9,SP,3540804,2096617,10,4,1,0,0
2023,11,SP,3540804,2096617,10,4,1,0,0
2023,7,SP,3540804,2096617,10,4,1,0,0
2023,8,SP,3540804,2096617,10,4,1,0,0
2023,5,SP,3540804,2096617,10,4,1,0,0
2023,10,SP,3540804,2096617,10,4,1,0,0
2023,12,SP,3540804,2096617,10,4,1,0,0
2023,6,SP,3540804,2096617,10,4,1,0,0
2023,3,SP,3540804,2096617,10,4,1,0,0
2023,1,SP,3540804,2096617,10,4,1,0,0
2023,8,SP,3549805,2097117,10,4,8,0,0
2023,12,SP,3549805,2097117,10,4,2,0,0
2023,7,SP,3549805,2097117,10,4,8,0,0
2023,1,SP,3549805,2097117,10,4,8,0,0
2023,11,SP,3549805,2097117,10,4,2,0,0
2023,2,SP,3549805,2097117,10,4,8,0,0
2023,9,SP,3549805,2097117,10,4,2,0,0
2023,6,SP,3549805,2097117,10,4,8,0,0
2023,3,SP,3549805,2097117,10,4,8,0,0
2023,5,SP,3549805,2097117,10,4,8,0,0
2023,10,SP,3549805,2097117,10,4,2,0,0
2023,4,SP,3549805,2097117,10,4,8,0,0
2023,7,SP,3549805,2097613,10,4,11,0,0
2023,9,SP,3549805,2097613,10,4,11,0,0
2023,2,SP,3549805,2097613,10,4,11,0,0
2023,12,SP,3549805,2097613,10,4,11,0,0
2023,3,SP,3549805,2097613,10,4,11,0,0
2023,6,SP,3549805,2097613,10,4,11,0,0
2023,11,SP,3549805,2097613,10,4,11,0,0
2023,5,SP,3549805,2097613,10,4,11,0,0
2023,10,SP,3549805,2097613,10,4,11,0,0
2023,8,SP,3549805,2097613,10,4,11,0,0
2023,1,SP,3549805,2097613,10,4,11,0,0
2023,4,SP,3549805,2097613,10,4,11,0,0
2023,9,SP,3507605,2688433,10,4,18,0,8
2023,5,SP,3507605,2688433,10,4,18,0,8
2023,3,SP,3507605,2688433,10,4,18,0,8
2023,4,SP,3507605,2688433,10,4,18,0,8
2023,7,SP,3507605,2688433,10,4,18,0,8
2023,1,SP,3507605,2688433,10,4,18,0,8
2023,2,SP,3507605,2688433,10,4,18,0,8
2023,10,SP,3507605,2688433,10,4,18,0,8
2023,11,SP,3507605,2688433,10,4,18,0,8
2023,8,SP,3507605,2688433,10,4,18,0,8
2023,12,SP,3507605,2688433,10,4,18,0,8
2023,6,SP,3507605,2688433,10,4,18,0,8
2023,5,SP,3550308,2688689,10,4,17,0,17
2023,2,SP,3550308,2688689,10,4,17,0,17
2023,8,SP,3550308,2688689,10,4,17,0,17
2023,3,SP,3550308,2688689,10,4,17,0,17
2023,1,SP,3550308,2688689,10,4,17,0,17
2023,11,SP,3550308,2688689,10,4,17,0,17
2023,10,SP,3550308,2688689,10,4,17,0,17
2023,9,SP,3550308,2688689,10,4,17,0,17
2023,6,SP,3550308,2688689,10,4,17,0,17
2023,12,SP,3550308,2688689,10,4,17,0,17
2023,7,SP,3550308,2688689,10,4,17,0,17
2023,4,SP,3550308,2688689,10,4,17,0,17
2023,8,SP,3529401,2690764,10,4,2,0,0
2023,1,SP,3529401,2690764,10,4,2,0,0
2023,3,SP,3529401,2690764,10,4,2,0,0
2023,2,SP,3529401,2690764,10,4,2,0,0
2023,7,SP,3529401,2690764,10,4,2,0,0
2023,11,SP,3529401,2690764,10,4,2,0,0
2023,4,SP,3529401,2690764,10,4,2,0,0
2023,12,SP,3529401,2690764,10,4,2,0,0
2023,6,SP,3529401,2690764,10,4,2,0,0
2023,10,SP,3529401,2690764,10,4,2,0,0
2023,5,SP,3529401,2690764,10,4,2,0,0
2023,9,SP,3529401,2690764,10,4,2,0,0
2023,8,SP,3541208,2698374,10,4,5,0,5
2023,4,SP,3541208,2698374,10,4,5,0,5
2023,6,SP,3541208,2698374,10,4,5,0,5
2023,3,SP,3541208,2698374,10,4,5,0,5
2023,7,SP,3541208,2698374,10,4,5,0,5
2023,5,SP,3541208,2698374,10,4,5,0,5
2023,10,SP,3541208,2698374,10,4,5,0,5
2023,1,SP,3541208,2698374,10,4,5,0,5
2023,9,SP,3541208,2698374,10,4,5,0,5
2023,2,SP,3541208,2698374,10,4,5,0,5
2023,12,SP,3541208,2698374,10,4,5,0,5
2023,11,SP,3541208,2698374,10,4,5,0,5
2023,8,SP,3548500,2698463,10,4,2,0,2
2023,10,SP,3548500,2698463,10,4,2,0,2
2023,1,SP,3548500,2698463,10,4,2,0,2
2023,12,SP,3548500,2698463,10,4,2,0,2
2023,7,SP,3548500,2698463,10,4,2,0,2
2023,6,SP,3548500,2698463,10,4,2,0,2
2023,9,SP,3548500,2698463,10,4,2,0,2
2023,11,SP,3548500,2698463,10,4,2,0,2
2023,5,SP,3548500,2698463,10,4,2,0,2
2023,3,SP,3548500,2698463,10,4,2,0,2
2023,4,SP,3548500,2698463,10,4,2,0,2
2023,2,SP,3548500,2698463,10,4,2,0,2
2023,12,SP,3556701,2699915,10,4,6,0,4
2023,3,SP,3556701,2699915,10,4,6,0,4
2023,8,SP,3556701,2699915,10,4,6,0,4
2023,2,SP,3556701,2699915,10,4,6,0,4
2023,4,SP,3556701,2699915,10,4,6,0,4
2023,6,SP,3556701,2699915,10,4,6,0,4
2023,1,SP,3556701,2699915,10,4,6,0,4
2023,10,SP,3556701,2699915,10,4,6,0,4
2023,7,SP,3556701,2699915,10,4,6,0,4
2023,9,SP,3556701,2699915,10,4,6,0,4
2023,5,SP,3556701,2699915,10,4,6,0,4
2023,11,SP,3556701,2699915,10,4,6,0,4
2023,1,SP,3555406,2702193,10,4,25,0,20
2023,11,SP,3555406,2702193,10,4,17,0,17
2023,10,SP,3555406,2702193,10,4,17,0,17
2023,7,SP,3555406,2702193,10,4,25,0,20
2023,3,SP,3555406,2702193,10,4,25,0,20
2023,8,SP,3555406,2702193,10,4,25,0,20
2023,2,SP,3555406,2702193,10,4,25,0,20
2023,12,SP,3555406,2702193,10,4,17,0,17
2023,4,SP,3555406,2702193,10,4,25,0,20
2023,9,SP,3555406,2702193,10,4,17,0,17
2023,5,SP,3555406,2702193,10,4,25,0,20
2023,6,SP,3555406,2702193,10,4,25,0,20
2023,10,SP,3507605,2704900,10,4,22,0,15
2023,11,SP,3507605,2704900,10,4,22,0,15
2023,12,SP,3507605,2704900,10,4,22,0,15
2023,5,SP,3507605,2704900,10,4,22,0,15
2023,7,SP,3507605,2704900,10,4,22,0,15
2023,6,SP,3507605,2704900,10,4,22,0,15
2023,2,SP,3507605,2704900,10,4,22,0,15
2023,4,SP,3507605,2704900,10,4,22,0,15
2023,9,SP,3507605,2704900,10,4,22,0,15
2023,1,SP,3507605,2704900,10,4,22,0,15
2023,3,SP,3507605,2704900,10,4,22,0,15
2023,8,SP,3507605,2704900,10,4,22,0,15
2023,7,SP,3530508,2705222,10,4,10,0,6
2023,11,SP,3530508,2705222,10,4,10,0,6
2023,5,SP,3530508,2705222,10,4,10,0,6
2023,12,SP,3530508,2705222,10,4,10,0,6
2023,3,SP,3530508,2705222,10,4,10,0,6
2023,10,SP,3530508,2705222,10,4,10,0,6
2023,6,SP,3530508,2705222,10,4,10,0,6
2023,4,SP,3530508,2705222,10,4,10,0,6
2023,1,SP,3530508,2705222,10,4,10,0,6
2023,8,SP,3530508,2705222,10,4,10,0,6
2023,9,SP,3530508,2705222,10,4,10,0,6
2023,2,SP,3530508,2705222,10,4,10,0,6
2023,10,SP,3516200,2705982,10,4,31,0,31
2023,1,SP,3516200,2705982,10,4,33,0,32
2023,8,SP,3516200,2705982,10,4,31,0,31
2023,9,SP,3516200,2705982,10,4,31,0,31
2023,2,SP,3516200,2705982,10,4,33,0,32
2023,7,SP,3516200,2705982,10,4,31,0,31
2023,4,SP,3516200,2705982,10,4,33,0,32
2023,11,SP,3516200,2705982,10,4,31,0,31
2023,3,SP,3516200,2705982,10,4,33,0,32
2023,12,SP,3516200,2705982,10,4,31,0,31
2023,5,SP,3516200,2705982,10,4,33,0,32
2023,6,SP,3516200,2705982,10,4,33,0,32
2023,7,SP,3552205,2708566,10,4,9,0,0
2023,5,SP,3552205,2708566,10,4,6,0,0
2023,8,SP,3552205,2708566,10,4,9,0,0
2023,11,SP,3552205,2708566,10,4,9,0,0
2023,6,SP,3552205,2708566,10,4,6,0,0
2023,9,SP,3552205,2708566,10,4,9,0,0
2023,2,SP,3552205,2708566,10,4,6,0,0
2023,1,SP,3552205,2708566,10,4,6,0,0
2023,4,SP,3552205,2708566,10,4,6,0,0
2023,12,SP,3552205,2708566,10,4,10,0,0
2023,10,SP,3552205,2708566,10,4,9,0,0
2023,3,SP,3552205,2708566,10,4,6,0,0
2023,5,SP,3552205,2708779,10,4,20,0,20
2023,9,SP,3552205,2708779,10,4,20,0,20
2023,1,SP,3552205,2708779,10,4,20,0,20
2023,8,SP,3552205,2708779,10,4,20,0,20
2023,11,SP,3552205,2708779,10,4,20,0,20
2023,7,SP,3552205,2708779,10,4,20,0,20
2023,6,SP,3552205,2708779,10,4,20,0,20
2023,12,SP,3552205,2708779,10,4,20,0,20
2023,3,SP,3552205,2708779,10,4,20,0,20
2023,10,SP,3552205,2708779,10,4,20,0,20
2023,4,SP,3552205,2708779,10,4,20,0,20
2023,2,SP,3552205,2708779,10,4,20,0,20
2023,10,SP,3541000,2716097,10,4,26,0,26
2023,1,SP,3541000,2716097,10,4,26,0,26
2023,7,SP,3541000,2716097,10,4,26,0,26
2023,6,SP,3541000,2716097,10,4,26,0,26
2023,2,SP,3541000,2716097,10,4,26,0,26
2023,5,SP,3541000,2716097,10,4,26,0,26
2023,3,SP,3541000,2716097,10,4,26,0,26
2023,4,SP,3541000,2716097,10,4,26,0,26
2023,11,SP,3541000,2716097,10,4,26,0,26
2023,9,SP,3541000,2716097,10,4,26,0,26
2023,12,SP,3541000,2716097,10,4,26,0,26
2023,8,SP,3541000,2716097,10,4,26,0,26
2023,9,SP,3501004,2716593,10,4,1,0,1
2023,4,SP,3501004,2716593,10,4,1,0,1
2023,7,SP,3501004,2716593,10,4,1,0,1
2023,2,SP,3501004,2716593,10,4,1,0,1
2023,5,SP,3501004,2716593,10,4,1,0,1
2023,6,SP,3501004,2716593,10,4,1,0,1
2023,8,SP,3501004,2716593,10,4,1,0,1
2023,3,SP,3501004,2716593,10,4,1,0,1
2023,1,SP,3501004,2716593,10,4,1,0,1
2023,10,SP,3501004,2716593,10,4,1,0,1
2023,11,SP,3501004,2716593,10,4,1,0,1
2023,12,SP,3501004,2716593,10,4,1,0,1
2023,11,SP,3518800,2718324,10,4,9,0,0
2023,1,SP,3518800,2718324,10,4,9,0,0
2023,10,SP,3518800,2718324,10,4,9,0,0
2023,4,SP,3518800,2718324,10,4,9,0,0
2023,8,SP,3518800,2718324,10,4,9,0,0
2023,6,SP,3518800,2718324,10,4,9,0,0
2023,9,SP,3518800,2718324,10,4,9,0,0
2023,7,SP,3518800,2718324,10,4,9,0,0
2023,2,SP,3518800,2718324,10,4,9,0,0
2023,3,SP,3518800,2718324,10,4,9,0,0
2023,5,SP,3518800,2718324,10,4,9,0,0
2023,12,SP,3518800,2718324,10,4,9,0,0
2023,11,SP,3534302,2745798,10,4,18,0,11
2023,12,SP,3534302,2745798,10,4,18,0,11
2023,6,SP,3534302,2745798,10,4,18,0,11
2023,7,SP,3534302,2745798,10,4,18,0,11
2023,2,SP,3534302,2745798,10,4,18,0,11
2023,1,SP,3534302,2745798,10,4,18,0,11
2023,10,SP,3534302,2745798,10,4,18,0,11
2023,3,SP,3534302,2745798,10,4,18,0,11
2023,4,SP,3534302,2745798,10,4,18,0,11
2023,9,SP,3534302,2745798,10,4,18,0,11
2023,8,SP,3534302,2745798,10,4,18,0,11
2023,5,SP,3534302,2745798,10,4,18,0,11
2023,3,SP,3531902,2745801,10,4,3,0,3
2023,5,SP,3531902,2745801,10,4,3,0,3
2023,7,SP,3531902,2745801,10,4,3,0,3
2023,2,SP,3531902,2745801,10,4,3,0,3
2023,1,SP,3531902,2745801,10,4,3,0,3
2023,6,SP,3531902,2745801,10,4,3,0,3
2023,12,SP,3531902,2745801,10,4,3,0,3
2023,4,SP,3531902,2745801,10,4,3,0,3
2023,11,SP,3531902,2745801,10,4,3,0,3
2023,10,SP,3531902,2745801,10,4,3,0,3
2023,8,SP,3531902,2745801,10,4,3,0,3
2023,9,SP,3531902,2745801,10,4,3,0,3
2023,6,SP,3532900,2747685,10,4,2,0,1
2023,9,SP,3532900,2747685,10,4,2,0,1
2023,7,SP,3532900,2747685,10,4,2,0,1
2023,10,SP,3532900,2747685,10,4,2,0,1
2023,3,SP,3532900,2747685,10,4,2,0,1
2023,4,SP,3532900,2747685,10,4,2,0,1
2023,1,SP,3532900,2747685,10,4,2,0,1
2023,2,SP,3532900,2747685,10,4,2,0,1
2023,12,SP,3532900,2747685,10,4,2,0,1
2023,8,SP,3532900,2747685,10,4,2,0,1
2023,5,SP,3532900,2747685,10,4,2,0,1
2023,11,SP,3532900,2747685,10,4,2,0,1
2023,6,SP,3542909,2747693,10,4,2,0,1
2023,2,SP,3542909,2747693,10,4,2,0,1
2023,8,SP,3542909,2747693,10,4,2,0,1
2023,10,SP,3542909,2747693,10,4,1,0,1
2023,1,SP,3542909,2747693,10,4,2,0,1
2023,7,SP,3542909,2747693,10,4,2,0,1
2023,4,SP,3542909,2747693,10,4,2,0,1
2023,5,SP,3542909,2747693,10,4,2,0,1
2023,12,SP,3542909,2747693,10,4,1,0,1
2023,9,SP,3542909,2747693,10,4,1,0,1
2023,3,SP,3542909,2747693,10,4,2,0,1
2023,11,SP,3542909,2747693,10,4,1,0,1
2023,9,SP,3520400,2747871,10,4,4,0,4
2023,3,SP,3520400,2747871,10,4,4,0,4
2023,2,SP,3520400,2747871,10,4,4,0,4
2023,1,SP,3520400,2747871,10,4,4,0,4
2023,10,SP,3520400,2747871,10,4,4,0,4
2023,5,SP,3520400,2747871,10,4,4,0,4
2023,8,SP,3520400,2747871,10,4,4,0,4
2023,6,SP,3520400,2747871,10,4,4,0,4
2023,7,SP,3520400,2747871,10,4,4,0,4
2023,4,SP,3520400,2747871,10,4,4,0,4
2023,11,SP,3520400,2747871,10,4,4,0,4
2023,12,SP,3520400,2747871,10,4,4,0,4
2023,1,SP,3507506,2748223,10,4,10,0,9
2023,11,SP,3507506,2748223,10,4,10,0,9
2023,8,SP,3507506,2748223,10,4,10,0,9
2023,2,SP,3507506,2748223,10,4,10,0,9
2023,4,SP,3507506,2748223,10,4,10,0,9
2023,6,SP,3507506,2748223,10,4,10,0,9
2023,7,SP,3507506,2748223,10,4,10,0,9
2023,10,SP,3507506,2748223,10,4,10,0,9
2023,9,SP,3507506,2748223,10,4,10,0,9
2023,3,SP,3507506,2748223,10,4,10,0,9
2023,12,SP,3507506,2748223,10,4,10,0,9
2023,5,SP,3507506,2748223,10,4,10,0,9
2023,4,SP,3510401,2748568,10,4,22,0,17
2023,8,SP,3510401,2748568,10,4,22,0,17
2023,7,SP,3510401,2748568,10,4,22,0,17
2023,5,SP,3510401,2748568,10,4,22,0,17
2023,11,SP,3510401,2748568,10,4,22,0,17
2023,1,SP,3510401,2748568,10,4,22,0,17
2023,3,SP,3510401,2748568,10,4,22,0,17
2023,2,SP,3510401,2748568,10,4,22,0,17
2023,12,SP,3510401,2748568,10,4,22,0,17
2023,10,SP,3510401,2748568,10,4,22,0,17
2023,6,SP,3510401,2748568,10,4,22,0,17
2023,9,SP,3510401,2748568,10,4,22,0,17
2023,11,SP,3553302,2749149,10,4,4,0,3
2023,1,SP,3553302,2749149,10,4,4,0,3
2023,3,SP,3553302,2749149,10,4,4,0,3
2023,5,SP,3553302,2749149,10,4,4,0,3
2023,8,SP,3553302,2749149,10,4,4,0,3
2023,2,SP,3553302,2749149,10,4,4,0,3
2023,6,SP,3553302,2749149,10,4,4,0,3
2023,9,SP,3553302,2749149,10,4,4,0,3
2023,7,SP,3553302,2749149,10,4,4,0,3
2023,4,SP,3553302,2749149,10,4,4,0,3
2023,10,SP,3553302,2749149,10,4,4,0,3
2023,12,SP,3553302,2749149,10,4,4,0,3
2023,11,SP,3554102,2749319,10,4,30,0,30
2023,8,SP,3554102,2749319,10,4,30,0,30
2023,9,SP,3554102,2749319,10,4,30,0,30
2023,1,SP,3554102,2749319,10,4,30,0,30
2023,10,SP,3554102,2749319,10,4,30,0,30
2023,3,SP,3554102,2749319,10,4,30,0,30
2023,5,SP,3554102,2749319,10,4,30,0,30
2023,2,SP,3554102,2749319,10,4,30,0,30
2023,7,SP,3554102,2749319,10,4,30,0,30
2023,4,SP,3554102,2749319,10,4,30,0,30
2023,12,SP,3554102,2749319,10,4,30,0,30
2023,6,SP,3554102,2749319,10,4,30,0,30
2023,9,SP,3541406,2750511,10,4,18,0,18
2023,5,SP,3541406,2750511,10,4,18,0,18
2023,1,SP,3541406,2750511,10,4,18,0,18
2023,7,SP,3541406,2750511,10,4,18,0,18
2023,8,SP,3541406,2750511,10,4,18,0,18
2023,4,SP,3541406,2750511,10,4,18,0,18
2023,12,SP,3541406,2750511,10,4,18,0,18
2023,2,SP,3541406,2750511,10,4,18,0,18
2023,3,SP,3541406,2750511,10,4,18,0,18
2023,10,SP,3541406,2750511,10,4,18,0,18
2023,11,SP,3541406,2750511,10,4,18,0,18
2023,6,SP,3541406,2750511,10,4,18,0,18
2023,4,SP,3526001,2751003,10,4,10,0,3
2023,12,SP,3526001,2751003,10,4,10,0,3
2023,2,SP,3526001,2751003,10,4,10,0,3
2023,6,SP,3526001,2751003,10,4,10,0,3
2023,7,SP,3526001,2751003,10,4,10,0,3
2023,5,SP,3526001,2751003,10,4,10,0,3
2023,9,SP,3526001,2751003,10,4,10,0,3
2023,8,SP,3526001,2751003,10,4,10,0,3
2023,11,SP,3526001,2751003,10,4,10,0,3
2023,3,SP,3526001,2751003,10,4,10,0,3
2023,1,SP,3526001,2751003,10,4,10,0,3
2023,10,SP,3526001,2751003,10,4,10,0,3
2023,4,SP,3529203,2751011,10,4,5,0,4
2023,2,SP,3529203,2751011,10,4,5,0,4
2023,10,SP,3529203,2751011,10,4,5,0,4
2023,9,SP,3529203,2751011,10,4,5,0,4
2023,1,SP,3529203,2751011,10,4,5,0,4
2023,12,SP,3529203,2751011,10,4,5,0,4
2023,3,SP,3529203,2751011,10,4,5,0,4
2023,7,SP,3529203,2751011,10,4,5,0,4
2023,11,SP,3529203,2751011,10,4,5,0,4
2023,8,SP,3529203,2751011,10,4,5,0,4
2023,6,SP,3529203,2751011,10,4,5,0,4
2023,5,SP,3529203,2751011,10,4,5,0,4
2023,12,SP,3541307,2751038,10,4,5,0,5
2023,10,SP,3541307,2751038,10,4,5,0,5
2023,2,SP,3541307,2751038,10,4,5,0,5
2023,5,SP,3541307,2751038,10,4,5,0,5
2023,4,SP,3541307,2751038,10,4,5,0,5
2023,8,SP,3541307,2751038,10,4,5,0,5
2023,11,SP,3541307,2751038,10,4,5,0,5
2023,6,SP,3541307,2751038,10,4,5,0,5
2023,9,SP,3541307,2751038,10,4,5,0,5
2023,7,SP,3541307,2751038,10,4,5,0,5
2023,1,SP,3541307,2751038,10,4,5,0,5
2023,3,SP,3541307,2751038,10,4,5,0,5
2023,7,SP,3547700,2751046,10,4,10,0,5
2023,10,SP,3547700,2751046,10,4,10,0,5
2023,11,SP,3547700,2751046,10,4,10,0,5
2023,12,SP,3547700,2751046,10,4,10,0,5
2023,3,SP,3547700,2751046,10,4,10,0,5
2023,1,SP,3547700,2751046,10,4,10,0,5
2023,8,SP,3547700,2751046,10,4,10,0,5
2023,6,SP,3547700,2751046,10,4,10,0,5
2023,2,SP,3547700,2751046,10,4,10,0,5
2023,5,SP,3547700,2751046,10,4,10,0,5
2023,4,SP,3547700,2751046,10,4,10,0,5
2023,9,SP,3547700,2751046,10,4,10,0,5
2023,9,SP,3522802,2751674,10,4,4,0,2
2023,6,SP,3522802,2751674,10,4,4,0,2
2023,4,SP,3522802,2751674,10,4,4,0,2
2023,3,SP,3522802,2751674,10,4,4,0,2
2023,11,SP,3522802,2751674,10,4,4,0,2
2023,10,SP,3522802,2751674,10,4,4,0,2
2023,1,SP,3522802,2751674,10,4,4,0,2
2023,2,SP,3522802,2751674,10,4,4,0,2
2023,12,SP,3522802,2751674,10,4,4,0,2
2023,8,SP,3522802,2751674,10,4,4,0,2
2023,7,SP,3522802,2751674,10,4,4,0,2
2023,5,SP,3522802,2751674,10,4,4,0,2
2023,10,SP,3524105,2751704,10,4,10,0,6
2023,12,SP,3524105,2751704,10,4,10,0,6
2023,1,SP,3524105,2751704,10,4,10,0,6
2023,11,SP,3524105,2751704,10,4,10,0,6
2023,7,SP,3524105,2751704,10,4,10,0,6
2023,2,SP,3524105,2751704,10,4,10,0,6
2023,6,SP,3524105,2751704,10,4,10,0,6
2023,8,SP,3524105,2751704,10,4,10,0,6
2023,5,SP,3524105,2751704,10,4,10,0,6
2023,9,SP,3524105,2751704,10,4,10,0,6
2023,3,SP,3524105,2751704,10,4,10,0,6
2023,4,SP,3524105,2751704,10,4,10,0,6
2023,5,SP,3550308,2752077,10,4,7,0,0
2023,4,SP,3550308,2752077,10,4,7,0,0
2023,11,SP,3550308,2752077,10,4,7,0,0
2023,6,SP,3550308,2752077,10,4,7,0,0
2023,3,SP,3550308,2752077,10,4,10,0,0
2023,1,SP,3550308,2752077,10,4,10,0,0
2023,2,SP,3550308,2752077,10,4,10,0,0
2023,7,SP,3550308,2752077,10,4,7,0,0
2023,8,SP,3550308,2752077,10,4,7,0,0
2023,10,SP,3550308,2752077,10,4,7,0,0
2023,9,SP,3550308,2752077,10,4,7,0,0
2023,12,SP,3550308,2752077,10,4,7,0,0
2023,10,SP,3518701,2754843,10,4,38,0,38
2023,12,SP,3518701,2754843,10,4,38,0,38
2023,2,SP,3518701,2754843,10,4,38,0,38
2023,9,SP,3518701,2754843,10,4,38,0,38
2023,11,SP,3518701,2754843,10,4,38,0,38
2023,1,SP,3518701,2754843,10,4,38,0,38
2023,8,SP,3518701,2754843,10,4,38,0,38
2023,4,SP,3518701,2754843,10,4,38,0,38
2023,5,SP,3518701,2754843,10,4,38,0,38
2023,6,SP,3518701,2754843,10,4,38,0,38
2023,3,SP,3518701,2754843,10,4,38,0,38
2023,7,SP,3518701,2754843,10,4,38,0,38
2023,5,SP,3538006,2755092,10,4,22,0,18
2023,1,SP,3538006,2755092,10,4,22,0,18
2023,2,SP,3538006,2755092,10,4,22,0,18
2023,10,SP,3538006,2755092,10,4,22,0,18
2023,8,SP,3538006,2755092,10,4,22,0,18
2023,12,SP,3538006,2755092,10,4,22,0,18
2023,4,SP,3538006,2755092,10,4,22,0,18
2023,6,SP,3538006,2755092,10,4,22,0,18
2023,3,SP,3538006,2755092,10,4,22,0,18
2023,9,SP,3538006,2755092,10,4,22,0,18
2023,11,SP,3538006,2755092,10,4,22,0,18
2023,7,SP,3538006,2755092,10,4,22,0,18
2023,12,SP,3541406,2755130,10,4,4,0,4
2023,7,SP,3541406,2755130,10,4,4,0,4
2023,6,SP,3541406,2755130,10,4,4,0,4
2023,10,SP,3541406,2755130,10,4,4,0,4
2023,3,SP,3541406,2755130,10,4,4,0,4
2023,4,SP,3541406,2755130,10,4,4,0,4
2023,8,SP,3541406,2755130,10,4,4,0,4
2023,1,SP,3541406,2755130,10,4,4,0,4
2023,11,SP,3541406,2755130,10,4,4,0,4
2023,2,SP,3541406,2755130,10,4,4,0,4
2023,9,SP,3541406,2755130,10,4,4,0,4
2023,5,SP,3541406,2755130,10,4,4,0,4
2023,3,SP,3550704,2765934,10,4,3,0,3
2023,2,SP,3550704,2765934,10,4,3,0,3
2023,8,SP,3550704,2765934,10,4,3,0,3
2023,5,SP,3550704,2765934,10,4,3,0,3
2023,7,SP,3550704,2765934,10,4,3,0,3
2023,4,SP,3550704,2765934,10,4,3,0,3
2023,11,SP,3550704,2765934,10,4,3,0,3
2023,1,SP,3550704,2765934,10,4,3,0,3
2023,10,SP,3550704,2765934,10,4,3,0,3
2023,6,SP,3550704,2765934,10,4,3,0,3
2023,9,SP,3550704,2765934,10,4,3,0,3
2023,12,SP,3550704,2765934,10,4,3,0,3
2023,10,SP,3552205,2765942,10,4,29,0,17
2023,9,SP,3552205,2765942,10,4,29,0,17
2023,8,SP,3552205,2765942,10,4,29,0,17
2023,4,SP,3552205,2765942,10,4,29,0,17
2023,2,SP,3552205,2765942,10,4,29,0,17
2023,7,SP,3552205,2765942,10,4,29,0,17
2023,11,SP,3552205,2765942,10,4,29,0,17
2023,12,SP,3552205,2765942,10,4,29,0,17
2023,5,SP,3552205,2765942,10,4,29,0,17
2023,3,SP,3552205,2765942,10,4,29,0,17
2023,6,SP,3552205,2765942,10,4,29,0,17
2023,1,SP,3552205,2765942,10,4,29,0,17
2023,10,SP,3544004,2766167,10,4,1,0,0
2023,6,SP,3544004,2766167,10,4,1,0,0
2023,7,SP,3544004,2766167,10,4,1,0,0
2023,4,SP,3544004,2766167,10,4,1,0,0
2023,1,SP,3544004,2766167,10,4,1,0,0
2023,2,SP,3544004,2766167,10,4,1,0,0
2023,5,SP,3544004,2766167,10,4,1,0,0
2023,12,SP,3544004,2766167,10,4,1,0,0
2023,3,SP,3544004,2766167,10,4,1,0,0
2023,8,SP,3544004,2766167,10,4,1,0,0
2023,9,SP,3544004,2766167,10,4,1,0,0
2023,11,SP,3544004,2766167,10,4,1,0,0
2023,7,SP,3538709,2772310,10,4,8,0,5
2023,6,SP,3538709,2772310,10,4,8,0,5
2023,10,SP,3538709,2772310,10,4,8,0,5
2023,3,SP,3538709,2772310,10,4,8,0,5
2023,1,SP,3538709,2772310,10,4,8,0,5
2023,12,SP,3538709,2772310,10,4,8,0,5
2023,2,SP,3538709,2772310,10,4,8,0,5
2023,5,SP,3538709,2772310,10,4,8,0,5
2023,9,SP,3538709,2772310,10,4,8,0,5
2023,8,SP,3538709,2772310,10,4,8,0,5
2023,11,SP,3538709,2772310,10,4,8,0,5
2023,4,SP,3538709,2772310,10,4,8,0,5
2023,9,SP,3518305,2773333,10,4,3,0,3
2023,4,SP,3518305,2773333,10,4,3,0,3
2023,3,SP,3518305,2773333,10,4,3,0,3
2023,8,SP,3518305,2773333,10,4,3,0,3
2023,5,SP,3518305,2773333,10,4,3,0,3
2023,12,SP,3518305,2773333,10,4,3,0,3
2023,7,SP,3518305,2773333,10,4,3,0,3
2023,11,SP,3518305,2773333,10,4,3,0,3
2023,6,SP,3518305,2773333,10,4,3,0,3
2023,10,SP,3518305,2773333,10,4,3,0,3
2023,1,SP,3518305,2773333,10,4,3,0,3
2023,2,SP,3518305,2773333,10,4,3,0,3
2023,3,SP,3500709,2774720,10,4,6,0,5
2023,6,SP,3500709,2774720,10,4,6,0,5
2023,9,SP,3500709,2774720,10,4,6,0,5
2023,11,SP,3500709,2774720,10,4,6,0,5
2023,10,SP,3500709,2774720,10,4,6,0,5
2023,7,SP,3500709,2774720,10,4,6,0,5
2023,12,SP,3500709,2774720,10,4,6,0,5
2023,1,SP,3500709,2774720,10,4,6,0,5
2023,8,SP,3500709,2774720,10,4,6,0,5
2023,5,SP,3500709,2774720,10,4,6,0,5
2023,4,SP,3500709,2774720,10,4,6,0,5
2023,2,SP,3500709,2774720,10,4,6,0,5
2023,2,SP,3520509,2784602,10,4,19,0,13
2023,11,SP,3520509,2784602,10,4,19,0,13
2023,5,SP,3520509,2784602,10,4,19,0,13
2023,8,SP,3520509,2784602,10,4,19,0,13
2023,4,SP,3520509,2784602,10,4,19,0,13
2023,3,SP,3520509,2784602,10,4,19,0,13
2023,12,SP,3520509,2784602,10,4,19,0,13
2023,6,SP,3520509,2784602,10,4,19,0,13
2023,1,SP,3520509,2784602,10,4,19,0,13
2023,7,SP,3520509,2784602,10,4,19,0,13
2023,10,SP,3520509,2784602,10,4,19,0,13
2023,9,SP,3520509,2784602,10,4,19,0,13
2023,1,SP,3530607,2784874,10,4,22,0,0
2023,3,SP,3530607,2784874,10,4,22,0,0
2023,6,SP,3530607,2784874,10,4,16,0,0
2023,10,SP,3530607,2784874,10,4,16,0,0
2023,7,SP,3530607,2784874,10,4,16,0,0
2023,12,SP,3530607,2784874,10,4,16,0,0
2023,5,SP,3530607,2784874,10,4,22,0,0
2023,8,SP,3530607,2784874,10,4,16,0,0
2023,11,SP,3530607,2784874,10,4,16,0,0
2023,9,SP,3530607,2784874,10,4,16,0,0
2023,2,SP,3530607,2784874,10,4,22,0,0
2023,4,SP,3530607,2784874,10,4,22,0,0
2023,3,SP,3552809,2785188,10,4,5,0,5
2023,1,SP,3552809,2785188,10,4,5,0,5
2023,7,SP,3552809,2785188,10,4,5,0,5
2023,4,SP,3552809,2785188,10,4,5,0,5
2023,2,SP,3552809,2785188,10,4,5,0,5
2023,9,SP,3552809,2785188,10,4,5,0,5
2023,12,SP,3552809,2785188,10,4,5,0,5
2023,6,SP,3552809,2785188,10,4,5,0,5
2023,11,SP,3552809,2785188,10,4,5,0,5
2023,10,SP,3552809,2785188,10,4,5,0,5
2023,5,SP,3552809,2785188,10,4,5,0,5
2023,8,SP,3552809,2785188,10,4,5,0,5
2023,10,SP,3539301,2785382,10,4,6,0,4
2023,5,SP,3539301,2785382,10,4,6,0,4
2023,4,SP,3539301,2785382,10,4,6,0,4
2023,3,SP,3539301,2785382,10,4,6,0,4
2023,2,SP,3539301,2785382,10,4,6,0,4
2023,12,SP,3539301,2785382,10,4,6,0,4
2023,6,SP,3539301,2785382,10,4,6,0,4
2023,11,SP,3539301,2785382,10,4,6,0,4
2023,8,SP,3539301,2785382,10,4,6,0,4
2023,1,SP,3539301,2785382,10,4,6,0,4
2023,7,SP,3539301,2785382,10,4,6,0,4
2023,9,SP,3539301,2785382,10,4,6,0,4
2023,4,SP,3550308,2786680,10,4,32,0,32
2023,6,SP,3550308,2786680,10,4,32,0,32
2023,11,SP,3550308,2786680,10,4,32,0,32
2023,3,SP,3550308,2786680,10,4,32,0,32
2023,2,SP,3550308,2786680,10,4,32,0,32
2023,7,SP,3550308,2786680,10,4,32,0,32
2023,10,SP,3550308,2786680,10,4,32,0,32
2023,9,SP,3550308,2786680,10,4,32,0,32
2023,1,SP,3550308,2786680,10,4,32,0,32
2023,5,SP,3550308,2786680,10,4,32,0,32
2023,12,SP,3550308,2786680,10,4,32,0,32
2023,8,SP,3550308,2786680,10,4,32,0,32
2023,3,SP,3547809,2789590,10,4,44,0,0
2023,11,SP,3547809,2789590,10,4,44,0,0
2023,1,SP,3547809,2789590,10,4,44,0,0
2023,8,SP,3547809,2789590,10,4,44,0,0
2023,5,SP,3547809,2789590,10,4,44,0,0
2023,9,SP,3547809,2789590,10,4,44,0,0
2023,6,SP,3547809,2789590,10,4,44,0,0
2023,10,SP,3547809,2789590,10,4,44,0,0
2023,4,SP,3547809,2789590,10,4,44,0,0
2023,7,SP,3547809,2789590,10,4,44,0,0
2023,2,SP,3547809,2789590,10,4,44,0,0
2023,12,SP,3547809,2789590,10,4,44,0,0
2023,11,SP,3506003,2790580,10,4,36,0,36
2023,2,SP,3506003,2790580,10,4,36,0,36
2023,6,SP,3506003,2790580,10,4,36,0,36
2023,3,SP,3506003,2790580,10,4,36,0,36
2023,9,SP,3506003,2790580,10,4,36,0,36
2023,8,SP,3506003,2790580,10,4,36,0,36
2023,7,SP,3506003,2790580,10,4,36,0,36
2023,10,SP,3506003,2790580,10,4,36,0,36
2023,1,SP,3506003,2790580,10,4,36,0,36
2023,12,SP,3506003,2790580,10,4,36,0,36
2023,5,SP,3506003,2790580,10,4,36,0,36
2023,4,SP,3506003,2790580,10,4,36,0,36
2023,1,SP,3514502,2790637,10,4,13,0,11
2023,5,SP,3514502,2790637,10,4,13,0,11
2023,12,SP,3514502,2790637,10,4,13,0,11
2023,11,SP,3514502,2790637,10,4,13,0,11
2023,9,SP,3514502,2790637,10,4,13,0,11
2023,7,SP,3514502,2790637,10,4,13,0,11
2023,2,SP,3514502,2790637,10,4,13,0,11
2023,6,SP,3514502,2790637,10,4,13,0,11
2023,8,SP,3514502,2790637,10,4,13,0,11
2023,3,SP,3514502,2790637,10,4,13,0,11
2023,4,SP,3514502,2790637,10,4,13,0,11
2023,10,SP,3514502,2790637,10,4,13,0,11
2023,5,SP,3503406,2791668,10,4,3,0,3
2023,1,SP,3503406,2791668,10,4,3,0,3
2023,10,SP,3503406,2791668,10,4,3,0,3
2023,2,SP,3503406,2791668,10,4,3,0,3
2023,12,SP,3503406,2791668,10,4,3,0,3
2023,4,SP,3503406,2791668,10,4,3,0,3
2023,6,SP,3503406,2791668,10,4,3,0,3
2023,7,SP,3503406,2791668,10,4,3,0,3
2023,8,SP,3503406,2791668,10,4,3,0,3
2023,9,SP,3503406,2791668,10,4,3,0,3
2023,3,SP,3503406,2791668,10,4,3,0,3
2023,11,SP,3503406,2791668,10,4,3,0,3
2023,1,SP,3505203,2791676,10,4,6,0,4
2023,8,SP,3505203,2791676,10,4,6,0,4
2023,9,SP,3505203,2791676,10,4,6,0,4
2023,7,SP,3505203,2791676,10,4,6,0,4
2023,4,SP,3505203,2791676,10,4,6,0,4
2023,10,SP,3505203,2791676,10,4,6,0,4
2023,5,SP,3505203,2791676,10,4,6,0,4
2023,6,SP,3505203,2791676,10,4,6,0,4
2023,12,SP,3505203,2791676,10,4,6,0,4
2023,3,SP,3505203,2791676,10,4,6,0,4
2023,2,SP,3505203,2791676,10,4,6,0,4
2023,11,SP,3505203,2791676,10,4,6,0,4
2023,11,SP,3508801,2791684,10,4,4,0,3
2023,6,SP,3508801,2791684,10,4,3,0,2
2023,10,SP,3508801,2791684,10,4,4,0,3
2023,4,SP,3508801,2791684,10,4,3,0,2
2023,1,SP,3508801,2791684,10,4,3,0,2
2023,12,SP,3508801,2791684,10,4,4,0,3
2023,8,SP,3508801,2791684,10,4,4,0,3
2023,7,SP,3508801,2791684,10,4,4,0,3
2023,9,SP,3508801,2791684,10,4,4,0,3
2023,2,SP,3508801,2791684,10,4,3,0,2
2023,3,SP,3508801,2791684,10,4,3,0,2
2023,5,SP,3508801,2791684,10,4,3,0,2
2023,12,SP,3514106,2791692,10,4,7,0,4
2023,2,SP,3514106,2791692,10,4,7,0,4
2023,7,SP,3514106,2791692,10,4,7,0,4
2023,1,SP,3514106,2791692,10,4,7,0,4
2023,6,SP,3514106,2791692,10,4,7,0,4
2023,3,SP,3514106,2791692,10,4,7,0,4
2023,5,SP,3514106,2791692,10,4,7,0,4
2023,4,SP,3514106,2791692,10,4,7,0,4
2023,11,SP,3514106,2791692,10,4,7,0,4
2023,9,SP,3514106,2791692,10,4,7,0,4
2023,10,SP,3514106,2791692,10,4,7,0,4
2023,8,SP,3514106,2791692,10,4,7,0,4
2023,2,SP,3519105,2791714,10,4,3,0,3
2023,9,SP,3519105,2791714,10,4,3,0,3
2023,5,SP,3519105,2791714,10,4,3,0,3
2023,8,SP,3519105,2791714,10,4,3,0,3
2023,7,SP,3519105,2791714,10,4,3,0,3
2023,6,SP,3519105,2791714,10,4,3,0,3
2023,4,SP,3519105,2791714,10,4,3,0,3
2023,11,SP,3519105,2791714,10,4,3,0,3
2023,10,SP,3519105,2791714,10,4,3,0,3
2023,3,SP,3519105,2791714,10,4,3,0,3
2023,1,SP,3519105,2791714,10,4,3,0,3
2023,12,SP,3519105,2791714,10,4,3,0,3
2023,9,SP,3525300,2791722,10,4,18,0,10
2023,8,SP,3525300,2791722,10,4,18,0,10
2023,12,SP,3525300,2791722,10,4,18,0,10
2023,1,SP,3525300,2791722,10,4,18,0,10
2023,10,SP,3525300,2791722,10,4,18,0,10
2023,7,SP,3525300,2791722,10,4,18,0,10
2023,2,SP,3525300,2791722,10,4,18,0,10
2023,6,SP,3525300,2791722,10,4,18,0,10
2023,3,SP,3525300,2791722,10,4,18,0,10
2023,5,SP,3525300,2791722,10,4,18,0,10
2023,4,SP,3525300,2791722,10,4,18,0,10
2023,11,SP,3525300,2791722,10,4,18,0,10
2023,3,SP,3536703,2791749,10,4,9,0,9
2023,1,SP,3536703,2791749,10,4,9,0,9
2023,4,SP,3536703,2791749,10,4,9,0,9
2023,10,SP,3536703,2791749,10,4,11,0,9
2023,5,SP,3536703,2791749,10,4,9,0,9
2023,7,SP,3536703,2791749,10,4,9,0,9
2023,11,SP,3536703,2791749,10,4,11,0,9
2023,2,SP,3536703,2791749,10,4,9,0,9
2023,9,SP,3536703,2791749,10,4,11,0,9
2023,6,SP,3536703,2791749,10,4,9,0,9
2023,12,SP,3536703,2791749,10,4,11,0,9
2023,8,SP,3536703,2791749,10,4,11,0,9
2023,12,SP,3513009,2792141,10,4,7,0,7
2023,6,SP,3513009,2792141,10,4,7,0,7
2023,8,SP,3513009,2792141,10,4,7,0,7
2023,3,SP,3513009,2792141,10,4,7,0,7
2023,2,SP,3513009,2792141,10,4,7,0,7
2023,4,SP,3513009,2792141,10,4,7,0,7
2023,1,SP,3513009,2792141,10,4,7,0,7
2023,9,SP,3513009,2792141,10,4,7,0,7
2023,11,SP,3513009,2792141,10,4,7,0,7
2023,5,SP,3513009,2792141,10,4,7,0,7
2023,10,SP,3513009,2792141,10,4,7,0,7
2023,7,SP,3513009,2792141,10,4,7,0,7
2023,5,SP,3510609,2792168,10,4,34,0,34
2023,9,SP,3510609,2792168,10,4,34,0,34
2023,4,SP,3510609,2792168,10,4,34,0,34
2023,8,SP,3510609,2792168,10,4,34,0,34
2023,10,SP,3510609,2792168,10,4,34,0,34
2023,2,SP,3510609,2792168,10,4,34,0,34
2023,11,SP,3510609,2792168,10,4,34,0,34
2023,1,SP,3510609,2792168,10,4,34,0,34
2023,3,SP,3510609,2792168,10,4,34,0,34
2023,12,SP,3510609,2792168,10,4,34,0,34
2023,6,SP,3510609,2792168,10,4,34,0,34
2023,7,SP,3510609,2792168,10,4,34,0,34
2023,6,SP,3522208,2792176,10,4,14,0,14
2023,10,SP,3522208,2792176,10,4,14,0,14
2023,4,SP,3522208,2792176,10,4,14,0,14
2023,3,SP,3522208,2792176,10,4,14,0,14
2023,12,SP,3522208,2792176,10,4,14,0,14
2023,7,SP,3522208,2792176,10,4,14,0,14
2023,9,SP,3522208,2792176,10,4,14,0,14
2023,5,SP,3522208,2792176,10,4,14,0,14
2023,1,SP,3522208,2792176,10,4,14,0,14
2023,8,SP,3522208,2792176,10,4,14,0,14
2023,11,SP,3522208,2792176,10,4,14,0,14
2023,2,SP,3522208,2792176,10,4,14,0,14
2023,4,SP,3524402,2793466,10,4,1,0,0
2023,3,SP,3524402,2793466,10,4,1,0,0
2023,7,SP,3524402,2793466,10,4,1,0,0
2023,10,SP,3524402,2793466,10,4,1,0,0
2023,6,SP,3524402,2793466,10,4,1,0,0
2023,9,SP,3524402,2793466,10,4,1,0,0
2023,11,SP,3524402,2793466,10,4,1,0,0
2023,8,SP,3524402,2793466,10,4,1,0,0
2023,5,SP,3524402,2793466,10,4,1,0,0
2023,2,SP,3524402,2793466,10,4,1,0,0
2023,12,SP,3524402,2793466,10,4,1,0,0
2023,1,SP,3524402,2793466,10,4,1,0,0
2023,1,SP,3516408,2798220,10,4,13,0,0
2023,2,SP,3516408,2798220,10,4,13,0,0
2023,9,SP,3516408,2798220,10,4,13,0,0
2023,4,SP,3516408,2798220,10,4,13,0,0
2023,7,SP,3516408,2798220,10,4,13,0,0
2023,12,SP,3516408,2798220,10,4,13,0,0
2023,6,SP,3516408,2798220,10,4,13,0,0
2023,3,SP,3516408,2798220,10,4,13,0,0
2023,5,SP,3516408,2798220,10,4,13,0,0
2023,10,SP,3516408,2798220,10,4,13,0,0
2023,8,SP,3516408,2798220,10,4,13,0,0
2023,11,SP,3516408,2798220,10,4,13,0,0
2023,4,SP,3549805,2798298,10,4,35,0,21
2023,10,SP,3549805,2798298,10,4,31,0,20
2023,5,SP,3549805,2798298,10,4,35,0,21
2023,2,SP,3549805,2798298,10,4,35,0,21
2023,12,SP,3549805,2798298,10,4,31,0,20
2023,9,SP,3549805,2798298,10,4,35,0,21
2023,1,SP,3549805,2798298,10,4,35,0,21
2023,7,SP,3549805,2798298,10,4,35,0,21
2023,6,SP,3549805,2798298,10,4,35,0,21
2023,8,SP,3549805,2798298,10,4,35,0,21
2023,3,SP,3549805,2798298,10,4,35,0,21
2023,11,SP,3549805,2798298,10,4,31,0,20
2023,1,SP,3550308,2823209,10,4,5,0,0
2023,7,SP,3550308,2823209,10,4,5,0,0
2023,4,SP,3550308,2823209,10,4,5,0,0
2023,9,SP,3550308,2823209,10,4,5,0,0
2023,2,SP,3550308,2823209,10,4,5,0,0
2023,8,SP,3550308,2823209,10,4,5,0,0
2023,11,SP,3550308,2823209,10,4,5,0,0
2023,10,SP,3550308,2823209,10,4,5,0,0
2023,12,SP,3550308,2823209,10,4,5,0,0
2023,6,SP,3550308,2823209,10,4,5,0,0
2023,5,SP,3550308,2823209,10,4,5,0,0
2023,3,SP,3550308,2823209,10,4,5,0,0
2023,9,SP,3544004,2888491,10,4,1,0,0
2023,3,SP,3544004,2888491,10,4,1,0,0
2023,7,SP,3544004,2888491,10,4,1,0,0
2023,11,SP,3544004,2888491,10,4,1,0,0
2023,12,SP,3544004,2888491,10,4,1,0,0
2023,4,SP,3544004,2888491,10,4,1,0,0
2023,6,SP,3544004,2888491,10,4,1,0,0
2023,2,SP,3544004,2888491,10,4,1,0,0
2023,5,SP,3544004,2888491,10,4,1,0,0
2023,1,SP,3544004,2888491,10,4,1,0,0
2023,8,SP,3544004,2888491,10,4,1,0,0
2023,10,SP,3544004,2888491,10,4,1,0,0
2023,10,SP,3523909,2992094,10,4,9,0,0
2023,3,SP,3523909,2992094,10,4,9,0,0
2023,11,SP,3523909,2992094,10,4,9,0,0
2023,8,SP,3523909,2992094,10,4,9,0,0
2023,5,SP,3523909,2992094,10,4,9,0,0
2023,6,SP,3523909,2992094,10,4,9,0,0
2023,9,SP,3523909,2992094,10,4,9,0,0
2023,4,SP,3523909,2992094,10,4,9,0,0
2023,7,SP,3523909,2992094,10,4,9,0,0
2023,2,SP,3523909,2992094,10,4,9,0,0
2023,1,SP,3523909,2992094,10,4,9,0,0
2023,12,SP,3523909,2992094,10,4,9,0,0
2023,10,SP,3506003,3003361,10,4,8,0,0
2023,9,SP,3506003,3003361,10,4,8,0,0
2023,5,SP,3506003,3003361,10,4,8,0,0
2023,6,SP,3506003,3003361,10,4,8,0,0
2023,2,SP,3506003,3003361,10,4,8,0,0
2023,11,SP,3506003,3003361,10,4,8,0,0
2023,3,SP,3506003,3003361,10,4,8,0,0
2023,1,SP,3506003,3003361,10,4,8,0,0
2023,7,SP,3506003,3003361,10,4,8,0,0
2023,4,SP,3506003,3003361,10,4,8,0,0
2023,8,SP,3506003,3003361,10,4,8,0,0
2023,12,SP,3506003,3003361,10,4,8,0,0
2023,9,SP,3548500,3008398,10,4,15,0,0
