ano,mes,sigla_uf,sigla_uf_nome,id_municipio_estabelecimento_aih,id_municipio_estabelecimento_aih_nome,id_aih,data_entrada_internacao,data_saida_iternacao,id_municipio_paciente,tipo_servico,quantidade_procedimentos
2023,1,SP,São Paulo,3550308,São Paulo,3508100995894,2008-01-01,2023-01-31,355030,,0
2023,1,SP,São Paulo,3550308,São Paulo,3508100995950,2008-01-01,2023-01-31,355030,,0
2023,1,SP,São Paulo,3550308,São Paulo,3508100995960,2008-01-01,2023-01-31,355030,,0
2023,1,SP,São Paulo,3550308,São Paulo,3508100996532,2008-01-01,2023-01-31,355030,,0
2023,1,SP,São Paulo,3550308,São Paulo,3508100996587,2008-01-01,2023-01-31,355030,,0
2023,1,SP,São Paulo,3550308,São Paulo,3508100996610,2008-01-01,2023-01-31,355030,,0
2023,1,SP,São Paulo,3550308,São Paulo,3508100997027,2008-01-01,2023-01-31,355030,,0
2023,1,SP,São Paulo,3550308,São Paulo,3508100997357,2008-01-01,2023-01-31,355030,,0
2023,1,SP,São Paulo,3550308,São Paulo,3508100998204,2008-01-01,2023-01-31,355030,,0
2023,1,SP,São Paulo,3550308,São Paulo,3508101018598,2008-01-01,2023-01-31,355030,,0
2023,1,SP,São Paulo,3550308,São Paulo,3508101033613,2008-01-01,2023-01-31,355030,,0
2023,1,SP,São Paulo,3550308,São Paulo,3508101033712,2008-01-01,2023-01-31,355030,,0
2023,1,SP,São Paulo,3550308,São Paulo,3508101033767,2008-01-01,2023-01-31,355030,,0
2023,1,SP,São Paulo,3550308,São Paulo,3508101033800,2008-01-01,2023-01-31,355030,,0
2023,1,SP,São Paulo,3550308,São Paulo,3508101033899,2008-01-01,2023-01-31,355030,,0
2023,1,SP,São Paulo,3550308,São Paulo,3508101033921,2008-01-01,2023-01-31,355030,,0
2023,1,SP,São Paulo,3550308,São Paulo,3508101034163,2008-01-01,2023-01-04,355030,,0
2023,1,SP,São Paulo,3550308,São Paulo,3508101034185,2008-01-01,2023-01-31,355030,,0
2023,1,SP,São Paulo,3550308,São Paulo,3508101034340,2008-01-01,2023-01-31,355030,,0
2023,1,SP,São Paulo,3550308,São Paulo,3508101034361,2008-01-01,2023-01-31,355030,,0
2023,1,SP,São Paulo,3550308,São Paulo,3508101034680,2008-01-01,2023-01-31,355030,,0
2023,1,SP,São Paulo,3550308,São Paulo,3508101034878,2008-01-01,2023-01-31,355030,,0
2023,1,SP,São Paulo,3516705,Garça,3508102981097,2008-01-01,2023-01-31,351670,,0
2023,1,SP,São Paulo,3516705,Garça,3508102981504,2008-01-01,2023-01-31,351670,,0
2023,1,SP,São Paulo,3516705,Garça,3508102981570,2008-01-01,2023-01-31,351670,,0
2023,1,SP,São Paulo,3516705,Garça,3508102981625,2008-01-01,2023-01-31,351670,,0
2023,1,SP,São Paulo,3555000,Tupã,3508102991393,2008-01-01,2023-01-31,355030,,0
2023,1,SP,São Paulo,3555000,Tupã,3508102991415,2008-01-01,2023-01-31,355030,,0
2023,1,SP,São Paulo,3555000,Tupã,3508102991437,2008-01-01,2023-01-31,355500,,0
2023,1,SP,São Paulo,3555000,Tupã,3508102992471,2008-01-01,2023-01-31,355030,,0
2023,1,SP,São Paulo,3555000,Tupã,3508102992493,2008-01-01,2023-01-31,355500,,0
2023,1,SP,São Paulo,3555000,Tupã,3508102992559,2008-01-01,2023-01-31,355030,,0
2023,1,SP,São Paulo,3555000,Tupã,3508102992647,2008-01-01,2023-01-31,351860,,0
2023,1,SP,São Paulo,3555000,Tupã,3508102992691,2008-01-01,2023-01-31,353770,,0
2023,1,SP,São Paulo,3555000,Tupã,3508102992735,2008-01-01,2023-01-31,355030,,0
2023,1,SP,São Paulo,3555000,Tupã,3508102992955,2008-01-01,2023-01-31,355030,,0
2023,1,SP,São Paulo,3555000,Tupã,3508102993318,2008-01-01,2023-01-31,353010,,0
2023,1,SP,São Paulo,3555000,Tupã,3508102993440,2008-01-01,2023-01-31,353600,,0
2023,1,SP,São Paulo,3530805,Mogi Mirim,3508103540403,2008-01-01,2023-01-31,353080,,0
2023,1,SP,São Paulo,3530805,Mogi Mirim,3508103540568,2008-01-01,2023-01-31,353080,,0
2023,1,SP,São Paulo,3530805,Mogi Mirim,3508103540689,2008-01-01,2023-01-31,353080,,0
2023,1,SP,São Paulo,3530805,Mogi Mirim,3508103540821,2008-01-01,2023-01-31,353080,,0
2023,1,SP,São Paulo,3530805,Mogi Mirim,3508103540843,2008-01-01,2023-01-31,353080,,0
2023,1,SP,São Paulo,3530805,Mogi Mirim,3508103540876,2008-01-01,2023-01-31,353080,,0
2023,1,SP,São Paulo,3508702,Caconde,3508103544671,2008-01-01,2023-01-31,350870,,0
2023,1,SP,São Paulo,3508702,Caconde,3508103544770,2008-01-01,2023-01-31,350870,,0
2023,1,SP,São Paulo,3508702,Caconde,3508103544902,2008-01-01,2023-01-31,350870,,0
2023,1,SP,São Paulo,3508702,Caconde,3508103555374,2008-01-01,2023-01-31,350870,,0
2023,1,SP,São Paulo,3508702,Caconde,3508103555396,2008-01-01,2023-01-31,350870,,0
2023,1,SP,São Paulo,3508702,Caconde,3508103555418,2008-01-01,2023-01-31,350870,,0
2023,1,SP,São Paulo,3511102,Catanduva,3508103679267,2008-01-01,2023-01-31,351110,,0
2023,1,SP,São Paulo,3511102,Catanduva,3508103679388,2008-01-01,2023-01-31,351110,,0
2023,1,SP,São Paulo,3524501,Jaci,3508103715380,2008-01-01,2023-01-31,352450,,0
2023,1,SP,São Paulo,3524501,Jaci,3508103715578,2008-01-01,2023-01-31,352450,,0
2023,1,SP,São Paulo,3524501,Jaci,3508103715590,2008-01-01,2023-01-31,352450,,31
2023,1,SP,São Paulo,3524501,Jaci,3508103715644,2008-01-01,2023-01-31,352450,,0
2023,1,SP,São Paulo,3524501,Jaci,3508103715644,2008-01-01,2023-01-31,352450,,31
2023,1,SP,São Paulo,3524501,Jaci,3508103715655,2008-01-01,2023-01-31,352450,,31
2023,1,SP,São Paulo,3524501,Jaci,3508103715655,2008-01-01,2023-01-31,352450,,0
2023,1,SP,São Paulo,3524501,Jaci,3508103716018,2008-01-01,2023-01-31,352450,,0
2023,1,SP,São Paulo,3524501,Jaci,3508103716018,2008-01-01,2023-01-31,352450,,31
2023,1,SP,São Paulo,3524501,Jaci,3508103716040,2008-01-01,2023-01-31,352450,,31
2023,1,SP,São Paulo,3555000,Tupã,3508113218357,2008-07-08,2023-01-31,350960,,0
2023,1,SP,São Paulo,3505500,Barretos,3508119103236,2008-11-07,2023-01-31,350550,,0
2023,1,SP,São Paulo,3505500,Barretos,3508119103324,2008-11-07,2023-01-31,350550,,0
2023,1,SP,São Paulo,3505500,Barretos,3508119103346,2008-11-07,2023-01-31,350550,,0
2023,1,SP,São Paulo,3505500,Barretos,3508119103423,2008-11-07,2023-01-31,350550,,0
2023,1,SP,São Paulo,3505500,Barretos,3508119103490,2008-11-07,2023-01-31,350550,,0
2023,1,SP,São Paulo,3505500,Barretos,3508119103511,2008-11-07,2023-01-31,350550,,0
2023,1,SP,São Paulo,3505500,Barretos,3508119103533,2008-11-07,2023-01-31,350550,,0
2023,1,SP,São Paulo,3505500,Barretos,3508119103544,2008-11-07,2023-01-31,350550,,0
2023,1,SP,São Paulo,3516705,Garça,3508123164469,2008-11-12,2023-01-31,351670,,0
2023,1,SP,São Paulo,3530805,Mogi Mirim,3509106869830,2009-03-01,2023-01-31,353080,,0
2023,1,SP,São Paulo,3555000,Tupã,3510106738920,2010-03-30,2023-01-31,355500,,0
2023,1,SP,São Paulo,3555000,Tupã,3510108774227,2010-05-11,2023-01-31,350580,,0
2023,1,SP,São Paulo,3508702,Caconde,3510115546179,2010-07-10,2023-01-31,350870,,0
2023,1,SP,São Paulo,3555000,Tupã,3510118989322,2010-07-30,2023-01-31,350280,,0
2023,1,SP,São Paulo,3543907,Rio Claro,3510119015293,2010-08-16,2023-01-31,354390,,0
2023,1,SP,São Paulo,3555000,Tupã,3511107910750,2011-04-01,2023-01-31,354140,,0
2023,1,SP,São Paulo,3508702,Caconde,3511114011174,2011-07-26,2023-01-31,350870,,0
2023,1,SP,São Paulo,3555000,Tupã,3511120019430,2011-09-03,2023-01-31,351470,,0
2023,1,SP,São Paulo,3550308,São Paulo,3512106110711,2012-06-01,2023-01-31,355030,,0
2023,1,SP,São Paulo,3508702,Caconde,3512107357187,2012-05-29,2023-01-31,350870,,0
2023,1,SP,São Paulo,3555000,Tupã,3512108046117,2012-03-23,2023-01-31,355500,,0
2023,1,SP,São Paulo,3555000,Tupã,3512113145761,2012-06-19,2023-01-31,355660,,0
2023,1,SP,São Paulo,3532603,Nhandeara,3512115729914,2012-07-27,2023-01-31,353260,,0
2023,1,SP,São Paulo,3555000,Tupã,3512119356560,2012-09-19,2023-01-31,350600,,0
2023,1,SP,São Paulo,3555000,Tupã,3512124238910,2012-12-07,2023-01-31,355030,,0
2023,1,SP,São Paulo,3550308,São Paulo,3513116167430,2013-08-01,2023-01-31,355030,,0
2023,1,SP,São Paulo,3555000,Tupã,3513116843687,2013-09-07,2023-01-31,355500,,0
2023,1,SP,São Paulo,3503307,Araras,3513121639160,2013-10-01,2023-01-31,350330,,0
2023,1,SP,São Paulo,3503307,Araras,3513121639819,2013-10-01,2023-01-31,352690,,0
2023,1,SP,São Paulo,3503307,Araras,3513121639830,2013-10-01,2023-01-31,350330,,0
2023,1,SP,São Paulo,3555000,Tupã,3514109158230,2014-05-28,2023-01-31,352600,,0
2023,1,SP,São Paulo,3505500,Barretos,3514120433912,2014-11-01,2023-01-31,350550,,0
2023,1,SP,São Paulo,3524501,Jaci,3514121868411,2014-11-01,2023-01-31,352450,,31
2023,1,SP,São Paulo,3555000,Tupã,3515105005951,2015-03-26,2023-01-31,354560,,0
2023,1,SP,São Paulo,3550308,São Paulo,3515110215628,2015-05-22,2023-01-31,355030,,0
2023,1,SP,São Paulo,3555000,Tupã,3515119178527,2015-11-01,2023-01-31,350950,,0
2023,1,SP,São Paulo,3516705,Garça,3515119179990,2015-12-12,2023-01-31,351670,,0
2023,1,SP,São Paulo,3543402,Ribeirão Preto,3515120844620,2015-09-28,2023-01-31,354340,,1
2023,1,SP,São Paulo,3543402,Ribeirão Preto,3515120844620,2015-09-28,2023-01-31,354340,,1
2023,1,SP,São Paulo,3505500,Barretos,3516104666327,2016-05-01,2023-01-31,350550,,0
2023,1,SP,São Paulo,3550308,São Paulo,3516118488872,2016-07-31,2023-01-31,355030,,0
2023,1,SP,São Paulo,3550308,São Paulo,3516118784080,2016-08-08,2023-01-31,355030,,0
2023,1,SP,São Paulo,3550308,São Paulo,3516118982410,2016-08-20,2023-01-31,355030,,0
2023,1,SP,São Paulo,3555000,Tupã,3517101772294,2017-03-17,2023-01-31,355500,,0
2023,1,SP,São Paulo,3555000,Tupã,3517101778487,2017-12-23,2023-01-31,354460,,0
2023,1,SP,São Paulo,3550308,São Paulo,3517120911690,2017-09-01,2023-01-31,355030,,0
2023,1,SP,São Paulo,3530805,Mogi Mirim,3517124636234,2017-11-13,2023-01-31,353080,,0
2023,1,SP,São Paulo,3530805,Mogi Mirim,3518100422001,2018-05-28,2023-01-31,353080,,0
2023,1,SP,São Paulo,3550308,São Paulo,3518102462479,2018-03-13,2023-01-31,355030,,0
2023,1,SP,São Paulo,3555000,Tupã,3518106175507,2018-02-25,2023-01-31,355500,,0
2023,1,SP,São Paulo,3555000,Tupã,3518106175716,2018-03-27,2023-01-31,352080,,0
2023,1,SP,São Paulo,3555000,Tupã,3518106176915,2018-09-05,2023-01-31,352310,,0
2023,1,SP,São Paulo,3555000,Tupã,3518106177730,2018-12-20,2023-01-31,355500,,0
2023,1,SP,São Paulo,3548708,São Bernardo do Campo,3518124040200,2018-09-14,2023-01-31,354870,,0
2023,1,SP,São Paulo,3549904,São José dos Campos,3518134814975,2018-12-09,2023-01-31,354990,,0
2023,1,SP,São Paulo,3550308,São Paulo,3519101507823,2019-01-01,2023-01-31,355030,,0
2023,1,SP,São Paulo,3550308,São Paulo,3519101507878,2019-01-01,2023-01-31,355030,,0
2023,1,SP,São Paulo,3550308,São Paulo,3519101507988,2019-01-01,2023-01-31,355030,,0
2023,1,SP,São Paulo,3550308,São Paulo,3519101508043,2019-01-01,2023-01-31,355030,,0
2023,1,SP,São Paulo,3550308,São Paulo,3519101508120,2019-01-01,2023-01-31,355030,,0
2023,1,SP,São Paulo,3505500,Barretos,3519101804383,2019-01-01,2023-01-31,350550,,0
2023,1,SP,São Paulo,3505500,Barretos,3519101839473,2019-10-01,2023-01-31,350550,,0
2023,1,SP,São Paulo,3532603,Nhandeara,3519104126285,2019-10-23,2023-01-31,353260,,0
2023,1,SP,São Paulo,3548708,São Bernardo do Campo,3519107921868,2019-08-20,2023-01-31,354870,,0
2023,1,SP,São Paulo,3548708,São Bernardo do Campo,3519107921868,2019-08-20,2023-01-31,354870,,13
2023,1,SP,São Paulo,3548708,São Bernardo do Campo,3519107921989,2019-10-11,2023-01-31,354870,,13
2023,1,SP,São Paulo,3501608,Americana,3519108004643,2019-01-16,2023-01-31,350160,,0
2023,1,SP,São Paulo,3550308,São Paulo,3519117289886,2019-09-14,2023-01-31,355030,,0
2023,1,SP,São Paulo,3550308,São Paulo,3519124340974,2019-12-16,2023-01-31,355030,,0
2023,1,SP,São Paulo,3555000,Tupã,3520105184244,2020-06-27,2023-01-31,355500,,0
2023,1,SP,São Paulo,3550308,São Paulo,3520110831182,2020-05-02,2023-01-31,355030,,0
2023,1,SP,São Paulo,3550308,São Paulo,3520111292544,2020-06-11,2023-01-31,355030,,0
2023,1,SP,São Paulo,3550308,São Paulo,3520116110335,2020-08-16,2023-01-31,355030,,0
2023,1,SP,São Paulo,3505500,Barretos,3520118766846,2020-09-01,2023-01-31,350550,,0
2023,1,SP,São Paulo,3548708,São Bernardo do Campo,3520123095170,2020-10-24,2023-01-31,351380,,2
2023,1,SP,São Paulo,3548708,São Bernardo do Campo,3520123095214,2020-10-29,2023-01-31,354870,,0
2023,1,SP,São Paulo,3555000,Tupã,3521103611454,2021-07-14,2023-01-31,293330,,0
2023,1,SP,São Paulo,3555000,Tupã,3521103611575,2021-08-21,2023-01-31,350600,,0
2023,1,SP,São Paulo,3548708,São Bernardo do Campo,3521108128440,2021-07-16,2023-01-31,354870,,13
2023,1,SP,São Paulo,3548708,São Bernardo do Campo,3521108128549,2021-07-01,2023-01-31,354870,,13
2023,1,SP,São Paulo,3516705,Garça,3521112637515,2021-06-02,2023-01-20,351670,,0
2023,1,SP,São Paulo,3516705,Garça,3521117667320,2021-08-17,2023-01-31,353530,,0
2023,1,SP,São Paulo,3550308,São Paulo,3521119110905,2021-09-01,2023-01-31,355030,,0
2023,1,SP,São Paulo,3548708,São Bernardo do Campo,3521119778308,2021-11-19,2023-01-31,354870,,0
2023,1,SP,São Paulo,3548708,São Bernardo do Campo,3521119778374,2021-12-01,2023-01-31,354870,,13
2023,1,SP,São Paulo,3530805,Mogi Mirim,3521120238119,2021-09-06,2023-01-31,353080,,0
2023,1,SP,São Paulo,3550308,São Paulo,3521121879935,2021-11-01,2023-01-31,355030,,0
2023,1,SP,São Paulo,3532603,Nhandeara,3521122706717,2021-11-16,2023-01-31,353260,,0
2023,1,SP,São Paulo,3505906,Batatais,3521130059140,2021-12-08,2023-01-31,350590,,0
2023,1,SP,São Paulo,3515186,Espírito Santo do Pinhal,3522100573959,2022-01-06,2023-01-30,350040,,0
2023,1,SP,São Paulo,3508702,Caconde,3522100591680,2022-04-01,2023-01-31,350870,,0
2023,1,SP,São Paulo,3552205,Sorocaba,3522100838641,2022-12-31,2023-01-14,352240,,0
2023,1,SP,São Paulo,3509007,Caieiras,3522101382668,2022-05-01,2022-08-31,351630,,6
2023,1,SP,São Paulo,3509007,Caieiras,3522101382668,2022-05-01,2022-08-31,351630,,3
2023,1,SP,São Paulo,3509007,Caieiras,3522101382668,2022-05-01,2022-08-31,351630,,12
2023,1,SP,São Paulo,3509007,Caieiras,3522101382668,2022-05-01,2022-08-31,351630,,2
2023,1,SP,São Paulo,3509007,Caieiras,3522101387662,2022-10-28,2022-11-01,351630,,0
2023,1,SP,São Paulo,3509007,Caieiras,3522101387662,2022-10-28,2022-11-01,351630,,0
2023,1,SP,São Paulo,3509007,Caieiras,3522101387926,2022-11-02,2022-11-05,352850,,0
2023,1,SP,São Paulo,3509007,Caieiras,3522101390335,2022-11-28,2022-12-09,351640,,2
2023,1,SP,São Paulo,3509007,Caieiras,3522101390335,2022-11-28,2022-12-09,351640,,1
2023,1,SP,São Paulo,3509007,Caieiras,3522101390368,2022-11-28,2022-12-06,351640,,2
2023,1,SP,São Paulo,3509007,Caieiras,3522101391127,2022-12-06,2022-12-19,350900,,3
2023,1,SP,São Paulo,3509007,Caieiras,3522101391127,2022-12-06,2022-12-19,350900,,1
2023,1,SP,São Paulo,3509007,Caieiras,3522101391952,2022-12-18,2022-12-27,352850,,1
2023,1,SP,São Paulo,3509007,Caieiras,3522101391963,2022-12-17,2022-12-21,355030,,1
2023,1,SP,São Paulo,3509007,Caieiras,3522101391963,2022-12-17,2022-12-21,355030,,1
2023,1,SP,São Paulo,3509007,Caieiras,3522101392172,2022-12-20,2022-12-26,350900,,1
2023,1,SP,São Paulo,3509007,Caieiras,3522101392194,2022-12-24,2022-12-25,350900,,0
2023,1,SP,São Paulo,3509007,Caieiras,3522101392282,2022-12-25,2022-12-27,351640,,1
2023,1,SP,São Paulo,3509007,Caieiras,3522101392282,2022-12-25,2022-12-27,351640,,0
2023,1,SP,São Paulo,3509007,Caieiras,3522101392733,2022-12-29,2023-01-01,351640,,0
2023,1,SP,São Paulo,3509007,Caieiras,3522101392766,2022-12-30,2023-01-01,352850,,0
2023,1,SP,São Paulo,3509007,Caieiras,3522101392800,2022-12-31,2023-01-02,350900,,0
2023,1,SP,São Paulo,3509007,Caieiras,3522101392800,2022-12-31,2023-01-02,350900,,0
2023,1,SP,São Paulo,3509007,Caieiras,3522101392832,2022-12-30,2023-01-02,351630,,0
2023,1,SP,São Paulo,3509007,Caieiras,3522101392843,2022-12-31,2023-01-02,355030,,0
2023,1,SP,São Paulo,3509007,Caieiras,3522101392854,2022-12-31,2023-01-02,352850,,0
2023,1,SP,São Paulo,3509007,Caieiras,3522101392876,2022-12-31,2023-01-03,355030,,0
2023,1,SP,São Paulo,3509007,Caieiras,3522101392887,2022-12-30,2023-01-02,350900,,0
2023,1,SP,São Paulo,3509007,Caieiras,3522101392887,2022-12-30,2023-01-02,350900,,0
2023,1,SP,São Paulo,3509007,Caieiras,3522101392898,2022-12-29,2023-01-09,351640,,0
2023,1,SP,São Paulo,3509007,Caieiras,3522101392898,2022-12-29,2023-01-09,351640,,1
2023,1,SP,São Paulo,3509007,Caieiras,3522101392898,2022-12-29,2023-01-09,351640,,5
2023,1,SP,São Paulo,3509007,Caieiras,3522101392898,2022-12-29,2023-01-09,351640,,3
2023,1,SP,São Paulo,3509007,Caieiras,3522101392898,2022-12-29,2023-01-09,351640,,1
2023,1,SP,São Paulo,3509007,Caieiras,3522101392898,2022-12-29,2023-01-09,351640,,1
2023,1,SP,São Paulo,3509007,Caieiras,3522101392898,2022-12-29,2023-01-09,351640,,2
2023,1,SP,São Paulo,3509007,Caieiras,3522101392909,2022-12-30,2023-01-03,351640,,1
2023,1,SP,São Paulo,3509007,Caieiras,3522101392909,2022-12-30,2023-01-03,351640,,1
2023,1,SP,São Paulo,3509007,Caieiras,3522101392909,2022-12-30,2023-01-03,351640,,1
2023,1,SP,São Paulo,3509007,Caieiras,3522101392910,2022-12-29,2023-01-09,351630,,2
2023,1,SP,São Paulo,3509007,Caieiras,3522101392920,2022-12-31,2023-01-12,355030,,2
2023,1,SP,São Paulo,3509007,Caieiras,3522101392920,2022-12-31,2023-01-12,355030,,0
2023,1,SP,São Paulo,3550308,São Paulo,3522101839751,2022-01-13,2023-01-31,355030,,0
2023,1,SP,São Paulo,3505500,Barretos,3522102119470,2022-08-01,2023-01-31,350550,,0
2023,1,SP,São Paulo,3505500,Barretos,3522102120108,2022-08-09,2022-09-07,354980,,2
2023,1,SP,São Paulo,3505500,Barretos,3522102129150,2022-10-10,2022-10-13,354520,,0
2023,1,SP,São Paulo,3505500,Barretos,3522102130272,2022-10-15,2022-11-07,120040,,0
2023,1,SP,São Paulo,3505500,Barretos,3522102130866,2022-10-16,2022-10-19,354520,,0
2023,1,SP,São Paulo,3505500,Barretos,3522102134892,2022-11-17,2022-12-16,130260,,0
2023,1,SP,São Paulo,3505500,Barretos,3522102138478,2022-11-17,2022-12-03,354980,,0
2023,1,SP,São Paulo,3505500,Barretos,3522102138665,2022-11-18,2022-12-20,351980,,0
2023,1,SP,São Paulo,3505500,Barretos,3522102139039,2022-12-05,2022-12-05,314810,,0
2023,1,SP,São Paulo,3506102,Bebedouro,3522102140128,2022-12-01,2022-12-05,351740,,1
2023,1,SP,São Paulo,3506102,Bebedouro,3522102140128,2022-12-01,2022-12-05,351740,,2
2023,1,SP,São Paulo,3505500,Barretos,3522102140392,2022-12-09,2022-12-09,353390,,0
2023,1,SP,São Paulo,3505500,Barretos,3522102140546,2022-12-11,2022-12-14,500620,132 SERVICO DE ONCOLOGIA / 005 ONCOLOGIA CIRURGICA,0
2023,1,SP,São Paulo,3505500,Barretos,3522102140546,2022-12-11,2022-12-14,500620,132 SERVICO DE ONCOLOGIA / 005 ONCOLOGIA CIRURGICA,0
2023,1,SP,São Paulo,3505500,Barretos,3522102140612,2022-12-11,2022-12-17,354070,132 SERVICO DE ONCOLOGIA / 005 ONCOLOGIA CIRURGICA,0
2023,1,SP,São Paulo,3505500,Barretos,3522102140612,2022-12-11,2022-12-17,354070,132 SERVICO DE ONCOLOGIA / 005 ONCOLOGIA CIRURGICA,0
2023,1,SP,São Paulo,3505500,Barretos,3522102140612,2022-12-11,2022-12-17,354070,132 SERVICO DE ONCOLOGIA / 005 ONCOLOGIA CIRURGICA,0
2023,1,SP,São Paulo,3505500,Barretos,3522102140612,2022-12-11,2022-12-17,354070,132 SERVICO DE ONCOLOGIA / 005 ONCOLOGIA CIRURGICA,0
2023,1,SP,São Paulo,3505500,Barretos,3522102140788,2022-12-14,2022-12-16,353390,,0
2023,1,SP,São Paulo,3506102,Bebedouro,3522102140854,2022-12-10,2022-12-16,350550,,3
2023,1,SP,São Paulo,3506102,Bebedouro,3522102140931,2022-12-17,2022-12-21,350610,,1
2023,1,SP,São Paulo,3505500,Barretos,3522102141448,2022-12-15,2022-12-20,355210,132 SERVICO DE ONCOLOGIA / 005 ONCOLOGIA CIRURGICA,0
2023,1,SP,São Paulo,3505500,Barretos,3522102141448,2022-12-15,2022-12-20,355210,132 SERVICO DE ONCOLOGIA / 005 ONCOLOGIA CIRURGICA,0
2023,1,SP,São Paulo,3505500,Barretos,3522102141965,2022-12-06,2022-12-06,314720,132 SERVICO DE ONCOLOGIA / 005 ONCOLOGIA CIRURGICA,0
2023,1,SP,São Paulo,3505500,Barretos,3522102141965,2022-12-06,2022-12-06,314720,132 SERVICO DE ONCOLOGIA / 005 ONCOLOGIA CIRURGICA,0
2023,1,SP,São Paulo,3505500,Barretos,3522102142780,2022-12-19,2022-12-21,354940,132 SERVICO DE ONCOLOGIA / 005 ONCOLOGIA CIRURGICA,0
2023,1,SP,São Paulo,3505500,Barretos,3522102142780,2022-12-19,2022-12-21,354940,132 SERVICO DE ONCOLOGIA / 005 ONCOLOGIA CIRURGICA,0
2023,1,SP,São Paulo,3506102,Bebedouro,3522102142834,2022-12-14,2022-12-21,350610,,1
2023,1,SP,São Paulo,3506102,Bebedouro,3522102142856,2022-12-27,2023-01-11,350610,,1
2023,1,SP,São Paulo,3506102,Bebedouro,3522102142878,2022-12-27,2023-01-04,350610,,2
2023,1,SP,São Paulo,3506102,Bebedouro,3522102142889,2022-12-09,2023-01-21,355680,,0
2023,1,SP,São Paulo,3506102,Bebedouro,3522102142889,2022-12-09,2023-01-21,355680,,14
2023,1,SP,São Paulo,3506102,Bebedouro,3522102142890,2022-12-14,2022-12-18,350550,,1
2023,1,SP,São Paulo,3506102,Bebedouro,3522102142911,2022-12-24,2022-12-31,350550,,1
2023,1,SP,São Paulo,3506102,Bebedouro,3522102142911,2022-12-24,2022-12-31,350550,,2
2023,1,SP,São Paulo,3506102,Bebedouro,3522102142966,2022-12-01,2023-01-04,350610,,1
2023,1,SP,São Paulo,3506102,Bebedouro,3522102142966,2022-12-01,2023-01-04,350610,,0
2023,1,SP,São Paulo,3506102,Bebedouro,3522102142966,2022-12-01,2023-01-04,350610,,1
2023,1,SP,São Paulo,3506102,Bebedouro,3522102142966,2022-12-01,2023-01-04,350610,,4
2023,1,SP,São Paulo,3506102,Bebedouro,3522102143010,2022-12-23,2023-01-09,350610,,4
2023,1,SP,São Paulo,3506102,Bebedouro,3522102143010,2022-12-23,2023-01-09,350610,,4
2023,1,SP,São Paulo,3505500,Barretos,3522102143065,2022-12-21,2023-01-04,313670,,0
2023,1,SP,São Paulo,3505500,Barretos,3522102143615,2022-12-28,2022-12-29,352690,,0
2023,1,SP,São Paulo,3505500,Barretos,3522102143615,2022-12-28,2022-12-29,352690,,0
2023,1,SP,São Paulo,3505500,Barretos,3522102144000,2022-12-28,2022-12-29,350550,,0
2023,1,SP,São Paulo,3505500,Barretos,3522102144077,2022-12-28,2022-12-30,353730,132 SERVICO DE ONCOLOGIA / 005 ONCOLOGIA CIRURGICA,0
2023,1,SP,São Paulo,3505500,Barretos,3522102144077,2022-12-28,2022-12-30,353730,132 SERVICO DE ONCOLOGIA / 005 ONCOLOGIA CIRURGICA,0
2023,1,SP,São Paulo,3505500,Barretos,3522102144088,2022-12-26,2023-01-09,291840,,0
2023,1,SP,São Paulo,3505500,Barretos,3522102144099,2022-12-25,2023-01-08,110020,,0
2023,1,SP,São Paulo,3505500,Barretos,3522102144100,2022-12-06,2023-01-04,110001,,0
2023,1,SP,São Paulo,3505500,Barretos,3522102144100,2022-12-06,2023-01-04,110001,,0
2023,1,SP,São Paulo,3505500,Barretos,3522102144110,2022-12-23,2023-01-06,160060,,0
2023,1,SP,São Paulo,3505500,Barretos,3522102144154,2022-12-23,2023-01-06,110014,,0
2023,1,SP,São Paulo,3505500,Barretos,3522102144154,2022-12-23,2023-01-06,110014,,0
2023,1,SP,São Paulo,3505500,Barretos,3522102144165,2022-12-25,2023-01-08,320520,,0
2023,1,SP,São Paulo,3505500,Barretos,3522102144242,2022-12-28,2023-01-11,350550,,0
2023,1,SP,São Paulo,3505500,Barretos,3522102144264,2022-12-25,2023-01-08,170930,,0
2023,1,SP,São Paulo,3505500,Barretos,3522102144286,2022-12-22,2023-01-02,110020,,0
2023,1,SP,São Paulo,3505500,Barretos,3522102144286,2022-12-22,2023-01-02,110020,,0
2023,1,SP,São Paulo,3505500,Barretos,3522102144320,2022-12-31,2023-01-14,110020,,0
2023,1,SP,São Paulo,3505500,Barretos,3522102144352,2022-12-21,2023-01-04,315250,,0
2023,1,SP,São Paulo,3505500,Barretos,3522102144429,2022-12-24,2023-01-07,352670,,0
2023,1,SP,São Paulo,3505500,Barretos,3522102144440,2022-12-30,2023-01-14,110013,,0
2023,1,SP,São Paulo,3505500,Barretos,3522102144473,2022-12-18,2023-01-01,317020,,0
2023,1,SP,São Paulo,3505500,Barretos,3522102144506,2022-12-30,2022-12-30,350550,,0
2023,1,SP,São Paulo,3505500,Barretos,3522102144869,2022-12-30,2023-01-03,350610,,2
2023,1,SP,São Paulo,3505500,Barretos,3522102144870,2022-12-28,2023-01-02,351380,,1
2023,1,SP,São Paulo,3505500,Barretos,3522102144870,2022-12-28,2023-01-02,351380,,0
2023,1,SP,São Paulo,3505500,Barretos,3522102145001,2022-12-29,2022-12-31,350550,132 SERVICO DE ONCOLOGIA / 005 ONCOLOGIA CIRURGICA,0
2023,1,SP,São Paulo,3505500,Barretos,3522102145001,2022-12-29,2022-12-31,350550,132 SERVICO DE ONCOLOGIA / 005 ONCOLOGIA CIRURGICA,0
2023,1,SP,São Paulo,3505500,Barretos,3522102145023,2022-12-28,2022-12-30,352270,,0
2023,1,SP,São Paulo,3505500,Barretos,3522102145034,2022-12-29,2022-12-30,353060,,0
2023,1,SP,São Paulo,3505500,Barretos,3522102145045,2022-12-29,2023-01-02,500085,,0
2023,1,SP,São Paulo,3505500,Barretos,3522102145045,2022-12-29,2023-01-02,500085,,0
2023,1,SP,São Paulo,3505500,Barretos,3522102145111,2022-12-28,2023-01-11,140010,,0
2023,1,SP,São Paulo,3505500,Barretos,3522102145155,2022-12-29,2023-01-06,310350,,5
2023,1,SP,São Paulo,3505500,Barretos,3522102145166,2022-12-30,2023-01-02,160030,,0
2023,1,SP,São Paulo,3505500,Barretos,3522102145177,2022-12-28,2022-12-30,311260,,0
2023,1,SP,São Paulo,3505500,Barretos,3522102145177,2022-12-28,2022-12-30,311260,,0
2023,1,SP,São Paulo,3505500,Barretos,3522102145210,2022-12-28,2023-01-01,353930,132 SERVICO DE ONCOLOGIA / 005 ONCOLOGIA CIRURGICA,0
2023,1,SP,São Paulo,3505500,Barretos,3522102145210,2022-12-28,2023-01-01,353930,132 SERVICO DE ONCOLOGIA / 005 ONCOLOGIA CIRURGICA,0
2023,1,SP,São Paulo,3505500,Barretos,3522102145232,2022-12-31,2023-01-04,520013,,1
2023,1,SP,São Paulo,3505500,Barretos,3522102145243,2022-12-29,2023-01-02,351740,,0
2023,1,SP,São Paulo,3505500,Barretos,3522102145243,2022-12-29,2023-01-02,351740,,0
2023,1,SP,São Paulo,3506102,Bebedouro,3522102145375,2022-12-29,2023-01-08,353150,,2
2023,1,SP,São Paulo,3506102,Bebedouro,3522102145375,2022-12-29,2023-01-08,353150,,1
2023,1,SP,São Paulo,3506102,Bebedouro,3522102145386,2022-12-30,2023-01-03,350550,,1
2023,1,SP,São Paulo,3506102,Bebedouro,3522102145386,2022-12-30,2023-01-03,350550,,1
2023,1,SP,São Paulo,3506102,Bebedouro,3522102145408,2022-12-30,2023-01-04,353150,,1
2023,1,SP,São Paulo,3506102,Bebedouro,3522102145408,2022-12-30,2023-01-04,353150,,1
2023,1,SP,São Paulo,3505500,Barretos,3522102145474,2022-12-27,2023-01-02,521880,,0
2023,1,SP,São Paulo,3505500,Barretos,3522102145540,2022-12-29,2023-01-02,310400,132 SERVICO DE ONCOLOGIA / 005 ONCOLOGIA CIRURGICA,0
2023,1,SP,São Paulo,3505500,Barretos,3522102145540,2022-12-29,2023-01-02,310400,132 SERVICO DE ONCOLOGIA / 005 ONCOLOGIA CIRURGICA,0
2023,1,SP,São Paulo,3505500,Barretos,3522102145551,2022-12-29,2023-01-06,352725,132 SERVICO DE ONCOLOGIA / 005 ONCOLOGIA CIRURGICA,0
2023,1,SP,São Paulo,3505500,Barretos,3522102145551,2022-12-29,2023-01-06,352725,132 SERVICO DE ONCOLOGIA / 005 ONCOLOGIA CIRURGICA,0
2023,1,SP,São Paulo,3505500,Barretos,3522102145562,2022-12-29,2023-01-05,351200,,0
2023,1,SP,São Paulo,3505500,Barretos,3522102145628,2022-12-28,2023-01-09,352430,,0
2023,1,SP,São Paulo,3505500,Barretos,3522102145628,2022-12-28,2023-01-09,352430,132 SERVICO DE ONCOLOGIA / 005 ONCOLOGIA CIRURGICA,0
2023,1,SP,São Paulo,3505500,Barretos,3522102145628,2022-12-28,2023-01-09,352430,132 SERVICO DE ONCOLOGIA / 005 ONCOLOGIA CIRURGICA,0
2023,1,SP,São Paulo,3505500,Barretos,3522102145640,2022-12-29,2023-01-05,353730,,0
2023,1,SP,São Paulo,3505500,Barretos,3522102145661,2022-12-29,2023-01-03,351790,132 SERVICO DE ONCOLOGIA / 005 ONCOLOGIA CIRURGICA,0
2023,1,SP,São Paulo,3505500,Barretos,3522102145661,2022-12-29,2023-01-03,351790,132 SERVICO DE ONCOLOGIA / 005 ONCOLOGIA CIRURGICA,0
2023,1,SP,São Paulo,3505500,Barretos,3522102145661,2022-12-29,2023-01-03,351790,132 SERVICO DE ONCOLOGIA / 005 ONCOLOGIA CIRURGICA,0
2023,1,SP,São Paulo,3505500,Barretos,3522102145661,2022-12-29,2023-01-03,351790,132 SERVICO DE ONCOLOGIA / 005 ONCOLOGIA CIRURGICA,0
2023,1,SP,São Paulo,3505500,Barretos,3522102145661,2022-12-29,2023-01-03,351790,132 SERVICO DE ONCOLOGIA / 005 ONCOLOGIA CIRURGICA,0
2023,1,SP,São Paulo,3505500,Barretos,3522102145661,2022-12-29,2023-01-03,351790,132 SERVICO DE ONCOLOGIA / 005 ONCOLOGIA CIRURGICA,0
2023,1,SP,São Paulo,3505500,Barretos,3522102145749,2022-12-29,2023-01-02,500325,,0
2023,1,SP,São Paulo,3505500,Barretos,3522102145750,2022-12-29,2022-12-30,350550,,0
2023,1,SP,São Paulo,3505500,Barretos,3522102145793,2022-12-30,2022-12-31,500620,132 SERVICO DE ONCOLOGIA / 005 ONCOLOGIA CIRURGICA,0
2023,1,SP,São Paulo,3505500,Barretos,3522102145793,2022-12-30,2022-12-31,500620,132 SERVICO DE ONCOLOGIA / 005 ONCOLOGIA CIRURGICA,0
2023,1,SP,São Paulo,3505500,Barretos,3522102145859,2022-12-29,2022-12-29,521150,,0
2023,1,SP,São Paulo,3505500,Barretos,3522102146277,2022-12-31,2023-01-12,211085,,0
2023,1,SP,São Paulo,3505500,Barretos,3522102146277,2022-12-31,2023-01-12,211085,,0
2023,1,SP,São Paulo,3505500,Barretos,3522102146288,2022-12-28,2023-01-02,312710,,4
2023,1,SP,São Paulo,3505500,Barretos,3522102146299,2022-12-29,2023-01-02,350610,,1
2023,1,SP,São Paulo,3505500,Barretos,3522102146300,2022-12-30,2023-01-04,350550,,0
2023,1,SP,São Paulo,3506102,Bebedouro,3522102146464,2022-11-28,2022-12-07,350610,,0
2023,1,SP,São Paulo,3505500,Barretos,3522102146497,2022-12-11,2022-12-14,311510,,0
2023,1,SP,São Paulo,3505500,Barretos,3522102146497,2022-12-11,2022-12-14,311510,,0
2023,1,SP,São Paulo,3505500,Barretos,3522102146508,2022-12-25,2022-12-29,350320,,0
2023,1,SP,São Paulo,3505500,Barretos,3522102146508,2022-12-25,2022-12-29,350320,,0
2023,1,SP,São Paulo,3505500,Barretos,3522102146508,2022-12-25,2022-12-29,350320,,0
2023,1,SP,São Paulo,3505500,Barretos,3522102146530,2022-12-07,2022-12-11,353030,132 SERVICO DE ONCOLOGIA / 005 ONCOLOGIA CIRURGICA,0
2023,1,SP,São Paulo,3505500,Barretos,3522102146530,2022-12-07,2022-12-11,353030,132 SERVICO DE ONCOLOGIA / 005 ONCOLOGIA CIRURGICA,0
2023,1,SP,São Paulo,3506003,Bauru,3522102498046,2022-11-08,2022-11-16,353440,,0
2023,1,SP,São Paulo,3525300,Jaú,3522102521498,2022-11-09,2022-11-21,352530,,0
2023,1,SP,São Paulo,3525300,Jaú,3522102521510,2022-11-08,2022-11-22,530010,,0
2023,1,SP,São Paulo,3525300,Jaú,3522102523874,2022-12-24,2023-01-08,530010,,0
2023,1,SP,São Paulo,3525300,Jaú,3522102523874,2022-12-24,2023-01-08,530010,,1
2023,1,SP,São Paulo,3525300,Jaú,3522102523874,2022-12-24,2023-01-08,530010,,0
2023,1,SP,São Paulo,3525300,Jaú,3522102524677,2022-11-12,2022-11-12,351150,,0
2023,1,SP,São Paulo,3552403,Sumaré,3522103212683,2022-11-01,2023-01-10,354580,,1
2023,1,SP,São Paulo,3552403,Sumaré,3522103214124,2022-11-17,2023-01-11,355240,126 SERVICO DE FISIOTERAPIA / 004 ASSISTENCIA FISIOTERAPEUTICA CARDIOVASCULARES E PNEUMOFUNCI,5
2023,1,SP,São Paulo,3552403,Sumaré,3522103214124,2022-11-17,2023-01-11,355240,126 SERVICO DE FISIOTERAPIA / 004 ASSISTENCIA FISIOTERAPEUTICA CARDIOVASCULARES E PNEUMOFUNCI,5
2023,1,SP,São Paulo,3552403,Sumaré,3522103237015,2022-12-06,2022-12-07,355160,142 SERVICO DE ENDOSCOPIA / 002 DO APARELHO RESPIRATORIO,0
2023,1,SP,São Paulo,3552403,Sumaré,3522103237015,2022-12-06,2022-12-07,355160,142 SERVICO DE ENDOSCOPIA / 002 DO APARELHO RESPIRATORIO,0
2023,1,SP,São Paulo,3552403,Sumaré,3522103238038,2022-12-09,2022-12-10,350380,,1
2023,1,SP,São Paulo,3552403,Sumaré,3522103238830,2022-12-09,2022-12-13,354580,,2
2023,1,SP,São Paulo,3552403,Sumaré,3522103240216,2022-12-04,2022-12-15,350950,,0
2023,1,SP,São Paulo,3552403,Sumaré,3522103241635,2022-12-19,2022-12-20,355240,,1
2023,1,SP,São Paulo,3552403,Sumaré,3522103241679,2022-12-19,2022-12-20,351905,,1
2023,1,SP,São Paulo,3552403,Sumaré,3522103241767,2022-12-20,2023-01-04,353340,126 SERVICO DE FISIOTERAPIA / 004 ASSISTENCIA FISIOTERAPEUTICA CARDIOVASCULARES E PNEUMOFUNCI,1
2023,1,SP,São Paulo,3552403,Sumaré,3522103241767,2022-12-20,2023-01-04,353340,126 SERVICO DE FISIOTERAPIA / 004 ASSISTENCIA FISIOTERAPEUTICA CARDIOVASCULARES E PNEUMOFUNCI,1
2023,1,SP,São Paulo,3552403,Sumaré,3522103241811,2022-12-21,2022-12-22,355240,,0
2023,1,SP,São Paulo,3509502,Campinas,3522103263680,2022-12-19,2022-12-19,351907,,0
2023,1,SP,São Paulo,3509502,Campinas,3522103263680,2022-12-19,2022-12-19,351907,,0
2023,1,SP,São Paulo,3552403,Sumaré,3522103268464,2022-12-27,2023-01-02,353180,126 SERVICO DE FISIOTERAPIA / 004 ASSISTENCIA FISIOTERAPEUTICA CARDIOVASCULARES E PNEUMOFUNCI,1
2023,1,SP,São Paulo,3552403,Sumaré,3522103268464,2022-12-27,2023-01-02,353180,126 SERVICO DE FISIOTERAPIA / 004 ASSISTENCIA FISIOTERAPEUTICA CARDIOVASCULARES E PNEUMOFUNCI,1
2023,1,SP,São Paulo,3552403,Sumaré,3522103268552,2022-12-29,2023-01-02,354580,,1
2023,1,SP,São Paulo,3552403,Sumaré,3522103268860,2022-12-31,2023-01-03,353180,,0
2023,1,SP,São Paulo,3552403,Sumaré,3522103268871,2022-12-01,2023-01-04,355240,126 SERVICO DE FISIOTERAPIA / 004 ASSISTENCIA FISIOTERAPEUTICA CARDIOVASCULARES E PNEUMOFUNCI,4
2023,1,SP,São Paulo,3552403,Sumaré,3522103268871,2022-12-01,2023-01-04,355240,126 SERVICO DE FISIOTERAPIA / 004 ASSISTENCIA FISIOTERAPEUTICA CARDIOVASCULARES E PNEUMOFUNCI,4
2023,1,SP,São Paulo,3552403,Sumaré,3522103268882,2022-12-28,2023-01-03,352590,,1
2023,1,SP,São Paulo,3552403,Sumaré,3522103268893,2022-12-26,2023-01-04,351907,,0
2023,1,SP,São Paulo,3552403,Sumaré,3522103269025,2022-12-27,2023-01-07,355240,126 SERVICO DE FISIOTERAPIA / 004 ASSISTENCIA FISIOTERAPEUTICA CARDIOVASCULARES E PNEUMOFUNCI,2
2023,1,SP,São Paulo,3552403,Sumaré,3522103269025,2022-12-27,2023-01-07,355240,126 SERVICO DE FISIOTERAPIA / 004 ASSISTENCIA FISIOTERAPEUTICA CARDIOVASCULARES E PNEUMOFUNCI,2
2023,1,SP,São Paulo,3552403,Sumaré,3522103269036,2022-12-31,2023-01-08,355240,,0
2023,1,SP,São Paulo,3552403,Sumaré,3522103269080,2022-11-30,2023-01-09,355240,126 SERVICO DE FISIOTERAPIA / 004 ASSISTENCIA FISIOTERAPEUTICA CARDIOVASCULARES E PNEUMOFUNCI,3
2023,1,SP,São Paulo,3552403,Sumaré,3522103269080,2022-11-30,2023-01-09,355240,126 SERVICO DE FISIOTERAPIA / 004 ASSISTENCIA FISIOTERAPEUTICA CARDIOVASCULARES E PNEUMOFUNCI,3
2023,1,SP,São Paulo,3552403,Sumaré,3522103269113,2022-12-24,2023-01-11,355240,126 SERVICO DE FISIOTERAPIA / 004 ASSISTENCIA FISIOTERAPEUTICA CARDIOVASCULARES E PNEUMOFUNCI,1
2023,1,SP,São Paulo,3552403,Sumaré,3522103269113,2022-12-24,2023-01-11,355240,126 SERVICO DE FISIOTERAPIA / 004 ASSISTENCIA FISIOTERAPEUTICA CARDIOVASCULARES E PNEUMOFUNCI,1
2023,1,SP,São Paulo,3552403,Sumaré,3522103269124,2022-12-20,2023-01-10,350380,,5
2023,1,SP,São Paulo,3552403,Sumaré,3522103269124,2022-12-20,2023-01-10,350380,,4
2023,1,SP,São Paulo,3552403,Sumaré,3522103269146,2022-12-03,2023-01-10,351907,126 SERVICO DE FISIOTERAPIA / 004 ASSISTENCIA FISIOTERAPEUTICA CARDIOVASCULARES E PNEUMOFUNCI,3
2023,1,SP,São Paulo,3552403,Sumaré,3522103269146,2022-12-03,2023-01-10,351907,126 SERVICO DE FISIOTERAPIA / 004 ASSISTENCIA FISIOTERAPEUTICA CARDIOVASCULARES E PNEUMOFUNCI,3
2023,1,SP,São Paulo,3552403,Sumaré,3522103269190,2022-12-27,2023-01-01,353180,,0
2023,1,SP,São Paulo,3552403,Sumaré,3522103269223,2022-12-20,2023-01-16,355240,,0
2023,1,SP,São Paulo,3552403,Sumaré,3522103269234,2022-12-28,2023-01-18,355240,126 SERVICO DE FISIOTERAPIA / 004 ASSISTENCIA FISIOTERAPEUTICA CARDIOVASCULARES E PNEUMOFUNCI,4
2023,1,SP,São Paulo,3552403,Sumaré,3522103269234,2022-12-28,2023-01-18,355240,126 SERVICO DE FISIOTERAPIA / 004 ASSISTENCIA FISIOTERAPEUTICA CARDIOVASCULARES E PNEUMOFUNCI,4
2023,1,SP,São Paulo,3552403,Sumaré,3522103269234,2022-12-28,2023-01-18,355240,126 SERVICO DE FISIOTERAPIA / 004 ASSISTENCIA FISIOTERAPEUTICA CARDIOVASCULARES E PNEUMOFUNCI,4
2023,1,SP,São Paulo,3552403,Sumaré,3522103269234,2022-12-28,2023-01-18,355240,126 SERVICO DE FISIOTERAPIA / 004 ASSISTENCIA FISIOTERAPEUTICA CARDIOVASCULARES E PNEUMOFUNCI,4
2023,1,SP,São Paulo,3552403,Sumaré,3522103269245,2022-12-27,2023-01-17,351907,126 SERVICO DE FISIOTERAPIA / 004 ASSISTENCIA FISIOTERAPEUTICA CARDIOVASCULARES E PNEUMOFUNCI,3
2023,1,SP,São Paulo,3552403,Sumaré,3522103269245,2022-12-27,2023-01-17,351907,126 SERVICO DE FISIOTERAPIA / 004 ASSISTENCIA FISIOTERAPEUTICA CARDIOVASCULARES E PNEUMOFUNCI,3
2023,1,SP,São Paulo,3552403,Sumaré,3522103269366,2022-12-10,2023-01-23,355240,126 SERVICO DE FISIOTERAPIA / 004 ASSISTENCIA FISIOTERAPEUTICA CARDIOVASCULARES E PNEUMOFUNCI,4
2023,1,SP,São Paulo,3552403,Sumaré,3522103269366,2022-12-10,2023-01-23,355240,126 SERVICO DE FISIOTERAPIA / 004 ASSISTENCIA FISIOTERAPEUTICA CARDIOVASCULARES E PNEUMOFUNCI,4
2023,1,SP,São Paulo,3507605,Bragança Paulista,3522103270235,2022-11-10,2022-11-23,350410,126 SERVICO DE FISIOTERAPIA / 007 ASSISTENCIA FISIOTERAPEUTICA NAS ALTERACOES EM NEUROLOGIA,4
2023,1,SP,São Paulo,3507605,Bragança Paulista,3522103270235,2022-11-10,2022-11-23,350410,126 SERVICO DE FISIOTERAPIA / 007 ASSISTENCIA FISIOTERAPEUTICA NAS ALTERACOES EM NEUROLOGIA,4
2023,1,SP,São Paulo,3507605,Bragança Paulista,3522103270235,2022-11-10,2022-11-23,350410,,0
2023,1,SP,São Paulo,3507605,Bragança Paulista,3522103270235,2022-11-10,2022-11-23,350410,,0
2023,1,SP,São Paulo,3507605,Bragança Paulista,3522103270235,2022-11-10,2022-11-23,350410,,6
2023,1,SP,São Paulo,3507605,Bragança Paulista,3522103270301,2022-11-11,2022-11-21,353860,,10
2023,1,SP,São Paulo,3507605,Bragança Paulista,3522103270312,2022-12-29,2022-12-31,353820,116 SERVICO DE ATENCAO CARDIOVASCULAR / CARDIOLOGIA / 005 CARDIOLOGIA INTERVENCIONISTA (HEMODINAMICA,0
2023,1,SP,São Paulo,3507605,Bragança Paulista,3522103270312,2022-12-29,2022-12-31,353820,116 SERVICO DE ATENCAO CARDIOVASCULAR / CARDIOLOGIA / 005 CARDIOLOGIA INTERVENCIONISTA (HEMODINAMICA,0
2023,1,SP,São Paulo,3507605,Bragança Paulista,3522103270312,2022-12-29,2022-12-31,353820,,0
2023,1,SP,São Paulo,3507605,Bragança Paulista,3522103270323,2022-12-28,2022-12-30,353680,,0
2023,1,SP,São Paulo,3507605,Bragança Paulista,3522103270334,2022-12-28,2022-12-30,353820,,3
2023,1,SP,São Paulo,3507605,Bragança Paulista,3522103270334,2022-12-28,2022-12-30,353820,,0
2023,1,SP,São Paulo,3507605,Bragança Paulista,3522103270378,2022-12-30,2022-12-31,350760,,2
2023,1,SP,São Paulo,3507605,Bragança Paulista,3522103270400,2022-12-28,2022-12-30,350760,142 SERVICO DE ENDOSCOPIA / 001 DO APARELHO DIGESTIVO,0
2023,1,SP,São Paulo,3507605,Bragança Paulista,3522103270400,2022-12-28,2022-12-30,350760,142 SERVICO DE ENDOSCOPIA / 001 DO APARELHO DIGESTIVO,0
2023,1,SP,São Paulo,3507605,Bragança Paulista,3522103270411,2022-12-07,2023-01-08,353860,126 SERVICO DE FISIOTERAPIA / 005 ASSISTENCIA FISIOTERAPEUTICA NAS DISFUNCOES MUSCULO ESQUELET,1
2023,1,SP,São Paulo,3507605,Bragança Paulista,3522103270411,2022-12-07,2023-01-08,353860,126 SERVICO DE FISIOTERAPIA / 005 ASSISTENCIA FISIOTERAPEUTICA NAS DISFUNCOES MUSCULO ESQUELET,1
2023,1,SP,São Paulo,3507605,Bragança Paulista,3522103270411,2022-12-07,2023-01-08,353860,,0
2023,1,SP,São Paulo,3507605,Bragança Paulista,3522103270466,2022-12-28,2022-12-31,353240,,0
2023,1,SP,São Paulo,3507605,Bragança Paulista,3522103270499,2022-12-13,2022-12-21,350410,,0
2023,1,SP,São Paulo,3507605,Bragança Paulista,3522103270499,2022-12-13,2022-12-21,350410,,0
2023,1,SP,São Paulo,3507605,Bragança Paulista,3522103270532,2022-09-09,2022-11-10,353860,126 SERVICO DE FISIOTERAPIA / 007 ASSISTENCIA FISIOTERAPEUTICA NAS ALTERACOES EM NEUROLOGIA,2
2023,1,SP,São Paulo,3507605,Bragança Paulista,3522103270532,2022-09-09,2022-11-10,353860,126 SERVICO DE FISIOTERAPIA / 007 ASSISTENCIA FISIOTERAPEUTICA NAS ALTERACOES EM NEUROLOGIA,2
2023,1,SP,São Paulo,3507605,Bragança Paulista,3522103270532,2022-09-09,2022-11-10,353860,,0
2023,1,SP,São Paulo,3507605,Bragança Paulista,3522103270554,2022-12-01,2022-12-06,353860,,0
2023,1,SP,São Paulo,3507605,Bragança Paulista,3522103270554,2022-12-01,2022-12-06,353860,126 SERVICO DE FISIOTERAPIA / 007 ASSISTENCIA FISIOTERAPEUTICA NAS ALTERACOES EM NEUROLOGIA,1
2023,1,SP,São Paulo,3507605,Bragança Paulista,3522103270554,2022-12-01,2022-12-06,353860,126 SERVICO DE FISIOTERAPIA / 007 ASSISTENCIA FISIOTERAPEUTICA NAS ALTERACOES EM NEUROLOGIA,1
2023,1,SP,São Paulo,3507605,Bragança Paulista,3522103270598,2022-12-29,2022-12-29,350760,,1
2023,1,SP,São Paulo,3525904,Jundiaí,3522103271445,2022-12-02,2023-01-04,352400,126 SERVICO DE FISIOTERAPIA / 004 ASSISTENCIA FISIOTERAPEUTICA CARDIOVASCULARES E PNEUMOFUNCI,2
2023,1,SP,São Paulo,3525904,Jundiaí,3522103271445,2022-12-02,2023-01-04,352400,126 SERVICO DE FISIOTERAPIA / 004 ASSISTENCIA FISIOTERAPEUTICA CARDIOVASCULARES E PNEUMOFUNCI,2
2023,1,SP,São Paulo,3525904,Jundiaí,3522103271445,2022-12-02,2023-01-04,352400,126 SERVICO DE FISIOTERAPIA / 005 ASSISTENCIA FISIOTERAPEUTICA NAS DISFUNCOES MUSCULO ESQUELET,2
2023,1,SP,São Paulo,3525904,Jundiaí,3522103271445,2022-12-02,2023-01-04,352400,126 SERVICO DE FISIOTERAPIA / 005 ASSISTENCIA FISIOTERAPEUTICA NAS DISFUNCOES MUSCULO ESQUELET,2
2023,1,SP,São Paulo,3525904,Jundiaí,3522103271467,2022-12-31,2023-01-08,352590,126 SERVICO DE FISIOTERAPIA / 005 ASSISTENCIA FISIOTERAPEUTICA NAS DISFUNCOES MUSCULO ESQUELET,2
2023,1,SP,São Paulo,3525904,Jundiaí,3522103271467,2022-12-31,2023-01-08,352590,126 SERVICO DE FISIOTERAPIA / 005 ASSISTENCIA FISIOTERAPEUTICA NAS DISFUNCOES MUSCULO ESQUELET,2
2023,1,SP,São Paulo,3525904,Jundiaí,3522103271467,2022-12-31,2023-01-08,352590,126 SERVICO DE FISIOTERAPIA / 004 ASSISTENCIA FISIOTERAPEUTICA CARDIOVASCULARES E PNEUMOFUNCI,2
2023,1,SP,São Paulo,3525904,Jundiaí,3522103271467,2022-12-31,2023-01-08,352590,126 SERVICO DE FISIOTERAPIA / 004 ASSISTENCIA FISIOTERAPEUTICA CARDIOVASCULARES E PNEUMOFUNCI,2
2023,1,SP,São Paulo,3525904,Jundiaí,3522103271500,2022-12-26,2023-01-06,352590,126 SERVICO DE FISIOTERAPIA / 004 ASSISTENCIA FISIOTERAPEUTICA CARDIOVASCULARES E PNEUMOFUNCI,2
2023,1,SP,São Paulo,3525904,Jundiaí,3522103271500,2022-12-26,2023-01-06,352590,126 SERVICO DE FISIOTERAPIA / 004 ASSISTENCIA FISIOTERAPEUTICA CARDIOVASCULARES E PNEUMOFUNCI,2
2023,1,SP,São Paulo,3525904,Jundiaí,3522103271500,2022-12-26,2023-01-06,352590,126 SERVICO DE FISIOTERAPIA / 004 ASSISTENCIA FISIOTERAPEUTICA CARDIOVASCULARES E PNEUMOFUNCI,1
2023,1,SP,São Paulo,3525904,Jundiaí,3522103271500,2022-12-26,2023-01-06,352590,126 SERVICO DE FISIOTERAPIA / 004 ASSISTENCIA FISIOTERAPEUTICA CARDIOVASCULARES E PNEUMOFUNCI,1
2023,1,SP,São Paulo,3525904,Jundiaí,3522103271500,2022-12-26,2023-01-06,352590,126 SERVICO DE FISIOTERAPIA / 005 ASSISTENCIA FISIOTERAPEUTICA NAS DISFUNCOES MUSCULO ESQUELET,2
2023,1,SP,São Paulo,3525904,Jundiaí,3522103271500,2022-12-26,2023-01-06,352590,126 SERVICO DE FISIOTERAPIA / 005 ASSISTENCIA FISIOTERAPEUTICA NAS DISFUNCOES MUSCULO ESQUELET,2
2023,1,SP,São Paulo,3525904,Jundiaí,3522103271544,2022-12-18,2023-01-08,352590,126 SERVICO DE FISIOTERAPIA / 004 ASSISTENCIA FISIOTERAPEUTICA CARDIOVASCULARES E PNEUMOFUNCI,2
2023,1,SP,São Paulo,3525904,Jundiaí,3522103271544,2022-12-18,2023-01-08,352590,126 SERVICO DE FISIOTERAPIA / 004 ASSISTENCIA FISIOTERAPEUTICA CARDIOVASCULARES E PNEUMOFUNCI,2
2023,1,SP,São Paulo,3525904,Jundiaí,3522103271544,2022-12-18,2023-01-08,352590,126 SERVICO DE FISIOTERAPIA / 005 ASSISTENCIA FISIOTERAPEUTICA NAS DISFUNCOES MUSCULO ESQUELET,1
2023,1,SP,São Paulo,3525904,Jundiaí,3522103271544,2022-12-18,2023-01-08,352590,126 SERVICO DE FISIOTERAPIA / 005 ASSISTENCIA FISIOTERAPEUTICA NAS DISFUNCOES MUSCULO ESQUELET,1
2023,1,SP,São Paulo,3509502,Campinas,3522103271918,2022-12-30,2022-12-30,355240,,0
2023,1,SP,São Paulo,3509502,Campinas,3522103271929,2022-12-30,2022-12-30,350950,,0
2023,1,SP,São Paulo,3509502,Campinas,3522103271930,2022-12-30,2022-12-30,351905,,0
2023,1,SP,São Paulo,3509502,Campinas,3522103271951,2022-12-30,2022-12-30,350950,,0
2023,1,SP,São Paulo,3509502,Campinas,3522103271962,2022-12-30,2022-12-30,350950,,0
2023,1,SP,São Paulo,3509502,Campinas,3522103272017,2022-12-29,2022-12-29,350190,,0
2023,1,SP,São Paulo,3509502,Campinas,3522103272028,2022-12-29,2022-12-29,353650,,0
2023,1,SP,São Paulo,3509502,Campinas,3522103272039,2022-12-28,2022-12-28,350380,,0
2023,1,SP,São Paulo,3509502,Campinas,3522103272040,2022-12-28,2022-12-28,351280,,0
2023,1,SP,São Paulo,3509502,Campinas,3522103272061,2022-12-28,2022-12-28,350950,,0
2023,1,SP,São Paulo,3509502,Campinas,3522103272072,2022-12-28,2022-12-28,355620,,0
2023,1,SP,São Paulo,3509502,Campinas,3522103272094,2022-12-29,2022-12-29,350050,,0
2023,1,SP,São Paulo,3509502,Campinas,3522103272094,2022-12-29,2022-12-29,350050,,0
2023,1,SP,São Paulo,3509502,Campinas,3522103272105,2022-12-29,2022-12-29,355240,,0
2023,1,SP,São Paulo,3509502,Campinas,3522103272127,2022-12-28,2022-12-28,350190,,0
2023,1,SP,São Paulo,3516200,Franca,3522103567565,2022-10-04,2022-10-04,351620,,0
2023,1,SP,São Paulo,3549409,São Joaquim da Barra,3522103574693,2022-11-30,2022-12-02,354940,,0
2023,1,SP,São Paulo,3516200,Franca,3522103574847,2022-12-02,2022-12-02,351620,,0
2023,1,SP,São Paulo,3516200,Franca,3522103574847,2022-12-02,2022-12-02,351620,,0
2023,1,SP,São Paulo,3549409,São Joaquim da Barra,3522103577311,2022-11-29,2023-01-21,354940,,1
2023,1,SP,São Paulo,3549409,São Joaquim da Barra,3522103577828,2022-12-25,2023-01-05,354940,,0
2023,1,SP,São Paulo,3555000,Tupã,3522103623071,2022-02-22,2023-01-31,355500,,0
2023,1,SP,São Paulo,3555000,Tupã,3522103623104,2022-03-03,2023-01-31,355500,,0
2023,1,SP,São Paulo,3555000,Tupã,3522103623270,2022-05-24,2023-01-31,355030,,0
2023,1,SP,São Paulo,3516002,Flórida Paulista,3522103624017,2022-12-16,2022-12-18,351600,,0
2023,1,SP,São Paulo,3543907,Rio Claro,3522103664024,2022-11-18,2023-01-31,354390,,0
2023,1,SP,São Paulo,3543907,Rio Claro,3522103664981,2022-12-08,2023-01-05,355040,,0
2023,1,SP,São Paulo,3543907,Rio Claro,3522103665058,2022-12-07,2023-01-04,353870,,0
2023,1,SP,São Paulo,3543907,Rio Claro,3522103665102,2022-12-02,2023-01-06,350330,,0
2023,1,SP,São Paulo,3543907,Rio Claro,3522103665740,2022-12-15,2023-01-31,351220,,0
2023,1,SP,São Paulo,3543907,Rio Claro,3522103665806,2022-12-13,2023-01-16,353870,,0
2023,1,SP,São Paulo,3543907,Rio Claro,3522103665817,2022-12-15,2023-01-26,355040,,0
2023,1,SP,São Paulo,3543907,Rio Claro,3522103666708,2022-12-26,2023-01-31,351515,,0
2023,1,SP,São Paulo,3518701,Guarujá,3522103966414,2022-12-30,2023-01-18,351870,128 SERVICO DE HEMOTERAPIA / 004 MEDICINA TRANSFUSIONAL,3
2023,1,SP,São Paulo,3518701,Guarujá,3522103966414,2022-12-30,2023-01-18,351870,128 SERVICO DE HEMOTERAPIA / 004 MEDICINA TRANSFUSIONAL,3
2023,1,SP,São Paulo,3550308,São Paulo,3522104637865,2022-11-17,2022-11-19,355030,,0
2023,1,SP,São Paulo,3550308,São Paulo,3522104793317,2022-11-17,2022-11-22,355030,,5
2023,1,SP,São Paulo,3550308,São Paulo,3522104793383,2022-11-06,2022-11-22,355030,,16
2023,1,SP,São Paulo,3552205,Sorocaba,3522105324023,2022-12-20,2022-12-20,355220,,0
2023,1,SP,São Paulo,3552205,Sorocaba,3522105324023,2022-12-20,2022-12-20,355220,131 SERVICO DE OFTALMOLOGIA / 003 TRATAMENTO CIRURGICO DO APARELHO DA VISAO,0
2023,1,SP,São Paulo,3552205,Sorocaba,3522105324023,2022-12-20,2022-12-20,355220,131 SERVICO DE OFTALMOLOGIA / 003 TRATAMENTO CIRURGICO DO APARELHO DA VISAO,0
2023,1,SP,São Paulo,3552205,Sorocaba,3522105324045,2022-12-20,2022-12-20,354060,,0
2023,1,SP,São Paulo,3552205,Sorocaba,3522105324045,2022-12-20,2022-12-20,354060,131 SERVICO DE OFTALMOLOGIA / 003 TRATAMENTO CIRURGICO DO APARELHO DA VISAO,0
2023,1,SP,São Paulo,3552205,Sorocaba,3522105324045,2022-12-20,2022-12-20,354060,131 SERVICO DE OFTALMOLOGIA / 003 TRATAMENTO CIRURGICO DO APARELHO DA VISAO,0
2023,1,SP,São Paulo,3552205,Sorocaba,3522105324078,2022-12-21,2022-12-21,352230,,0
2023,1,SP,São Paulo,3552205,Sorocaba,3522105324089,2022-12-21,2022-12-21,355220,131 SERVICO DE OFTALMOLOGIA / 003 TRATAMENTO CIRURGICO DO APARELHO DA VISAO,0
2023,1,SP,São Paulo,3552205,Sorocaba,3522105324089,2022-12-21,2022-12-21,355220,131 SERVICO DE OFTALMOLOGIA / 003 TRATAMENTO CIRURGICO DO APARELHO DA VISAO,0
2023,1,SP,São Paulo,3552205,Sorocaba,3522105324089,2022-12-21,2022-12-21,355220,,0
2023,1,SP,São Paulo,3552205,Sorocaba,3522105324100,2022-12-22,2022-12-23,350800,131 SERVICO DE OFTALMOLOGIA / 003 TRATAMENTO CIRURGICO DO APARELHO DA VISAO,0
2023,1,SP,São Paulo,3552205,Sorocaba,3522105324100,2022-12-22,2022-12-23,350800,131 SERVICO DE OFTALMOLOGIA / 003 TRATAMENTO CIRURGICO DO APARELHO DA VISAO,0
2023,1,SP,São Paulo,3552205,Sorocaba,3522105324111,2022-12-22,2022-12-22,355400,131 SERVICO DE OFTALMOLOGIA / 003 TRATAMENTO CIRURGICO DO APARELHO DA VISAO,0
2023,1,SP,São Paulo,3552205,Sorocaba,3522105324111,2022-12-22,2022-12-22,355400,131 SERVICO DE OFTALMOLOGIA / 003 TRATAMENTO CIRURGICO DO APARELHO DA VISAO,0
2023,1,SP,São Paulo,3552205,Sorocaba,3522105324111,2022-12-22,2022-12-22,355400,,0
2023,1,SP,São Paulo,3552205,Sorocaba,3522105324144,2022-12-23,2022-12-23,355700,131 SERVICO DE OFTALMOLOGIA / 003 TRATAMENTO CIRURGICO DO APARELHO DA VISAO,0
2023,1,SP,São Paulo,3552205,Sorocaba,3522105324144,2022-12-23,2022-12-23,355700,131 SERVICO DE OFTALMOLOGIA / 003 TRATAMENTO CIRURGICO DO APARELHO DA VISAO,0
2023,1,SP,São Paulo,3552205,Sorocaba,3522105324166,2022-12-19,2022-12-20,353780,,0
2023,1,SP,São Paulo,3552205,Sorocaba,3522105324188,2022-12-27,2022-12-27,350190,131 SERVICO DE OFTALMOLOGIA / 003 TRATAMENTO CIRURGICO DO APARELHO DA VISAO,0
2023,1,SP,São Paulo,3552205,Sorocaba,3522105324188,2022-12-27,2022-12-27,350190,131 SERVICO DE OFTALMOLOGIA / 003 TRATAMENTO CIRURGICO DO APARELHO DA VISAO,0
2023,1,SP,São Paulo,3552205,Sorocaba,3522105324221,2022-12-14,2022-12-14,355220,131 SERVICO DE OFTALMOLOGIA / 003 TRATAMENTO CIRURGICO DO APARELHO DA VISAO,0
2023,1,SP,São Paulo,3552205,Sorocaba,3522105324221,2022-12-14,2022-12-14,355220,131 SERVICO DE OFTALMOLOGIA / 003 TRATAMENTO CIRURGICO DO APARELHO DA VISAO,0
2023,1,SP,São Paulo,3552205,Sorocaba,3522105324232,2022-12-14,2022-12-14,352230,131 SERVICO DE OFTALMOLOGIA / 003 TRATAMENTO CIRURGICO DO APARELHO DA VISAO,0
2023,1,SP,São Paulo,3552205,Sorocaba,3522105324232,2022-12-14,2022-12-14,352230,131 SERVICO DE OFTALMOLOGIA / 003 TRATAMENTO CIRURGICO DO APARELHO DA VISAO,0
2023,1,SP,São Paulo,3552205,Sorocaba,3522105324243,2022-12-14,2022-12-15,353780,,0
2023,1,SP,São Paulo,3552205,Sorocaba,3522105324287,2022-12-16,2022-12-16,351160,,0
2023,1,SP,São Paulo,3549805,São José do Rio Preto,3522105604270,2022-02-15,2023-01-31,354980,,0
2023,1,SP,São Paulo,3525904,Jundiaí,3522105992427,2022-11-07,2022-12-06,352590,,1
2023,1,SP,São Paulo,3525904,Jundiaí,3522105992427,2022-11-07,2022-12-06,352590,,1
2023,1,SP,São Paulo,3525904,Jundiaí,3522105992427,2022-11-07,2022-12-06,352590,135 SERVICO DE REABILITACAO / 011 ATENCAO FISIOTERAPEUTICA,5
2023,1,SP,São Paulo,3525904,Jundiaí,3522105992427,2022-11-07,2022-12-06,352590,135 SERVICO DE REABILITACAO / 011 ATENCAO FISIOTERAPEUTICA,5
2023,1,SP,São Paulo,3525904,Jundiaí,3522105992427,2022-11-07,2022-12-06,352590,,1
2023,1,SP,São Paulo,3525904,Jundiaí,3522105992427,2022-11-07,2022-12-06,352590,135 SERVICO DE REABILITACAO / 011 ATENCAO FISIOTERAPEUTICA,5
2023,1,SP,São Paulo,3525904,Jundiaí,3522105992427,2022-11-07,2022-12-06,352590,135 SERVICO DE REABILITACAO / 011 ATENCAO FISIOTERAPEUTICA,5
2023,1,SP,São Paulo,3525904,Jundiaí,3522105995640,2022-11-10,2022-12-10,352590,,1
2023,1,SP,São Paulo,3525904,Jundiaí,3522105995640,2022-11-10,2022-12-10,352590,135 SERVICO DE REABILITACAO / 011 ATENCAO FISIOTERAPEUTICA,5
2023,1,SP,São Paulo,3525904,Jundiaí,3522105995640,2022-11-10,2022-12-10,352590,135 SERVICO DE REABILITACAO / 011 ATENCAO FISIOTERAPEUTICA,5
2023,1,SP,São Paulo,3525904,Jundiaí,3522105995640,2022-11-10,2022-12-10,352590,135 SERVICO DE REABILITACAO / 011 ATENCAO FISIOTERAPEUTICA,5
2023,1,SP,São Paulo,3525904,Jundiaí,3522105995640,2022-11-10,2022-12-10,352590,135 SERVICO DE REABILITACAO / 011 ATENCAO FISIOTERAPEUTICA,5
2023,1,SP,São Paulo,3525904,Jundiaí,3522105996630,2022-12-08,2022-12-10,352400,,1
2023,1,SP,São Paulo,3525904,Jundiaí,3522105997432,2022-12-13,2022-12-14,352590,,1
2023,1,SP,São Paulo,3525904,Jundiaí,3522105998279,2022-12-15,2022-12-20,352400,,1
2023,1,SP,São Paulo,3525904,Jundiaí,3522105999478,2022-12-25,2022-12-26,352590,,1
2023,1,SP,São Paulo,3525904,Jundiaí,3522106000215,2022-11-28,2022-12-28,352590,135 SERVICO DE REABILITACAO / 011 ATENCAO FISIOTERAPEUTICA,4
2023,1,SP,São Paulo,3525904,Jundiaí,3522106000215,2022-11-28,2022-12-28,352590,135 SERVICO DE REABILITACAO / 011 ATENCAO FISIOTERAPEUTICA,4
2023,1,SP,São Paulo,3525904,Jundiaí,3522106000248,2022-12-22,2022-12-24,355650,,0
2023,1,SP,São Paulo,3525904,Jundiaí,3522106000963,2022-12-23,2022-12-24,350840,,0
2023,1,SP,São Paulo,3525904,Jundiaí,3522106001359,2022-12-28,2022-12-30,352590,,0
2023,1,SP,São Paulo,3525904,Jundiaí,3522106002525,2022-12-16,2022-12-16,352590,,0
2023,1,SP,São Paulo,3523503,Itatinga,3522106630240,2022-12-29,2023-01-01,352350,,0
2023,1,SP,São Paulo,3523503,Itatinga,3522106630251,2023-01-01,2023-01-02,352350,,0
2023,1,SP,São Paulo,3523503,Itatinga,3522106630262,2023-01-03,2023-01-06,352350,,3
2023,1,SP,São Paulo,3523503,Itatinga,3522106630273,2023-01-04,2023-01-05,352350,,0
2023,1,SP,São Paulo,3506409,Bilac,3522106811608,2023-01-03,2023-01-04,350640,,0
2023,1,SP,São Paulo,3506508,Birigui,3522106867280,2022-12-07,2022-12-11,355520,,0
2023,1,SP,São Paulo,3506508,Birigui,3522106868654,2022-12-19,2023-01-19,351190,,2
2023,1,SP,São Paulo,3506508,Birigui,3522106868808,2022-12-14,2023-01-06,350650,,0
2023,1,SP,São Paulo,3506508,Birigui,3522106868808,2022-12-14,2023-01-06,350650,128 SERVICO DE HEMOTERAPIA / 004 MEDICINA TRANSFUSIONAL,1
2023,1,SP,São Paulo,3506508,Birigui,3522106868808,2022-12-14,2023-01-06,350650,128 SERVICO DE HEMOTERAPIA / 004 MEDICINA TRANSFUSIONAL,1
2023,1,SP,São Paulo,3506508,Birigui,3522106869116,2022-12-19,2023-01-19,350650,,31
2023,1,SP,São Paulo,3506508,Birigui,3522106869116,2022-12-19,2023-01-19,350650,,0
2023,1,SP,São Paulo,3506508,Birigui,3522106869391,2022-12-16,2023-01-11,350650,,0
2023,1,SP,São Paulo,3506508,Birigui,3522106869919,2022-12-25,2023-01-04,350650,,0
2023,1,SP,São Paulo,3506508,Birigui,3522106869941,2022-12-24,2023-01-01,350650,,0
2023,1,SP,São Paulo,3506508,Birigui,3522106870304,2022-12-29,2023-01-01,353770,128 SERVICO DE HEMOTERAPIA / 004 MEDICINA TRANSFUSIONAL,2
2023,1,SP,São Paulo,3506508,Birigui,3522106870304,2022-12-29,2023-01-01,353770,128 SERVICO DE HEMOTERAPIA / 004 MEDICINA TRANSFUSIONAL,2
2023,1,SP,São Paulo,3506508,Birigui,3522106870348,2022-12-30,2023-01-01,350650,,0
2023,1,SP,São Paulo,3506508,Birigui,3522106870348,2022-12-30,2023-01-01,350650,,0
2023,1,SP,São Paulo,3506508,Birigui,3522106870392,2022-12-29,2023-01-09,351190,128 SERVICO DE HEMOTERAPIA / 004 MEDICINA TRANSFUSIONAL,2
2023,1,SP,São Paulo,3506508,Birigui,3522106870392,2022-12-29,2023-01-09,351190,128 SERVICO DE HEMOTERAPIA / 004 MEDICINA TRANSFUSIONAL,2
2023,1,SP,São Paulo,3506508,Birigui,3522106870425,2022-12-28,2023-01-10,350650,,0
2023,1,SP,São Paulo,3506508,Birigui,3522106870425,2022-12-28,2023-01-10,350650,,13
2023,1,SP,São Paulo,3506508,Birigui,3522106870458,2022-12-28,2023-01-01,350650,,1
2023,1,SP,São Paulo,3506508,Birigui,3522106870458,2022-12-28,2023-01-01,350650,,0
2023,1,SP,São Paulo,3506508,Birigui,3522106870491,2022-12-27,2023-01-04,350650,,8
2023,1,SP,São Paulo,3506508,Birigui,3522106870590,2022-12-27,2023-01-02,350650,,0
2023,1,SP,São Paulo,3506508,Birigui,3522106870590,2022-12-27,2023-01-02,350650,,0
2023,1,SP,São Paulo,3506508,Birigui,3522106870689,2022-12-31,2023-01-02,350650,,0
2023,1,SP,São Paulo,3506508,Birigui,3522106870711,2022-12-31,2023-01-13,351250,,13
2023,1,SP,São Paulo,3506508,Birigui,3522106870733,2022-12-26,2023-01-06,350650,,0
2023,1,SP,São Paulo,3506508,Birigui,3522106870733,2022-12-26,2023-01-06,350650,,11
2023,1,SP,São Paulo,3506508,Birigui,3522106870755,2022-12-26,2023-01-03,350650,,0
2023,1,SP,São Paulo,3506508,Birigui,3522106870788,2022-12-28,2023-01-27,350650,,30
2023,1,SP,São Paulo,3506508,Birigui,3522106870832,2022-12-26,2023-01-03,350650,,2
2023,1,SP,São Paulo,3506508,Birigui,3522106870887,2022-12-30,2023-01-07,350650,,0
2023,1,SP,São Paulo,3506508,Birigui,3522106870910,2022-12-31,2023-01-01,351190,,0
2023,1,SP,São Paulo,3506508,Birigui,3522106870931,2022-12-31,2023-01-01,350650,,1
2023,1,SP,São Paulo,3506508,Birigui,3522106870931,2022-12-31,2023-01-01,350650,,0
2023,1,SP,São Paulo,3506508,Birigui,3522106870931,2022-12-31,2023-01-01,350650,,0
2023,1,SP,São Paulo,3506508,Birigui,3522106870975,2022-12-31,2023-01-01,350650,,0
2023,1,SP,São Paulo,3537305,Penápolis,3522106899894,2022-07-08,2023-01-16,350280,,0
2023,1,SP,São Paulo,3537305,Penápolis,3522106913809,2022-09-29,2023-01-23,350650,,0
2023,1,SP,São Paulo,3537305,Penápolis,3522106913820,2022-10-07,2023-01-24,350280,,0
2023,1,SP,São Paulo,3537305,Penápolis,3522106915668,2022-10-28,2023-01-31,353730,,0
2023,1,SP,São Paulo,3537305,Penápolis,3522106915712,2022-10-26,2023-01-09,351250,,0
2023,1,SP,São Paulo,3537305,Penápolis,3522106922037,2022-12-01,2022-12-03,354180,,1
2023,1,SP,São Paulo,3537305,Penápolis,3522106922862,2022-12-07,2023-01-31,353730,,0
2023,1,SP,São Paulo,3537305,Penápolis,3522106922884,2022-12-06,2023-01-30,355220,,0
2023,1,SP,São Paulo,3537305,Penápolis,3522106924149,2022-12-16,2023-01-23,351820,,0
2023,1,SP,São Paulo,3537305,Penápolis,3522106924182,2022-12-13,2023-01-31,352044,,0
2023,1,SP,São Paulo,3537404,Pereira Barreto,3522106941639,2022-11-29,2022-11-29,353740,,0
2023,1,SP,São Paulo,3537404,Pereira Barreto,3522106942123,2022-11-22,2022-11-29,353740,126 SERVICO DE FISIOTERAPIA / 007 ASSISTENCIA FISIOTERAPEUTICA NAS ALTERACOES EM NEUROLOGIA,2
2023,1,SP,São Paulo,3537404,Pereira Barreto,3522106942123,2022-11-22,2022-11-29,353740,126 SERVICO DE FISIOTERAPIA / 007 ASSISTENCIA FISIOTERAPEUTICA NAS ALTERACOES EM NEUROLOGIA,2
2023,1,SP,São Paulo,3537404,Pereira Barreto,3522106942376,2022-12-29,2023-01-01,353740,,0
2023,1,SP,São Paulo,3537404,Pereira Barreto,3522106942420,2022-12-27,2023-01-03,353740,128 SERVICO DE HEMOTERAPIA / 004 MEDICINA TRANSFUSIONAL,2
2023,1,SP,São Paulo,3537404,Pereira Barreto,3522106942420,2022-12-27,2023-01-03,353740,128 SERVICO DE HEMOTERAPIA / 004 MEDICINA TRANSFUSIONAL,2
2023,1,SP,São Paulo,3537404,Pereira Barreto,3522106942420,2022-12-27,2023-01-03,353740,126 SERVICO DE FISIOTERAPIA / 007 ASSISTENCIA FISIOTERAPEUTICA NAS ALTERACOES EM NEUROLOGIA,10
2023,1,SP,São Paulo,3537404,Pereira Barreto,3522106942420,2022-12-27,2023-01-03,353740,126 SERVICO DE FISIOTERAPIA / 007 ASSISTENCIA FISIOTERAPEUTICA NAS ALTERACOES EM NEUROLOGIA,10
2023,1,SP,São Paulo,3537404,Pereira Barreto,3522106942431,2022-12-28,2023-01-01,353740,126 SERVICO DE FISIOTERAPIA / 007 ASSISTENCIA FISIOTERAPEUTICA NAS ALTERACOES EM NEUROLOGIA,6
2023,1,SP,São Paulo,3537404,Pereira Barreto,3522106942431,2022-12-28,2023-01-01,353740,126 SERVICO DE FISIOTERAPIA / 007 ASSISTENCIA FISIOTERAPEUTICA NAS ALTERACOES EM NEUROLOGIA,6
2023,1,SP,São Paulo,3552304,Sud Mennucci,3522106952133,2022-12-28,2023-01-04,355230,,0
2023,1,SP,São Paulo,3556305,Valparaíso,3522106960207,2022-12-28,2022-12-30,355630,,0
2023,1,SP,São Paulo,3556305,Valparaíso,3522106960218,2022-12-16,2022-12-31,355630,,0
2023,1,SP,São Paulo,3556305,Valparaíso,3522106960273,2022-12-30,2022-12-31,355630,,0
2023,1,SP,São Paulo,3504206,Auriflama,3522106977686,2022-12-25,2023-01-01,350420,126 SERVICO DE FISIOTERAPIA / 004 ASSISTENCIA FISIOTERAPEUTICA CARDIOVASCULARES E PNEUMOFUNCI,4
2023,1,SP,São Paulo,3504206,Auriflama,3522106977686,2022-12-25,2023-01-01,350420,126 SERVICO DE FISIOTERAPIA / 004 ASSISTENCIA FISIOTERAPEUTICA CARDIOVASCULARES E PNEUMOFUNCI,4
2023,1,SP,São Paulo,3504206,Auriflama,3522106977697,2022-12-27,2023-01-05,350420,,4
2023,1,SP,São Paulo,3518206,Guararapes,3522106992822,2022-12-18,2023-01-06,351820,,0
2023,1,SP,São Paulo,3518206,Guararapes,3522106993009,2022-12-27,2023-01-12,351820,,0
2023,1,SP,São Paulo,3518206,Guararapes,3522106993064,2022-12-30,2023-01-07,351820,,0
2023,1,SP,São Paulo,3550308,São Paulo,3522107516334,2022-03-23,2023-01-31,355030,,0
2023,1,SP,São Paulo,3530805,Mogi Mirim,3522108304253,2022-07-24,2022-08-01,351080,105 SERVICO DE ATENCAO EM NEUROLOGIA / NEUROCIRURGIA / 001 NEUROCIRURGIA DO TRAUMA E ANOMALIAS DO DE,0
2023,1,SP,São Paulo,3530805,Mogi Mirim,3522108304253,2022-07-24,2022-08-01,351080,105 SERVICO DE ATENCAO EM NEUROLOGIA / NEUROCIRURGIA / 001 NEUROCIRURGIA DO TRAUMA E ANOMALIAS DO DE,0
2023,1,SP,São Paulo,3530805,Mogi Mirim,3522108306288,2022-07-30,2022-08-01,354970,,0
2023,1,SP,São Paulo,3530805,Mogi Mirim,3522108306288,2022-07-30,2022-08-01,354970,,0
2023,1,SP,São Paulo,3530805,Mogi Mirim,3522108308796,2022-08-07,2022-09-05,353080,,1
2023,1,SP,São Paulo,3530805,Mogi Mirim,3522108308796,2022-08-07,2022-09-05,353080,105 SERVICO DE ATENCAO EM NEUROLOGIA / NEUROCIRURGIA / 001 NEUROCIRURGIA DO TRAUMA E ANOMALIAS DO DE,0
2023,1,SP,São Paulo,3530805,Mogi Mirim,3522108308796,2022-08-07,2022-09-05,353080,105 SERVICO DE ATENCAO EM NEUROLOGIA / NEUROCIRURGIA / 001 NEUROCIRURGIA DO TRAUMA E ANOMALIAS DO DE,0
2023,1,SP,São Paulo,3530805,Mogi Mirim,3522108308796,2022-08-07,2022-09-05,353080,,0
2023,1,SP,São Paulo,3530805,Mogi Mirim,3522108308796,2022-08-07,2022-09-05,353080,105 SERVICO DE ATENCAO EM NEUROLOGIA / NEUROCIRURGIA / 001 NEUROCIRURGIA DO TRAUMA E ANOMALIAS DO DE,0
2023,1,SP,São Paulo,3530805,Mogi Mirim,3522108308796,2022-08-07,2022-09-05,353080,105 SERVICO DE ATENCAO EM NEUROLOGIA / NEUROCIRURGIA / 001 NEUROCIRURGIA DO TRAUMA E ANOMALIAS DO DE,0
2023,1,SP,São Paulo,3530805,Mogi Mirim,3522108313405,2022-09-27,2022-10-26,353080,,1
2023,1,SP,São Paulo,3530805,Mogi Mirim,3522108316188,2022-09-12,2022-09-15,353080,,0
2023,1,SP,São Paulo,3530805,Mogi Mirim,3522108320907,2022-11-02,2022-11-02,353080,,0
2023,1,SP,São Paulo,3530805,Mogi Mirim,3522108321347,2022-11-07,2022-11-11,353050,,0
2023,1,SP,São Paulo,3530805,Mogi Mirim,3522108322140,2022-11-21,2022-12-21,353080,,3
2023,1,SP,São Paulo,3530805,Mogi Mirim,3522108322337,2022-11-09,2022-11-09,353080,,0
2023,1,SP,São Paulo,3530805,Mogi Mirim,3522108322337,2022-11-09,2022-11-09,353080,,0
2023,1,SP,São Paulo,3530805,Mogi Mirim,3522108322414,2022-11-01,2022-11-08,353050,,0
2023,1,SP,São Paulo,3530805,Mogi Mirim,3522108322690,2022-11-25,2022-12-01,353080,,0
2023,1,SP,São Paulo,3530805,Mogi Mirim,3522108322777,2022-11-01,2022-11-19,353080,,0
2023,1,SP,São Paulo,3530805,Mogi Mirim,3522108323778,2022-10-30,2022-11-25,353080,128 SERVICO DE HEMOTERAPIA / 004 MEDICINA TRANSFUSIONAL,2
2023,1,SP,São Paulo,3530805,Mogi Mirim,3522108323778,2022-10-30,2022-11-25,353080,128 SERVICO DE HEMOTERAPIA / 004 MEDICINA TRANSFUSIONAL,2
2023,1,SP,São Paulo,3530805,Mogi Mirim,3522108323778,2022-10-30,2022-11-25,353080,,2
2023,1,SP,São Paulo,3530805,Mogi Mirim,3522108324042,2022-12-08,2022-12-09,353080,,0
2023,1,SP,São Paulo,3530805,Mogi Mirim,3522108324042,2022-12-08,2022-12-09,353080,,0
2023,1,SP,São Paulo,3530805,Mogi Mirim,3522108324042,2022-12-08,2022-12-09,353080,,0
2023,1,SP,São Paulo,3530805,Mogi Mirim,3522108324207,2022-11-11,2022-12-11,353080,,0
2023,1,SP,São Paulo,3530805,Mogi Mirim,3522108324207,2022-11-11,2022-12-11,353080,,2
2023,1,SP,São Paulo,3530805,Mogi Mirim,3522108324361,2022-12-12,2022-12-13,353080,,0
2023,1,SP,São Paulo,3530805,Mogi Mirim,3522108324372,2022-12-12,2022-12-13,353080,,0
2023,1,SP,São Paulo,3530805,Mogi Mirim,3522108324460,2022-11-27,2022-11-28,353080,,0
2023,1,SP,São Paulo,3530805,Mogi Mirim,3522108324823,2022-12-11,2023-01-04,353080,,0
2023,1,SP,São Paulo,3530805,Mogi Mirim,3522108324856,2022-09-21,2022-09-26,353080,,0
2023,1,SP,São Paulo,3530805,Mogi Mirim,3522108325857,2022-12-15,2022-12-17,353080,,0
2023,1,SP,São Paulo,3530805,Mogi Mirim,3522108325990,2022-12-16,2023-01-09,353080,,1
2023,1,SP,São Paulo,3530805,Mogi Mirim,3522108325990,2022-12-16,2023-01-09,353080,128 SERVICO DE HEMOTERAPIA / 004 MEDICINA TRANSFUSIONAL,6
2023,1,SP,São Paulo,3530805,Mogi Mirim,3522108325990,2022-12-16,2023-01-09,353080,128 SERVICO DE HEMOTERAPIA / 004 MEDICINA TRANSFUSIONAL,6
2023,1,SP,São Paulo,3530805,Mogi Mirim,3522108326022,2022-12-01,2022-12-15,353080,128 SERVICO DE HEMOTERAPIA / 004 MEDICINA TRANSFUSIONAL,1
2023,1,SP,São Paulo,3530805,Mogi Mirim,3522108326022,2022-12-01,2022-12-15,353080,128 SERVICO DE HEMOTERAPIA / 004 MEDICINA TRANSFUSIONAL,1
2023,1,SP,São Paulo,3530805,Mogi Mirim,3522108326319,2022-11-27,2022-11-30,350030,,0
2023,1,SP,São Paulo,3530805,Mogi Mirim,3522108326352,2022-10-26,2022-11-12,353080,128 SERVICO DE HEMOTERAPIA / 004 MEDICINA TRANSFUSIONAL,4
2023,1,SP,São Paulo,3530805,Mogi Mirim,3522108326352,2022-10-26,2022-11-12,353080,128 SERVICO DE HEMOTERAPIA / 004 MEDICINA TRANSFUSIONAL,4
2023,1,SP,São Paulo,3530805,Mogi Mirim,3522108326385,2022-11-04,2022-11-10,353080,,0
2023,1,SP,São Paulo,3530805,Mogi Mirim,3522108326385,2022-11-04,2022-11-10,353080,,1
2023,1,SP,São Paulo,3530805,Mogi Mirim,3522108326495,2022-12-21,2022-12-24,353080,,0
2023,1,SP,São Paulo,3530805,Mogi Mirim,3522108326540,2022-12-22,2023-01-10,353080,,0
2023,1,SP,São Paulo,3530805,Mogi Mirim,3522108326550,2022-12-11,2023-01-09,353080,,0
2023,1,SP,São Paulo,3530805,Mogi Mirim,3522108326660,2022-12-24,2022-12-26,353080,,1
2023,1,SP,São Paulo,3530805,Mogi Mirim,3522108326660,2022-12-24,2022-12-26,353080,,0
2023,1,SP,São Paulo,3530805,Mogi Mirim,3522108326726,2022-12-22,2022-12-23,353080,,0
2023,1,SP,São Paulo,3530805,Mogi Mirim,3522108326748,2022-12-21,2022-12-21,353080,,0
2023,1,SP,São Paulo,3530805,Mogi Mirim,3522108326968,2022-12-13,2022-12-20,354970,,0
2023,1,SP,São Paulo,3530805,Mogi Mirim,3522108326979,2022-12-28,2022-12-28,353080,,0
2023,1,SP,São Paulo,3530805,Mogi Mirim,3522108327001,2022-12-24,2023-01-14,353080,,3
2023,1,SP,São Paulo,3530805,Mogi Mirim,3522108327001,2022-12-24,2023-01-14,353080,,0
2023,1,SP,São Paulo,3530805,Mogi Mirim,3522108327001,2022-12-24,2023-01-14,353080,,1
2023,1,SP,São Paulo,3530805,Mogi Mirim,3522108327100,2022-12-20,2022-12-22,353080,,0
2023,1,SP,São Paulo,3530805,Mogi Mirim,3522108327100,2022-12-20,2022-12-22,353080,,0
2023,1,SP,São Paulo,3530805,Mogi Mirim,3522108327111,2022-12-17,2022-12-19,353080,,0
2023,1,SP,São Paulo,3530805,Mogi Mirim,3522108327111,2022-12-17,2022-12-19,353080,,0
2023,1,SP,São Paulo,3530805,Mogi Mirim,3522108327200,2022-12-22,2022-12-27,351080,,0
2023,1,SP,São Paulo,3530805,Mogi Mirim,3522108327221,2022-12-19,2022-12-22,353080,,0
2023,1,SP,São Paulo,3530805,Mogi Mirim,3522108327265,2022-11-25,2022-11-28,353080,,0
2023,1,SP,São Paulo,3530805,Mogi Mirim,3522108327320,2022-12-15,2022-12-20,353080,,0
2023,1,SP,São Paulo,3530805,Mogi Mirim,3522108327331,2022-12-20,2022-12-21,353080,,0
2023,1,SP,São Paulo,3530805,Mogi Mirim,3522108327364,2022-12-17,2022-12-22,353080,,0
2023,1,SP,São Paulo,3530805,Mogi Mirim,3522108327386,2022-12-12,2022-12-15,353080,,0
2023,1,SP,São Paulo,3530805,Mogi Mirim,3522108327640,2022-12-11,2023-01-09,353080,,3
2023,1,SP,São Paulo,3530805,Mogi Mirim,3522108327640,2022-12-11,2023-01-09,353080,,1
2023,1,SP,São Paulo,3530805,Mogi Mirim,3522108327640,2022-12-11,2023-01-09,353080,,3
2023,1,SP,São Paulo,3530805,Mogi Mirim,3522108328002,2022-12-07,2022-12-16,353080,128 SERVICO DE HEMOTERAPIA / 004 MEDICINA TRANSFUSIONAL,4
2023,1,SP,São Paulo,3530805,Mogi Mirim,3522108328002,2022-12-07,2022-12-16,353080,128 SERVICO DE HEMOTERAPIA / 004 MEDICINA TRANSFUSIONAL,4
2023,1,SP,São Paulo,3530805,Mogi Mirim,3522108328002,2022-12-07,2022-12-16,353080,,1
2023,1,SP,São Paulo,3530805,Mogi Mirim,3522108328002,2022-12-07,2022-12-16,353080,,1
2023,1,SP,São Paulo,3530805,Mogi Mirim,3522108328002,2022-12-07,2022-12-16,353080,,1
2023,1,SP,São Paulo,3530805,Mogi Mirim,3522108328035,2022-12-19,2022-12-29,353080,128 SERVICO DE HEMOTERAPIA / 004 MEDICINA TRANSFUSIONAL,1
2023,1,SP,São Paulo,3530805,Mogi Mirim,3522108328035,2022-12-19,2022-12-29,353080,128 SERVICO DE HEMOTERAPIA / 004 MEDICINA TRANSFUSIONAL,1
2023,1,SP,São Paulo,3530805,Mogi Mirim,3522108328079,2022-12-14,2022-12-18,353080,,1
2023,1,SP,São Paulo,3530805,Mogi Mirim,3522108328079,2022-12-14,2022-12-18,353080,,0
2023,1,SP,São Paulo,3530805,Mogi Mirim,3522108328112,2022-12-22,2022-12-28,353080,,0
2023,1,SP,São Paulo,3549102,São João da Boa Vista,3522108393276,2022-12-18,2023-01-14,354910,,4
2023,1,SP,São Paulo,3549102,São João da Boa Vista,3522108393276,2022-12-18,2023-01-14,354910,,2
2023,1,SP,São Paulo,3549102,São João da Boa Vista,3522108393276,2022-12-18,2023-01-14,354910,128 SERVICO DE HEMOTERAPIA / 004 MEDICINA TRANSFUSIONAL,3
2023,1,SP,São Paulo,3549102,São João da Boa Vista,3522108393276,2022-12-18,2023-01-14,354910,128 SERVICO DE HEMOTERAPIA / 004 MEDICINA TRANSFUSIONAL,3
2023,1,SP,São Paulo,3549102,São João da Boa Vista,3522108393276,2022-12-18,2023-01-14,354910,,0
2023,1,SP,São Paulo,3549102,São João da Boa Vista,3522108393276,2022-12-18,2023-01-14,354910,126 SERVICO DE FISIOTERAPIA / 002 ASSISTENCIA FISIOTERAPEUTICA EM ALTERACOES ONCOLOGICAS,20
2023,1,SP,São Paulo,3549102,São João da Boa Vista,3522108393276,2022-12-18,2023-01-14,354910,126 SERVICO DE FISIOTERAPIA / 002 ASSISTENCIA FISIOTERAPEUTICA EM ALTERACOES ONCOLOGICAS,20
2023,1,SP,São Paulo,3549102,São João da Boa Vista,3522108393276,2022-12-18,2023-01-14,354910,126 SERVICO DE FISIOTERAPIA / 007 ASSISTENCIA FISIOTERAPEUTICA NAS ALTERACOES EM NEUROLOGIA,20
2023,1,SP,São Paulo,3549102,São João da Boa Vista,3522108393276,2022-12-18,2023-01-14,354910,126 SERVICO DE FISIOTERAPIA / 007 ASSISTENCIA FISIOTERAPEUTICA NAS ALTERACOES EM NEUROLOGIA,20
2023,1,SP,São Paulo,3549102,São João da Boa Vista,3522108393386,2022-12-29,2023-01-06,354910,126 SERVICO DE FISIOTERAPIA / 002 ASSISTENCIA FISIOTERAPEUTICA EM ALTERACOES ONCOLOGICAS,14
2023,1,SP,São Paulo,3549102,São João da Boa Vista,3522108393386,2022-12-29,2023-01-06,354910,126 SERVICO DE FISIOTERAPIA / 002 ASSISTENCIA FISIOTERAPEUTICA EM ALTERACOES ONCOLOGICAS,14
2023,1,SP,São Paulo,3548708,São Bernardo do Campo,3522108429411,2022-04-19,2023-01-23,354870,,0
2023,1,SP,São Paulo,3548708,São Bernardo do Campo,3522108429598,2022-06-09,2023-01-31,354870,,13
2023,1,SP,São Paulo,3548708,São Bernardo do Campo,3522108429610,2022-06-17,2023-01-31,354870,,2
2023,1,SP,São Paulo,3548708,São Bernardo do Campo,3522108429675,2022-07-05,2023-01-31,354870,,13
2023,1,SP,São Paulo,3548708,São Bernardo do Campo,3522108429895,2022-09-30,2023-01-31,354870,,2
2023,1,SP,São Paulo,3548708,São Bernardo do Campo,3522108429906,2022-10-16,2023-01-31,354870,,0
2023,1,SP,São Paulo,3548708,São Bernardo do Campo,3522108429928,2022-10-27,2023-01-31,354870,,14
2023,1,SP,São Paulo,3548708,São Bernardo do Campo,3522108429939,2022-11-02,2023-01-31,354870,,13
2023,1,SP,São Paulo,3548708,São Bernardo do Campo,3522108429983,2022-11-24,2023-01-31,354870,,12
2023,1,SP,São Paulo,3530706,Mogi Guaçu,3522108501120,2023-01-11,2023-01-13,353070,,0
2023,1,SP,São Paulo,3530706,Mogi Guaçu,3522108501120,2023-01-11,2023-01-13,353070,,1
2023,1,SP,São Paulo,3530706,Mogi Guaçu,3522108526035,2023-01-27,2023-01-28,353070,,0
2023,1,SP,São Paulo,3530706,Mogi Guaçu,3522108528873,2023-01-12,2023-01-13,353070,,0
2023,1,SP,São Paulo,3530706,Mogi Guaçu,3522108532866,2023-01-04,2023-01-09,353080,,0
2023,1,SP,São Paulo,3530706,Mogi Guaçu,3522108532866,2023-01-04,2023-01-09,353080,,0
2023,1,SP,São Paulo,3530706,Mogi Guaçu,3522108533010,2023-01-11,2023-01-14,353080,,0
2023,1,SP,São Paulo,3530706,Mogi Guaçu,3522108536672,2023-01-09,2023-01-11,353070,,0
2023,1,SP,São Paulo,3530706,Mogi Guaçu,3522108536672,2023-01-09,2023-01-11,353070,,0
2023,1,SP,São Paulo,3530706,Mogi Guaçu,3522108536837,2023-01-25,2023-01-25,353070,105 SERVICO DE ATENCAO EM NEUROLOGIA / NEUROCIRURGIA / 001 NEUROCIRURGIA DO TRAUMA E ANOMALIAS DO DE,0
2023,1,SP,São Paulo,3530706,Mogi Guaçu,3522108536837,2023-01-25,2023-01-25,353070,105 SERVICO DE ATENCAO EM NEUROLOGIA / NEUROCIRURGIA / 001 NEUROCIRURGIA DO TRAUMA E ANOMALIAS DO DE,0
2023,1,SP,São Paulo,3530706,Mogi Guaçu,3522108537684,2023-01-25,2023-01-28,355640,,0
2023,1,SP,São Paulo,3530706,Mogi Guaçu,3522108537684,2023-01-25,2023-01-28,355640,,0
2023,1,SP,São Paulo,3530706,Mogi Guaçu,3522108537684,2023-01-25,2023-01-28,355640,,0
2023,1,SP,São Paulo,3536703,Pederneiras,3522108719151,2022-12-04,2022-12-09,353670,,0
2023,1,SP,São Paulo,3536703,Pederneiras,3522108719162,2022-12-04,2022-12-05,353670,,0
2023,1,SP,São Paulo,3536703,Pederneiras,3522108719162,2022-12-04,2022-12-05,353670,,1
2023,1,SP,São Paulo,3536703,Pederneiras,3522108719646,2022-12-03,2022-12-06,353670,,1
2023,1,SP,São Paulo,3536703,Pederneiras,3522108720119,2022-12-12,2022-12-20,353670,,0
2023,1,SP,São Paulo,3536703,Pederneiras,3522108720120,2022-12-14,2022-12-30,353670,,1
2023,1,SP,São Paulo,3536703,Pederneiras,3522108720120,2022-12-14,2022-12-30,353670,,3
2023,1,SP,São Paulo,3536703,Pederneiras,3522108720130,2022-12-14,2022-12-17,353670,,0
2023,1,SP,São Paulo,3536703,Pederneiras,3522108720130,2022-12-14,2022-12-17,353670,,1
2023,1,SP,São Paulo,3536703,Pederneiras,3522108720230,2022-12-20,2022-12-22,353670,,0
2023,1,SP,São Paulo,3536703,Pederneiras,3522108720230,2022-12-20,2022-12-22,353670,,0
2023,1,SP,São Paulo,3536703,Pederneiras,3522108720230,2022-12-20,2022-12-22,353670,,0
2023,1,SP,São Paulo,3536703,Pederneiras,3522108720262,2022-12-24,2023-01-03,353670,126 SERVICO DE FISIOTERAPIA / 004 ASSISTENCIA FISIOTERAPEUTICA CARDIOVASCULARES E PNEUMOFUNCI,1
2023,1,SP,São Paulo,3536703,Pederneiras,3522108720262,2022-12-24,2023-01-03,353670,126 SERVICO DE FISIOTERAPIA / 004 ASSISTENCIA FISIOTERAPEUTICA CARDIOVASCULARES E PNEUMOFUNCI,1
2023,1,SP,São Paulo,3536703,Pederneiras,3522108720262,2022-12-24,2023-01-03,353670,126 SERVICO DE FISIOTERAPIA / 004 ASSISTENCIA FISIOTERAPEUTICA CARDIOVASCULARES E PNEUMOFUNCI,4
2023,1,SP,São Paulo,3536703,Pederneiras,3522108720262,2022-12-24,2023-01-03,353670,126 SERVICO DE FISIOTERAPIA / 004 ASSISTENCIA FISIOTERAPEUTICA CARDIOVASCULARES E PNEUMOFUNCI,4
2023,1,SP,São Paulo,3536703,Pederneiras,3522108720339,2022-12-26,2023-01-03,353670,,2
2023,1,SP,São Paulo,3536703,Pederneiras,3522108720361,2022-12-27,2023-01-03,353670,,3
2023,1,SP,São Paulo,3536703,Pederneiras,3522108720471,2022-12-29,2023-01-08,353670,,1
2023,1,SP,São Paulo,3507902,Brotas,3522108772501,2022-12-29,2022-12-31,350790,,0
2023,1,SP,São Paulo,3508801,Cafelândia,3522108782016,2022-12-30,2023-01-03,350880,,0
2023,1,SP,São Paulo,3514106,Dois Córregos,3522108804522,2022-10-05,2022-10-06,351410,,0
2023,1,SP,São Paulo,3514106,Dois Córregos,3522108804710,2022-10-08,2022-10-10,351410,,0
2023,1,SP,São Paulo,3514106,Dois Córregos,3522108805490,2022-10-31,2022-11-02,351410,,0
2023,1,SP,São Paulo,3514106,Dois Córregos,3522108805490,2022-10-31,2022-11-02,351410,,2
2023,1,SP,São Paulo,3514106,Dois Córregos,3522108805700,2022-10-25,2022-11-03,351410,,0
2023,1,SP,São Paulo,3514106,Dois Córregos,3522108805710,2022-10-27,2022-11-03,351410,,0
2023,1,SP,São Paulo,3514106,Dois Córregos,3522108805853,2022-11-04,2022-11-07,351410,,0
2023,1,SP,São Paulo,3514106,Dois Córregos,3522108805930,2022-10-27,2022-11-07,351410,,11
2023,1,SP,São Paulo,3514106,Dois Córregos,3522108806051,2022-11-01,2022-11-12,351410,,1
2023,1,SP,São Paulo,3514106,Dois Córregos,3522108806282,2022-11-16,2022-11-22,351410,,0
2023,1,SP,São Paulo,3514106,Dois Córregos,3522108806337,2022-11-21,2022-11-23,351410,,0
2023,1,SP,São Paulo,3514106,Dois Córregos,3522108806480,2022-11-16,2022-11-28,351410,,0
2023,1,SP,São Paulo,3514106,Dois Córregos,3522108806491,2022-11-16,2022-11-28,351410,,0
2023,1,SP,São Paulo,3514106,Dois Córregos,3522108806491,2022-11-16,2022-11-28,351410,126 SERVICO DE FISIOTERAPIA / 004 ASSISTENCIA FISIOTERAPEUTICA CARDIOVASCULARES E PNEUMOFUNCI,10
2023,1,SP,São Paulo,3514106,Dois Córregos,3522108806491,2022-11-16,2022-11-28,351410,126 SERVICO DE FISIOTERAPIA / 004 ASSISTENCIA FISIOTERAPEUTICA CARDIOVASCULARES E PNEUMOFUNCI,10
2023,1,SP,São Paulo,3514106,Dois Córregos,3522108806502,2022-11-17,2022-11-25,351410,126 SERVICO DE FISIOTERAPIA / 004 ASSISTENCIA FISIOTERAPEUTICA CARDIOVASCULARES E PNEUMOFUNCI,7
2023,1,SP,São Paulo,3514106,Dois Córregos,3522108806502,2022-11-17,2022-11-25,351410,126 SERVICO DE FISIOTERAPIA / 004 ASSISTENCIA FISIOTERAPEUTICA CARDIOVASCULARES E PNEUMOFUNCI,7
2023,1,SP,São Paulo,3514106,Dois Córregos,3522108806513,2022-11-17,2022-11-22,351410,126 SERVICO DE FISIOTERAPIA / 004 ASSISTENCIA FISIOTERAPEUTICA CARDIOVASCULARES E PNEUMOFUNCI,5
2023,1,SP,São Paulo,3514106,Dois Córregos,3522108806513,2022-11-17,2022-11-22,351410,126 SERVICO DE FISIOTERAPIA / 004 ASSISTENCIA FISIOTERAPEUTICA CARDIOVASCULARES E PNEUMOFUNCI,5
2023,1,SP,São Paulo,3514106,Dois Córregos,3522108807492,2022-12-08,2022-12-21,351410,,0
2023,1,SP,São Paulo,3514106,Dois Córregos,3522108807921,2022-12-29,2022-12-30,351410,,0
2023,1,SP,São Paulo,3514106,Dois Córregos,3522108807921,2022-12-29,2022-12-30,351410,,0
2023,1,SP,São Paulo,3514106,Dois Córregos,3522108807932,2022-12-30,2022-12-31,351410,,1
2023,1,SP,São Paulo,3514106,Dois Córregos,3522108807932,2022-12-30,2022-12-31,351410,,0
2023,1,SP,São Paulo,3514106,Dois Córregos,3522108807954,2022-12-26,2022-12-28,351410,,1
2023,1,SP,São Paulo,3514106,Dois Córregos,3522108807965,2022-12-20,2022-12-21,351410,,0
2023,1,SP,São Paulo,3517000,Getulina,3522108821682,2022-12-29,2023-01-12,351700,,0
2023,1,SP,São Paulo,3517000,Getulina,3522108821693,2022-12-30,2023-01-02,351700,,0
2023,1,SP,São Paulo,3517000,Getulina,3522108821704,2023-01-02,2023-01-09,351700,,0
2023,1,SP,São Paulo,3517000,Getulina,3522108821715,2023-01-09,2023-01-17,351700,,0
2023,1,SP,São Paulo,3505906,Batatais,3522108879652,2022-01-01,2023-01-31,350590,,0
2023,1,SP,São Paulo,3538006,Pindamonhangaba,3522108939240,2022-10-24,2022-11-01,353800,128 SERVICO DE HEMOTERAPIA / 004 MEDICINA TRANSFUSIONAL,6
2023,1,SP,São Paulo,3538006,Pindamonhangaba,3522108939240,2022-10-24,2022-11-01,353800,128 SERVICO DE HEMOTERAPIA / 004 MEDICINA TRANSFUSIONAL,6
2023,1,SP,São Paulo,3538006,Pindamonhangaba,3522108939240,2022-10-24,2022-11-01,353800,,0
2023,1,SP,São Paulo,3538006,Pindamonhangaba,3522108939240,2022-10-24,2022-11-01,353800,128 SERVICO DE HEMOTERAPIA / 004 MEDICINA TRANSFUSIONAL,5
2023,1,SP,São Paulo,3538006,Pindamonhangaba,3522108939240,2022-10-24,2022-11-01,353800,128 SERVICO DE HEMOTERAPIA / 004 MEDICINA TRANSFUSIONAL,5
2023,1,SP,São Paulo,3538006,Pindamonhangaba,3522108942517,2022-11-10,2022-12-08,353800,,0
2023,1,SP,São Paulo,3538006,Pindamonhangaba,3522108942517,2022-11-10,2022-12-08,353800,128 SERVICO DE HEMOTERAPIA / 004 MEDICINA TRANSFUSIONAL,2
2023,1,SP,São Paulo,3538006,Pindamonhangaba,3522108942517,2022-11-10,2022-12-08,353800,128 SERVICO DE HEMOTERAPIA / 004 MEDICINA TRANSFUSIONAL,2
2023,1,SP,São Paulo,3538006,Pindamonhangaba,3522108942671,2022-11-09,2023-01-18,353800,128 SERVICO DE HEMOTERAPIA / 004 MEDICINA TRANSFUSIONAL,2
2023,1,SP,São Paulo,3538006,Pindamonhangaba,3522108942671,2022-11-09,2023-01-18,353800,128 SERVICO DE HEMOTERAPIA / 004 MEDICINA TRANSFUSIONAL,2
2023,1,SP,São Paulo,3538006,Pindamonhangaba,3522108942671,2022-11-09,2023-01-18,353800,126 SERVICO DE FISIOTERAPIA / 004 ASSISTENCIA FISIOTERAPEUTICA CARDIOVASCULARES E PNEUMOFUNCI,19
2023,1,SP,São Paulo,3538006,Pindamonhangaba,3522108942671,2022-11-09,2023-01-18,353800,126 SERVICO DE FISIOTERAPIA / 004 ASSISTENCIA FISIOTERAPEUTICA CARDIOVASCULARES E PNEUMOFUNCI,19
2023,1,SP,São Paulo,3538006,Pindamonhangaba,3522108944310,2022-11-24,2022-12-06,353800,,0
2023,1,SP,São Paulo,3538006,Pindamonhangaba,3522108944541,2022-11-23,2022-11-26,353800,,3
2023,1,SP,São Paulo,3538006,Pindamonhangaba,3522108944541,2022-11-23,2022-11-26,353800,128 SERVICO DE HEMOTERAPIA / 004 MEDICINA TRANSFUSIONAL,1
2023,1,SP,São Paulo,3538006,Pindamonhangaba,3522108944541,2022-11-23,2022-11-26,353800,128 SERVICO DE HEMOTERAPIA / 004 MEDICINA TRANSFUSIONAL,1
2023,1,SP,São Paulo,3538006,Pindamonhangaba,3522108944970,2022-11-20,2023-01-10,353800,,1
2023,1,SP,São Paulo,3538006,Pindamonhangaba,3522108944970,2022-11-20,2023-01-10,353800,128 SERVICO DE HEMOTERAPIA / 004 MEDICINA TRANSFUSIONAL,3
2023,1,SP,São Paulo,3538006,Pindamonhangaba,3522108944970,2022-11-20,2023-01-10,353800,128 SERVICO DE HEMOTERAPIA / 004 MEDICINA TRANSFUSIONAL,3
2023,1,SP,São Paulo,3538006,Pindamonhangaba,3522108945223,2022-11-27,2022-12-06,353800,,0
2023,1,SP,São Paulo,3538006,Pindamonhangaba,3522108945333,2022-11-30,2022-12-01,353800,,0
2023,1,SP,São Paulo,3538006,Pindamonhangaba,3522108945498,2022-11-28,2022-12-07,353800,,1
2023,1,SP,São Paulo,3538006,Pindamonhangaba,3522108945498,2022-11-28,2022-12-07,353800,,1
2023,1,SP,São Paulo,3538006,Pindamonhangaba,3522108946500,2022-10-26,2022-12-28,353800,128 SERVICO DE HEMOTERAPIA / 004 MEDICINA TRANSFUSIONAL,2
2023,1,SP,São Paulo,3538006,Pindamonhangaba,3522108946500,2022-10-26,2022-12-28,353800,128 SERVICO DE HEMOTERAPIA / 004 MEDICINA TRANSFUSIONAL,2
2023,1,SP,São Paulo,3538006,Pindamonhangaba,3522108946653,2022-12-01,2022-12-05,353800,,0
2023,1,SP,São Paulo,3538006,Pindamonhangaba,3522108946675,2022-12-01,2023-01-02,353800,,11
2023,1,SP,São Paulo,3538006,Pindamonhangaba,3522108946675,2022-12-01,2023-01-02,353800,126 SERVICO DE FISIOTERAPIA / 004 ASSISTENCIA FISIOTERAPEUTICA CARDIOVASCULARES E PNEUMOFUNCI,1
2023,1,SP,São Paulo,3538006,Pindamonhangaba,3522108946675,2022-12-01,2023-01-02,353800,126 SERVICO DE FISIOTERAPIA / 004 ASSISTENCIA FISIOTERAPEUTICA CARDIOVASCULARES E PNEUMOFUNCI,1
2023,1,SP,São Paulo,3538006,Pindamonhangaba,3522108946708,2022-12-01,2022-12-05,353800,,0
2023,1,SP,São Paulo,3538006,Pindamonhangaba,3522108946708,2022-12-01,2022-12-05,353800,,1
2023,1,SP,São Paulo,3538006,Pindamonhangaba,3522108946840,2022-12-03,2022-12-06,353800,,0
2023,1,SP,São Paulo,3538006,Pindamonhangaba,3522108946840,2022-12-03,2022-12-06,353800,,0
2023,1,SP,São Paulo,3538006,Pindamonhangaba,3522108946840,2022-12-03,2022-12-06,353800,,1
2023,1,SP,São Paulo,3538006,Pindamonhangaba,3522108946840,2022-12-03,2022-12-06,353800,,0
2023,1,SP,São Paulo,3538006,Pindamonhangaba,3522108946862,2022-12-03,2022-12-30,353800,126 SERVICO DE FISIOTERAPIA / 004 ASSISTENCIA FISIOTERAPEUTICA CARDIOVASCULARES E PNEUMOFUNCI,6
2023,1,SP,São Paulo,3538006,Pindamonhangaba,3522108946862,2022-12-03,2022-12-30,353800,126 SERVICO DE FISIOTERAPIA / 004 ASSISTENCIA FISIOTERAPEUTICA CARDIOVASCULARES E PNEUMOFUNCI,6
2023,1,SP,São Paulo,3538006,Pindamonhangaba,3522108946961,2022-12-05,2022-12-16,353800,,0
2023,1,SP,São Paulo,3538006,Pindamonhangaba,3522108946961,2022-12-05,2022-12-16,353800,,0
2023,1,SP,São Paulo,3538006,Pindamonhangaba,3522108947270,2022-12-07,2022-12-09,353800,,0
2023,1,SP,São Paulo,3538006,Pindamonhangaba,3522108947346,2022-12-05,2023-01-20,353800,,10
2023,1,SP,São Paulo,3538006,Pindamonhangaba,3522108947346,2022-12-05,2023-01-20,353800,,1
2023,1,SP,São Paulo,3538006,Pindamonhangaba,3522108947346,2022-12-05,2023-01-20,353800,126 SERVICO DE FISIOTERAPIA / 004 ASSISTENCIA FISIOTERAPEUTICA CARDIOVASCULARES E PNEUMOFUNCI,50
2023,1,SP,São Paulo,3538006,Pindamonhangaba,3522108947346,2022-12-05,2023-01-20,353800,126 SERVICO DE FISIOTERAPIA / 004 ASSISTENCIA FISIOTERAPEUTICA CARDIOVASCULARES E PNEUMOFUNCI,50
2023,1,SP,São Paulo,3538006,Pindamonhangaba,3522108947379,2022-12-06,2022-12-12,353800,126 SERVICO DE FISIOTERAPIA / 004 ASSISTENCIA FISIOTERAPEUTICA CARDIOVASCULARES E PNEUMOFUNCI,6
2023,1,SP,São Paulo,3538006,Pindamonhangaba,3522108947379,2022-12-06,2022-12-12,353800,126 SERVICO DE FISIOTERAPIA / 004 ASSISTENCIA FISIOTERAPEUTICA CARDIOVASCULARES E PNEUMOFUNCI,6
2023,1,SP,São Paulo,3538006,Pindamonhangaba,3522108947379,2022-12-06,2022-12-12,353800,126 SERVICO DE FISIOTERAPIA / 004 ASSISTENCIA FISIOTERAPEUTICA CARDIOVASCULARES E PNEUMOFUNCI,7
2023,1,SP,São Paulo,3538006,Pindamonhangaba,3522108947379,2022-12-06,2022-12-12,353800,126 SERVICO DE FISIOTERAPIA / 004 ASSISTENCIA FISIOTERAPEUTICA CARDIOVASCULARES E PNEUMOFUNCI,7
2023,1,SP,São Paulo,3538006,Pindamonhangaba,3522108947390,2022-12-06,2022-12-08,353800,,0
2023,1,SP,São Paulo,3538006,Pindamonhangaba,3522108947600,2022-12-13,2022-12-16,350970,,0
2023,1,SP,São Paulo,3538006,Pindamonhangaba,3522108947610,2022-12-13,2022-12-14,353800,,0
2023,1,SP,São Paulo,3538006,Pindamonhangaba,3522108947665,2022-12-13,2022-12-15,353800,,0
2023,1,SP,São Paulo,3538006,Pindamonhangaba,3522108947665,2022-12-13,2022-12-15,353800,,0
2023,1,SP,São Paulo,3538006,Pindamonhangaba,3522108947665,2022-12-13,2022-12-15,353800,,0
2023,1,SP,São Paulo,3538006,Pindamonhangaba,3522108947687,2022-12-11,2022-12-13,353800,,0
2023,1,SP,São Paulo,3538006,Pindamonhangaba,3522108947687,2022-12-11,2022-12-13,353800,,0
2023,1,SP,São Paulo,3538006,Pindamonhangaba,3522108947775,2022-12-11,2022-12-12,353800,,0
2023,1,SP,São Paulo,3538006,Pindamonhangaba,3522108947775,2022-12-11,2022-12-12,353800,,0
2023,1,SP,São Paulo,3538006,Pindamonhangaba,3522108947797,2022-12-08,2022-12-21,353800,,0
2023,1,SP,São Paulo,3538006,Pindamonhangaba,3522108947808,2022-12-08,2022-12-10,353800,,1
2023,1,SP,São Paulo,3538006,Pindamonhangaba,3522108947808,2022-12-08,2022-12-10,353800,,0
2023,1,SP,São Paulo,3538006,Pindamonhangaba,3522108947863,2022-12-10,2022-12-12,353800,,0
2023,1,SP,São Paulo,3538006,Pindamonhangaba,3522108947863,2022-12-10,2022-12-12,353800,,0
2023,1,SP,São Paulo,3538006,Pindamonhangaba,3522108947863,2022-12-10,2022-12-12,353800,,0
2023,1,SP,São Paulo,3538006,Pindamonhangaba,3522108947984,2022-12-07,2022-12-10,353800,,0
2023,1,SP,São Paulo,3538006,Pindamonhangaba,3522108947984,2022-12-07,2022-12-10,353800,,0
2023,1,SP,São Paulo,3538006,Pindamonhangaba,3522108948061,2022-12-12,2022-12-14,353800,,0
2023,1,SP,São Paulo,3538006,Pindamonhangaba,3522108948072,2022-12-12,2022-12-13,353800,,0
2023,1,SP,São Paulo,3538006,Pindamonhangaba,3522108948083,2022-12-12,2022-12-14,353800,,0
2023,1,SP,São Paulo,3538006,Pindamonhangaba,3522108948204,2022-11-24,2022-12-02,354990,,0
2023,1,SP,São Paulo,3538006,Pindamonhangaba,3522108948303,2022-12-14,2022-12-16,353800,,1
2023,1,SP,São Paulo,3538006,Pindamonhangaba,3522108948303,2022-12-14,2022-12-16,353800,,0
2023,1,SP,São Paulo,3538006,Pindamonhangaba,3522108948380,2022-12-14,2022-12-15,353800,,0
2023,1,SP,São Paulo,3538006,Pindamonhangaba,3522108948402,2022-11-29,2022-12-03,353800,,0
2023,1,SP,São Paulo,3538006,Pindamonhangaba,3522108948424,2022-12-01,2022-12-05,353800,126 SERVICO DE FISIOTERAPIA / 004 ASSISTENCIA FISIOTERAPEUTICA CARDIOVASCULARES E PNEUMOFUNCI,2
2023,1,SP,São Paulo,3538006,Pindamonhangaba,3522108948424,2022-12-01,2022-12-05,353800,126 SERVICO DE FISIOTERAPIA / 004 ASSISTENCIA FISIOTERAPEUTICA CARDIOVASCULARES E PNEUMOFUNCI,2
2023,1,SP,São Paulo,3538006,Pindamonhangaba,3522108948501,2022-12-02,2022-12-05,353800,,0
2023,1,SP,São Paulo,3538006,Pindamonhangaba,3522108948600,2022-12-07,2022-12-09,353800,,0
2023,1,SP,São Paulo,3538006,Pindamonhangaba,3522108948600,2022-12-07,2022-12-09,353800,,0
2023,1,SP,São Paulo,3538006,Pindamonhangaba,3522108948622,2022-12-07,2022-12-14,353800,,0
2023,1,SP,São Paulo,3538006,Pindamonhangaba,3522108948644,2022-12-01,2022-12-05,353800,126 SERVICO DE FISIOTERAPIA / 004 ASSISTENCIA FISIOTERAPEUTICA CARDIOVASCULARES E PNEUMOFUNCI,3
2023,1,SP,São Paulo,3538006,Pindamonhangaba,3522108948644,2022-12-01,2022-12-05,353800,126 SERVICO DE FISIOTERAPIA / 004 ASSISTENCIA FISIOTERAPEUTICA CARDIOVASCULARES E PNEUMOFUNCI,3
2023,1,SP,São Paulo,3538006,Pindamonhangaba,3522108948743,2022-12-01,2022-12-08,353800,,1
2023,1,SP,São Paulo,3538006,Pindamonhangaba,3522108948810,2022-12-06,2022-12-08,355410,,0
2023,1,SP,São Paulo,3538006,Pindamonhangaba,3522108948842,2022-12-13,2022-12-15,353800,,0
2023,1,SP,São Paulo,3538006,Pindamonhangaba,3522108948853,2022-12-14,2022-12-16,353800,,0
2023,1,SP,São Paulo,3538006,Pindamonhangaba,3522108948853,2022-12-14,2022-12-16,353800,,0
2023,1,SP,São Paulo,3538006,Pindamonhangaba,3522108948864,2022-12-07,2022-12-15,353800,,0
2023,1,SP,São Paulo,3538006,Pindamonhangaba,3522108948886,2022-12-17,2022-12-22,353800,126 SERVICO DE FISIOTERAPIA / 004 ASSISTENCIA FISIOTERAPEUTICA CARDIOVASCULARES E PNEUMOFUNCI,8
2023,1,SP,São Paulo,3538006,Pindamonhangaba,3522108948886,2022-12-17,2022-12-22,353800,126 SERVICO DE FISIOTERAPIA / 004 ASSISTENCIA FISIOTERAPEUTICA CARDIOVASCULARES E PNEUMOFUNCI,8
2023,1,SP,São Paulo,3538006,Pindamonhangaba,3522108948897,2022-12-17,2022-12-29,353800,,0
2023,1,SP,São Paulo,3538006,Pindamonhangaba,3522108949007,2022-12-19,2023-01-09,353800,,1
2023,1,SP,São Paulo,3538006,Pindamonhangaba,3522108949557,2022-12-22,2022-12-28,355410,,0
2023,1,SP,São Paulo,3538006,Pindamonhangaba,3522108949568,2022-12-22,2023-01-21,353800,126 SERVICO DE FISIOTERAPIA / 004 ASSISTENCIA FISIOTERAPEUTICA CARDIOVASCULARES E PNEUMOFUNCI,50
2023,1,SP,São Paulo,3538006,Pindamonhangaba,3522108949568,2022-12-22,2023-01-21,353800,126 SERVICO DE FISIOTERAPIA / 004 ASSISTENCIA FISIOTERAPEUTICA CARDIOVASCULARES E PNEUMOFUNCI,50
2023,1,SP,São Paulo,3538006,Pindamonhangaba,3522108949568,2022-12-22,2023-01-21,353800,126 SERVICO DE FISIOTERAPIA / 004 ASSISTENCIA FISIOTERAPEUTICA CARDIOVASCULARES E PNEUMOFUNCI,13
2023,1,SP,São Paulo,3538006,Pindamonhangaba,3522108949568,2022-12-22,2023-01-21,353800,126 SERVICO DE FISIOTERAPIA / 004 ASSISTENCIA FISIOTERAPEUTICA CARDIOVASCULARES E PNEUMOFUNCI,13
2023,1,SP,São Paulo,3538006,Pindamonhangaba,3522108949568,2022-12-22,2023-01-21,353800,,63
2023,1,SP,São Paulo,3538006,Pindamonhangaba,3522108949579,2022-12-22,2023-01-07,353800,126 SERVICO DE FISIOTERAPIA / 004 ASSISTENCIA FISIOTERAPEUTICA CARDIOVASCULARES E PNEUMOFUNCI,2
2023,1,SP,São Paulo,3538006,Pindamonhangaba,3522108949579,2022-12-22,2023-01-07,353800,126 SERVICO DE FISIOTERAPIA / 004 ASSISTENCIA FISIOTERAPEUTICA CARDIOVASCULARES E PNEUMOFUNCI,2
2023,1,SP,São Paulo,3538006,Pindamonhangaba,3522108949623,2022-12-22,2022-12-24,354430,,0
2023,1,SP,São Paulo,3538006,Pindamonhangaba,3522108949854,2022-11-07,2022-11-11,353800,,0
2023,1,SP,São Paulo,3538006,Pindamonhangaba,3522108949854,2022-11-07,2022-11-11,353800,,0
2023,1,SP,São Paulo,3538006,Pindamonhangaba,3522108949887,2022-12-09,2022-12-11,353800,,0
2023,1,SP,São Paulo,3538006,Pindamonhangaba,3522108949887,2022-12-09,2022-12-11,353800,,0
2023,1,SP,São Paulo,3538006,Pindamonhangaba,3522108950008,2022-12-20,2022-12-22,353800,126 SERVICO DE FISIOTERAPIA / 004 ASSISTENCIA FISIOTERAPEUTICA CARDIOVASCULARES E PNEUMOFUNCI,1
2023,1,SP,São Paulo,3538006,Pindamonhangaba,3522108950008,2022-12-20,2022-12-22,353800,126 SERVICO DE FISIOTERAPIA / 004 ASSISTENCIA FISIOTERAPEUTICA CARDIOVASCULARES E PNEUMOFUNCI,1
2023,1,SP,São Paulo,3538006,Pindamonhangaba,3522108950140,2022-12-21,2022-12-23,353800,,0
2023,1,SP,São Paulo,3538006,Pindamonhangaba,3522108950250,2022-12-24,2023-01-27,353800,126 SERVICO DE FISIOTERAPIA / 001 ASSISTENCIA FISIOTERAPEUTICA EM ALTERACOES OBSTETRICAS NEON,58
2023,1,SP,São Paulo,3538006,Pindamonhangaba,3522108950250,2022-12-24,2023-01-27,353800,126 SERVICO DE FISIOTERAPIA / 001 ASSISTENCIA FISIOTERAPEUTICA EM ALTERACOES OBSTETRICAS NEON,58
2023,1,SP,São Paulo,3538006,Pindamonhangaba,3522108950294,2022-12-24,2022-12-30,353800,,0
2023,1,SP,São Paulo,3538006,Pindamonhangaba,3522108950459,2022-12-26,2022-12-28,353800,,0
2023,1,SP,São Paulo,3538006,Pindamonhangaba,3522108950470,2022-12-26,2022-12-30,353800,,0
2023,1,SP,São Paulo,3538006,Pindamonhangaba,3522108950481,2022-12-26,2022-12-29,353800,,1
2023,1,SP,São Paulo,3538006,Pindamonhangaba,3522108950580,2022-12-23,2023-01-04,353800,126 SERVICO DE FISIOTERAPIA / 004 ASSISTENCIA FISIOTERAPEUTICA CARDIOVASCULARES E PNEUMOFUNCI,5
2023,1,SP,São Paulo,3538006,Pindamonhangaba,3522108950580,2022-12-23,2023-01-04,353800,126 SERVICO DE FISIOTERAPIA / 004 ASSISTENCIA FISIOTERAPEUTICA CARDIOVASCULARES E PNEUMOFUNCI,5
2023,1,SP,São Paulo,3538006,Pindamonhangaba,3522108950580,2022-12-23,2023-01-04,353800,,9
2023,1,SP,São Paulo,3538006,Pindamonhangaba,3522108950679,2022-12-27,2023-01-05,353800,126 SERVICO DE FISIOTERAPIA / 004 ASSISTENCIA FISIOTERAPEUTICA CARDIOVASCULARES E PNEUMOFUNCI,4
2023,1,SP,São Paulo,3538006,Pindamonhangaba,3522108950679,2022-12-27,2023-01-05,353800,126 SERVICO DE FISIOTERAPIA / 004 ASSISTENCIA FISIOTERAPEUTICA CARDIOVASCULARES E PNEUMOFUNCI,4
2023,1,SP,São Paulo,3538006,Pindamonhangaba,3522108950680,2022-12-27,2023-01-06,353800,126 SERVICO DE FISIOTERAPIA / 004 ASSISTENCIA FISIOTERAPEUTICA CARDIOVASCULARES E PNEUMOFUNCI,2
2023,1,SP,São Paulo,3538006,Pindamonhangaba,3522108950680,2022-12-27,2023-01-06,353800,126 SERVICO DE FISIOTERAPIA / 004 ASSISTENCIA FISIOTERAPEUTICA CARDIOVASCULARES E PNEUMOFUNCI,2
2023,1,SP,São Paulo,3538006,Pindamonhangaba,3522108950712,2022-12-28,2022-12-31,353800,,0
2023,1,SP,São Paulo,3538006,Pindamonhangaba,3522108950734,2022-12-28,2022-12-31,353800,,1
2023,1,SP,São Paulo,3538006,Pindamonhangaba,3522108950745,2022-12-28,2022-12-30,353800,,0
2023,1,SP,São Paulo,3538006,Pindamonhangaba,3522108950899,2022-12-29,2023-01-07,353800,126 SERVICO DE FISIOTERAPIA / 004 ASSISTENCIA FISIOTERAPEUTICA CARDIOVASCULARES E PNEUMOFUNCI,3
2023,1,SP,São Paulo,3538006,Pindamonhangaba,3522108950899,2022-12-29,2023-01-07,353800,126 SERVICO DE FISIOTERAPIA / 004 ASSISTENCIA FISIOTERAPEUTICA CARDIOVASCULARES E PNEUMOFUNCI,3
2023,1,SP,São Paulo,3538006,Pindamonhangaba,3522108950899,2022-12-29,2023-01-07,353800,126 SERVICO DE FISIOTERAPIA / 004 ASSISTENCIA FISIOTERAPEUTICA CARDIOVASCULARES E PNEUMOFUNCI,2
2023,1,SP,São Paulo,3538006,Pindamonhangaba,3522108950899,2022-12-29,2023-01-07,353800,126 SERVICO DE FISIOTERAPIA / 004 ASSISTENCIA FISIOTERAPEUTICA CARDIOVASCULARES E PNEUMOFUNCI,2
2023,1,SP,São Paulo,3538006,Pindamonhangaba,3522108951328,2022-12-30,2023-01-03,353800,,0
2023,1,SP,São Paulo,3538006,Pindamonhangaba,3522108951339,2022-12-30,2023-01-01,353800,,0
2023,1,SP,São Paulo,3538006,Pindamonhangaba,3522108951339,2022-12-30,2023-01-01,353800,,0
2023,1,SP,São Paulo,3538006,Pindamonhangaba,3522108951339,2022-12-30,2023-01-01,353800,,0
2023,1,SP,São Paulo,3538006,Pindamonhangaba,3522108951350,2022-12-31,2023-01-07,353800,,0
2023,1,SP,São Paulo,3538006,Pindamonhangaba,3522108951372,2022-12-31,2023-01-03,353800,,0
2023,1,SP,São Paulo,3538006,Pindamonhangaba,3522108951383,2022-12-31,2023-01-05,353800,126 SERVICO DE FISIOTERAPIA / 004 ASSISTENCIA FISIOTERAPEUTICA CARDIOVASCULARES E PNEUMOFUNCI,1
2023,1,SP,São Paulo,3538006,Pindamonhangaba,3522108951383,2022-12-31,2023-01-05,353800,126 SERVICO DE FISIOTERAPIA / 004 ASSISTENCIA FISIOTERAPEUTICA CARDIOVASCULARES E PNEUMOFUNCI,1
2023,1,SP,São Paulo,3538006,Pindamonhangaba,3522108951394,2022-12-31,2023-01-04,353800,,2
2023,1,SP,São Paulo,3538006,Pindamonhangaba,3522108951405,2022-12-31,2023-01-02,353800,,0
2023,1,SP,São Paulo,3538006,Pindamonhangaba,3522108951581,2022-12-24,2022-12-27,353800,,0
2023,1,SP,São Paulo,3538006,Pindamonhangaba,3522108952065,2022-12-23,2022-12-24,353800,,0
2023,1,SP,São Paulo,3538006,Pindamonhangaba,3522108952065,2022-12-23,2022-12-24,353800,,0
2023,1,SP,São Paulo,3538006,Pindamonhangaba,3522108952186,2022-12-26,2022-12-30,353800,,0
2023,1,SP,São Paulo,3538006,Pindamonhangaba,3522108952208,2022-11-30,2022-12-27,353800,126 SERVICO DE FISIOTERAPIA / 004 ASSISTENCIA FISIOTERAPEUTICA CARDIOVASCULARES E PNEUMOFUNCI,16
2023,1,SP,São Paulo,3538006,Pindamonhangaba,3522108952208,2022-11-30,2022-12-27,353800,126 SERVICO DE FISIOTERAPIA / 004 ASSISTENCIA FISIOTERAPEUTICA CARDIOVASCULARES E PNEUMOFUNCI,16
2023,1,SP,São Paulo,3538006,Pindamonhangaba,3522108952208,2022-11-30,2022-12-27,353800,126 SERVICO DE FISIOTERAPIA / 004 ASSISTENCIA FISIOTERAPEUTICA CARDIOVASCULARES E PNEUMOFUNCI,1
2023,1,SP,São Paulo,3538006,Pindamonhangaba,3522108952208,2022-11-30,2022-12-27,353800,126 SERVICO DE FISIOTERAPIA / 004 ASSISTENCIA FISIOTERAPEUTICA CARDIOVASCULARES E PNEUMOFUNCI,1
2023,1,SP,São Paulo,3538006,Pindamonhangaba,3522108952296,2022-11-10,2022-12-31,353800,126 SERVICO DE FISIOTERAPIA / 004 ASSISTENCIA FISIOTERAPEUTICA CARDIOVASCULARES E PNEUMOFUNCI,28
2023,1,SP,São Paulo,3538006,Pindamonhangaba,3522108952296,2022-11-10,2022-12-31,353800,126 SERVICO DE FISIOTERAPIA / 004 ASSISTENCIA FISIOTERAPEUTICA CARDIOVASCULARES E PNEUMOFUNCI,28
2023,1,SP,São Paulo,3538006,Pindamonhangaba,3522108952296,2022-11-10,2022-12-31,353800,,8
2023,1,SP,São Paulo,3538006,Pindamonhangaba,3522108952296,2022-11-10,2022-12-31,353800,126 SERVICO DE FISIOTERAPIA / 004 ASSISTENCIA FISIOTERAPEUTICA CARDIOVASCULARES E PNEUMOFUNCI,6
2023,1,SP,São Paulo,3538006,Pindamonhangaba,3522108952296,2022-11-10,2022-12-31,353800,126 SERVICO DE FISIOTERAPIA / 004 ASSISTENCIA FISIOTERAPEUTICA CARDIOVASCULARES E PNEUMOFUNCI,6
2023,1,SP,São Paulo,3538006,Pindamonhangaba,3522108952373,2022-12-23,2022-12-29,353800,,0
2023,1,SP,São Paulo,3539400,Piratininga,3522109007230,2022-12-19,2023-01-05,353940,,4
2023,1,SP,São Paulo,3539400,Piratininga,3522109007241,2022-12-19,2022-12-22,353940,,3
2023,1,SP,São Paulo,3539400,Piratininga,3522109007406,2022-12-25,2023-01-03,353940,,0
2023,1,SP,São Paulo,3550100,São Manuel,3522109026953,2022-12-28,2023-01-06,354105,,9
2023,1,SP,São Paulo,3553005,Taguaí,3522109037360,2022-12-30,2023-01-05,355300,,0
2023,1,SP,São Paulo,3553302,Tambaú,3522109376181,2023-01-03,2023-01-04,355330,,0
2023,1,SP,São Paulo,3553302,Tambaú,3522109376181,2023-01-03,2023-01-04,355330,,0
2023,1,SP,São Paulo,3553302,Tambaú,3522109376214,2023-01-03,2023-01-04,355330,,0
2023,1,SP,São Paulo,3553302,Tambaú,3522109376214,2023-01-03,2023-01-04,355330,,0
2023,1,SP,São Paulo,3553302,Tambaú,3522109376225,2023-01-03,2023-01-05,355330,,0
2023,1,SP,São Paulo,3553302,Tambaú,3522109376236,2023-01-03,2023-01-05,355330,,0
2023,1,SP,São Paulo,3553302,Tambaú,3522109376236,2023-01-03,2023-01-05,355330,,0
2023,1,SP,São Paulo,3553302,Tambaú,3522109376522,2023-01-09,2023-01-10,355330,,0
2023,1,SP,São Paulo,3553302,Tambaú,3522109376522,2023-01-09,2023-01-10,355330,,0
2023,1,SP,São Paulo,3515186,Espírito Santo do Pinhal,3522109406002,2022-12-26,2022-12-30,351518,126 SERVICO DE FISIOTERAPIA / 004 ASSISTENCIA FISIOTERAPEUTICA CARDIOVASCULARES E PNEUMOFUNCI,4
2023,1,SP,São Paulo,3515186,Espírito Santo do Pinhal,3522109406002,2022-12-26,2022-12-30,351518,126 SERVICO DE FISIOTERAPIA / 004 ASSISTENCIA FISIOTERAPEUTICA CARDIOVASCULARES E PNEUMOFUNCI,4
2023,1,SP,São Paulo,3515186,Espírito Santo do Pinhal,3522109406024,2022-12-13,2023-01-06,351518,,0
2023,1,SP,São Paulo,3515186,Espírito Santo do Pinhal,3522109406080,2022-12-30,2023-01-01,354810,126 SERVICO DE FISIOTERAPIA / 004 ASSISTENCIA FISIOTERAPEUTICA CARDIOVASCULARES E PNEUMOFUNCI,2
2023,1,SP,São Paulo,3515186,Espírito Santo do Pinhal,3522109406080,2022-12-30,2023-01-01,354810,126 SERVICO DE FISIOTERAPIA / 004 ASSISTENCIA FISIOTERAPEUTICA CARDIOVASCULARES E PNEUMOFUNCI,2
2023,1,SP,São Paulo,3515186,Espírito Santo do Pinhal,3522109406080,2022-12-30,2023-01-01,354810,,0
2023,1,SP,São Paulo,3515186,Espírito Santo do Pinhal,3522109406080,2022-12-30,2023-01-01,354810,126 SERVICO DE FISIOTERAPIA / 007 ASSISTENCIA FISIOTERAPEUTICA NAS ALTERACOES EM NEUROLOGIA,2
2023,1,SP,São Paulo,3515186,Espírito Santo do Pinhal,3522109406080,2022-12-30,2023-01-01,354810,126 SERVICO DE FISIOTERAPIA / 007 ASSISTENCIA FISIOTERAPEUTICA NAS ALTERACOES EM NEUROLOGIA,2
2023,1,SP,São Paulo,3515186,Espírito Santo do Pinhal,3522109406112,2022-12-18,2023-01-09,354810,,0
2023,1,SP,São Paulo,3515186,Espírito Santo do Pinhal,3522109406112,2022-12-18,2023-01-09,354810,126 SERVICO DE FISIOTERAPIA / 002 ASSISTENCIA FISIOTERAPEUTICA EM ALTERACOES ONCOLOGICAS,8
2023,1,SP,São Paulo,3515186,Espírito Santo do Pinhal,3522109406112,2022-12-18,2023-01-09,354810,126 SERVICO DE FISIOTERAPIA / 002 ASSISTENCIA FISIOTERAPEUTICA EM ALTERACOES ONCOLOGICAS,8
2023,1,SP,São Paulo,3515186,Espírito Santo do Pinhal,3522109406145,2022-12-17,2022-12-30,351518,126 SERVICO DE FISIOTERAPIA / 007 ASSISTENCIA FISIOTERAPEUTICA NAS ALTERACOES EM NEUROLOGIA,8
2023,1,SP,São Paulo,3515186,Espírito Santo do Pinhal,3522109406145,2022-12-17,2022-12-30,351518,126 SERVICO DE FISIOTERAPIA / 007 ASSISTENCIA FISIOTERAPEUTICA NAS ALTERACOES EM NEUROLOGIA,8
2023,1,SP,São Paulo,3515186,Espírito Santo do Pinhal,3522109406145,2022-12-17,2022-12-30,351518,126 SERVICO DE FISIOTERAPIA / 004 ASSISTENCIA FISIOTERAPEUTICA CARDIOVASCULARES E PNEUMOFUNCI,20
2023,1,SP,São Paulo,3515186,Espírito Santo do Pinhal,3522109406145,2022-12-17,2022-12-30,351518,126 SERVICO DE FISIOTERAPIA / 004 ASSISTENCIA FISIOTERAPEUTICA CARDIOVASCULARES E PNEUMOFUNCI,20
2023,1,SP,São Paulo,3515186,Espírito Santo do Pinhal,3522109406156,2022-12-31,2023-01-08,351518,126 SERVICO DE FISIOTERAPIA / 007 ASSISTENCIA FISIOTERAPEUTICA NAS ALTERACOES EM NEUROLOGIA,7
2023,1,SP,São Paulo,3515186,Espírito Santo do Pinhal,3522109406156,2022-12-31,2023-01-08,351518,126 SERVICO DE FISIOTERAPIA / 007 ASSISTENCIA FISIOTERAPEUTICA NAS ALTERACOES EM NEUROLOGIA,7
2023,1,SP,São Paulo,3515186,Espírito Santo do Pinhal,3522109406167,2022-12-31,2023-01-10,351518,126 SERVICO DE FISIOTERAPIA / 004 ASSISTENCIA FISIOTERAPEUTICA CARDIOVASCULARES E PNEUMOFUNCI,13
2023,1,SP,São Paulo,3515186,Espírito Santo do Pinhal,3522109406167,2022-12-31,2023-01-10,351518,126 SERVICO DE FISIOTERAPIA / 004 ASSISTENCIA FISIOTERAPEUTICA CARDIOVASCULARES E PNEUMOFUNCI,13
2023,1,SP,São Paulo,3515186,Espírito Santo do Pinhal,3522109406178,2022-12-30,2023-01-02,351518,126 SERVICO DE FISIOTERAPIA / 004 ASSISTENCIA FISIOTERAPEUTICA CARDIOVASCULARES E PNEUMOFUNCI,3
2023,1,SP,São Paulo,3515186,Espírito Santo do Pinhal,3522109406178,2022-12-30,2023-01-02,351518,126 SERVICO DE FISIOTERAPIA / 004 ASSISTENCIA FISIOTERAPEUTICA CARDIOVASCULARES E PNEUMOFUNCI,3
2023,1,SP,São Paulo,3515186,Espírito Santo do Pinhal,3522109406222,2022-12-25,2023-01-02,351518,126 SERVICO DE FISIOTERAPIA / 007 ASSISTENCIA FISIOTERAPEUTICA NAS ALTERACOES EM NEUROLOGIA,1
2023,1,SP,São Paulo,3515186,Espírito Santo do Pinhal,3522109406222,2022-12-25,2023-01-02,351518,126 SERVICO DE FISIOTERAPIA / 007 ASSISTENCIA FISIOTERAPEUTICA NAS ALTERACOES EM NEUROLOGIA,1
2023,1,SP,São Paulo,3515186,Espírito Santo do Pinhal,3522109406255,2022-12-29,2023-01-02,310260,126 SERVICO DE FISIOTERAPIA / 007 ASSISTENCIA FISIOTERAPEUTICA NAS ALTERACOES EM NEUROLOGIA,2
2023,1,SP,São Paulo,3515186,Espírito Santo do Pinhal,3522109406255,2022-12-29,2023-01-02,310260,126 SERVICO DE FISIOTERAPIA / 007 ASSISTENCIA FISIOTERAPEUTICA NAS ALTERACOES EM NEUROLOGIA,2
2023,1,SP,São Paulo,3515186,Espírito Santo do Pinhal,3522109406288,2022-12-14,2022-12-15,351518,,0
2023,1,SP,São Paulo,3515186,Espírito Santo do Pinhal,3522109406410,2022-12-25,2022-12-27,351518,,0
2023,1,SP,São Paulo,3515186,Espírito Santo do Pinhal,3522109406486,2022-12-16,2022-12-16,351518,126 SERVICO DE FISIOTERAPIA / 002 ASSISTENCIA FISIOTERAPEUTICA EM ALTERACOES ONCOLOGICAS,1
2023,1,SP,São Paulo,3515186,Espírito Santo do Pinhal,3522109406486,2022-12-16,2022-12-16,351518,126 SERVICO DE FISIOTERAPIA / 002 ASSISTENCIA FISIOTERAPEUTICA EM ALTERACOES ONCOLOGICAS,1
2023,1,SP,São Paulo,3510500,Caraguatatuba,3522109499755,2022-12-05,2022-12-05,351050,,1
2023,1,SP,São Paulo,3510500,Caraguatatuba,3522109501251,2022-12-11,2022-12-12,351050,,0
2023,1,SP,São Paulo,3510500,Caraguatatuba,3522109503869,2022-12-23,2022-12-23,351050,,0
2023,1,SP,São Paulo,3510500,Caraguatatuba,3522109503880,2022-12-12,2022-12-12,351050,,1
2023,1,SP,São Paulo,3510500,Caraguatatuba,3522109503902,2022-12-19,2022-12-19,351050,,1
2023,1,SP,São Paulo,3510500,Caraguatatuba,3522109504166,2022-12-30,2022-12-30,351050,,0
2023,1,SP,São Paulo,3510500,Caraguatatuba,3522109504188,2022-12-30,2022-12-30,351050,,0
2023,1,SP,São Paulo,3510500,Caraguatatuba,3522109504683,2022-12-23,2022-12-23,351050,,1
2023,1,SP,São Paulo,3510500,Caraguatatuba,3522109504859,2022-12-09,2022-12-09,351050,,0
2023,1,SP,São Paulo,3550308,São Paulo,3522110744779,2022-06-20,2023-01-31,355030,,0
2023,1,SP,São Paulo,3552809,Taboão da Serra,3522111068344,2022-06-29,2022-08-10,355280,,1
2023,1,SP,São Paulo,3552809,Taboão da Serra,3522111078178,2022-07-18,2022-10-23,351500,,1
2023,1,SP,São Paulo,3516309,Francisco Morato,3522111130010,2022-10-02,2023-01-10,351630,,8
2023,1,SP,São Paulo,3516309,Francisco Morato,3522111130010,2022-10-02,2023-01-10,351630,,29
2023,1,SP,São Paulo,3508702,Caconde,3522112476421,2022-05-19,2023-01-31,350870,,0
2023,1,SP,São Paulo,3515186,Espírito Santo do Pinhal,3522112482647,2022-06-26,2023-01-31,351518,,0
2023,1,SP,São Paulo,3518701,Guarujá,3522112793518,2022-12-30,2023-01-09,350635,,0
2023,1,SP,São Paulo,3548906,São Carlos,3522113233430,2023-01-15,2023-01-20,354890,126 SERVICO DE FISIOTERAPIA / 007 ASSISTENCIA FISIOTERAPEUTICA NAS ALTERACOES EM NEUROLOGIA,7
2023,1,SP,São Paulo,3548906,São Carlos,3522113233430,2023-01-15,2023-01-20,354890,126 SERVICO DE FISIOTERAPIA / 007 ASSISTENCIA FISIOTERAPEUTICA NAS ALTERACOES EM NEUROLOGIA,7
2023,1,SP,São Paulo,3548906,São Carlos,3522113233430,2023-01-15,2023-01-20,354890,,5
2023,1,SP,São Paulo,3551702,Sertãozinho,3522113687390,2023-01-30,2023-01-31,355170,,0
2023,1,SP,São Paulo,3550308,São Paulo,3522113865820,2022-10-18,2022-12-26,355030,,2
2023,1,SP,São Paulo,3550308,São Paulo,3522113869593,2022-11-16,2022-11-19,355030,,1
2023,1,SP,São Paulo,3550308,São Paulo,3522113869593,2022-11-16,2022-11-19,355030,,0
2023,1,SP,São Paulo,3550308,São Paulo,3522113870330,2022-11-23,2022-11-25,355030,,1
2023,1,SP,São Paulo,3550308,São Paulo,3522113870330,2022-11-23,2022-11-25,355030,,2
2023,1,SP,São Paulo,3550308,São Paulo,3522113870330,2022-11-23,2022-11-25,355030,,0
2023,1,SP,São Paulo,3550308,São Paulo,3522113870330,2022-11-23,2022-11-25,355030,,0
2023,1,SP,São Paulo,3550308,São Paulo,3522113870330,2022-11-23,2022-11-25,355030,,0
2023,1,SP,São Paulo,3550308,São Paulo,3522113870352,2022-11-23,2022-11-25,355030,,0
2023,1,SP,São Paulo,3550308,São Paulo,3522113870352,2022-11-23,2022-11-25,355030,,0
2023,1,SP,São Paulo,3550308,São Paulo,3522113870418,2022-11-23,2022-11-26,355030,,0
2023,1,SP,São Paulo,3550308,São Paulo,3522113870671,2022-11-25,2022-11-27,355030,,1
2023,1,SP,São Paulo,3550308,São Paulo,3522113870671,2022-11-25,2022-11-27,355030,,1
2023,1,SP,São Paulo,3550308,São Paulo,3522113870693,2022-11-25,2022-11-28,355030,,0
2023,1,SP,São Paulo,3550308,São Paulo,3522113870693,2022-11-25,2022-11-28,355030,,1
2023,1,SP,São Paulo,3550308,São Paulo,3522113870737,2022-11-26,2022-11-28,355030,,2
2023,1,SP,São Paulo,3550308,São Paulo,3522113871342,2022-11-27,2022-12-02,355030,,0
2023,1,SP,São Paulo,3550308,São Paulo,3522113871342,2022-11-27,2022-12-02,355030,,1
2023,1,SP,São Paulo,3550308,São Paulo,3522113871342,2022-11-27,2022-12-02,355030,,0
2023,1,SP,São Paulo,3550308,São Paulo,3522113872090,2022-12-05,2022-12-07,355030,,0
2023,1,SP,São Paulo,3550308,São Paulo,3522113872431,2022-12-09,2022-12-12,355030,,0
2023,1,SP,São Paulo,3550308,São Paulo,3522113872431,2022-12-09,2022-12-12,355030,,0
2023,1,SP,São Paulo,3550308,São Paulo,3522113872607,2022-12-08,2022-12-14,355030,,0
2023,1,SP,São Paulo,3550308,São Paulo,3522113872607,2022-12-08,2022-12-14,355030,,0
2023,1,SP,São Paulo,3550308,São Paulo,3522113872959,2022-12-15,2022-12-23,355030,,0
2023,1,SP,São Paulo,3550308,São Paulo,3522113873454,2022-12-13,2022-12-17,355030,,0
2023,1,SP,São Paulo,3550308,São Paulo,3522113873454,2022-12-13,2022-12-17,355030,,0
2023,1,SP,São Paulo,3550308,São Paulo,3522113874125,2022-12-20,2022-12-22,355030,,0
2023,1,SP,São Paulo,3550308,São Paulo,3522113874125,2022-12-20,2022-12-22,355030,,0
2023,1,SP,São Paulo,3550308,São Paulo,3522113874400,2022-12-19,2022-12-23,355030,,4
2023,1,SP,São Paulo,3550308,São Paulo,3522113874697,2022-12-22,2023-01-12,355030,,6
2023,1,SP,São Paulo,3550308,São Paulo,3522113874719,2022-12-21,2023-01-27,355030,,2
2023,1,SP,São Paulo,3550308,São Paulo,3522113874884,2022-12-25,2022-12-27,355030,,0
2023,1,SP,São Paulo,3550308,São Paulo,3522113874884,2022-12-25,2022-12-27,355030,,0
2023,1,SP,São Paulo,3550308,São Paulo,3522113874895,2022-12-26,2022-12-28,355030,,2
2023,1,SP,São Paulo,3550308,São Paulo,3522113874928,2022-12-26,2022-12-28,355030,,1
2023,1,SP,São Paulo,3550308,São Paulo,3522113874928,2022-12-26,2022-12-28,355030,,0
2023,1,SP,São Paulo,3550308,São Paulo,3522113874928,2022-12-26,2022-12-28,355030,,1
2023,1,SP,São Paulo,3550308,São Paulo,3522113874950,2022-12-26,2022-12-28,355030,,0
2023,1,SP,São Paulo,3550308,São Paulo,3522113874950,2022-12-26,2022-12-28,355030,,2
2023,1,SP,São Paulo,3550308,São Paulo,3522113874961,2022-12-27,2022-12-30,355030,,2
2023,1,SP,São Paulo,3550308,São Paulo,3522113874994,2022-12-27,2022-12-30,355030,,2
2023,1,SP,São Paulo,3550308,São Paulo,3522113875016,2022-12-28,2022-12-30,355030,,0
2023,1,SP,São Paulo,3550308,São Paulo,3522113875016,2022-12-28,2022-12-30,355030,,0
2023,1,SP,São Paulo,3550308,São Paulo,3522113875038,2022-12-28,2022-12-30,355030,,1
2023,1,SP,São Paulo,3550308,São Paulo,3522113875049,2022-12-28,2022-12-31,355030,,1
2023,1,SP,São Paulo,3550308,São Paulo,3522113875050,2022-12-28,2022-12-31,355030,,2
2023,1,SP,São Paulo,3550308,São Paulo,3522113875050,2022-12-28,2022-12-31,355030,,0
2023,1,SP,São Paulo,3550308,São Paulo,3522113875060,2022-12-28,2022-12-31,355030,,0
2023,1,SP,São Paulo,3550308,São Paulo,3522113875071,2022-12-28,2022-12-30,355030,,0
2023,1,SP,São Paulo,3550308,São Paulo,3522113875071,2022-12-28,2022-12-30,355030,,1
2023,1,SP,São Paulo,3550308,São Paulo,3522113875082,2022-12-28,2022-12-30,355030,,2
2023,1,SP,São Paulo,3550308,São Paulo,3522113875082,2022-12-28,2022-12-30,355030,,1
2023,1,SP,São Paulo,3550308,São Paulo,3522113875082,2022-12-28,2022-12-30,355030,,1
2023,1,SP,São Paulo,3550308,São Paulo,3522113875093,2022-12-28,2022-12-30,355030,,1
2023,1,SP,São Paulo,3550308,São Paulo,3522113875093,2022-12-28,2022-12-30,355030,,0
2023,1,SP,São Paulo,3550308,São Paulo,3522113875115,2022-12-28,2022-12-30,355030,,0
2023,1,SP,São Paulo,3550308,São Paulo,3522113875126,2022-12-28,2022-12-31,355030,,0
2023,1,SP,São Paulo,3550308,São Paulo,3522113875126,2022-12-28,2022-12-31,355030,,1
2023,1,SP,São Paulo,3550308,São Paulo,3522113875137,2022-12-28,2022-12-30,355030,,1
2023,1,SP,São Paulo,3550308,São Paulo,3522113875159,2022-12-29,2022-12-31,355030,,1
2023,1,SP,São Paulo,3550308,São Paulo,3522113875159,2022-12-29,2022-12-31,355030,,0
2023,1,SP,São Paulo,3550308,São Paulo,3522113875160,2022-12-29,2022-12-31,355030,,1
2023,1,SP,São Paulo,3550308,São Paulo,3522113875170,2022-12-29,2022-12-31,355030,,0
2023,1,SP,São Paulo,3550308,São Paulo,3522113875170,2022-12-29,2022-12-31,355030,,1
2023,1,SP,São Paulo,3550308,São Paulo,3522113875170,2022-12-29,2022-12-31,355030,,0
2023,1,SP,São Paulo,3550308,São Paulo,3522113875170,2022-12-29,2022-12-31,355030,,0
2023,1,SP,São Paulo,3550308,São Paulo,3522113875181,2022-12-29,2022-12-31,355030,,0
2023,1,SP,São Paulo,3550308,São Paulo,3522113875181,2022-12-29,2022-12-31,355030,,0
2023,1,SP,São Paulo,3550308,São Paulo,3522113875192,2022-12-29,2022-12-31,355030,,1
2023,1,SP,São Paulo,3550308,São Paulo,3522113875225,2022-12-29,2022-12-31,355030,,0
2023,1,SP,São Paulo,3550308,São Paulo,3522113875236,2022-12-30,2022-12-31,355030,,0
2023,1,SP,São Paulo,3550308,São Paulo,3522113875269,2022-12-25,2022-12-28,355030,,0
2023,1,SP,São Paulo,3550308,São Paulo,3522113875270,2022-12-19,2022-12-25,355030,,2
2023,1,SP,São Paulo,3550308,São Paulo,3522113875280,2022-12-25,2022-12-27,355030,,0
2023,1,SP,São Paulo,3550308,São Paulo,3522113875291,2022-12-23,2022-12-27,355030,,1
2023,1,SP,São Paulo,3550308,São Paulo,3522113875291,2022-12-23,2022-12-27,355030,,1
2023,1,SP,São Paulo,3550308,São Paulo,3522113875313,2022-12-25,2022-12-27,355030,,0
2023,1,SP,São Paulo,3550308,São Paulo,3522113875324,2022-12-25,2022-12-27,355030,,1
2023,1,SP,São Paulo,3550308,São Paulo,3522113875335,2022-12-25,2022-12-27,355030,,1
2023,1,SP,São Paulo,3550308,São Paulo,3522113875335,2022-12-25,2022-12-27,355030,,0
2023,1,SP,São Paulo,3550308,São Paulo,3522113875346,2022-12-25,2022-12-27,355030,,0
2023,1,SP,São Paulo,3550308,São Paulo,3522113875357,2022-12-26,2022-12-28,355030,,2
2023,1,SP,São Paulo,3550308,São Paulo,3522113875357,2022-12-26,2022-12-28,355030,,0
2023,1,SP,São Paulo,3550308,São Paulo,3522113875379,2022-12-26,2022-12-28,355030,,0
2023,1,SP,São Paulo,3550308,São Paulo,3522113875390,2022-12-26,2022-12-28,355030,,1
2023,1,SP,São Paulo,3550308,São Paulo,3522113875412,2022-12-27,2022-12-29,355030,,0
2023,1,SP,São Paulo,3550308,São Paulo,3522113875412,2022-12-27,2022-12-29,355030,,0
2023,1,SP,São Paulo,3550308,São Paulo,3522113875445,2022-12-27,2022-12-29,355030,,1
2023,1,SP,São Paulo,3550308,São Paulo,3522113875456,2022-12-27,2022-12-29,355030,,1
2023,1,SP,São Paulo,3550308,São Paulo,3522113875467,2022-12-27,2022-12-29,355030,,1
2023,1,SP,São Paulo,3550308,São Paulo,3522113875467,2022-12-27,2022-12-29,355030,,0
2023,1,SP,São Paulo,3550308,São Paulo,3522113875478,2022-12-27,2022-12-29,355030,,1
2023,1,SP,São Paulo,3550308,São Paulo,3522113875478,2022-12-27,2022-12-29,355030,,2
2023,1,SP,São Paulo,3550308,São Paulo,3522113875490,2022-12-27,2022-12-28,355030,,2
2023,1,SP,São Paulo,3550308,São Paulo,3522113875511,2022-12-27,2022-12-30,355030,,0
2023,1,SP,São Paulo,3550308,São Paulo,3522113875522,2022-12-28,2022-12-29,355030,,1
2023,1,SP,São Paulo,3550308,São Paulo,3522113875522,2022-12-28,2022-12-29,355030,,0
2023,1,SP,São Paulo,3550308,São Paulo,3522113875544,2022-12-28,2022-12-29,355030,,0
2023,1,SP,São Paulo,3550308,São Paulo,3522113875555,2022-12-28,2023-01-01,355030,,1
2023,1,SP,São Paulo,3516309,Francisco Morato,3522113926441,2022-09-10,2022-11-12,351630,,1
2023,1,SP,São Paulo,3516309,Francisco Morato,3522113926441,2022-09-10,2022-11-12,351630,126 SERVICO DE FISIOTERAPIA / 004 ASSISTENCIA FISIOTERAPEUTICA CARDIOVASCULARES E PNEUMOFUNCI,5
2023,1,SP,São Paulo,3516309,Francisco Morato,3522113926441,2022-09-10,2022-11-12,351630,126 SERVICO DE FISIOTERAPIA / 004 ASSISTENCIA FISIOTERAPEUTICA CARDIOVASCULARES E PNEUMOFUNCI,5
2023,1,SP,São Paulo,3550308,São Paulo,3522113961795,2022-08-04,2022-08-19,355030,,0
2023,1,SP,São Paulo,3550308,São Paulo,3522113961795,2022-08-04,2022-08-19,355030,,0
2023,1,SP,São Paulo,3522505,Itapevi,3522113978141,2022-02-15,2022-08-01,352250,,0
2023,1,SP,São Paulo,3547809,Santo André,3522114116015,2022-09-09,2022-09-30,355030,,24
2023,1,SP,São Paulo,3552809,Taboão da Serra,3522114284568,2022-10-05,2023-01-11,355280,,2
2023,1,SP,São Paulo,3552809,Taboão da Serra,3522114284568,2022-10-05,2023-01-11,355280,,1
2023,1,SP,São Paulo,3552809,Taboão da Serra,3522114284568,2022-10-05,2023-01-11,355280,,8
2023,1,SP,São Paulo,3552809,Taboão da Serra,3522114290629,2022-10-19,2023-01-03,351500,,1
2023,1,SP,São Paulo,3552809,Taboão da Serra,3522114290629,2022-10-19,2023-01-03,351500,,0
2023,1,SP,São Paulo,3552809,Taboão da Serra,3522114291751,2022-10-22,2023-01-03,355280,,10
2023,1,SP,São Paulo,3550308,São Paulo,3522114371996,2022-08-30,2022-10-02,355030,,2
2023,1,SP,São Paulo,3550308,São Paulo,3522114371996,2022-08-30,2022-10-02,355030,,1
2023,1,SP,São Paulo,3550308,São Paulo,3522114393314,2022-10-25,2022-12-31,351300,,0
2023,1,SP,São Paulo,3550308,São Paulo,3522114393644,2022-10-25,2022-11-28,355030,,0
2023,1,SP,São Paulo,3550308,São Paulo,3522114393644,2022-10-25,2022-11-28,355030,,0
2023,1,SP,São Paulo,3550308,São Paulo,3522114403445,2022-10-30,2022-11-09,353440,126 SERVICO DE FISIOTERAPIA / 002 ASSISTENCIA FISIOTERAPEUTICA EM ALTERACOES ONCOLOGICAS,4
2023,1,SP,São Paulo,3550308,São Paulo,3522114403445,2022-10-30,2022-11-09,353440,126 SERVICO DE FISIOTERAPIA / 002 ASSISTENCIA FISIOTERAPEUTICA EM ALTERACOES ONCOLOGICAS,4
2023,1,SP,São Paulo,3550308,São Paulo,3522114405183,2022-10-22,2022-11-12,355030,113 SERVICO DE ATENCAO DOMICILIAR / 001 ASSISTENCIA DOMICILIAR,37
2023,1,SP,São Paulo,3550308,São Paulo,3522114405183,2022-10-22,2022-11-12,355030,113 SERVICO DE ATENCAO DOMICILIAR / 001 ASSISTENCIA DOMICILIAR,37
2023,1,SP,São Paulo,3550308,São Paulo,3522114405183,2022-10-22,2022-11-12,355030,113 SERVICO DE ATENCAO DOMICILIAR / 001 ASSISTENCIA DOMICILIAR,9
2023,1,SP,São Paulo,3550308,São Paulo,3522114405183,2022-10-22,2022-11-12,355030,113 SERVICO DE ATENCAO DOMICILIAR / 001 ASSISTENCIA DOMICILIAR,9
2023,1,SP,São Paulo,3550308,São Paulo,3522114409540,2022-11-16,2022-11-19,355030,126 SERVICO DE FISIOTERAPIA / 001 ASSISTENCIA FISIOTERAPEUTICA EM ALTERACOES OBSTETRICAS NEON,2
2023,1,SP,São Paulo,3550308,São Paulo,3522114409540,2022-11-16,2022-11-19,355030,126 SERVICO DE FISIOTERAPIA / 001 ASSISTENCIA FISIOTERAPEUTICA EM ALTERACOES OBSTETRICAS NEON,2
2023,1,SP,São Paulo,3550308,São Paulo,3522114410694,2022-10-12,2022-11-11,355030,126 SERVICO DE FISIOTERAPIA / 001 ASSISTENCIA FISIOTERAPEUTICA EM ALTERACOES OBSTETRICAS NEON,4
2023,1,SP,São Paulo,3550308,São Paulo,3522114410694,2022-10-12,2022-11-11,355030,126 SERVICO DE FISIOTERAPIA / 001 ASSISTENCIA FISIOTERAPEUTICA EM ALTERACOES OBSTETRICAS NEON,4
2023,1,SP,São Paulo,3550308,São Paulo,3522114413290,2022-11-11,2022-11-12,355030,126 SERVICO DE FISIOTERAPIA / 001 ASSISTENCIA FISIOTERAPEUTICA EM ALTERACOES OBSTETRICAS NEON,1
2023,1,SP,São Paulo,3550308,São Paulo,3522114413290,2022-11-11,2022-11-12,355030,126 SERVICO DE FISIOTERAPIA / 001 ASSISTENCIA FISIOTERAPEUTICA EM ALTERACOES OBSTETRICAS NEON,1
2023,1,SP,São Paulo,3550308,São Paulo,3522114413290,2022-11-11,2022-11-12,355030,126 SERVICO DE FISIOTERAPIA / 001 ASSISTENCIA FISIOTERAPEUTICA EM ALTERACOES OBSTETRICAS NEON,1
2023,1,SP,São Paulo,3550308,São Paulo,3522114413290,2022-11-11,2022-11-12,355030,126 SERVICO DE FISIOTERAPIA / 001 ASSISTENCIA FISIOTERAPEUTICA EM ALTERACOES OBSTETRICAS NEON,1
2023,1,SP,São Paulo,3550308,São Paulo,3522114413301,2022-10-28,2022-11-06,351500,126 SERVICO DE FISIOTERAPIA / 002 ASSISTENCIA FISIOTERAPEUTICA EM ALTERACOES ONCOLOGICAS,1
2023,1,SP,São Paulo,3550308,São Paulo,3522114413301,2022-10-28,2022-11-06,351500,126 SERVICO DE FISIOTERAPIA / 002 ASSISTENCIA FISIOTERAPEUTICA EM ALTERACOES ONCOLOGICAS,1
2023,1,SP,São Paulo,3550308,São Paulo,3522114413631,2022-10-21,2022-10-24,355030,126 SERVICO DE FISIOTERAPIA / 004 ASSISTENCIA FISIOTERAPEUTICA CARDIOVASCULARES E PNEUMOFUNCI,8
2023,1,SP,São Paulo,3550308,São Paulo,3522114413631,2022-10-21,2022-10-24,355030,126 SERVICO DE FISIOTERAPIA / 004 ASSISTENCIA FISIOTERAPEUTICA CARDIOVASCULARES E PNEUMOFUNCI,8
2023,1,SP,São Paulo,3550308,São Paulo,3522114413818,2022-11-14,2022-11-26,350570,126 SERVICO DE FISIOTERAPIA / 002 ASSISTENCIA FISIOTERAPEUTICA EM ALTERACOES ONCOLOGICAS,48
2023,1,SP,São Paulo,3550308,São Paulo,3522114413818,2022-11-14,2022-11-26,350570,126 SERVICO DE FISIOTERAPIA / 002 ASSISTENCIA FISIOTERAPEUTICA EM ALTERACOES ONCOLOGICAS,48
2023,1,SP,São Paulo,3550308,São Paulo,3522114413818,2022-11-14,2022-11-26,350570,126 SERVICO DE FISIOTERAPIA / 007 ASSISTENCIA FISIOTERAPEUTICA NAS ALTERACOES EM NEUROLOGIA,36
2023,1,SP,São Paulo,3550308,São Paulo,3522114413818,2022-11-14,2022-11-26,350570,126 SERVICO DE FISIOTERAPIA / 007 ASSISTENCIA FISIOTERAPEUTICA NAS ALTERACOES EM NEUROLOGIA,36
2023,1,SP,São Paulo,3550308,São Paulo,3522114418108,2022-11-04,2022-12-01,353440,113 SERVICO DE ATENCAO DOMICILIAR / 001 ASSISTENCIA DOMICILIAR,10
2023,1,SP,São Paulo,3550308,São Paulo,3522114418108,2022-11-04,2022-12-01,353440,113 SERVICO DE ATENCAO DOMICILIAR / 001 ASSISTENCIA DOMICILIAR,10
2023,1,SP,São Paulo,3550308,São Paulo,3522114422057,2022-12-02,2022-12-07,355030,126 SERVICO DE FISIOTERAPIA / 001 ASSISTENCIA FISIOTERAPEUTICA EM ALTERACOES OBSTETRICAS NEON,3
2023,1,SP,São Paulo,3550308,São Paulo,3522114422057,2022-12-02,2022-12-07,355030,126 SERVICO DE FISIOTERAPIA / 001 ASSISTENCIA FISIOTERAPEUTICA EM ALTERACOES OBSTETRICAS NEON,3
2023,1,SP,São Paulo,3550308,São Paulo,3522114453165,2022-09-12,2022-09-19,350390,,0
2023,1,SP,São Paulo,3550308,São Paulo,3522114453165,2022-09-12,2022-09-19,350390,,0
2023,1,SP,São Paulo,3550308,São Paulo,3522114574440,2022-10-30,2022-12-28,355030,128 SERVICO DE HEMOTERAPIA / 004 MEDICINA TRANSFUSIONAL,1
2023,1,SP,São Paulo,3550308,São Paulo,3522114574440,2022-10-30,2022-12-28,355030,128 SERVICO DE HEMOTERAPIA / 004 MEDICINA TRANSFUSIONAL,1
2023,1,SP,São Paulo,3550308,São Paulo,3522114642520,2022-09-23,2022-10-12,355030,,0
2023,1,SP,São Paulo,3550308,São Paulo,3522114714041,2022-11-09,2023-01-03,355030,,3
2023,1,SP,São Paulo,3550308,São Paulo,3522114724667,2022-12-01,2022-12-09,355030,,0
2023,1,SP,São Paulo,3550308,São Paulo,3522114726196,2022-12-05,2023-01-26,355030,,13
2023,1,SP,São Paulo,3550308,São Paulo,3522114726196,2022-12-05,2023-01-26,355030,,27
2023,1,SP,São Paulo,3550308,São Paulo,3522114726196,2022-12-05,2023-01-26,355030,,1
2023,1,SP,São Paulo,3550308,São Paulo,3522114726625,2022-12-06,2023-01-12,355030,,0
2023,1,SP,São Paulo,3550308,São Paulo,3522114726625,2022-12-06,2023-01-12,355030,,1
2023,1,SP,São Paulo,3550308,São Paulo,3522114726911,2022-12-06,2023-01-12,355030,,11
2023,1,SP,São Paulo,3550308,São Paulo,3522114726911,2022-12-06,2023-01-12,355030,,5
2023,1,SP,São Paulo,3550308,São Paulo,3522114727021,2022-12-05,2023-01-10,355030,,1
2023,1,SP,São Paulo,3550308,São Paulo,3522114727021,2022-12-05,2023-01-10,355030,,5
2023,1,SP,São Paulo,3550308,São Paulo,3522114727021,2022-12-05,2023-01-10,355030,,3
2023,1,SP,São Paulo,3550308,São Paulo,3522114727021,2022-12-05,2023-01-10,355030,,6
2023,1,SP,São Paulo,3550308,São Paulo,3522114727021,2022-12-05,2023-01-10,355030,,2
2023,1,SP,São Paulo,3550308,São Paulo,3522114727021,2022-12-05,2023-01-10,355030,,1
2023,1,SP,São Paulo,3550308,São Paulo,3522114727021,2022-12-05,2023-01-10,355030,,3
2023,1,SP,São Paulo,3550308,São Paulo,3522114727021,2022-12-05,2023-01-10,355030,126 SERVICO DE FISIOTERAPIA / 004 ASSISTENCIA FISIOTERAPEUTICA CARDIOVASCULARES E PNEUMOFUNCI,11
2023,1,SP,São Paulo,3550308,São Paulo,3522114727021,2022-12-05,2023-01-10,355030,126 SERVICO DE FISIOTERAPIA / 004 ASSISTENCIA FISIOTERAPEUTICA CARDIOVASCULARES E PNEUMOFUNCI,11
2023,1,SP,São Paulo,3550308,São Paulo,3522114727021,2022-12-05,2023-01-10,355030,,1
2023,1,SP,São Paulo,3550308,São Paulo,3522114727021,2022-12-05,2023-01-10,355030,,1
2023,1,SP,São Paulo,3550308,São Paulo,3522114727021,2022-12-05,2023-01-10,355030,,2
2023,1,SP,São Paulo,3550308,São Paulo,3522114727021,2022-12-05,2023-01-10,355030,,6
2023,1,SP,São Paulo,3550308,São Paulo,3522114727021,2022-12-05,2023-01-10,355030,,1
2023,1,SP,São Paulo,3550308,São Paulo,3522114727021,2022-12-05,2023-01-10,355030,,8
2023,1,SP,São Paulo,3550308,São Paulo,3522114727021,2022-12-05,2023-01-10,355030,,1
2023,1,SP,São Paulo,3550308,São Paulo,3522114727021,2022-12-05,2023-01-10,355030,,1
2023,1,SP,São Paulo,3550308,São Paulo,3522114727472,2022-12-07,2022-12-10,355030,,0
2023,1,SP,São Paulo,3550308,São Paulo,3522114727472,2022-12-07,2022-12-10,355030,,0
2023,1,SP,São Paulo,3550308,São Paulo,3522114727660,2022-11-20,2023-01-06,355030,,17
2023,1,SP,São Paulo,3550308,São Paulo,3522114727736,2022-12-14,2022-12-14,355030,,0
2023,1,SP,São Paulo,3550308,São Paulo,3522114728396,2022-12-08,2023-01-30,355030,,0
2023,1,SP,São Paulo,3550308,São Paulo,3522114728396,2022-12-08,2023-01-30,355030,,1
2023,1,SP,São Paulo,3550308,São Paulo,3522114728550,2022-12-09,2023-01-01,355030,,0
2023,1,SP,São Paulo,3551702,Sertãozinho,3522116667840,2023-01-31,2023-01-31,355170,,1
2023,1,SP,São Paulo,3551702,Sertãozinho,3522116667840,2023-01-31,2023-01-31,355170,,0
2023,1,SP,São Paulo,3551702,Sertãozinho,3522116667950,2023-01-19,2023-01-19,355170,,0
2023,1,SP,São Paulo,3551702,Sertãozinho,3522116667960,2023-01-19,2023-01-19,355170,,0
2023,1,SP,São Paulo,3518701,Guarujá,3522116768412,2022-12-28,2023-01-05,351870,,1
2023,1,SP,São Paulo,3518800,Guarulhos,3522116823379,2022-06-22,2022-08-01,351880,,0
2023,1,SP,São Paulo,3518800,Guarulhos,3522116823379,2022-06-22,2022-08-01,351880,,0
2023,1,SP,São Paulo,3549904,São José dos Campos,3522116856390,2022-05-20,2023-01-31,354990,,0
2023,1,SP,São Paulo,3550308,São Paulo,3522117215408,2022-12-22,2022-12-31,355030,,2
2023,1,SP,São Paulo,3550308,São Paulo,3522117215408,2022-12-22,2022-12-31,355030,126 SERVICO DE FISIOTERAPIA / 004 ASSISTENCIA FISIOTERAPEUTICA CARDIOVASCULARES E PNEUMOFUNCI,3
2023,1,SP,São Paulo,3550308,São Paulo,3522117215408,2022-12-22,2022-12-31,355030,126 SERVICO DE FISIOTERAPIA / 004 ASSISTENCIA FISIOTERAPEUTICA CARDIOVASCULARES E PNEUMOFUNCI,3
2023,1,SP,São Paulo,3550308,São Paulo,3522117215408,2022-12-22,2022-12-31,355030,,0
2023,1,SP,São Paulo,3550308,São Paulo,3522117215408,2022-12-22,2022-12-31,355030,126 SERVICO DE FISIOTERAPIA / 007 ASSISTENCIA FISIOTERAPEUTICA NAS ALTERACOES EM NEUROLOGIA,3
2023,1,SP,São Paulo,3550308,São Paulo,3522117215408,2022-12-22,2022-12-31,355030,126 SERVICO DE FISIOTERAPIA / 007 ASSISTENCIA FISIOTERAPEUTICA NAS ALTERACOES EM NEUROLOGIA,3
2023,1,SP,São Paulo,3550308,São Paulo,3522117215419,2022-12-29,2023-01-06,355030,,2
2023,1,SP,São Paulo,3550308,São Paulo,3522117215419,2022-12-29,2023-01-06,355030,,1
2023,1,SP,São Paulo,3550308,São Paulo,3522117215420,2022-12-31,2023-01-07,355030,,0
2023,1,SP,São Paulo,3550308,São Paulo,3522117215420,2022-12-31,2023-01-07,355030,,1
2023,1,SP,São Paulo,3550308,São Paulo,3522117215420,2022-12-31,2023-01-07,355030,126 SERVICO DE FISIOTERAPIA / 007 ASSISTENCIA FISIOTERAPEUTICA NAS ALTERACOES EM NEUROLOGIA,1
2023,1,SP,São Paulo,3550308,São Paulo,3522117215420,2022-12-31,2023-01-07,355030,126 SERVICO DE FISIOTERAPIA / 007 ASSISTENCIA FISIOTERAPEUTICA NAS ALTERACOES EM NEUROLOGIA,1
2023,1,SP,São Paulo,3550308,São Paulo,3522117215420,2022-12-31,2023-01-07,355030,,2
2023,1,SP,São Paulo,3550308,São Paulo,3522117215420,2022-12-31,2023-01-07,355030,,1
2023,1,SP,São Paulo,3550308,São Paulo,3522117215420,2022-12-31,2023-01-07,355030,126 SERVICO DE FISIOTERAPIA / 004 ASSISTENCIA FISIOTERAPEUTICA CARDIOVASCULARES E PNEUMOFUNCI,1
2023,1,SP,São Paulo,3550308,São Paulo,3522117215420,2022-12-31,2023-01-07,355030,126 SERVICO DE FISIOTERAPIA / 004 ASSISTENCIA FISIOTERAPEUTICA CARDIOVASCULARES E PNEUMOFUNCI,1
2023,1,SP,São Paulo,3550308,São Paulo,3522117215420,2022-12-31,2023-01-07,355030,126 SERVICO DE FISIOTERAPIA / 004 ASSISTENCIA FISIOTERAPEUTICA CARDIOVASCULARES E PNEUMOFUNCI,1
2023,1,SP,São Paulo,3550308,São Paulo,3522117215420,2022-12-31,2023-01-07,355030,126 SERVICO DE FISIOTERAPIA / 004 ASSISTENCIA FISIOTERAPEUTICA CARDIOVASCULARES E PNEUMOFUNCI,1
2023,1,SP,São Paulo,3550308,São Paulo,3522117215420,2022-12-31,2023-01-07,355030,126 SERVICO DE FISIOTERAPIA / 004 ASSISTENCIA FISIOTERAPEUTICA CARDIOVASCULARES E PNEUMOFUNCI,1
2023,1,SP,São Paulo,3550308,São Paulo,3522117215420,2022-12-31,2023-01-07,355030,126 SERVICO DE FISIOTERAPIA / 004 ASSISTENCIA FISIOTERAPEUTICA CARDIOVASCULARES E PNEUMOFUNCI,1
2023,1,SP,São Paulo,3550308,São Paulo,3522117215420,2022-12-31,2023-01-07,355030,,1
2023,1,SP,São Paulo,3550308,São Paulo,3522117215420,2022-12-31,2023-01-07,355030,,2
2023,1,SP,São Paulo,3550308,São Paulo,3522117215420,2022-12-31,2023-01-07,355030,,1
2023,1,SP,São Paulo,3550308,São Paulo,3522117215430,2022-11-21,2023-01-09,351880,126 SERVICO DE FISIOTERAPIA / 007 ASSISTENCIA FISIOTERAPEUTICA NAS ALTERACOES EM NEUROLOGIA,30
2023,1,SP,São Paulo,3550308,São Paulo,3522117215430,2022-11-21,2023-01-09,351880,126 SERVICO DE FISIOTERAPIA / 007 ASSISTENCIA FISIOTERAPEUTICA NAS ALTERACOES EM NEUROLOGIA,30
2023,1,SP,São Paulo,3550308,São Paulo,3522117215430,2022-11-21,2023-01-09,351880,,1
2023,1,SP,São Paulo,3550308,São Paulo,3522117215430,2022-11-21,2023-01-09,351880,,3
2023,1,SP,São Paulo,3550308,São Paulo,3522117215430,2022-11-21,2023-01-09,351880,126 SERVICO DE FISIOTERAPIA / 004 ASSISTENCIA FISIOTERAPEUTICA CARDIOVASCULARES E PNEUMOFUNCI,13
2023,1,SP,São Paulo,3550308,São Paulo,3522117215430,2022-11-21,2023-01-09,351880,126 SERVICO DE FISIOTERAPIA / 004 ASSISTENCIA FISIOTERAPEUTICA CARDIOVASCULARES E PNEUMOFUNCI,13
2023,1,SP,São Paulo,3550308,São Paulo,3522117215430,2022-11-21,2023-01-09,351880,126 SERVICO DE FISIOTERAPIA / 007 ASSISTENCIA FISIOTERAPEUTICA NAS ALTERACOES EM NEUROLOGIA,4
2023,1,SP,São Paulo,3550308,São Paulo,3522117215430,2022-11-21,2023-01-09,351880,126 SERVICO DE FISIOTERAPIA / 007 ASSISTENCIA FISIOTERAPEUTICA NAS ALTERACOES EM NEUROLOGIA,4
2023,1,SP,São Paulo,3550308,São Paulo,3522117215430,2022-11-21,2023-01-09,351880,126 SERVICO DE FISIOTERAPIA / 007 ASSISTENCIA FISIOTERAPEUTICA NAS ALTERACOES EM NEUROLOGIA,6
2023,1,SP,São Paulo,3550308,São Paulo,3522117215430,2022-11-21,2023-01-09,351880,126 SERVICO DE FISIOTERAPIA / 007 ASSISTENCIA FISIOTERAPEUTICA NAS ALTERACOES EM NEUROLOGIA,6
2023,1,SP,São Paulo,3550308,São Paulo,3522117215430,2022-11-21,2023-01-09,351880,,0
2023,1,SP,São Paulo,3550308,São Paulo,3522117215430,2022-11-21,2023-01-09,351880,,4
2023,1,SP,São Paulo,3550308,São Paulo,3522117215430,2022-11-21,2023-01-09,351880,,1
2023,1,SP,São Paulo,3550308,São Paulo,3522117215430,2022-11-21,2023-01-09,351880,126 SERVICO DE FISIOTERAPIA / 007 ASSISTENCIA FISIOTERAPEUTICA NAS ALTERACOES EM NEUROLOGIA,21
2023,1,SP,São Paulo,3550308,São Paulo,3522117215430,2022-11-21,2023-01-09,351880,126 SERVICO DE FISIOTERAPIA / 007 ASSISTENCIA FISIOTERAPEUTICA NAS ALTERACOES EM NEUROLOGIA,21
2023,1,SP,São Paulo,3550308,São Paulo,3522117215430,2022-11-21,2023-01-09,351880,126 SERVICO DE FISIOTERAPIA / 007 ASSISTENCIA FISIOTERAPEUTICA NAS ALTERACOES EM NEUROLOGIA,1
2023,1,SP,São Paulo,3550308,São Paulo,3522117215430,2022-11-21,2023-01-09,351880,126 SERVICO DE FISIOTERAPIA / 007 ASSISTENCIA FISIOTERAPEUTICA NAS ALTERACOES EM NEUROLOGIA,1
2023,1,SP,São Paulo,3550308,São Paulo,3522117215430,2022-11-21,2023-01-09,351880,,3
2023,1,SP,São Paulo,3550308,São Paulo,3522117215430,2022-11-21,2023-01-09,351880,126 SERVICO DE FISIOTERAPIA / 007 ASSISTENCIA FISIOTERAPEUTICA NAS ALTERACOES EM NEUROLOGIA,6
2023,1,SP,São Paulo,3550308,São Paulo,3522117215430,2022-11-21,2023-01-09,351880,126 SERVICO DE FISIOTERAPIA / 007 ASSISTENCIA FISIOTERAPEUTICA NAS ALTERACOES EM NEUROLOGIA,6
2023,1,SP,São Paulo,3550308,São Paulo,3522117215430,2022-11-21,2023-01-09,351880,126 SERVICO DE FISIOTERAPIA / 007 ASSISTENCIA FISIOTERAPEUTICA NAS ALTERACOES EM NEUROLOGIA,7
2023,1,SP,São Paulo,3550308,São Paulo,3522117215430,2022-11-21,2023-01-09,351880,126 SERVICO DE FISIOTERAPIA / 007 ASSISTENCIA FISIOTERAPEUTICA NAS ALTERACOES EM NEUROLOGIA,7
2023,1,SP,São Paulo,3550308,São Paulo,3522117215430,2022-11-21,2023-01-09,351880,,3
2023,1,SP,São Paulo,3550308,São Paulo,3522117215430,2022-11-21,2023-01-09,351880,,1
2023,1,SP,São Paulo,3550308,São Paulo,3522117215430,2022-11-21,2023-01-09,351880,126 SERVICO DE FISIOTERAPIA / 007 ASSISTENCIA FISIOTERAPEUTICA NAS ALTERACOES EM NEUROLOGIA,4
2023,1,SP,São Paulo,3550308,São Paulo,3522117215430,2022-11-21,2023-01-09,351880,126 SERVICO DE FISIOTERAPIA / 007 ASSISTENCIA FISIOTERAPEUTICA NAS ALTERACOES EM NEUROLOGIA,4
2023,1,SP,São Paulo,3550308,São Paulo,3522117215430,2022-11-21,2023-01-09,351880,126 SERVICO DE FISIOTERAPIA / 007 ASSISTENCIA FISIOTERAPEUTICA NAS ALTERACOES EM NEUROLOGIA,3
2023,1,SP,São Paulo,3550308,São Paulo,3522117215430,2022-11-21,2023-01-09,351880,126 SERVICO DE FISIOTERAPIA / 007 ASSISTENCIA FISIOTERAPEUTICA NAS ALTERACOES EM NEUROLOGIA,3
2023,1,SP,São Paulo,3550308,São Paulo,3522117215441,2022-12-31,2023-01-06,355030,,1
2023,1,SP,São Paulo,3550308,São Paulo,3522117215441,2022-12-31,2023-01-06,355030,,2
2023,1,SP,São Paulo,3550308,São Paulo,3522117215441,2022-12-31,2023-01-06,355030,,1
2023,1,SP,São Paulo,3550308,São Paulo,3522117215441,2022-12-31,2023-01-06,355030,,1
2023,1,SP,São Paulo,3550308,São Paulo,3522117215441,2022-12-31,2023-01-06,355030,,1
2023,1,SP,São Paulo,3550308,São Paulo,3522117215452,2022-12-27,2023-01-06,355030,,1
2023,1,SP,São Paulo,3550308,São Paulo,3522117215452,2022-12-27,2023-01-06,355030,,1
2023,1,SP,São Paulo,3550308,São Paulo,3522117215463,2022-11-30,2023-01-05,355030,126 SERVICO DE FISIOTERAPIA / 004 ASSISTENCIA FISIOTERAPEUTICA CARDIOVASCULARES E PNEUMOFUNCI,10
2023,1,SP,São Paulo,3550308,São Paulo,3522117215463,2022-11-30,2023-01-05,355030,126 SERVICO DE FISIOTERAPIA / 004 ASSISTENCIA FISIOTERAPEUTICA CARDIOVASCULARES E PNEUMOFUNCI,10
2023,1,SP,São Paulo,3550308,São Paulo,3522117215463,2022-11-30,2023-01-05,355030,126 SERVICO DE FISIOTERAPIA / 004 ASSISTENCIA FISIOTERAPEUTICA CARDIOVASCULARES E PNEUMOFUNCI,1
2023,1,SP,São Paulo,3550308,São Paulo,3522117215463,2022-11-30,2023-01-05,355030,126 SERVICO DE FISIOTERAPIA / 004 ASSISTENCIA FISIOTERAPEUTICA CARDIOVASCULARES E PNEUMOFUNCI,1
2023,1,SP,São Paulo,3550308,São Paulo,3522117215463,2022-11-30,2023-01-05,355030,126 SERVICO DE FISIOTERAPIA / 007 ASSISTENCIA FISIOTERAPEUTICA NAS ALTERACOES EM NEUROLOGIA,3
2023,1,SP,São Paulo,3550308,São Paulo,3522117215463,2022-11-30,2023-01-05,355030,126 SERVICO DE FISIOTERAPIA / 007 ASSISTENCIA FISIOTERAPEUTICA NAS ALTERACOES EM NEUROLOGIA,3
2023,1,SP,São Paulo,3550308,São Paulo,3522117215463,2022-11-30,2023-01-05,355030,,2
2023,1,SP,São Paulo,3550308,São Paulo,3522117215463,2022-11-30,2023-01-05,355030,126 SERVICO DE FISIOTERAPIA / 007 ASSISTENCIA FISIOTERAPEUTICA NAS ALTERACOES EM NEUROLOGIA,2
2023,1,SP,São Paulo,3550308,São Paulo,3522117215463,2022-11-30,2023-01-05,355030,126 SERVICO DE FISIOTERAPIA / 007 ASSISTENCIA FISIOTERAPEUTICA NAS ALTERACOES EM NEUROLOGIA,2
2023,1,SP,São Paulo,3550308,São Paulo,3522117215463,2022-11-30,2023-01-05,355030,126 SERVICO DE FISIOTERAPIA / 007 ASSISTENCIA FISIOTERAPEUTICA NAS ALTERACOES EM NEUROLOGIA,1
2023,1,SP,São Paulo,3550308,São Paulo,3522117215463,2022-11-30,2023-01-05,355030,126 SERVICO DE FISIOTERAPIA / 007 ASSISTENCIA FISIOTERAPEUTICA NAS ALTERACOES EM NEUROLOGIA,1
2023,1,SP,São Paulo,3550308,São Paulo,3522117215463,2022-11-30,2023-01-05,355030,126 SERVICO DE FISIOTERAPIA / 004 ASSISTENCIA FISIOTERAPEUTICA CARDIOVASCULARES E PNEUMOFUNCI,1
2023,1,SP,São Paulo,3550308,São Paulo,3522117215463,2022-11-30,2023-01-05,355030,126 SERVICO DE FISIOTERAPIA / 004 ASSISTENCIA FISIOTERAPEUTICA CARDIOVASCULARES E PNEUMOFUNCI,1
2023,1,SP,São Paulo,3550308,São Paulo,3522117215463,2022-11-30,2023-01-05,355030,126 SERVICO DE FISIOTERAPIA / 007 ASSISTENCIA FISIOTERAPEUTICA NAS ALTERACOES EM NEUROLOGIA,4
2023,1,SP,São Paulo,3550308,São Paulo,3522117215463,2022-11-30,2023-01-05,355030,126 SERVICO DE FISIOTERAPIA / 007 ASSISTENCIA FISIOTERAPEUTICA NAS ALTERACOES EM NEUROLOGIA,4
2023,1,SP,São Paulo,3550308,São Paulo,3522117215463,2022-11-30,2023-01-05,355030,,1
2023,1,SP,São Paulo,3550308,São Paulo,3522117215463,2022-11-30,2023-01-05,355030,126 SERVICO DE FISIOTERAPIA / 007 ASSISTENCIA FISIOTERAPEUTICA NAS ALTERACOES EM NEUROLOGIA,15
2023,1,SP,São Paulo,3550308,São Paulo,3522117215463,2022-11-30,2023-01-05,355030,126 SERVICO DE FISIOTERAPIA / 007 ASSISTENCIA FISIOTERAPEUTICA NAS ALTERACOES EM NEUROLOGIA,15
2023,1,SP,São Paulo,3550308,São Paulo,3522117215463,2022-11-30,2023-01-05,355030,,4
2023,1,SP,São Paulo,3550308,São Paulo,3522117215463,2022-11-30,2023-01-05,355030,,1
2023,1,SP,São Paulo,3550308,São Paulo,3522117215474,2022-12-29,2023-01-06,355030,,1
2023,1,SP,São Paulo,3550308,São Paulo,3522117215485,2022-12-26,2023-01-09,355030,,1
2023,1,SP,São Paulo,3550308,São Paulo,3522117215485,2022-12-26,2023-01-09,355030,,2
2023,1,SP,São Paulo,3550308,São Paulo,3522117215485,2022-12-26,2023-01-09,355030,,0
2023,1,SP,São Paulo,3550308,São Paulo,3522117215496,2022-12-30,2023-01-07,355030,,2
2023,1,SP,São Paulo,3550308,São Paulo,3522117215496,2022-12-30,2023-01-07,355030,,0
2023,1,SP,São Paulo,3550308,São Paulo,3522117215496,2022-12-30,2023-01-07,355030,,0
2023,1,SP,São Paulo,3550308,São Paulo,3522117215496,2022-12-30,2023-01-07,355030,,0
2023,1,SP,São Paulo,3550308,São Paulo,3522117215496,2022-12-30,2023-01-07,355030,,1
2023,1,SP,São Paulo,3550308,São Paulo,3522117215496,2022-12-30,2023-01-07,355030,,0
2023,1,SP,São Paulo,3550308,São Paulo,3522117215496,2022-12-30,2023-01-07,355030,,2
2023,1,SP,São Paulo,3550308,São Paulo,3522117215507,2022-12-25,2023-01-07,355030,126 SERVICO DE FISIOTERAPIA / 007 ASSISTENCIA FISIOTERAPEUTICA NAS ALTERACOES EM NEUROLOGIA,1
2023,1,SP,São Paulo,3550308,São Paulo,3522117215507,2022-12-25,2023-01-07,355030,126 SERVICO DE FISIOTERAPIA / 007 ASSISTENCIA FISIOTERAPEUTICA NAS ALTERACOES EM NEUROLOGIA,1
2023,1,SP,São Paulo,3550308,São Paulo,3522117215507,2022-12-25,2023-01-07,355030,126 SERVICO DE FISIOTERAPIA / 007 ASSISTENCIA FISIOTERAPEUTICA NAS ALTERACOES EM NEUROLOGIA,1
2023,1,SP,São Paulo,3550308,São Paulo,3522117215507,2022-12-25,2023-01-07,355030,126 SERVICO DE FISIOTERAPIA / 007 ASSISTENCIA FISIOTERAPEUTICA NAS ALTERACOES EM NEUROLOGIA,1
2023,1,SP,São Paulo,3550308,São Paulo,3522117215507,2022-12-25,2023-01-07,355030,126 SERVICO DE FISIOTERAPIA / 004 ASSISTENCIA FISIOTERAPEUTICA CARDIOVASCULARES E PNEUMOFUNCI,2
2023,1,SP,São Paulo,3550308,São Paulo,3522117215507,2022-12-25,2023-01-07,355030,126 SERVICO DE FISIOTERAPIA / 004 ASSISTENCIA FISIOTERAPEUTICA CARDIOVASCULARES E PNEUMOFUNCI,2
2023,1,SP,São Paulo,3550308,São Paulo,3522117215507,2022-12-25,2023-01-07,355030,126 SERVICO DE FISIOTERAPIA / 007 ASSISTENCIA FISIOTERAPEUTICA NAS ALTERACOES EM NEUROLOGIA,1
2023,1,SP,São Paulo,3550308,São Paulo,3522117215507,2022-12-25,2023-01-07,355030,126 SERVICO DE FISIOTERAPIA / 007 ASSISTENCIA FISIOTERAPEUTICA NAS ALTERACOES EM NEUROLOGIA,1
2023,1,SP,São Paulo,3550308,São Paulo,3522117215507,2022-12-25,2023-01-07,355030,126 SERVICO DE FISIOTERAPIA / 004 ASSISTENCIA FISIOTERAPEUTICA CARDIOVASCULARES E PNEUMOFUNCI,1
2023,1,SP,São Paulo,3550308,São Paulo,3522117215507,2022-12-25,2023-01-07,355030,126 SERVICO DE FISIOTERAPIA / 004 ASSISTENCIA FISIOTERAPEUTICA CARDIOVASCULARES E PNEUMOFUNCI,1
2023,1,SP,São Paulo,3550308,São Paulo,3522117215507,2022-12-25,2023-01-07,355030,126 SERVICO DE FISIOTERAPIA / 007 ASSISTENCIA FISIOTERAPEUTICA NAS ALTERACOES EM NEUROLOGIA,1
2023,1,SP,São Paulo,3550308,São Paulo,3522117215507,2022-12-25,2023-01-07,355030,126 SERVICO DE FISIOTERAPIA / 007 ASSISTENCIA FISIOTERAPEUTICA NAS ALTERACOES EM NEUROLOGIA,1
2023,1,SP,São Paulo,3550308,São Paulo,3522117215507,2022-12-25,2023-01-07,355030,126 SERVICO DE FISIOTERAPIA / 007 ASSISTENCIA FISIOTERAPEUTICA NAS ALTERACOES EM NEUROLOGIA,1
2023,1,SP,São Paulo,3550308,São Paulo,3522117215507,2022-12-25,2023-01-07,355030,126 SERVICO DE FISIOTERAPIA / 007 ASSISTENCIA FISIOTERAPEUTICA NAS ALTERACOES EM NEUROLOGIA,1
2023,1,SP,São Paulo,3550308,São Paulo,3522117215507,2022-12-25,2023-01-07,355030,126 SERVICO DE FISIOTERAPIA / 007 ASSISTENCIA FISIOTERAPEUTICA NAS ALTERACOES EM NEUROLOGIA,1
2023,1,SP,São Paulo,3550308,São Paulo,3522117215507,2022-12-25,2023-01-07,355030,126 SERVICO DE FISIOTERAPIA / 007 ASSISTENCIA FISIOTERAPEUTICA NAS ALTERACOES EM NEUROLOGIA,1
2023,1,SP,São Paulo,3550308,São Paulo,3522117215507,2022-12-25,2023-01-07,355030,126 SERVICO DE FISIOTERAPIA / 007 ASSISTENCIA FISIOTERAPEUTICA NAS ALTERACOES EM NEUROLOGIA,1
2023,1,SP,São Paulo,3550308,São Paulo,3522117215507,2022-12-25,2023-01-07,355030,126 SERVICO DE FISIOTERAPIA / 007 ASSISTENCIA FISIOTERAPEUTICA NAS ALTERACOES EM NEUROLOGIA,1
2023,1,SP,São Paulo,3550308,São Paulo,3522117215507,2022-12-25,2023-01-07,355030,126 SERVICO DE FISIOTERAPIA / 007 ASSISTENCIA FISIOTERAPEUTICA NAS ALTERACOES EM NEUROLOGIA,1
2023,1,SP,São Paulo,3550308,São Paulo,3522117215507,2022-12-25,2023-01-07,355030,126 SERVICO DE FISIOTERAPIA / 007 ASSISTENCIA FISIOTERAPEUTICA NAS ALTERACOES EM NEUROLOGIA,1
2023,1,SP,São Paulo,3550308,São Paulo,3522117215507,2022-12-25,2023-01-07,355030,,1
2023,1,SP,São Paulo,3550308,São Paulo,3522117215507,2022-12-25,2023-01-07,355030,126 SERVICO DE FISIOTERAPIA / 007 ASSISTENCIA FISIOTERAPEUTICA NAS ALTERACOES EM NEUROLOGIA,2
2023,1,SP,São Paulo,3550308,São Paulo,3522117215507,2022-12-25,2023-01-07,355030,126 SERVICO DE FISIOTERAPIA / 007 ASSISTENCIA FISIOTERAPEUTICA NAS ALTERACOES EM NEUROLOGIA,2
2023,1,SP,São Paulo,3550308,São Paulo,3522117215507,2022-12-25,2023-01-07,355030,126 SERVICO DE FISIOTERAPIA / 004 ASSISTENCIA FISIOTERAPEUTICA CARDIOVASCULARES E PNEUMOFUNCI,1
2023,1,SP,São Paulo,3550308,São Paulo,3522117215507,2022-12-25,2023-01-07,355030,126 SERVICO DE FISIOTERAPIA / 004 ASSISTENCIA FISIOTERAPEUTICA CARDIOVASCULARES E PNEUMOFUNCI,1
2023,1,SP,São Paulo,3550308,São Paulo,3522117215507,2022-12-25,2023-01-07,355030,126 SERVICO DE FISIOTERAPIA / 007 ASSISTENCIA FISIOTERAPEUTICA NAS ALTERACOES EM NEUROLOGIA,2
2023,1,SP,São Paulo,3550308,São Paulo,3522117215507,2022-12-25,2023-01-07,355030,126 SERVICO DE FISIOTERAPIA / 007 ASSISTENCIA FISIOTERAPEUTICA NAS ALTERACOES EM NEUROLOGIA,2
2023,1,SP,São Paulo,3550308,São Paulo,3522117215507,2022-12-25,2023-01-07,355030,126 SERVICO DE FISIOTERAPIA / 007 ASSISTENCIA FISIOTERAPEUTICA NAS ALTERACOES EM NEUROLOGIA,2
2023,1,SP,São Paulo,3550308,São Paulo,3522117215507,2022-12-25,2023-01-07,355030,126 SERVICO DE FISIOTERAPIA / 007 ASSISTENCIA FISIOTERAPEUTICA NAS ALTERACOES EM NEUROLOGIA,2
2023,1,SP,São Paulo,3550308,São Paulo,3522117215518,2022-11-19,2023-01-06,355030,,1
2023,1,SP,São Paulo,3550308,São Paulo,3522117215518,2022-11-19,2023-01-06,355030,,1
2023,1,SP,São Paulo,3550308,São Paulo,3522117215518,2022-11-19,2023-01-06,355030,,4
2023,1,SP,São Paulo,3550308,São Paulo,3522117215518,2022-11-19,2023-01-06,355030,,1
2023,1,SP,São Paulo,3550308,São Paulo,3522117215518,2022-11-19,2023-01-06,355030,,1
2023,1,SP,São Paulo,3550308,São Paulo,3522117215518,2022-11-19,2023-01-06,355030,,1
2023,1,SP,São Paulo,3550308,São Paulo,3522117215518,2022-11-19,2023-01-06,355030,,1
2023,1,SP,São Paulo,3550308,São Paulo,3522117215518,2022-11-19,2023-01-06,355030,126 SERVICO DE FISIOTERAPIA / 007 ASSISTENCIA FISIOTERAPEUTICA NAS ALTERACOES EM NEUROLOGIA,5
2023,1,SP,São Paulo,3550308,São Paulo,3522117215518,2022-11-19,2023-01-06,355030,126 SERVICO DE FISIOTERAPIA / 007 ASSISTENCIA FISIOTERAPEUTICA NAS ALTERACOES EM NEUROLOGIA,5
2023,1,SP,São Paulo,3550308,São Paulo,3522117215518,2022-11-19,2023-01-06,355030,,7
2023,1,SP,São Paulo,3550308,São Paulo,3522117215518,2022-11-19,2023-01-06,355030,126 SERVICO DE FISIOTERAPIA / 007 ASSISTENCIA FISIOTERAPEUTICA NAS ALTERACOES EM NEUROLOGIA,1
2023,1,SP,São Paulo,3550308,São Paulo,3522117215518,2022-11-19,2023-01-06,355030,126 SERVICO DE FISIOTERAPIA / 007 ASSISTENCIA FISIOTERAPEUTICA NAS ALTERACOES EM NEUROLOGIA,1
2023,1,SP,São Paulo,3550308,São Paulo,3522117215518,2022-11-19,2023-01-06,355030,,3
2023,1,SP,São Paulo,3550308,São Paulo,3522117215518,2022-11-19,2023-01-06,355030,126 SERVICO DE FISIOTERAPIA / 004 ASSISTENCIA FISIOTERAPEUTICA CARDIOVASCULARES E PNEUMOFUNCI,13
2023,1,SP,São Paulo,3550308,São Paulo,3522117215518,2022-11-19,2023-01-06,355030,126 SERVICO DE FISIOTERAPIA / 004 ASSISTENCIA FISIOTERAPEUTICA CARDIOVASCULARES E PNEUMOFUNCI,13
2023,1,SP,São Paulo,3550308,São Paulo,3522117215518,2022-11-19,2023-01-06,355030,126 SERVICO DE FISIOTERAPIA / 004 ASSISTENCIA FISIOTERAPEUTICA CARDIOVASCULARES E PNEUMOFUNCI,4
2023,1,SP,São Paulo,3550308,São Paulo,3522117215518,2022-11-19,2023-01-06,355030,126 SERVICO DE FISIOTERAPIA / 004 ASSISTENCIA FISIOTERAPEUTICA CARDIOVASCULARES E PNEUMOFUNCI,4
2023,1,SP,São Paulo,3550308,São Paulo,3522117215518,2022-11-19,2023-01-06,355030,,1
2023,1,SP,São Paulo,3550308,São Paulo,3522117215518,2022-11-19,2023-01-06,355030,126 SERVICO DE FISIOTERAPIA / 007 ASSISTENCIA FISIOTERAPEUTICA NAS ALTERACOES EM NEUROLOGIA,3
2023,1,SP,São Paulo,3550308,São Paulo,3522117215518,2022-11-19,2023-01-06,355030,126 SERVICO DE FISIOTERAPIA / 007 ASSISTENCIA FISIOTERAPEUTICA NAS ALTERACOES EM NEUROLOGIA,3
2023,1,SP,São Paulo,3550308,São Paulo,3522117215518,2022-11-19,2023-01-06,355030,126 SERVICO DE FISIOTERAPIA / 007 ASSISTENCIA FISIOTERAPEUTICA NAS ALTERACOES EM NEUROLOGIA,3
2023,1,SP,São Paulo,3550308,São Paulo,3522117215518,2022-11-19,2023-01-06,355030,126 SERVICO DE FISIOTERAPIA / 007 ASSISTENCIA FISIOTERAPEUTICA NAS ALTERACOES EM NEUROLOGIA,3
2023,1,SP,São Paulo,3550308,São Paulo,3522117215518,2022-11-19,2023-01-06,355030,,2
2023,1,SP,São Paulo,3550308,São Paulo,3522117215529,2022-12-23,2023-01-10,355030,,1
2023,1,SP,São Paulo,3550308,São Paulo,3522117215529,2022-12-23,2023-01-10,355030,126 SERVICO DE FISIOTERAPIA / 004 ASSISTENCIA FISIOTERAPEUTICA CARDIOVASCULARES E PNEUMOFUNCI,1
2023,1,SP,São Paulo,3550308,São Paulo,3522117215529,2022-12-23,2023-01-10,355030,126 SERVICO DE FISIOTERAPIA / 004 ASSISTENCIA FISIOTERAPEUTICA CARDIOVASCULARES E PNEUMOFUNCI,1
2023,1,SP,São Paulo,3550308,São Paulo,3522117215530,2022-11-19,2022-12-02,355030,,0
2023,1,SP,São Paulo,3550308,São Paulo,3522117215530,2022-11-19,2022-12-02,355030,126 SERVICO DE FISIOTERAPIA / 004 ASSISTENCIA FISIOTERAPEUTICA CARDIOVASCULARES E PNEUMOFUNCI,4
2023,1,SP,São Paulo,3550308,São Paulo,3522117215530,2022-11-19,2022-12-02,355030,126 SERVICO DE FISIOTERAPIA / 004 ASSISTENCIA FISIOTERAPEUTICA CARDIOVASCULARES E PNEUMOFUNCI,4
2023,1,SP,São Paulo,3550308,São Paulo,3522117215530,2022-11-19,2022-12-02,355030,126 SERVICO DE FISIOTERAPIA / 004 ASSISTENCIA FISIOTERAPEUTICA CARDIOVASCULARES E PNEUMOFUNCI,6
2023,1,SP,São Paulo,3550308,São Paulo,3522117215530,2022-11-19,2022-12-02,355030,126 SERVICO DE FISIOTERAPIA / 004 ASSISTENCIA FISIOTERAPEUTICA CARDIOVASCULARES E PNEUMOFUNCI,6
2023,1,SP,São Paulo,3550308,São Paulo,3522117215530,2022-11-19,2022-12-02,355030,,1
2023,1,SP,São Paulo,3550308,São Paulo,3522117215530,2022-11-19,2022-12-02,355030,,3
2023,1,SP,São Paulo,3550308,São Paulo,3522117215530,2022-11-19,2022-12-02,355030,,1
2023,1,SP,São Paulo,3550308,São Paulo,3522117215530,2022-11-19,2022-12-02,355030,126 SERVICO DE FISIOTERAPIA / 007 ASSISTENCIA FISIOTERAPEUTICA NAS ALTERACOES EM NEUROLOGIA,1
2023,1,SP,São Paulo,3550308,São Paulo,3522117215530,2022-11-19,2022-12-02,355030,126 SERVICO DE FISIOTERAPIA / 007 ASSISTENCIA FISIOTERAPEUTICA NAS ALTERACOES EM NEUROLOGIA,1
2023,1,SP,São Paulo,3550308,São Paulo,3522117215530,2022-11-19,2022-12-02,355030,,4
2023,1,SP,São Paulo,3550308,São Paulo,3522117215540,2022-12-29,2023-01-04,355030,,2
2023,1,SP,São Paulo,3550308,São Paulo,3522117215540,2022-12-29,2023-01-04,355030,,1
2023,1,SP,São Paulo,3550308,São Paulo,3522117215540,2022-12-29,2023-01-04,355030,,1
2023,1,SP,São Paulo,3550308,São Paulo,3522117215551,2022-12-30,2023-01-10,355030,126 SERVICO DE FISIOTERAPIA / 004 ASSISTENCIA FISIOTERAPEUTICA CARDIOVASCULARES E PNEUMOFUNCI,4
2023,1,SP,São Paulo,3550308,São Paulo,3522117215551,2022-12-30,2023-01-10,355030,126 SERVICO DE FISIOTERAPIA / 004 ASSISTENCIA FISIOTERAPEUTICA CARDIOVASCULARES E PNEUMOFUNCI,4
2023,1,SP,São Paulo,3550308,São Paulo,3522117215551,2022-12-30,2023-01-10,355030,,4
2023,1,SP,São Paulo,3550308,São Paulo,3522117215551,2022-12-30,2023-01-10,355030,,2
2023,1,SP,São Paulo,3550308,São Paulo,3522117215551,2022-12-30,2023-01-10,355030,,2
2023,1,SP,São Paulo,3550308,São Paulo,3522117215551,2022-12-30,2023-01-10,355030,,1
2023,1,SP,São Paulo,3550308,São Paulo,3522117215584,2022-12-30,2022-12-31,355030,,0
2023,1,SP,São Paulo,3550308,São Paulo,3522117215584,2022-12-30,2022-12-31,355030,,1
2023,1,SP,São Paulo,3550308,São Paulo,3522117215584,2022-12-30,2022-12-31,355030,,1
2023,1,SP,São Paulo,3550308,São Paulo,3522117215617,2022-12-26,2023-01-10,355030,,3
2023,1,SP,São Paulo,3550308,São Paulo,3522117215617,2022-12-26,2023-01-10,355030,,2
2023,1,SP,São Paulo,3550308,São Paulo,3522117215617,2022-12-26,2023-01-10,355030,,1
2023,1,SP,São Paulo,3550308,São Paulo,3522117215617,2022-12-26,2023-01-10,355030,126 SERVICO DE FISIOTERAPIA / 007 ASSISTENCIA FISIOTERAPEUTICA NAS ALTERACOES EM NEUROLOGIA,1
2023,1,SP,São Paulo,3550308,São Paulo,3522117215617,2022-12-26,2023-01-10,355030,126 SERVICO DE FISIOTERAPIA / 007 ASSISTENCIA FISIOTERAPEUTICA NAS ALTERACOES EM NEUROLOGIA,1
2023,1,SP,São Paulo,3550308,São Paulo,3522117215617,2022-12-26,2023-01-10,355030,,1
2023,1,SP,São Paulo,3550308,São Paulo,3522117215628,2022-12-29,2023-01-08,355030,,1
2023,1,SP,São Paulo,3550308,São Paulo,3522117215628,2022-12-29,2023-01-08,355030,,1
2023,1,SP,São Paulo,3550308,São Paulo,3522117215628,2022-12-29,2023-01-08,355030,,0
2023,1,SP,São Paulo,3550308,São Paulo,3522117215640,2022-12-31,2023-01-10,355030,,4
2023,1,SP,São Paulo,3550308,São Paulo,3522117215640,2022-12-31,2023-01-10,355030,,1
2023,1,SP,São Paulo,3550308,São Paulo,3522117215640,2022-12-31,2023-01-10,355030,,1
2023,1,SP,São Paulo,3550308,São Paulo,3522117215650,2022-12-30,2023-01-01,355030,,1
2023,1,SP,São Paulo,3550308,São Paulo,3522117215650,2022-12-30,2023-01-01,355030,,4
2023,1,SP,São Paulo,3550308,São Paulo,3522117215650,2022-12-30,2023-01-01,355030,,0
2023,1,SP,São Paulo,3550308,São Paulo,3522117215650,2022-12-30,2023-01-01,355030,,1
2023,1,SP,São Paulo,3550308,São Paulo,3522117215650,2022-12-30,2023-01-01,355030,,1
2023,1,SP,São Paulo,3550308,São Paulo,3522117215661,2022-12-17,2023-01-09,355030,,1
2023,1,SP,São Paulo,3550308,São Paulo,3522117215661,2022-12-17,2023-01-09,355030,,2
2023,1,SP,São Paulo,3550308,São Paulo,3522117215661,2022-12-17,2023-01-09,355030,,1
2023,1,SP,São Paulo,3550308,São Paulo,3522117215661,2022-12-17,2023-01-09,355030,,1
2023,1,SP,São Paulo,3550308,São Paulo,3522117215661,2022-12-17,2023-01-09,355030,,1
2023,1,SP,São Paulo,3550308,São Paulo,3522117215661,2022-12-17,2023-01-09,355030,,1
2023,1,SP,São Paulo,3550308,São Paulo,3522117215672,2022-12-17,2023-01-11,355030,126 SERVICO DE FISIOTERAPIA / 004 ASSISTENCIA FISIOTERAPEUTICA CARDIOVASCULARES E PNEUMOFUNCI,1
2023,1,SP,São Paulo,3550308,São Paulo,3522117215672,2022-12-17,2023-01-11,355030,126 SERVICO DE FISIOTERAPIA / 004 ASSISTENCIA FISIOTERAPEUTICA CARDIOVASCULARES E PNEUMOFUNCI,1
2023,1,SP,São Paulo,3550308,São Paulo,3522117215672,2022-12-17,2023-01-11,355030,126 SERVICO DE FISIOTERAPIA / 004 ASSISTENCIA FISIOTERAPEUTICA CARDIOVASCULARES E PNEUMOFUNCI,1
2023,1,SP,São Paulo,3550308,São Paulo,3522117215672,2022-12-17,2023-01-11,355030,126 SERVICO DE FISIOTERAPIA / 004 ASSISTENCIA FISIOTERAPEUTICA CARDIOVASCULARES E PNEUMOFUNCI,1
2023,1,SP,São Paulo,3550308,São Paulo,3522117215672,2022-12-17,2023-01-11,355030,126 SERVICO DE FISIOTERAPIA / 004 ASSISTENCIA FISIOTERAPEUTICA CARDIOVASCULARES E PNEUMOFUNCI,6
2023,1,SP,São Paulo,3550308,São Paulo,3522117215672,2022-12-17,2023-01-11,355030,126 SERVICO DE FISIOTERAPIA / 004 ASSISTENCIA FISIOTERAPEUTICA CARDIOVASCULARES E PNEUMOFUNCI,6
2023,1,SP,São Paulo,3550308,São Paulo,3522117215672,2022-12-17,2023-01-11,355030,,5
2023,1,SP,São Paulo,3550308,São Paulo,3522117215672,2022-12-17,2023-01-11,355030,,1
2023,1,SP,São Paulo,3550308,São Paulo,3522117215672,2022-12-17,2023-01-11,355030,,2
2023,1,SP,São Paulo,3550308,São Paulo,3522117215672,2022-12-17,2023-01-11,355030,,3
2023,1,SP,São Paulo,3550308,São Paulo,3522117215672,2022-12-17,2023-01-11,355030,126 SERVICO DE FISIOTERAPIA / 004 ASSISTENCIA FISIOTERAPEUTICA CARDIOVASCULARES E PNEUMOFUNCI,2
2023,1,SP,São Paulo,3550308,São Paulo,3522117215672,2022-12-17,2023-01-11,355030,126 SERVICO DE FISIOTERAPIA / 004 ASSISTENCIA FISIOTERAPEUTICA CARDIOVASCULARES E PNEUMOFUNCI,2
2023,1,SP,São Paulo,3550308,São Paulo,3522117215672,2022-12-17,2023-01-11,355030,,1
2023,1,SP,São Paulo,3550308,São Paulo,3522117215694,2022-12-19,2023-01-08,355030,126 SERVICO DE FISIOTERAPIA / 007 ASSISTENCIA FISIOTERAPEUTICA NAS ALTERACOES EM NEUROLOGIA,1
2023,1,SP,São Paulo,3550308,São Paulo,3522117215694,2022-12-19,2023-01-08,355030,126 SERVICO DE FISIOTERAPIA / 007 ASSISTENCIA FISIOTERAPEUTICA NAS ALTERACOES EM NEUROLOGIA,1
2023,1,SP,São Paulo,3550308,São Paulo,3522117215694,2022-12-19,2023-01-08,355030,126 SERVICO DE FISIOTERAPIA / 007 ASSISTENCIA FISIOTERAPEUTICA NAS ALTERACOES EM NEUROLOGIA,3
2023,1,SP,São Paulo,3550308,São Paulo,3522117215694,2022-12-19,2023-01-08,355030,126 SERVICO DE FISIOTERAPIA / 007 ASSISTENCIA FISIOTERAPEUTICA NAS ALTERACOES EM NEUROLOGIA,3
2023,1,SP,São Paulo,3550308,São Paulo,3522117215694,2022-12-19,2023-01-08,355030,126 SERVICO DE FISIOTERAPIA / 007 ASSISTENCIA FISIOTERAPEUTICA NAS ALTERACOES EM NEUROLOGIA,2
2023,1,SP,São Paulo,3550308,São Paulo,3522117215694,2022-12-19,2023-01-08,355030,126 SERVICO DE FISIOTERAPIA / 007 ASSISTENCIA FISIOTERAPEUTICA NAS ALTERACOES EM NEUROLOGIA,2
2023,1,SP,São Paulo,3550308,São Paulo,3522117215694,2022-12-19,2023-01-08,355030,126 SERVICO DE FISIOTERAPIA / 007 ASSISTENCIA FISIOTERAPEUTICA NAS ALTERACOES EM NEUROLOGIA,2
2023,1,SP,São Paulo,3550308,São Paulo,3522117215694,2022-12-19,2023-01-08,355030,126 SERVICO DE FISIOTERAPIA / 007 ASSISTENCIA FISIOTERAPEUTICA NAS ALTERACOES EM NEUROLOGIA,2
2023,1,SP,São Paulo,3550308,São Paulo,3522117215694,2022-12-19,2023-01-08,355030,,1
2023,1,SP,São Paulo,3550308,São Paulo,3522117215694,2022-12-19,2023-01-08,355030,,6
2023,1,SP,São Paulo,3550308,São Paulo,3522117215705,2022-12-25,2023-01-13,355030,,2
2023,1,SP,São Paulo,3550308,São Paulo,3522117215705,2022-12-25,2023-01-13,355030,,1
2023,1,SP,São Paulo,3550308,São Paulo,3522117215705,2022-12-25,2023-01-13,355030,,1
2023,1,SP,São Paulo,3550308,São Paulo,3522117215705,2022-12-25,2023-01-13,355030,126 SERVICO DE FISIOTERAPIA / 007 ASSISTENCIA FISIOTERAPEUTICA NAS ALTERACOES EM NEUROLOGIA,2
2023,1,SP,São Paulo,3550308,São Paulo,3522117215705,2022-12-25,2023-01-13,355030,126 SERVICO DE FISIOTERAPIA / 007 ASSISTENCIA FISIOTERAPEUTICA NAS ALTERACOES EM NEUROLOGIA,2
2023,1,SP,São Paulo,3550308,São Paulo,3522117215705,2022-12-25,2023-01-13,355030,126 SERVICO DE FISIOTERAPIA / 004 ASSISTENCIA FISIOTERAPEUTICA CARDIOVASCULARES E PNEUMOFUNCI,4
2023,1,SP,São Paulo,3550308,São Paulo,3522117215705,2022-12-25,2023-01-13,355030,126 SERVICO DE FISIOTERAPIA / 004 ASSISTENCIA FISIOTERAPEUTICA CARDIOVASCULARES E PNEUMOFUNCI,4
2023,1,SP,São Paulo,3550308,São Paulo,3522117215705,2022-12-25,2023-01-13,355030,126 SERVICO DE FISIOTERAPIA / 004 ASSISTENCIA FISIOTERAPEUTICA CARDIOVASCULARES E PNEUMOFUNCI,8
2023,1,SP,São Paulo,3550308,São Paulo,3522117215705,2022-12-25,2023-01-13,355030,126 SERVICO DE FISIOTERAPIA / 004 ASSISTENCIA FISIOTERAPEUTICA CARDIOVASCULARES E PNEUMOFUNCI,8
2023,1,SP,São Paulo,3550308,São Paulo,3522117215705,2022-12-25,2023-01-13,355030,,1
2023,1,SP,São Paulo,3550308,São Paulo,3522117215705,2022-12-25,2023-01-13,355030,,1
2023,1,SP,São Paulo,3550308,São Paulo,3522117215705,2022-12-25,2023-01-13,355030,126 SERVICO DE FISIOTERAPIA / 004 ASSISTENCIA FISIOTERAPEUTICA CARDIOVASCULARES E PNEUMOFUNCI,1
2023,1,SP,São Paulo,3550308,São Paulo,3522117215705,2022-12-25,2023-01-13,355030,126 SERVICO DE FISIOTERAPIA / 004 ASSISTENCIA FISIOTERAPEUTICA CARDIOVASCULARES E PNEUMOFUNCI,1
2023,1,SP,São Paulo,3550308,São Paulo,3522117215705,2022-12-25,2023-01-13,355030,126 SERVICO DE FISIOTERAPIA / 007 ASSISTENCIA FISIOTERAPEUTICA NAS ALTERACOES EM NEUROLOGIA,2
2023,1,SP,São Paulo,3550308,São Paulo,3522117215705,2022-12-25,2023-01-13,355030,126 SERVICO DE FISIOTERAPIA / 007 ASSISTENCIA FISIOTERAPEUTICA NAS ALTERACOES EM NEUROLOGIA,2
2023,1,SP,São Paulo,3550308,São Paulo,3522117215705,2022-12-25,2023-01-13,355030,,2
2023,1,SP,São Paulo,3550308,São Paulo,3522117215716,2022-12-24,2023-01-09,355030,126 SERVICO DE FISIOTERAPIA / 007 ASSISTENCIA FISIOTERAPEUTICA NAS ALTERACOES EM NEUROLOGIA,2
2023,1,SP,São Paulo,3550308,São Paulo,3522117215716,2022-12-24,2023-01-09,355030,126 SERVICO DE FISIOTERAPIA / 007 ASSISTENCIA FISIOTERAPEUTICA NAS ALTERACOES EM NEUROLOGIA,2
2023,1,SP,São Paulo,3550308,São Paulo,3522117215716,2022-12-24,2023-01-09,355030,,1
2023,1,SP,São Paulo,3550308,São Paulo,3522117215716,2022-12-24,2023-01-09,355030,,1
2023,1,SP,São Paulo,3550308,São Paulo,3522117215716,2022-12-24,2023-01-09,355030,,2
2023,1,SP,São Paulo,3550308,São Paulo,3522117215716,2022-12-24,2023-01-09,355030,,1
2023,1,SP,São Paulo,3550308,São Paulo,3522117215716,2022-12-24,2023-01-09,355030,126 SERVICO DE FISIOTERAPIA / 004 ASSISTENCIA FISIOTERAPEUTICA CARDIOVASCULARES E PNEUMOFUNCI,2
2023,1,SP,São Paulo,3550308,São Paulo,3522117215716,2022-12-24,2023-01-09,355030,126 SERVICO DE FISIOTERAPIA / 004 ASSISTENCIA FISIOTERAPEUTICA CARDIOVASCULARES E PNEUMOFUNCI,2
2023,1,SP,São Paulo,3550308,São Paulo,3522117215716,2022-12-24,2023-01-09,355030,,2
2023,1,SP,São Paulo,3550308,São Paulo,3522117215716,2022-12-24,2023-01-09,355030,,1
2023,1,SP,São Paulo,3550308,São Paulo,3522117215716,2022-12-24,2023-01-09,355030,,1
2023,1,SP,São Paulo,3550308,São Paulo,3522117215716,2022-12-24,2023-01-09,355030,126 SERVICO DE FISIOTERAPIA / 007 ASSISTENCIA FISIOTERAPEUTICA NAS ALTERACOES EM NEUROLOGIA,3
2023,1,SP,São Paulo,3550308,São Paulo,3522117215716,2022-12-24,2023-01-09,355030,126 SERVICO DE FISIOTERAPIA / 007 ASSISTENCIA FISIOTERAPEUTICA NAS ALTERACOES EM NEUROLOGIA,3
2023,1,SP,São Paulo,3550308,São Paulo,3522117215727,2022-12-27,2023-01-10,355030,,1
2023,1,SP,São Paulo,3550308,São Paulo,3522117215727,2022-12-27,2023-01-10,355030,,0
2023,1,SP,São Paulo,3550308,São Paulo,3522117215727,2022-12-27,2023-01-10,355030,,1
2023,1,SP,São Paulo,3550308,São Paulo,3522117215738,2022-12-30,2023-01-14,355030,126 SERVICO DE FISIOTERAPIA / 004 ASSISTENCIA FISIOTERAPEUTICA CARDIOVASCULARES E PNEUMOFUNCI,2
2023,1,SP,São Paulo,3550308,São Paulo,3522117215738,2022-12-30,2023-01-14,355030,126 SERVICO DE FISIOTERAPIA / 004 ASSISTENCIA FISIOTERAPEUTICA CARDIOVASCULARES E PNEUMOFUNCI,2
2023,1,SP,São Paulo,3550308,São Paulo,3522117215738,2022-12-30,2023-01-14,355030,126 SERVICO DE FISIOTERAPIA / 004 ASSISTENCIA FISIOTERAPEUTICA CARDIOVASCULARES E PNEUMOFUNCI,2
2023,1,SP,São Paulo,3550308,São Paulo,3522117215738,2022-12-30,2023-01-14,355030,126 SERVICO DE FISIOTERAPIA / 004 ASSISTENCIA FISIOTERAPEUTICA CARDIOVASCULARES E PNEUMOFUNCI,2
2023,1,SP,São Paulo,3550308,São Paulo,3522117215738,2022-12-30,2023-01-14,355030,,1
2023,1,SP,São Paulo,3550308,São Paulo,3522117215738,2022-12-30,2023-01-14,355030,,1
2023,1,SP,São Paulo,3550308,São Paulo,3522117215738,2022-12-30,2023-01-14,355030,126 SERVICO DE FISIOTERAPIA / 004 ASSISTENCIA FISIOTERAPEUTICA CARDIOVASCULARES E PNEUMOFUNCI,1
2023,1,SP,São Paulo,3550308,São Paulo,3522117215738,2022-12-30,2023-01-14,355030,126 SERVICO DE FISIOTERAPIA / 004 ASSISTENCIA FISIOTERAPEUTICA CARDIOVASCULARES E PNEUMOFUNCI,1
2023,1,SP,São Paulo,3550308,São Paulo,3522117215738,2022-12-30,2023-01-14,355030,,2
2023,1,SP,São Paulo,3550308,São Paulo,3522117215749,2022-12-19,2023-01-11,355030,,6
2023,1,SP,São Paulo,3550308,São Paulo,3522117215749,2022-12-19,2023-01-11,355030,,1
2023,1,SP,São Paulo,3550308,São Paulo,3522117215749,2022-12-19,2023-01-11,355030,,2
2023,1,SP,São Paulo,3550308,São Paulo,3522117215750,2022-12-23,2023-01-11,351880,,1
2023,1,SP,São Paulo,3550308,São Paulo,3522117215750,2022-12-23,2023-01-11,351880,126 SERVICO DE FISIOTERAPIA / 007 ASSISTENCIA FISIOTERAPEUTICA NAS ALTERACOES EM NEUROLOGIA,4
2023,1,SP,São Paulo,3550308,São Paulo,3522117215750,2022-12-23,2023-01-11,351880,126 SERVICO DE FISIOTERAPIA / 007 ASSISTENCIA FISIOTERAPEUTICA NAS ALTERACOES EM NEUROLOGIA,4
2023,1,SP,São Paulo,3550308,São Paulo,3522117215750,2022-12-23,2023-01-11,351880,126 SERVICO DE FISIOTERAPIA / 007 ASSISTENCIA FISIOTERAPEUTICA NAS ALTERACOES EM NEUROLOGIA,4
2023,1,SP,São Paulo,3550308,São Paulo,3522117215750,2022-12-23,2023-01-11,351880,126 SERVICO DE FISIOTERAPIA / 007 ASSISTENCIA FISIOTERAPEUTICA NAS ALTERACOES EM NEUROLOGIA,4
2023,1,SP,São Paulo,3550308,São Paulo,3522117215750,2022-12-23,2023-01-11,351880,126 SERVICO DE FISIOTERAPIA / 004 ASSISTENCIA FISIOTERAPEUTICA CARDIOVASCULARES E PNEUMOFUNCI,2
2023,1,SP,São Paulo,3550308,São Paulo,3522117215750,2022-12-23,2023-01-11,351880,126 SERVICO DE FISIOTERAPIA / 004 ASSISTENCIA FISIOTERAPEUTICA CARDIOVASCULARES E PNEUMOFUNCI,2
2023,1,SP,São Paulo,3550308,São Paulo,3522117215750,2022-12-23,2023-01-11,351880,126 SERVICO DE FISIOTERAPIA / 004 ASSISTENCIA FISIOTERAPEUTICA CARDIOVASCULARES E PNEUMOFUNCI,2
2023,1,SP,São Paulo,3550308,São Paulo,3522117215750,2022-12-23,2023-01-11,351880,126 SERVICO DE FISIOTERAPIA / 004 ASSISTENCIA FISIOTERAPEUTICA CARDIOVASCULARES E PNEUMOFUNCI,2
2023,1,SP,São Paulo,3550308,São Paulo,3522117215750,2022-12-23,2023-01-11,351880,126 SERVICO DE FISIOTERAPIA / 004 ASSISTENCIA FISIOTERAPEUTICA CARDIOVASCULARES E PNEUMOFUNCI,2
2023,1,SP,São Paulo,3550308,São Paulo,3522117215750,2022-12-23,2023-01-11,351880,126 SERVICO DE FISIOTERAPIA / 004 ASSISTENCIA FISIOTERAPEUTICA CARDIOVASCULARES E PNEUMOFUNCI,2
2023,1,SP,São Paulo,3550308,São Paulo,3522117215750,2022-12-23,2023-01-11,351880,126 SERVICO DE FISIOTERAPIA / 007 ASSISTENCIA FISIOTERAPEUTICA NAS ALTERACOES EM NEUROLOGIA,2
2023,1,SP,São Paulo,3550308,São Paulo,3522117215750,2022-12-23,2023-01-11,351880,126 SERVICO DE FISIOTERAPIA / 007 ASSISTENCIA FISIOTERAPEUTICA NAS ALTERACOES EM NEUROLOGIA,2
2023,1,SP,São Paulo,3550308,São Paulo,3522117215750,2022-12-23,2023-01-11,351880,,2
2023,1,SP,São Paulo,3550308,São Paulo,3522117215750,2022-12-23,2023-01-11,351880,126 SERVICO DE FISIOTERAPIA / 004 ASSISTENCIA FISIOTERAPEUTICA CARDIOVASCULARES E PNEUMOFUNCI,1
2023,1,SP,São Paulo,3550308,São Paulo,3522117215750,2022-12-23,2023-01-11,351880,126 SERVICO DE FISIOTERAPIA / 004 ASSISTENCIA FISIOTERAPEUTICA CARDIOVASCULARES E PNEUMOFUNCI,1
2023,1,SP,São Paulo,3550308,São Paulo,3522117215750,2022-12-23,2023-01-11,351880,,5
2023,1,SP,São Paulo,3550308,São Paulo,3522117215750,2022-12-23,2023-01-11,351880,,1
2023,1,SP,São Paulo,3550308,São Paulo,3522117215760,2022-12-26,2023-01-10,355030,126 SERVICO DE FISIOTERAPIA / 007 ASSISTENCIA FISIOTERAPEUTICA NAS ALTERACOES EM NEUROLOGIA,1
2023,1,SP,São Paulo,3550308,São Paulo,3522117215760,2022-12-26,2023-01-10,355030,126 SERVICO DE FISIOTERAPIA / 007 ASSISTENCIA FISIOTERAPEUTICA NAS ALTERACOES EM NEUROLOGIA,1
2023,1,SP,São Paulo,3550308,São Paulo,3522117215760,2022-12-26,2023-01-10,355030,,2
2023,1,SP,São Paulo,3550308,São Paulo,3522117215760,2022-12-26,2023-01-10,355030,126 SERVICO DE FISIOTERAPIA / 007 ASSISTENCIA FISIOTERAPEUTICA NAS ALTERACOES EM NEUROLOGIA,1
2023,1,SP,São Paulo,3550308,São Paulo,3522117215760,2022-12-26,2023-01-10,355030,126 SERVICO DE FISIOTERAPIA / 007 ASSISTENCIA FISIOTERAPEUTICA NAS ALTERACOES EM NEUROLOGIA,1
2023,1,SP,São Paulo,3550308,São Paulo,3522117215760,2022-12-26,2023-01-10,355030,126 SERVICO DE FISIOTERAPIA / 007 ASSISTENCIA FISIOTERAPEUTICA NAS ALTERACOES EM NEUROLOGIA,5
2023,1,SP,São Paulo,3550308,São Paulo,3522117215760,2022-12-26,2023-01-10,355030,126 SERVICO DE FISIOTERAPIA / 007 ASSISTENCIA FISIOTERAPEUTICA NAS ALTERACOES EM NEUROLOGIA,5
2023,1,SP,São Paulo,3550308,São Paulo,3522117215760,2022-12-26,2023-01-10,355030,126 SERVICO DE FISIOTERAPIA / 007 ASSISTENCIA FISIOTERAPEUTICA NAS ALTERACOES EM NEUROLOGIA,1
2023,1,SP,São Paulo,3550308,São Paulo,3522117215760,2022-12-26,2023-01-10,355030,126 SERVICO DE FISIOTERAPIA / 007 ASSISTENCIA FISIOTERAPEUTICA NAS ALTERACOES EM NEUROLOGIA,1
2023,1,SP,São Paulo,3550308,São Paulo,3522117215760,2022-12-26,2023-01-10,355030,126 SERVICO DE FISIOTERAPIA / 007 ASSISTENCIA FISIOTERAPEUTICA NAS ALTERACOES EM NEUROLOGIA,2
2023,1,SP,São Paulo,3550308,São Paulo,3522117215760,2022-12-26,2023-01-10,355030,126 SERVICO DE FISIOTERAPIA / 007 ASSISTENCIA FISIOTERAPEUTICA NAS ALTERACOES EM NEUROLOGIA,2
2023,1,SP,São Paulo,3550308,São Paulo,3522117215760,2022-12-26,2023-01-10,355030,,1
2023,1,SP,São Paulo,3550308,São Paulo,3522117215760,2022-12-26,2023-01-10,355030,,1
2023,1,SP,São Paulo,3550308,São Paulo,3522117215760,2022-12-26,2023-01-10,355030,126 SERVICO DE FISIOTERAPIA / 007 ASSISTENCIA FISIOTERAPEUTICA NAS ALTERACOES EM NEUROLOGIA,1
2023,1,SP,São Paulo,3550308,São Paulo,3522117215760,2022-12-26,2023-01-10,355030,126 SERVICO DE FISIOTERAPIA / 007 ASSISTENCIA FISIOTERAPEUTICA NAS ALTERACOES EM NEUROLOGIA,1
2023,1,SP,São Paulo,3550308,São Paulo,3522117215760,2022-12-26,2023-01-10,355030,,1
2023,1,SP,São Paulo,3550308,São Paulo,3522117215760,2022-12-26,2023-01-10,355030,126 SERVICO DE FISIOTERAPIA / 007 ASSISTENCIA FISIOTERAPEUTICA NAS ALTERACOES EM NEUROLOGIA,1
2023,1,SP,São Paulo,3550308,São Paulo,3522117215760,2022-12-26,2023-01-10,355030,126 SERVICO DE FISIOTERAPIA / 007 ASSISTENCIA FISIOTERAPEUTICA NAS ALTERACOES EM NEUROLOGIA,1
2023,1,SP,São Paulo,3550308,São Paulo,3522117215760,2022-12-26,2023-01-10,355030,126 SERVICO DE FISIOTERAPIA / 007 ASSISTENCIA FISIOTERAPEUTICA NAS ALTERACOES EM NEUROLOGIA,2
2023,1,SP,São Paulo,3550308,São Paulo,3522117215760,2022-12-26,2023-01-10,355030,126 SERVICO DE FISIOTERAPIA / 007 ASSISTENCIA FISIOTERAPEUTICA NAS ALTERACOES EM NEUROLOGIA,2
2023,1,SP,São Paulo,3550308,São Paulo,3522117215760,2022-12-26,2023-01-10,355030,,1
2023,1,SP,São Paulo,3550308,São Paulo,3522117215771,2022-12-22,2023-01-13,355030,,1
2023,1,SP,São Paulo,3550308,São Paulo,3522117215782,2022-12-17,2023-01-13,355030,126 SERVICO DE FISIOTERAPIA / 004 ASSISTENCIA FISIOTERAPEUTICA CARDIOVASCULARES E PNEUMOFUNCI,2
2023,1,SP,São Paulo,3550308,São Paulo,3522117215782,2022-12-17,2023-01-13,355030,126 SERVICO DE FISIOTERAPIA / 004 ASSISTENCIA FISIOTERAPEUTICA CARDIOVASCULARES E PNEUMOFUNCI,2
2023,1,SP,São Paulo,3550308,São Paulo,3522117215782,2022-12-17,2023-01-13,355030,126 SERVICO DE FISIOTERAPIA / 004 ASSISTENCIA FISIOTERAPEUTICA CARDIOVASCULARES E PNEUMOFUNCI,8
2023,1,SP,São Paulo,3550308,São Paulo,3522117215782,2022-12-17,2023-01-13,355030,126 SERVICO DE FISIOTERAPIA / 004 ASSISTENCIA FISIOTERAPEUTICA CARDIOVASCULARES E PNEUMOFUNCI,8
2023,1,SP,São Paulo,3550308,São Paulo,3522117215782,2022-12-17,2023-01-13,355030,,2
2023,1,SP,São Paulo,3550308,São Paulo,3522117215793,2022-12-30,2023-01-13,355030,128 SERVICO DE HEMOTERAPIA / 004 MEDICINA TRANSFUSIONAL,1
2023,1,SP,São Paulo,3550308,São Paulo,3522117215793,2022-12-30,2023-01-13,355030,128 SERVICO DE HEMOTERAPIA / 004 MEDICINA TRANSFUSIONAL,1
2023,1,SP,São Paulo,3550308,São Paulo,3522117215804,2022-12-08,2023-01-07,351880,,8
2023,1,SP,São Paulo,3550308,São Paulo,3522117215804,2022-12-08,2023-01-07,351880,,2
2023,1,SP,São Paulo,3550308,São Paulo,3522117215804,2022-12-08,2023-01-07,351880,,3
2023,1,SP,São Paulo,3550308,São Paulo,3522117215804,2022-12-08,2023-01-07,351880,,1
2023,1,SP,São Paulo,3550308,São Paulo,3522117215804,2022-12-08,2023-01-07,351880,,4
2023,1,SP,São Paulo,3550308,São Paulo,3522117215815,2022-12-27,2023-01-15,355030,,1
2023,1,SP,São Paulo,3550308,São Paulo,3522117215815,2022-12-27,2023-01-15,355030,126 SERVICO DE FISIOTERAPIA / 004 ASSISTENCIA FISIOTERAPEUTICA CARDIOVASCULARES E PNEUMOFUNCI,4
2023,1,SP,São Paulo,3550308,São Paulo,3522117215815,2022-12-27,2023-01-15,355030,126 SERVICO DE FISIOTERAPIA / 004 ASSISTENCIA FISIOTERAPEUTICA CARDIOVASCULARES E PNEUMOFUNCI,4
2023,1,SP,São Paulo,3550308,São Paulo,3522117215815,2022-12-27,2023-01-15,355030,,1
2023,1,SP,São Paulo,3550308,São Paulo,3522117215815,2022-12-27,2023-01-15,355030,126 SERVICO DE FISIOTERAPIA / 004 ASSISTENCIA FISIOTERAPEUTICA CARDIOVASCULARES E PNEUMOFUNCI,1
2023,1,SP,São Paulo,3550308,São Paulo,3522117215815,2022-12-27,2023-01-15,355030,126 SERVICO DE FISIOTERAPIA / 004 ASSISTENCIA FISIOTERAPEUTICA CARDIOVASCULARES E PNEUMOFUNCI,1
2023,1,SP,São Paulo,3550308,São Paulo,3522117215815,2022-12-27,2023-01-15,355030,126 SERVICO DE FISIOTERAPIA / 004 ASSISTENCIA FISIOTERAPEUTICA CARDIOVASCULARES E PNEUMOFUNCI,4
2023,1,SP,São Paulo,3550308,São Paulo,3522117215815,2022-12-27,2023-01-15,355030,126 SERVICO DE FISIOTERAPIA / 004 ASSISTENCIA FISIOTERAPEUTICA CARDIOVASCULARES E PNEUMOFUNCI,4
2023,1,SP,São Paulo,3550308,São Paulo,3522117215815,2022-12-27,2023-01-15,355030,126 SERVICO DE FISIOTERAPIA / 007 ASSISTENCIA FISIOTERAPEUTICA NAS ALTERACOES EM NEUROLOGIA,4
2023,1,SP,São Paulo,3550308,São Paulo,3522117215815,2022-12-27,2023-01-15,355030,126 SERVICO DE FISIOTERAPIA / 007 ASSISTENCIA FISIOTERAPEUTICA NAS ALTERACOES EM NEUROLOGIA,4
2023,1,SP,São Paulo,3550308,São Paulo,3522117215815,2022-12-27,2023-01-15,355030,,4
2023,1,SP,São Paulo,3550308,São Paulo,3522117215826,2022-12-25,2023-01-10,355030,,1
2023,1,SP,São Paulo,3550308,São Paulo,3522117215826,2022-12-25,2023-01-10,355030,,0
2023,1,SP,São Paulo,3550308,São Paulo,3522117215837,2022-12-29,2023-01-14,355030,126 SERVICO DE FISIOTERAPIA / 007 ASSISTENCIA FISIOTERAPEUTICA NAS ALTERACOES EM NEUROLOGIA,1
2023,1,SP,São Paulo,3550308,São Paulo,3522117215837,2022-12-29,2023-01-14,355030,126 SERVICO DE FISIOTERAPIA / 007 ASSISTENCIA FISIOTERAPEUTICA NAS ALTERACOES EM NEUROLOGIA,1
2023,1,SP,São Paulo,3550308,São Paulo,3522117215837,2022-12-29,2023-01-14,355030,,7
2023,1,SP,São Paulo,3550308,São Paulo,3522117215837,2022-12-29,2023-01-14,355030,126 SERVICO DE FISIOTERAPIA / 004 ASSISTENCIA FISIOTERAPEUTICA CARDIOVASCULARES E PNEUMOFUNCI,4
2023,1,SP,São Paulo,3550308,São Paulo,3522117215837,2022-12-29,2023-01-14,355030,126 SERVICO DE FISIOTERAPIA / 004 ASSISTENCIA FISIOTERAPEUTICA CARDIOVASCULARES E PNEUMOFUNCI,4
2023,1,SP,São Paulo,3550308,São Paulo,3522117215837,2022-12-29,2023-01-14,355030,,1
2023,1,SP,São Paulo,3550308,São Paulo,3522117215837,2022-12-29,2023-01-14,355030,,2
2023,1,SP,São Paulo,3550308,São Paulo,3522117215837,2022-12-29,2023-01-14,355030,126 SERVICO DE FISIOTERAPIA / 004 ASSISTENCIA FISIOTERAPEUTICA CARDIOVASCULARES E PNEUMOFUNCI,2
2023,1,SP,São Paulo,3550308,São Paulo,3522117215837,2022-12-29,2023-01-14,355030,126 SERVICO DE FISIOTERAPIA / 004 ASSISTENCIA FISIOTERAPEUTICA CARDIOVASCULARES E PNEUMOFUNCI,2
2023,1,SP,São Paulo,3550308,São Paulo,3522117215848,2022-12-25,2023-01-13,355030,,3
2023,1,SP,São Paulo,3550308,São Paulo,3522117215848,2022-12-25,2023-01-13,355030,,1
2023,1,SP,São Paulo,3550308,São Paulo,3522117215848,2022-12-25,2023-01-13,355030,,0
2023,1,SP,São Paulo,3550308,São Paulo,3522117215848,2022-12-25,2023-01-13,355030,,1
2023,1,SP,São Paulo,3550308,São Paulo,3522117215848,2022-12-25,2023-01-13,355030,,9
2023,1,SP,São Paulo,3550308,São Paulo,3522117215848,2022-12-25,2023-01-13,355030,126 SERVICO DE FISIOTERAPIA / 007 ASSISTENCIA FISIOTERAPEUTICA NAS ALTERACOES EM NEUROLOGIA,2
2023,1,SP,São Paulo,3550308,São Paulo,3522117215848,2022-12-25,2023-01-13,355030,126 SERVICO DE FISIOTERAPIA / 007 ASSISTENCIA FISIOTERAPEUTICA NAS ALTERACOES EM NEUROLOGIA,2
2023,1,SP,São Paulo,3550308,São Paulo,3522117215848,2022-12-25,2023-01-13,355030,,2
2023,1,SP,São Paulo,3550308,São Paulo,3522117215848,2022-12-25,2023-01-13,355030,126 SERVICO DE FISIOTERAPIA / 004 ASSISTENCIA FISIOTERAPEUTICA CARDIOVASCULARES E PNEUMOFUNCI,2
2023,1,SP,São Paulo,3550308,São Paulo,3522117215848,2022-12-25,2023-01-13,355030,126 SERVICO DE FISIOTERAPIA / 004 ASSISTENCIA FISIOTERAPEUTICA CARDIOVASCULARES E PNEUMOFUNCI,2
2023,1,SP,São Paulo,3550308,São Paulo,3522117215848,2022-12-25,2023-01-13,355030,126 SERVICO DE FISIOTERAPIA / 004 ASSISTENCIA FISIOTERAPEUTICA CARDIOVASCULARES E PNEUMOFUNCI,7
2023,1,SP,São Paulo,3550308,São Paulo,3522117215848,2022-12-25,2023-01-13,355030,126 SERVICO DE FISIOTERAPIA / 004 ASSISTENCIA FISIOTERAPEUTICA CARDIOVASCULARES E PNEUMOFUNCI,7
2023,1,SP,São Paulo,3550308,São Paulo,3522117215859,2022-12-22,2023-01-08,355030,,2
2023,1,SP,São Paulo,3550308,São Paulo,3522117215859,2022-12-22,2023-01-08,355030,126 SERVICO DE FISIOTERAPIA / 004 ASSISTENCIA FISIOTERAPEUTICA CARDIOVASCULARES E PNEUMOFUNCI,2
2023,1,SP,São Paulo,3550308,São Paulo,3522117215859,2022-12-22,2023-01-08,355030,126 SERVICO DE FISIOTERAPIA / 004 ASSISTENCIA FISIOTERAPEUTICA CARDIOVASCULARES E PNEUMOFUNCI,2
2023,1,SP,São Paulo,3550308,São Paulo,3522117215859,2022-12-22,2023-01-08,355030,,2
2023,1,SP,São Paulo,3550308,São Paulo,3522117215859,2022-12-22,2023-01-08,355030,,1
2023,1,SP,São Paulo,3550308,São Paulo,3522117215859,2022-12-22,2023-01-08,355030,,0
2023,1,SP,São Paulo,3550308,São Paulo,3522117215859,2022-12-22,2023-01-08,355030,,0
2023,1,SP,São Paulo,3550308,São Paulo,3522117215859,2022-12-22,2023-01-08,355030,126 SERVICO DE FISIOTERAPIA / 004 ASSISTENCIA FISIOTERAPEUTICA CARDIOVASCULARES E PNEUMOFUNCI,4
2023,1,SP,São Paulo,3550308,São Paulo,3522117215859,2022-12-22,2023-01-08,355030,126 SERVICO DE FISIOTERAPIA / 004 ASSISTENCIA FISIOTERAPEUTICA CARDIOVASCULARES E PNEUMOFUNCI,4
2023,1,SP,São Paulo,3550308,São Paulo,3522117215860,2022-12-30,2023-01-13,355030,,0
2023,1,SP,São Paulo,3550308,São Paulo,3522117215860,2022-12-30,2023-01-13,355030,,1
2023,1,SP,São Paulo,3550308,São Paulo,3522117215860,2022-12-30,2023-01-13,355030,126 SERVICO DE FISIOTERAPIA / 004 ASSISTENCIA FISIOTERAPEUTICA CARDIOVASCULARES E PNEUMOFUNCI,5
2023,1,SP,São Paulo,3550308,São Paulo,3522117215860,2022-12-30,2023-01-13,355030,126 SERVICO DE FISIOTERAPIA / 004 ASSISTENCIA FISIOTERAPEUTICA CARDIOVASCULARES E PNEUMOFUNCI,5
2023,1,SP,São Paulo,3550308,São Paulo,3522117215870,2022-12-24,2023-01-13,355030,126 SERVICO DE FISIOTERAPIA / 004 ASSISTENCIA FISIOTERAPEUTICA CARDIOVASCULARES E PNEUMOFUNCI,7
2023,1,SP,São Paulo,3550308,São Paulo,3522117215870,2022-12-24,2023-01-13,355030,126 SERVICO DE FISIOTERAPIA / 004 ASSISTENCIA FISIOTERAPEUTICA CARDIOVASCULARES E PNEUMOFUNCI,7
2023,1,SP,São Paulo,3550308,São Paulo,3522117215870,2022-12-24,2023-01-13,355030,,2
2023,1,SP,São Paulo,3550308,São Paulo,3522117215870,2022-12-24,2023-01-13,355030,,1
2023,1,SP,São Paulo,3550308,São Paulo,3522117215881,2022-12-12,2023-01-16,355030,126 SERVICO DE FISIOTERAPIA / 007 ASSISTENCIA FISIOTERAPEUTICA NAS ALTERACOES EM NEUROLOGIA,1
2023,1,SP,São Paulo,3550308,São Paulo,3522117215881,2022-12-12,2023-01-16,355030,126 SERVICO DE FISIOTERAPIA / 007 ASSISTENCIA FISIOTERAPEUTICA NAS ALTERACOES EM NEUROLOGIA,1
2023,1,SP,São Paulo,3550308,São Paulo,3522117215881,2022-12-12,2023-01-16,355030,126 SERVICO DE FISIOTERAPIA / 007 ASSISTENCIA FISIOTERAPEUTICA NAS ALTERACOES EM NEUROLOGIA,1
2023,1,SP,São Paulo,3550308,São Paulo,3522117215881,2022-12-12,2023-01-16,355030,126 SERVICO DE FISIOTERAPIA / 007 ASSISTENCIA FISIOTERAPEUTICA NAS ALTERACOES EM NEUROLOGIA,1
2023,1,SP,São Paulo,3550308,São Paulo,3522117215881,2022-12-12,2023-01-16,355030,126 SERVICO DE FISIOTERAPIA / 004 ASSISTENCIA FISIOTERAPEUTICA CARDIOVASCULARES E PNEUMOFUNCI,1
2023,1,SP,São Paulo,3550308,São Paulo,3522117215881,2022-12-12,2023-01-16,355030,126 SERVICO DE FISIOTERAPIA / 004 ASSISTENCIA FISIOTERAPEUTICA CARDIOVASCULARES E PNEUMOFUNCI,1
2023,1,SP,São Paulo,3550308,São Paulo,3522117215881,2022-12-12,2023-01-16,355030,126 SERVICO DE FISIOTERAPIA / 004 ASSISTENCIA FISIOTERAPEUTICA CARDIOVASCULARES E PNEUMOFUNCI,2
2023,1,SP,São Paulo,3550308,São Paulo,3522117215881,2022-12-12,2023-01-16,355030,126 SERVICO DE FISIOTERAPIA / 004 ASSISTENCIA FISIOTERAPEUTICA CARDIOVASCULARES E PNEUMOFUNCI,2
2023,1,SP,São Paulo,3550308,São Paulo,3522117215881,2022-12-12,2023-01-16,355030,,8
2023,1,SP,São Paulo,3550308,São Paulo,3522117215881,2022-12-12,2023-01-16,355030,,12
2023,1,SP,São Paulo,3550308,São Paulo,3522117215881,2022-12-12,2023-01-16,355030,,1
2023,1,SP,São Paulo,3550308,São Paulo,3522117215881,2022-12-12,2023-01-16,355030,,1
2023,1,SP,São Paulo,3550308,São Paulo,3522117215881,2022-12-12,2023-01-16,355030,,3
2023,1,SP,São Paulo,3550308,São Paulo,3522117215881,2022-12-12,2023-01-16,355030,,1
2023,1,SP,São Paulo,3550308,São Paulo,3522117215881,2022-12-12,2023-01-16,355030,,3
2023,1,SP,São Paulo,3550308,São Paulo,3522117215881,2022-12-12,2023-01-16,355030,126 SERVICO DE FISIOTERAPIA / 007 ASSISTENCIA FISIOTERAPEUTICA NAS ALTERACOES EM NEUROLOGIA,1
2023,1,SP,São Paulo,3550308,São Paulo,3522117215881,2022-12-12,2023-01-16,355030,126 SERVICO DE FISIOTERAPIA / 007 ASSISTENCIA FISIOTERAPEUTICA NAS ALTERACOES EM NEUROLOGIA,1
2023,1,SP,São Paulo,3550308,São Paulo,3522117215881,2022-12-12,2023-01-16,355030,126 SERVICO DE FISIOTERAPIA / 004 ASSISTENCIA FISIOTERAPEUTICA CARDIOVASCULARES E PNEUMOFUNCI,1
2023,1,SP,São Paulo,3550308,São Paulo,3522117215881,2022-12-12,2023-01-16,355030,126 SERVICO DE FISIOTERAPIA / 004 ASSISTENCIA FISIOTERAPEUTICA CARDIOVASCULARES E PNEUMOFUNCI,1
2023,1,SP,São Paulo,3550308,São Paulo,3522117215881,2022-12-12,2023-01-16,355030,,3
2023,1,SP,São Paulo,3550308,São Paulo,3522117215881,2022-12-12,2023-01-16,355030,126 SERVICO DE FISIOTERAPIA / 007 ASSISTENCIA FISIOTERAPEUTICA NAS ALTERACOES EM NEUROLOGIA,1
2023,1,SP,São Paulo,3550308,São Paulo,3522117215881,2022-12-12,2023-01-16,355030,126 SERVICO DE FISIOTERAPIA / 007 ASSISTENCIA FISIOTERAPEUTICA NAS ALTERACOES EM NEUROLOGIA,1
2023,1,SP,São Paulo,3550308,São Paulo,3522117215881,2022-12-12,2023-01-16,355030,126 SERVICO DE FISIOTERAPIA / 004 ASSISTENCIA FISIOTERAPEUTICA CARDIOVASCULARES E PNEUMOFUNCI,1
2023,1,SP,São Paulo,3550308,São Paulo,3522117215881,2022-12-12,2023-01-16,355030,126 SERVICO DE FISIOTERAPIA / 004 ASSISTENCIA FISIOTERAPEUTICA CARDIOVASCULARES E PNEUMOFUNCI,1
2023,1,SP,São Paulo,3550308,São Paulo,3522117215914,2022-12-21,2023-01-12,355030,,1
2023,1,SP,São Paulo,3550308,São Paulo,3522117215914,2022-12-21,2023-01-12,355030,,1
2023,1,SP,São Paulo,3550308,São Paulo,3522117215914,2022-12-21,2023-01-12,355030,,2
2023,1,SP,São Paulo,3550308,São Paulo,3522117215914,2022-12-21,2023-01-12,355030,,2
2023,1,SP,São Paulo,3550308,São Paulo,3522117215925,2022-12-16,2023-01-18,355030,,2
2023,1,SP,São Paulo,3550308,São Paulo,3522117215925,2022-12-16,2023-01-18,355030,,2
2023,1,SP,São Paulo,3550308,São Paulo,3522117215925,2022-12-16,2023-01-18,355030,,1
2023,1,SP,São Paulo,3550308,São Paulo,3522117215925,2022-12-16,2023-01-18,355030,126 SERVICO DE FISIOTERAPIA / 007 ASSISTENCIA FISIOTERAPEUTICA NAS ALTERACOES EM NEUROLOGIA,4
2023,1,SP,São Paulo,3550308,São Paulo,3522117215925,2022-12-16,2023-01-18,355030,126 SERVICO DE FISIOTERAPIA / 007 ASSISTENCIA FISIOTERAPEUTICA NAS ALTERACOES EM NEUROLOGIA,4
2023,1,SP,São Paulo,3550308,São Paulo,3522117215936,2022-12-27,2023-01-14,355030,,1
2023,1,SP,São Paulo,3550308,São Paulo,3522117215936,2022-12-27,2023-01-14,355030,,2
2023,1,SP,São Paulo,3550308,São Paulo,3522117215936,2022-12-27,2023-01-14,355030,126 SERVICO DE FISIOTERAPIA / 004 ASSISTENCIA FISIOTERAPEUTICA CARDIOVASCULARES E PNEUMOFUNCI,2
2023,1,SP,São Paulo,3550308,São Paulo,3522117215936,2022-12-27,2023-01-14,355030,126 SERVICO DE FISIOTERAPIA / 004 ASSISTENCIA FISIOTERAPEUTICA CARDIOVASCULARES E PNEUMOFUNCI,2
2023,1,SP,São Paulo,3550308,São Paulo,3522117215947,2023-01-14,2023-01-15,355030,,0
2023,1,SP,São Paulo,3550308,São Paulo,3522117215958,2022-12-28,2023-01-17,351880,,1
2023,1,SP,São Paulo,3550308,São Paulo,3522117215958,2022-12-28,2023-01-17,351880,,1
2023,1,SP,São Paulo,3550308,São Paulo,3522117215958,2022-12-28,2023-01-17,351880,,14
2023,1,SP,São Paulo,3550308,São Paulo,3522117215958,2022-12-28,2023-01-17,351880,,1
2023,1,SP,São Paulo,3550308,São Paulo,3522117215958,2022-12-28,2023-01-17,351880,126 SERVICO DE FISIOTERAPIA / 004 ASSISTENCIA FISIOTERAPEUTICA CARDIOVASCULARES E PNEUMOFUNCI,5
2023,1,SP,São Paulo,3550308,São Paulo,3522117215958,2022-12-28,2023-01-17,351880,126 SERVICO DE FISIOTERAPIA / 004 ASSISTENCIA FISIOTERAPEUTICA CARDIOVASCULARES E PNEUMOFUNCI,5
2023,1,SP,São Paulo,3550308,São Paulo,3522117215969,2022-12-22,2023-01-18,355030,,1
2023,1,SP,São Paulo,3550308,São Paulo,3522117215969,2022-12-22,2023-01-18,355030,,1
2023,1,SP,São Paulo,3550308,São Paulo,3522117215969,2022-12-22,2023-01-18,355030,,1
2023,1,SP,São Paulo,3550308,São Paulo,3522117215969,2022-12-22,2023-01-18,355030,,2
2023,1,SP,São Paulo,3550308,São Paulo,3522117215969,2022-12-22,2023-01-18,355030,,6
2023,1,SP,São Paulo,3550308,São Paulo,3522117215969,2022-12-22,2023-01-18,355030,,1
2023,1,SP,São Paulo,3550308,São Paulo,3522117215969,2022-12-22,2023-01-18,355030,,1
2023,1,SP,São Paulo,3550308,São Paulo,3522117215969,2022-12-22,2023-01-18,355030,,1
2023,1,SP,São Paulo,3550308,São Paulo,3522117215980,2022-12-26,2022-12-28,355030,,2
2023,1,SP,São Paulo,3550308,São Paulo,3522117215980,2022-12-26,2022-12-28,355030,,2
2023,1,SP,São Paulo,3550308,São Paulo,3522117215980,2022-12-26,2022-12-28,355030,128 SERVICO DE HEMOTERAPIA / 004 MEDICINA TRANSFUSIONAL,2
2023,1,SP,São Paulo,3550308,São Paulo,3522117215980,2022-12-26,2022-12-28,355030,128 SERVICO DE HEMOTERAPIA / 004 MEDICINA TRANSFUSIONAL,2
2023,1,SP,São Paulo,3550308,São Paulo,3522117215991,2022-12-21,2023-01-18,355030,126 SERVICO DE FISIOTERAPIA / 007 ASSISTENCIA FISIOTERAPEUTICA NAS ALTERACOES EM NEUROLOGIA,10
2023,1,SP,São Paulo,3550308,São Paulo,3522117215991,2022-12-21,2023-01-18,355030,126 SERVICO DE FISIOTERAPIA / 007 ASSISTENCIA FISIOTERAPEUTICA NAS ALTERACOES EM NEUROLOGIA,10
2023,1,SP,São Paulo,3550308,São Paulo,3522117215991,2022-12-21,2023-01-18,355030,126 SERVICO DE FISIOTERAPIA / 004 ASSISTENCIA FISIOTERAPEUTICA CARDIOVASCULARES E PNEUMOFUNCI,2
2023,1,SP,São Paulo,3550308,São Paulo,3522117215991,2022-12-21,2023-01-18,355030,126 SERVICO DE FISIOTERAPIA / 004 ASSISTENCIA FISIOTERAPEUTICA CARDIOVASCULARES E PNEUMOFUNCI,2
2023,1,SP,São Paulo,3550308,São Paulo,3522117215991,2022-12-21,2023-01-18,355030,126 SERVICO DE FISIOTERAPIA / 007 ASSISTENCIA FISIOTERAPEUTICA NAS ALTERACOES EM NEUROLOGIA,2
2023,1,SP,São Paulo,3550308,São Paulo,3522117215991,2022-12-21,2023-01-18,355030,126 SERVICO DE FISIOTERAPIA / 007 ASSISTENCIA FISIOTERAPEUTICA NAS ALTERACOES EM NEUROLOGIA,2
2023,1,SP,São Paulo,3550308,São Paulo,3522117215991,2022-12-21,2023-01-18,355030,,2
2023,1,SP,São Paulo,3550308,São Paulo,3522117216002,2022-12-15,2022-12-20,355030,126 SERVICO DE FISIOTERAPIA / 004 ASSISTENCIA FISIOTERAPEUTICA CARDIOVASCULARES E PNEUMOFUNCI,2
2023,1,SP,São Paulo,3550308,São Paulo,3522117216002,2022-12-15,2022-12-20,355030,126 SERVICO DE FISIOTERAPIA / 004 ASSISTENCIA FISIOTERAPEUTICA CARDIOVASCULARES E PNEUMOFUNCI,2
2023,1,SP,São Paulo,3550308,São Paulo,3522117216002,2022-12-15,2022-12-20,355030,126 SERVICO DE FISIOTERAPIA / 004 ASSISTENCIA FISIOTERAPEUTICA CARDIOVASCULARES E PNEUMOFUNCI,3
2023,1,SP,São Paulo,3550308,São Paulo,3522117216002,2022-12-15,2022-12-20,355030,126 SERVICO DE FISIOTERAPIA / 004 ASSISTENCIA FISIOTERAPEUTICA CARDIOVASCULARES E PNEUMOFUNCI,3
2023,1,SP,São Paulo,3550308,São Paulo,3522117216002,2022-12-15,2022-12-20,355030,,1
2023,1,SP,São Paulo,3550308,São Paulo,3522117216002,2022-12-15,2022-12-20,355030,126 SERVICO DE FISIOTERAPIA / 004 ASSISTENCIA FISIOTERAPEUTICA CARDIOVASCULARES E PNEUMOFUNCI,1
2023,1,SP,São Paulo,3550308,São Paulo,3522117216002,2022-12-15,2022-12-20,355030,126 SERVICO DE FISIOTERAPIA / 004 ASSISTENCIA FISIOTERAPEUTICA CARDIOVASCULARES E PNEUMOFUNCI,1
2023,1,SP,São Paulo,3550308,São Paulo,3522117216002,2022-12-15,2022-12-20,355030,126 SERVICO DE FISIOTERAPIA / 007 ASSISTENCIA FISIOTERAPEUTICA NAS ALTERACOES EM NEUROLOGIA,2
2023,1,SP,São Paulo,3550308,São Paulo,3522117216002,2022-12-15,2022-12-20,355030,126 SERVICO DE FISIOTERAPIA / 007 ASSISTENCIA FISIOTERAPEUTICA NAS ALTERACOES EM NEUROLOGIA,2
2023,1,SP,São Paulo,3550308,São Paulo,3522117216013,2022-12-20,2023-01-17,355030,126 SERVICO DE FISIOTERAPIA / 007 ASSISTENCIA FISIOTERAPEUTICA NAS ALTERACOES EM NEUROLOGIA,1
2023,1,SP,São Paulo,3550308,São Paulo,3522117216013,2022-12-20,2023-01-17,355030,126 SERVICO DE FISIOTERAPIA / 007 ASSISTENCIA FISIOTERAPEUTICA NAS ALTERACOES EM NEUROLOGIA,1
2023,1,SP,São Paulo,3550308,São Paulo,3522117216013,2022-12-20,2023-01-17,355030,126 SERVICO DE FISIOTERAPIA / 004 ASSISTENCIA FISIOTERAPEUTICA CARDIOVASCULARES E PNEUMOFUNCI,6
2023,1,SP,São Paulo,3550308,São Paulo,3522117216013,2022-12-20,2023-01-17,355030,126 SERVICO DE FISIOTERAPIA / 004 ASSISTENCIA FISIOTERAPEUTICA CARDIOVASCULARES E PNEUMOFUNCI,6
2023,1,SP,São Paulo,3550308,São Paulo,3522117216013,2022-12-20,2023-01-17,355030,126 SERVICO DE FISIOTERAPIA / 004 ASSISTENCIA FISIOTERAPEUTICA CARDIOVASCULARES E PNEUMOFUNCI,4
2023,1,SP,São Paulo,3550308,São Paulo,3522117216013,2022-12-20,2023-01-17,355030,126 SERVICO DE FISIOTERAPIA / 004 ASSISTENCIA FISIOTERAPEUTICA CARDIOVASCULARES E PNEUMOFUNCI,4
2023,1,SP,São Paulo,3550308,São Paulo,3522117216013,2022-12-20,2023-01-17,355030,126 SERVICO DE FISIOTERAPIA / 004 ASSISTENCIA FISIOTERAPEUTICA CARDIOVASCULARES E PNEUMOFUNCI,2
2023,1,SP,São Paulo,3550308,São Paulo,3522117216013,2022-12-20,2023-01-17,355030,126 SERVICO DE FISIOTERAPIA / 004 ASSISTENCIA FISIOTERAPEUTICA CARDIOVASCULARES E PNEUMOFUNCI,2
2023,1,SP,São Paulo,3550308,São Paulo,3522117216013,2022-12-20,2023-01-17,355030,126 SERVICO DE FISIOTERAPIA / 004 ASSISTENCIA FISIOTERAPEUTICA CARDIOVASCULARES E PNEUMOFUNCI,1
2023,1,SP,São Paulo,3550308,São Paulo,3522117216013,2022-12-20,2023-01-17,355030,126 SERVICO DE FISIOTERAPIA / 004 ASSISTENCIA FISIOTERAPEUTICA CARDIOVASCULARES E PNEUMOFUNCI,1
2023,1,SP,São Paulo,3550308,São Paulo,3522117216013,2022-12-20,2023-01-17,355030,,2
2023,1,SP,São Paulo,3550308,São Paulo,3522117216013,2022-12-20,2023-01-17,355030,,1
2023,1,SP,São Paulo,3550308,São Paulo,3522117216013,2022-12-20,2023-01-17,355030,,1
2023,1,SP,São Paulo,3550308,São Paulo,3522117216013,2022-12-20,2023-01-17,355030,,1
2023,1,SP,São Paulo,3550308,São Paulo,3522117216013,2022-12-20,2023-01-17,355030,,4
2023,1,SP,São Paulo,3550308,São Paulo,3522117216013,2022-12-20,2023-01-17,355030,,2
2023,1,SP,São Paulo,3550308,São Paulo,3522117216013,2022-12-20,2023-01-17,355030,,2
2023,1,SP,São Paulo,3550308,São Paulo,3522117216013,2022-12-20,2023-01-17,355030,126 SERVICO DE FISIOTERAPIA / 007 ASSISTENCIA FISIOTERAPEUTICA NAS ALTERACOES EM NEUROLOGIA,4
2023,1,SP,São Paulo,3550308,São Paulo,3522117216013,2022-12-20,2023-01-17,355030,126 SERVICO DE FISIOTERAPIA / 007 ASSISTENCIA FISIOTERAPEUTICA NAS ALTERACOES EM NEUROLOGIA,4
2023,1,SP,São Paulo,3550308,São Paulo,3522117216013,2022-12-20,2023-01-17,355030,126 SERVICO DE FISIOTERAPIA / 007 ASSISTENCIA FISIOTERAPEUTICA NAS ALTERACOES EM NEUROLOGIA,1
2023,1,SP,São Paulo,3550308,São Paulo,3522117216013,2022-12-20,2023-01-17,355030,126 SERVICO DE FISIOTERAPIA / 007 ASSISTENCIA FISIOTERAPEUTICA NAS ALTERACOES EM NEUROLOGIA,1
2023,1,SP,São Paulo,3550308,São Paulo,3522117216024,2022-12-30,2023-01-10,355030,126 SERVICO DE FISIOTERAPIA / 007 ASSISTENCIA FISIOTERAPEUTICA NAS ALTERACOES EM NEUROLOGIA,4
2023,1,SP,São Paulo,3550308,São Paulo,3522117216024,2022-12-30,2023-01-10,355030,126 SERVICO DE FISIOTERAPIA / 007 ASSISTENCIA FISIOTERAPEUTICA NAS ALTERACOES EM NEUROLOGIA,4
2023,1,SP,São Paulo,3550308,São Paulo,3522117216024,2022-12-30,2023-01-10,355030,,1
2023,1,SP,São Paulo,3550308,São Paulo,3522117216024,2022-12-30,2023-01-10,355030,,1
2023,1,SP,São Paulo,3550308,São Paulo,3522117216024,2022-12-30,2023-01-10,355030,,1
2023,1,SP,São Paulo,3550308,São Paulo,3522117216024,2022-12-30,2023-01-10,355030,126 SERVICO DE FISIOTERAPIA / 007 ASSISTENCIA FISIOTERAPEUTICA NAS ALTERACOES EM NEUROLOGIA,2
2023,1,SP,São Paulo,3550308,São Paulo,3522117216024,2022-12-30,2023-01-10,355030,126 SERVICO DE FISIOTERAPIA / 007 ASSISTENCIA FISIOTERAPEUTICA NAS ALTERACOES EM NEUROLOGIA,2
2023,1,SP,São Paulo,3550308,São Paulo,3522117216024,2022-12-30,2023-01-10,355030,,1
2023,1,SP,São Paulo,3550308,São Paulo,3522117216024,2022-12-30,2023-01-10,355030,126 SERVICO DE FISIOTERAPIA / 004 ASSISTENCIA FISIOTERAPEUTICA CARDIOVASCULARES E PNEUMOFUNCI,2
2023,1,SP,São Paulo,3550308,São Paulo,3522117216024,2022-12-30,2023-01-10,355030,126 SERVICO DE FISIOTERAPIA / 004 ASSISTENCIA FISIOTERAPEUTICA CARDIOVASCULARES E PNEUMOFUNCI,2
2023,1,SP,São Paulo,3550308,São Paulo,3522117216024,2022-12-30,2023-01-10,355030,,1
2023,1,SP,São Paulo,3550308,São Paulo,3522117216035,2022-12-02,2022-12-30,355030,,0
2023,1,SP,São Paulo,3550308,São Paulo,3522117216035,2022-12-02,2022-12-30,355030,,1
2023,1,SP,São Paulo,3550308,São Paulo,3522117216035,2022-12-02,2022-12-30,355030,126 SERVICO DE FISIOTERAPIA / 007 ASSISTENCIA FISIOTERAPEUTICA NAS ALTERACOES EM NEUROLOGIA,2
2023,1,SP,São Paulo,3550308,São Paulo,3522117216035,2022-12-02,2022-12-30,355030,126 SERVICO DE FISIOTERAPIA / 007 ASSISTENCIA FISIOTERAPEUTICA NAS ALTERACOES EM NEUROLOGIA,2
2023,1,SP,São Paulo,3550308,São Paulo,3522117216035,2022-12-02,2022-12-30,355030,126 SERVICO DE FISIOTERAPIA / 007 ASSISTENCIA FISIOTERAPEUTICA NAS ALTERACOES EM NEUROLOGIA,5
2023,1,SP,São Paulo,3550308,São Paulo,3522117216035,2022-12-02,2022-12-30,355030,126 SERVICO DE FISIOTERAPIA / 007 ASSISTENCIA FISIOTERAPEUTICA NAS ALTERACOES EM NEUROLOGIA,5
2023,1,SP,São Paulo,3550308,São Paulo,3522117216035,2022-12-02,2022-12-30,355030,126 SERVICO DE FISIOTERAPIA / 004 ASSISTENCIA FISIOTERAPEUTICA CARDIOVASCULARES E PNEUMOFUNCI,1
2023,1,SP,São Paulo,3550308,São Paulo,3522117216035,2022-12-02,2022-12-30,355030,126 SERVICO DE FISIOTERAPIA / 004 ASSISTENCIA FISIOTERAPEUTICA CARDIOVASCULARES E PNEUMOFUNCI,1
2023,1,SP,São Paulo,3550308,São Paulo,3522117216035,2022-12-02,2022-12-30,355030,,1
2023,1,SP,São Paulo,3550308,São Paulo,3522117216035,2022-12-02,2022-12-30,355030,,1
2023,1,SP,São Paulo,3550308,São Paulo,3522117216035,2022-12-02,2022-12-30,355030,,1
2023,1,SP,São Paulo,3550308,São Paulo,3522117216035,2022-12-02,2022-12-30,355030,,0
2023,1,SP,São Paulo,3550308,São Paulo,3522117216035,2022-12-02,2022-12-30,355030,126 SERVICO DE FISIOTERAPIA / 007 ASSISTENCIA FISIOTERAPEUTICA NAS ALTERACOES EM NEUROLOGIA,2
2023,1,SP,São Paulo,3550308,São Paulo,3522117216035,2022-12-02,2022-12-30,355030,126 SERVICO DE FISIOTERAPIA / 007 ASSISTENCIA FISIOTERAPEUTICA NAS ALTERACOES EM NEUROLOGIA,2
2023,1,SP,São Paulo,3550308,São Paulo,3522117216035,2022-12-02,2022-12-30,355030,126 SERVICO DE FISIOTERAPIA / 007 ASSISTENCIA FISIOTERAPEUTICA NAS ALTERACOES EM NEUROLOGIA,4
2023,1,SP,São Paulo,3550308,São Paulo,3522117216035,2022-12-02,2022-12-30,355030,126 SERVICO DE FISIOTERAPIA / 007 ASSISTENCIA FISIOTERAPEUTICA NAS ALTERACOES EM NEUROLOGIA,4
2023,1,SP,São Paulo,3550308,São Paulo,3522117216068,2022-12-24,2023-01-23,355030,,21
2023,1,SP,São Paulo,3550308,São Paulo,3522117216068,2022-12-24,2023-01-23,355030,115 SERVICO DE ATENCAO PSICOSSOCIAL / 003 SERVICO HOSPITALAR PARA ATENCAO A SAUDE MENTAL,0
2023,1,SP,São Paulo,3550308,São Paulo,3522117216068,2022-12-24,2023-01-23,355030,115 SERVICO DE ATENCAO PSICOSSOCIAL / 003 SERVICO HOSPITALAR PARA ATENCAO A SAUDE MENTAL,0
2023,1,SP,São Paulo,3550308,São Paulo,3522117216079,2022-12-31,2023-01-19,355030,,2
2023,1,SP,São Paulo,3550308,São Paulo,3522117216079,2022-12-31,2023-01-19,355030,126 SERVICO DE FISIOTERAPIA / 007 ASSISTENCIA FISIOTERAPEUTICA NAS ALTERACOES EM NEUROLOGIA,1
2023,1,SP,São Paulo,3550308,São Paulo,3522117216079,2022-12-31,2023-01-19,355030,126 SERVICO DE FISIOTERAPIA / 007 ASSISTENCIA FISIOTERAPEUTICA NAS ALTERACOES EM NEUROLOGIA,1
2023,1,SP,São Paulo,3550308,São Paulo,3522117216079,2022-12-31,2023-01-19,355030,126 SERVICO DE FISIOTERAPIA / 007 ASSISTENCIA FISIOTERAPEUTICA NAS ALTERACOES EM NEUROLOGIA,1
2023,1,SP,São Paulo,3550308,São Paulo,3522117216079,2022-12-31,2023-01-19,355030,126 SERVICO DE FISIOTERAPIA / 007 ASSISTENCIA FISIOTERAPEUTICA NAS ALTERACOES EM NEUROLOGIA,1
2023,1,SP,São Paulo,3550308,São Paulo,3522117216079,2022-12-31,2023-01-19,355030,126 SERVICO DE FISIOTERAPIA / 007 ASSISTENCIA FISIOTERAPEUTICA NAS ALTERACOES EM NEUROLOGIA,1
2023,1,SP,São Paulo,3550308,São Paulo,3522117216079,2022-12-31,2023-01-19,355030,126 SERVICO DE FISIOTERAPIA / 007 ASSISTENCIA FISIOTERAPEUTICA NAS ALTERACOES EM NEUROLOGIA,1
2023,1,SP,São Paulo,3550308,São Paulo,3522117216079,2022-12-31,2023-01-19,355030,,3
2023,1,SP,São Paulo,3550308,São Paulo,3522117216079,2022-12-31,2023-01-19,355030,126 SERVICO DE FISIOTERAPIA / 007 ASSISTENCIA FISIOTERAPEUTICA NAS ALTERACOES EM NEUROLOGIA,1
2023,1,SP,São Paulo,3550308,São Paulo,3522117216079,2022-12-31,2023-01-19,355030,126 SERVICO DE FISIOTERAPIA / 007 ASSISTENCIA FISIOTERAPEUTICA NAS ALTERACOES EM NEUROLOGIA,1
2023,1,SP,São Paulo,3550308,São Paulo,3522117216079,2022-12-31,2023-01-19,355030,,1
2023,1,SP,São Paulo,3550308,São Paulo,3522117216079,2022-12-31,2023-01-19,355030,126 SERVICO DE FISIOTERAPIA / 004 ASSISTENCIA FISIOTERAPEUTICA CARDIOVASCULARES E PNEUMOFUNCI,1
2023,1,SP,São Paulo,3550308,São Paulo,3522117216079,2022-12-31,2023-01-19,355030,126 SERVICO DE FISIOTERAPIA / 004 ASSISTENCIA FISIOTERAPEUTICA CARDIOVASCULARES E PNEUMOFUNCI,1
2023,1,SP,São Paulo,3550308,São Paulo,3522117216079,2022-12-31,2023-01-19,355030,126 SERVICO DE FISIOTERAPIA / 007 ASSISTENCIA FISIOTERAPEUTICA NAS ALTERACOES EM NEUROLOGIA,1
2023,1,SP,São Paulo,3550308,São Paulo,3522117216079,2022-12-31,2023-01-19,355030,126 SERVICO DE FISIOTERAPIA / 007 ASSISTENCIA FISIOTERAPEUTICA NAS ALTERACOES EM NEUROLOGIA,1
2023,1,SP,São Paulo,3550308,São Paulo,3522117216079,2022-12-31,2023-01-19,355030,126 SERVICO DE FISIOTERAPIA / 007 ASSISTENCIA FISIOTERAPEUTICA NAS ALTERACOES EM NEUROLOGIA,2
2023,1,SP,São Paulo,3550308,São Paulo,3522117216079,2022-12-31,2023-01-19,355030,126 SERVICO DE FISIOTERAPIA / 007 ASSISTENCIA FISIOTERAPEUTICA NAS ALTERACOES EM NEUROLOGIA,2
2023,1,SP,São Paulo,3550308,São Paulo,3522117216079,2022-12-31,2023-01-19,355030,,1
2023,1,SP,São Paulo,3550308,São Paulo,3522117216079,2022-12-31,2023-01-19,355030,,1
2023,1,SP,São Paulo,3550308,São Paulo,3522117216079,2022-12-31,2023-01-19,355030,126 SERVICO DE FISIOTERAPIA / 007 ASSISTENCIA FISIOTERAPEUTICA NAS ALTERACOES EM NEUROLOGIA,1
2023,1,SP,São Paulo,3550308,São Paulo,3522117216079,2022-12-31,2023-01-19,355030,126 SERVICO DE FISIOTERAPIA / 007 ASSISTENCIA FISIOTERAPEUTICA NAS ALTERACOES EM NEUROLOGIA,1
2023,1,SP,São Paulo,3550308,São Paulo,3522117216079,2022-12-31,2023-01-19,355030,126 SERVICO DE FISIOTERAPIA / 007 ASSISTENCIA FISIOTERAPEUTICA NAS ALTERACOES EM NEUROLOGIA,1
2023,1,SP,São Paulo,3550308,São Paulo,3522117216079,2022-12-31,2023-01-19,355030,126 SERVICO DE FISIOTERAPIA / 007 ASSISTENCIA FISIOTERAPEUTICA NAS ALTERACOES EM NEUROLOGIA,1
2023,1,SP,São Paulo,3550308,São Paulo,3522117216079,2022-12-31,2023-01-19,355030,126 SERVICO DE FISIOTERAPIA / 004 ASSISTENCIA FISIOTERAPEUTICA CARDIOVASCULARES E PNEUMOFUNCI,2
2023,1,SP,São Paulo,3550308,São Paulo,3522117216079,2022-12-31,2023-01-19,355030,126 SERVICO DE FISIOTERAPIA / 004 ASSISTENCIA FISIOTERAPEUTICA CARDIOVASCULARES E PNEUMOFUNCI,2
2023,1,SP,São Paulo,3550308,São Paulo,3522117216080,2022-12-16,2022-12-19,355030,,0
2023,1,SP,São Paulo,3550308,São Paulo,3522117216080,2022-12-16,2022-12-19,355030,126 SERVICO DE FISIOTERAPIA / 004 ASSISTENCIA FISIOTERAPEUTICA CARDIOVASCULARES E PNEUMOFUNCI,1
2023,1,SP,São Paulo,3550308,São Paulo,3522117216080,2022-12-16,2022-12-19,355030,126 SERVICO DE FISIOTERAPIA / 004 ASSISTENCIA FISIOTERAPEUTICA CARDIOVASCULARES E PNEUMOFUNCI,1
2023,1,SP,São Paulo,3550308,São Paulo,3522117216080,2022-12-16,2022-12-19,355030,126 SERVICO DE FISIOTERAPIA / 007 ASSISTENCIA FISIOTERAPEUTICA NAS ALTERACOES EM NEUROLOGIA,2
2023,1,SP,São Paulo,3550308,São Paulo,3522117216080,2022-12-16,2022-12-19,355030,126 SERVICO DE FISIOTERAPIA / 007 ASSISTENCIA FISIOTERAPEUTICA NAS ALTERACOES EM NEUROLOGIA,2
2023,1,SP,São Paulo,3550308,São Paulo,3522117216090,2022-12-10,2023-01-16,355030,,9
2023,1,SP,São Paulo,3550308,São Paulo,3522117216090,2022-12-10,2023-01-16,355030,,1
2023,1,SP,São Paulo,3550308,São Paulo,3522117216101,2022-12-09,2023-01-19,355030,,8
2023,1,SP,São Paulo,3550308,São Paulo,3522117216101,2022-12-09,2023-01-19,355030,126 SERVICO DE FISIOTERAPIA / 004 ASSISTENCIA FISIOTERAPEUTICA CARDIOVASCULARES E PNEUMOFUNCI,1
2023,1,SP,São Paulo,3550308,São Paulo,3522117216101,2022-12-09,2023-01-19,355030,126 SERVICO DE FISIOTERAPIA / 004 ASSISTENCIA FISIOTERAPEUTICA CARDIOVASCULARES E PNEUMOFUNCI,1
2023,1,SP,São Paulo,3550308,São Paulo,3522117216101,2022-12-09,2023-01-19,355030,,21
2023,1,SP,São Paulo,3550308,São Paulo,3522117216101,2022-12-09,2023-01-19,355030,,4
2023,1,SP,São Paulo,3550308,São Paulo,3522117216101,2022-12-09,2023-01-19,355030,126 SERVICO DE FISIOTERAPIA / 004 ASSISTENCIA FISIOTERAPEUTICA CARDIOVASCULARES E PNEUMOFUNCI,4
2023,1,SP,São Paulo,3550308,São Paulo,3522117216101,2022-12-09,2023-01-19,355030,126 SERVICO DE FISIOTERAPIA / 004 ASSISTENCIA FISIOTERAPEUTICA CARDIOVASCULARES E PNEUMOFUNCI,4
2023,1,SP,São Paulo,3550308,São Paulo,3522117216101,2022-12-09,2023-01-19,355030,126 SERVICO DE FISIOTERAPIA / 007 ASSISTENCIA FISIOTERAPEUTICA NAS ALTERACOES EM NEUROLOGIA,2
2023,1,SP,São Paulo,3550308,São Paulo,3522117216101,2022-12-09,2023-01-19,355030,126 SERVICO DE FISIOTERAPIA / 007 ASSISTENCIA FISIOTERAPEUTICA NAS ALTERACOES EM NEUROLOGIA,2
2023,1,SP,São Paulo,3550308,São Paulo,3522117216101,2022-12-09,2023-01-19,355030,,0
2023,1,SP,São Paulo,3550308,São Paulo,3522117216101,2022-12-09,2023-01-19,355030,,1
2023,1,SP,São Paulo,3550308,São Paulo,3522117216101,2022-12-09,2023-01-19,355030,,1
2023,1,SP,São Paulo,3550308,São Paulo,3522117216101,2022-12-09,2023-01-19,355030,,2
2023,1,SP,São Paulo,3550308,São Paulo,3522117216101,2022-12-09,2023-01-19,355030,126 SERVICO DE FISIOTERAPIA / 004 ASSISTENCIA FISIOTERAPEUTICA CARDIOVASCULARES E PNEUMOFUNCI,4
2023,1,SP,São Paulo,3550308,São Paulo,3522117216101,2022-12-09,2023-01-19,355030,126 SERVICO DE FISIOTERAPIA / 004 ASSISTENCIA FISIOTERAPEUTICA CARDIOVASCULARES E PNEUMOFUNCI,4
2023,1,SP,São Paulo,3550308,São Paulo,3522117216101,2022-12-09,2023-01-19,355030,,1
2023,1,SP,São Paulo,3550308,São Paulo,3522117216101,2022-12-09,2023-01-19,355030,,1
2023,1,SP,São Paulo,3550308,São Paulo,3522117216101,2022-12-09,2023-01-19,355030,126 SERVICO DE FISIOTERAPIA / 007 ASSISTENCIA FISIOTERAPEUTICA NAS ALTERACOES EM NEUROLOGIA,1
2023,1,SP,São Paulo,3550308,São Paulo,3522117216101,2022-12-09,2023-01-19,355030,126 SERVICO DE FISIOTERAPIA / 007 ASSISTENCIA FISIOTERAPEUTICA NAS ALTERACOES EM NEUROLOGIA,1
2023,1,SP,São Paulo,3550308,São Paulo,3522117216112,2022-11-24,2023-01-05,355030,126 SERVICO DE FISIOTERAPIA / 004 ASSISTENCIA FISIOTERAPEUTICA CARDIOVASCULARES E PNEUMOFUNCI,12
2023,1,SP,São Paulo,3550308,São Paulo,3522117216112,2022-11-24,2023-01-05,355030,126 SERVICO DE FISIOTERAPIA / 004 ASSISTENCIA FISIOTERAPEUTICA CARDIOVASCULARES E PNEUMOFUNCI,12
2023,1,SP,São Paulo,3550308,São Paulo,3522117216112,2022-11-24,2023-01-05,355030,,0
2023,1,SP,São Paulo,3550308,São Paulo,3522117216112,2022-11-24,2023-01-05,355030,,1
2023,1,SP,São Paulo,3550308,São Paulo,3522117216112,2022-11-24,2023-01-05,355030,,1
2023,1,SP,São Paulo,3550308,São Paulo,3522117216112,2022-11-24,2023-01-05,355030,126 SERVICO DE FISIOTERAPIA / 007 ASSISTENCIA FISIOTERAPEUTICA NAS ALTERACOES EM NEUROLOGIA,2
2023,1,SP,São Paulo,3550308,São Paulo,3522117216112,2022-11-24,2023-01-05,355030,126 SERVICO DE FISIOTERAPIA / 007 ASSISTENCIA FISIOTERAPEUTICA NAS ALTERACOES EM NEUROLOGIA,2
2023,1,SP,São Paulo,3550308,São Paulo,3522117216112,2022-11-24,2023-01-05,355030,,1
2023,1,SP,São Paulo,3550308,São Paulo,3522117216112,2022-11-24,2023-01-05,355030,,1
2023,1,SP,São Paulo,3550308,São Paulo,3522117216112,2022-11-24,2023-01-05,355030,,8
2023,1,SP,São Paulo,3550308,São Paulo,3522117216112,2022-11-24,2023-01-05,355030,,2
2023,1,SP,São Paulo,3550308,São Paulo,3522117216123,2022-12-19,2023-01-14,355030,126 SERVICO DE FISIOTERAPIA / 007 ASSISTENCIA FISIOTERAPEUTICA NAS ALTERACOES EM NEUROLOGIA,2
2023,1,SP,São Paulo,3550308,São Paulo,3522117216123,2022-12-19,2023-01-14,355030,126 SERVICO DE FISIOTERAPIA / 007 ASSISTENCIA FISIOTERAPEUTICA NAS ALTERACOES EM NEUROLOGIA,2
2023,1,SP,São Paulo,3550308,São Paulo,3522117216123,2022-12-19,2023-01-14,355030,126 SERVICO DE FISIOTERAPIA / 007 ASSISTENCIA FISIOTERAPEUTICA NAS ALTERACOES EM NEUROLOGIA,7
2023,1,SP,São Paulo,3550308,São Paulo,3522117216123,2022-12-19,2023-01-14,355030,126 SERVICO DE FISIOTERAPIA / 007 ASSISTENCIA FISIOTERAPEUTICA NAS ALTERACOES EM NEUROLOGIA,7
2023,1,SP,São Paulo,3550308,São Paulo,3522117216123,2022-12-19,2023-01-14,355030,126 SERVICO DE FISIOTERAPIA / 004 ASSISTENCIA FISIOTERAPEUTICA CARDIOVASCULARES E PNEUMOFUNCI,2
2023,1,SP,São Paulo,3550308,São Paulo,3522117216123,2022-12-19,2023-01-14,355030,126 SERVICO DE FISIOTERAPIA / 004 ASSISTENCIA FISIOTERAPEUTICA CARDIOVASCULARES E PNEUMOFUNCI,2
2023,1,SP,São Paulo,3550308,São Paulo,3522117216123,2022-12-19,2023-01-14,355030,126 SERVICO DE FISIOTERAPIA / 007 ASSISTENCIA FISIOTERAPEUTICA NAS ALTERACOES EM NEUROLOGIA,2
2023,1,SP,São Paulo,3550308,São Paulo,3522117216123,2022-12-19,2023-01-14,355030,126 SERVICO DE FISIOTERAPIA / 007 ASSISTENCIA FISIOTERAPEUTICA NAS ALTERACOES EM NEUROLOGIA,2
2023,1,SP,São Paulo,3550308,São Paulo,3522117216123,2022-12-19,2023-01-14,355030,,1
2023,1,SP,São Paulo,3550308,São Paulo,3522117216123,2022-12-19,2023-01-14,355030,,4
2023,1,SP,São Paulo,3550308,São Paulo,3522117216123,2022-12-19,2023-01-14,355030,,2
2023,1,SP,São Paulo,3550308,São Paulo,3522117216123,2022-12-19,2023-01-14,355030,126 SERVICO DE FISIOTERAPIA / 007 ASSISTENCIA FISIOTERAPEUTICA NAS ALTERACOES EM NEUROLOGIA,2
2023,1,SP,São Paulo,3550308,São Paulo,3522117216123,2022-12-19,2023-01-14,355030,126 SERVICO DE FISIOTERAPIA / 007 ASSISTENCIA FISIOTERAPEUTICA NAS ALTERACOES EM NEUROLOGIA,2
2023,1,SP,São Paulo,3550308,São Paulo,3522117216123,2022-12-19,2023-01-14,355030,126 SERVICO DE FISIOTERAPIA / 007 ASSISTENCIA FISIOTERAPEUTICA NAS ALTERACOES EM NEUROLOGIA,2
2023,1,SP,São Paulo,3550308,São Paulo,3522117216123,2022-12-19,2023-01-14,355030,126 SERVICO DE FISIOTERAPIA / 007 ASSISTENCIA FISIOTERAPEUTICA NAS ALTERACOES EM NEUROLOGIA,2
2023,1,SP,São Paulo,3550308,São Paulo,3522117216123,2022-12-19,2023-01-14,355030,,7
2023,1,SP,São Paulo,3550308,São Paulo,3522117216123,2022-12-19,2023-01-14,355030,126 SERVICO DE FISIOTERAPIA / 007 ASSISTENCIA FISIOTERAPEUTICA NAS ALTERACOES EM NEUROLOGIA,1
2023,1,SP,São Paulo,3550308,São Paulo,3522117216123,2022-12-19,2023-01-14,355030,126 SERVICO DE FISIOTERAPIA / 007 ASSISTENCIA FISIOTERAPEUTICA NAS ALTERACOES EM NEUROLOGIA,1
2023,1,SP,São Paulo,3550308,São Paulo,3522117216123,2022-12-19,2023-01-14,355030,126 SERVICO DE FISIOTERAPIA / 007 ASSISTENCIA FISIOTERAPEUTICA NAS ALTERACOES EM NEUROLOGIA,1
2023,1,SP,São Paulo,3550308,São Paulo,3522117216123,2022-12-19,2023-01-14,355030,126 SERVICO DE FISIOTERAPIA / 007 ASSISTENCIA FISIOTERAPEUTICA NAS ALTERACOES EM NEUROLOGIA,1
2023,1,SP,São Paulo,3550308,São Paulo,3522117216123,2022-12-19,2023-01-14,355030,126 SERVICO DE FISIOTERAPIA / 004 ASSISTENCIA FISIOTERAPEUTICA CARDIOVASCULARES E PNEUMOFUNCI,1
2023,1,SP,São Paulo,3550308,São Paulo,3522117216123,2022-12-19,2023-01-14,355030,126 SERVICO DE FISIOTERAPIA / 004 ASSISTENCIA FISIOTERAPEUTICA CARDIOVASCULARES E PNEUMOFUNCI,1
2023,1,SP,São Paulo,3550308,São Paulo,3522117216123,2022-12-19,2023-01-14,355030,126 SERVICO DE FISIOTERAPIA / 007 ASSISTENCIA FISIOTERAPEUTICA NAS ALTERACOES EM NEUROLOGIA,6
2023,1,SP,São Paulo,3550308,São Paulo,3522117216123,2022-12-19,2023-01-14,355030,126 SERVICO DE FISIOTERAPIA / 007 ASSISTENCIA FISIOTERAPEUTICA NAS ALTERACOES EM NEUROLOGIA,6
2023,1,SP,São Paulo,3550308,São Paulo,3522117216123,2022-12-19,2023-01-14,355030,,0
2023,1,SP,São Paulo,3550308,São Paulo,3522117216123,2022-12-19,2023-01-14,355030,126 SERVICO DE FISIOTERAPIA / 007 ASSISTENCIA FISIOTERAPEUTICA NAS ALTERACOES EM NEUROLOGIA,2
2023,1,SP,São Paulo,3550308,São Paulo,3522117216123,2022-12-19,2023-01-14,355030,126 SERVICO DE FISIOTERAPIA / 007 ASSISTENCIA FISIOTERAPEUTICA NAS ALTERACOES EM NEUROLOGIA,2
2023,1,SP,São Paulo,3550308,São Paulo,3522117216123,2022-12-19,2023-01-14,355030,126 SERVICO DE FISIOTERAPIA / 007 ASSISTENCIA FISIOTERAPEUTICA NAS ALTERACOES EM NEUROLOGIA,2
2023,1,SP,São Paulo,3550308,São Paulo,3522117216123,2022-12-19,2023-01-14,355030,126 SERVICO DE FISIOTERAPIA / 007 ASSISTENCIA FISIOTERAPEUTICA NAS ALTERACOES EM NEUROLOGIA,2
2023,1,SP,São Paulo,3550308,São Paulo,3522117216123,2022-12-19,2023-01-14,355030,126 SERVICO DE FISIOTERAPIA / 007 ASSISTENCIA FISIOTERAPEUTICA NAS ALTERACOES EM NEUROLOGIA,1
2023,1,SP,São Paulo,3550308,São Paulo,3522117216123,2022-12-19,2023-01-14,355030,126 SERVICO DE FISIOTERAPIA / 007 ASSISTENCIA FISIOTERAPEUTICA NAS ALTERACOES EM NEUROLOGIA,1
2023,1,SP,São Paulo,3550308,São Paulo,3522117216123,2022-12-19,2023-01-14,355030,126 SERVICO DE FISIOTERAPIA / 007 ASSISTENCIA FISIOTERAPEUTICA NAS ALTERACOES EM NEUROLOGIA,10
2023,1,SP,São Paulo,3550308,São Paulo,3522117216123,2022-12-19,2023-01-14,355030,126 SERVICO DE FISIOTERAPIA / 007 ASSISTENCIA FISIOTERAPEUTICA NAS ALTERACOES EM NEUROLOGIA,10
2023,1,SP,São Paulo,3550308,São Paulo,3522117216123,2022-12-19,2023-01-14,355030,126 SERVICO DE FISIOTERAPIA / 007 ASSISTENCIA FISIOTERAPEUTICA NAS ALTERACOES EM NEUROLOGIA,4
2023,1,SP,São Paulo,3550308,São Paulo,3522117216123,2022-12-19,2023-01-14,355030,126 SERVICO DE FISIOTERAPIA / 007 ASSISTENCIA FISIOTERAPEUTICA NAS ALTERACOES EM NEUROLOGIA,4
2023,1,SP,São Paulo,3550308,São Paulo,3522117216123,2022-12-19,2023-01-14,355030,,0
2023,1,SP,São Paulo,3550308,São Paulo,3522117216145,2022-12-02,2022-12-15,351880,,1
2023,1,SP,São Paulo,3550308,São Paulo,3522117216145,2022-12-02,2022-12-15,351880,,1
2023,1,SP,São Paulo,3550308,São Paulo,3522117216145,2022-12-02,2022-12-15,351880,126 SERVICO DE FISIOTERAPIA / 004 ASSISTENCIA FISIOTERAPEUTICA CARDIOVASCULARES E PNEUMOFUNCI,1
2023,1,SP,São Paulo,3550308,São Paulo,3522117216145,2022-12-02,2022-12-15,351880,126 SERVICO DE FISIOTERAPIA / 004 ASSISTENCIA FISIOTERAPEUTICA CARDIOVASCULARES E PNEUMOFUNCI,1
2023,1,SP,São Paulo,3550308,São Paulo,3522117216145,2022-12-02,2022-12-15,351880,,2
2023,1,SP,São Paulo,3550308,São Paulo,3522117216156,2022-12-15,2022-12-22,351880,126 SERVICO DE FISIOTERAPIA / 007 ASSISTENCIA FISIOTERAPEUTICA NAS ALTERACOES EM NEUROLOGIA,1
2023,1,SP,São Paulo,3550308,São Paulo,3522117216156,2022-12-15,2022-12-22,351880,126 SERVICO DE FISIOTERAPIA / 007 ASSISTENCIA FISIOTERAPEUTICA NAS ALTERACOES EM NEUROLOGIA,1
2023,1,SP,São Paulo,3550308,São Paulo,3522117216156,2022-12-15,2022-12-22,351880,126 SERVICO DE FISIOTERAPIA / 004 ASSISTENCIA FISIOTERAPEUTICA CARDIOVASCULARES E PNEUMOFUNCI,1
2023,1,SP,São Paulo,3550308,São Paulo,3522117216156,2022-12-15,2022-12-22,351880,126 SERVICO DE FISIOTERAPIA / 004 ASSISTENCIA FISIOTERAPEUTICA CARDIOVASCULARES E PNEUMOFUNCI,1
2023,1,SP,São Paulo,3550308,São Paulo,3522117216156,2022-12-15,2022-12-22,351880,,0
2023,1,SP,São Paulo,3550308,São Paulo,3522117216167,2022-12-22,2023-01-12,351880,126 SERVICO DE FISIOTERAPIA / 007 ASSISTENCIA FISIOTERAPEUTICA NAS ALTERACOES EM NEUROLOGIA,2
2023,1,SP,São Paulo,3550308,São Paulo,3522117216167,2022-12-22,2023-01-12,351880,126 SERVICO DE FISIOTERAPIA / 007 ASSISTENCIA FISIOTERAPEUTICA NAS ALTERACOES EM NEUROLOGIA,2
2023,1,SP,São Paulo,3550308,São Paulo,3522117216167,2022-12-22,2023-01-12,351880,,1
2023,1,SP,São Paulo,3550308,São Paulo,3522117216167,2022-12-22,2023-01-12,351880,126 SERVICO DE FISIOTERAPIA / 004 ASSISTENCIA FISIOTERAPEUTICA CARDIOVASCULARES E PNEUMOFUNCI,1
2023,1,SP,São Paulo,3550308,São Paulo,3522117216167,2022-12-22,2023-01-12,351880,126 SERVICO DE FISIOTERAPIA / 004 ASSISTENCIA FISIOTERAPEUTICA CARDIOVASCULARES E PNEUMOFUNCI,1
2023,1,SP,São Paulo,3550308,São Paulo,3522117216167,2022-12-22,2023-01-12,351880,126 SERVICO DE FISIOTERAPIA / 004 ASSISTENCIA FISIOTERAPEUTICA CARDIOVASCULARES E PNEUMOFUNCI,2
2023,1,SP,São Paulo,3550308,São Paulo,3522117216167,2022-12-22,2023-01-12,351880,126 SERVICO DE FISIOTERAPIA / 004 ASSISTENCIA FISIOTERAPEUTICA CARDIOVASCULARES E PNEUMOFUNCI,2
2023,1,SP,São Paulo,3550308,São Paulo,3522117216167,2022-12-22,2023-01-12,351880,,1
2023,1,SP,São Paulo,3550308,São Paulo,3522117216167,2022-12-22,2023-01-12,351880,,1
2023,1,SP,São Paulo,3550308,São Paulo,3522117216167,2022-12-22,2023-01-12,351880,,0
2023,1,SP,São Paulo,3550308,São Paulo,3522117216167,2022-12-22,2023-01-12,351880,,0
2023,1,SP,São Paulo,3550308,São Paulo,3522117216189,2022-11-15,2023-01-23,355030,126 SERVICO DE FISIOTERAPIA / 007 ASSISTENCIA FISIOTERAPEUTICA NAS ALTERACOES EM NEUROLOGIA,1
2023,1,SP,São Paulo,3550308,São Paulo,3522117216189,2022-11-15,2023-01-23,355030,126 SERVICO DE FISIOTERAPIA / 007 ASSISTENCIA FISIOTERAPEUTICA NAS ALTERACOES EM NEUROLOGIA,1
2023,1,SP,São Paulo,3550308,São Paulo,3522117216189,2022-11-15,2023-01-23,355030,,0
2023,1,SP,São Paulo,3550308,São Paulo,3522117216189,2022-11-15,2023-01-23,355030,126 SERVICO DE FISIOTERAPIA / 004 ASSISTENCIA FISIOTERAPEUTICA CARDIOVASCULARES E PNEUMOFUNCI,41
2023,1,SP,São Paulo,3550308,São Paulo,3522117216189,2022-11-15,2023-01-23,355030,126 SERVICO DE FISIOTERAPIA / 004 ASSISTENCIA FISIOTERAPEUTICA CARDIOVASCULARES E PNEUMOFUNCI,41
2023,1,SP,São Paulo,3550308,São Paulo,3522117216189,2022-11-15,2023-01-23,355030,,2
2023,1,SP,São Paulo,3550308,São Paulo,3522117216189,2022-11-15,2023-01-23,355030,126 SERVICO DE FISIOTERAPIA / 007 ASSISTENCIA FISIOTERAPEUTICA NAS ALTERACOES EM NEUROLOGIA,5
2023,1,SP,São Paulo,3550308,São Paulo,3522117216189,2022-11-15,2023-01-23,355030,126 SERVICO DE FISIOTERAPIA / 007 ASSISTENCIA FISIOTERAPEUTICA NAS ALTERACOES EM NEUROLOGIA,5
2023,1,SP,São Paulo,3550308,São Paulo,3522117216189,2022-11-15,2023-01-23,355030,,22
2023,1,SP,São Paulo,3550308,São Paulo,3522117216189,2022-11-15,2023-01-23,355030,126 SERVICO DE FISIOTERAPIA / 004 ASSISTENCIA FISIOTERAPEUTICA CARDIOVASCULARES E PNEUMOFUNCI,1
2023,1,SP,São Paulo,3550308,São Paulo,3522117216189,2022-11-15,2023-01-23,355030,126 SERVICO DE FISIOTERAPIA / 004 ASSISTENCIA FISIOTERAPEUTICA CARDIOVASCULARES E PNEUMOFUNCI,1
2023,1,SP,São Paulo,3550308,São Paulo,3522117216189,2022-11-15,2023-01-23,355030,126 SERVICO DE FISIOTERAPIA / 004 ASSISTENCIA FISIOTERAPEUTICA CARDIOVASCULARES E PNEUMOFUNCI,1
2023,1,SP,São Paulo,3550308,São Paulo,3522117216189,2022-11-15,2023-01-23,355030,126 SERVICO DE FISIOTERAPIA / 004 ASSISTENCIA FISIOTERAPEUTICA CARDIOVASCULARES E PNEUMOFUNCI,1
2023,1,SP,São Paulo,3550308,São Paulo,3522117216189,2022-11-15,2023-01-23,355030,126 SERVICO DE FISIOTERAPIA / 004 ASSISTENCIA FISIOTERAPEUTICA CARDIOVASCULARES E PNEUMOFUNCI,2
2023,1,SP,São Paulo,3550308,São Paulo,3522117216189,2022-11-15,2023-01-23,355030,126 SERVICO DE FISIOTERAPIA / 004 ASSISTENCIA FISIOTERAPEUTICA CARDIOVASCULARES E PNEUMOFUNCI,2
2023,1,SP,São Paulo,3550308,São Paulo,3522117216189,2022-11-15,2023-01-23,355030,,1
2023,1,SP,São Paulo,3550308,São Paulo,3522117216189,2022-11-15,2023-01-23,355030,,14
2023,1,SP,São Paulo,3550308,São Paulo,3522117216189,2022-11-15,2023-01-23,355030,126 SERVICO DE FISIOTERAPIA / 004 ASSISTENCIA FISIOTERAPEUTICA CARDIOVASCULARES E PNEUMOFUNCI,1
2023,1,SP,São Paulo,3550308,São Paulo,3522117216189,2022-11-15,2023-01-23,355030,126 SERVICO DE FISIOTERAPIA / 004 ASSISTENCIA FISIOTERAPEUTICA CARDIOVASCULARES E PNEUMOFUNCI,1
2023,1,SP,São Paulo,3550308,São Paulo,3522117216200,2022-12-23,2023-01-26,355030,,2
2023,1,SP,São Paulo,3550308,São Paulo,3522117216200,2022-12-23,2023-01-26,355030,126 SERVICO DE FISIOTERAPIA / 007 ASSISTENCIA FISIOTERAPEUTICA NAS ALTERACOES EM NEUROLOGIA,2
2023,1,SP,São Paulo,3550308,São Paulo,3522117216200,2022-12-23,2023-01-26,355030,126 SERVICO DE FISIOTERAPIA / 007 ASSISTENCIA FISIOTERAPEUTICA NAS ALTERACOES EM NEUROLOGIA,2
2023,1,SP,São Paulo,3550308,São Paulo,3522117216277,2022-12-20,2022-12-24,355030,,1
2023,1,SP,São Paulo,3550308,São Paulo,3522117216343,2022-12-19,2022-12-24,355030,,0
2023,1,SP,São Paulo,3550308,São Paulo,3522117216343,2022-12-19,2022-12-24,355030,,1
2023,1,SP,São Paulo,3550308,São Paulo,3522117216409,2022-12-28,2023-01-02,355030,,4
2023,1,SP,São Paulo,3550308,São Paulo,3522117216409,2022-12-28,2023-01-02,355030,126 SERVICO DE FISIOTERAPIA / 007 ASSISTENCIA FISIOTERAPEUTICA NAS ALTERACOES EM NEUROLOGIA,2
2023,1,SP,São Paulo,3550308,São Paulo,3522117216409,2022-12-28,2023-01-02,355030,126 SERVICO DE FISIOTERAPIA / 007 ASSISTENCIA FISIOTERAPEUTICA NAS ALTERACOES EM NEUROLOGIA,2
2023,1,SP,São Paulo,3550308,São Paulo,3522117216409,2022-12-28,2023-01-02,355030,,0
2023,1,SP,São Paulo,3550308,São Paulo,3522117216409,2022-12-28,2023-01-02,355030,,1
2023,1,SP,São Paulo,3550308,São Paulo,3522117216409,2022-12-28,2023-01-02,355030,126 SERVICO DE FISIOTERAPIA / 007 ASSISTENCIA FISIOTERAPEUTICA NAS ALTERACOES EM NEUROLOGIA,1
2023,1,SP,São Paulo,3550308,São Paulo,3522117216409,2022-12-28,2023-01-02,355030,126 SERVICO DE FISIOTERAPIA / 007 ASSISTENCIA FISIOTERAPEUTICA NAS ALTERACOES EM NEUROLOGIA,1
2023,1,SP,São Paulo,3550308,São Paulo,3522117216409,2022-12-28,2023-01-02,355030,,1
2023,1,SP,São Paulo,3550308,São Paulo,3522117216409,2022-12-28,2023-01-02,355030,126 SERVICO DE FISIOTERAPIA / 004 ASSISTENCIA FISIOTERAPEUTICA CARDIOVASCULARES E PNEUMOFUNCI,1
2023,1,SP,São Paulo,3550308,São Paulo,3522117216409,2022-12-28,2023-01-02,355030,126 SERVICO DE FISIOTERAPIA / 004 ASSISTENCIA FISIOTERAPEUTICA CARDIOVASCULARES E PNEUMOFUNCI,1
2023,1,SP,São Paulo,3550308,São Paulo,3522117216409,2022-12-28,2023-01-02,355030,126 SERVICO DE FISIOTERAPIA / 007 ASSISTENCIA FISIOTERAPEUTICA NAS ALTERACOES EM NEUROLOGIA,3
2023,1,SP,São Paulo,3550308,São Paulo,3522117216409,2022-12-28,2023-01-02,355030,126 SERVICO DE FISIOTERAPIA / 007 ASSISTENCIA FISIOTERAPEUTICA NAS ALTERACOES EM NEUROLOGIA,3
2023,1,SP,São Paulo,3550308,São Paulo,3522117216409,2022-12-28,2023-01-02,355030,126 SERVICO DE FISIOTERAPIA / 007 ASSISTENCIA FISIOTERAPEUTICA NAS ALTERACOES EM NEUROLOGIA,2
2023,1,SP,São Paulo,3550308,São Paulo,3522117216409,2022-12-28,2023-01-02,355030,126 SERVICO DE FISIOTERAPIA / 007 ASSISTENCIA FISIOTERAPEUTICA NAS ALTERACOES EM NEUROLOGIA,2
2023,1,SP,São Paulo,3550308,São Paulo,3522117216409,2022-12-28,2023-01-02,355030,126 SERVICO DE FISIOTERAPIA / 007 ASSISTENCIA FISIOTERAPEUTICA NAS ALTERACOES EM NEUROLOGIA,1
2023,1,SP,São Paulo,3550308,São Paulo,3522117216409,2022-12-28,2023-01-02,355030,126 SERVICO DE FISIOTERAPIA / 007 ASSISTENCIA FISIOTERAPEUTICA NAS ALTERACOES EM NEUROLOGIA,1
2023,1,SP,São Paulo,3550308,São Paulo,3522117216409,2022-12-28,2023-01-02,355030,126 SERVICO DE FISIOTERAPIA / 004 ASSISTENCIA FISIOTERAPEUTICA CARDIOVASCULARES E PNEUMOFUNCI,1
2023,1,SP,São Paulo,3550308,São Paulo,3522117216409,2022-12-28,2023-01-02,355030,126 SERVICO DE FISIOTERAPIA / 004 ASSISTENCIA FISIOTERAPEUTICA CARDIOVASCULARES E PNEUMOFUNCI,1
2023,1,SP,São Paulo,3550308,São Paulo,3522117216410,2022-12-18,2023-01-26,355030,,1
2023,1,SP,São Paulo,3550308,São Paulo,3522117216410,2022-12-18,2023-01-26,355030,,1
2023,1,SP,São Paulo,3550308,São Paulo,3522117216410,2022-12-18,2023-01-26,355030,126 SERVICO DE FISIOTERAPIA / 004 ASSISTENCIA FISIOTERAPEUTICA CARDIOVASCULARES E PNEUMOFUNCI,3
2023,1,SP,São Paulo,3550308,São Paulo,3522117216410,2022-12-18,2023-01-26,355030,126 SERVICO DE FISIOTERAPIA / 004 ASSISTENCIA FISIOTERAPEUTICA CARDIOVASCULARES E PNEUMOFUNCI,3
2023,1,SP,São Paulo,3550308,São Paulo,3522117216410,2022-12-18,2023-01-26,355030,126 SERVICO DE FISIOTERAPIA / 004 ASSISTENCIA FISIOTERAPEUTICA CARDIOVASCULARES E PNEUMOFUNCI,3
2023,1,SP,São Paulo,3550308,São Paulo,3522117216410,2022-12-18,2023-01-26,355030,126 SERVICO DE FISIOTERAPIA / 004 ASSISTENCIA FISIOTERAPEUTICA CARDIOVASCULARES E PNEUMOFUNCI,3
2023,1,SP,São Paulo,3550308,São Paulo,3522117216410,2022-12-18,2023-01-26,355030,,4
2023,1,SP,São Paulo,3550308,São Paulo,3522117216453,2022-11-06,2023-01-23,355030,126 SERVICO DE FISIOTERAPIA / 007 ASSISTENCIA FISIOTERAPEUTICA NAS ALTERACOES EM NEUROLOGIA,2
2023,1,SP,São Paulo,3550308,São Paulo,3522117216453,2022-11-06,2023-01-23,355030,126 SERVICO DE FISIOTERAPIA / 007 ASSISTENCIA FISIOTERAPEUTICA NAS ALTERACOES EM NEUROLOGIA,2
2023,1,SP,São Paulo,3550308,São Paulo,3522117216453,2022-11-06,2023-01-23,355030,,1
2023,1,SP,São Paulo,3550308,São Paulo,3522117216453,2022-11-06,2023-01-23,355030,,16
2023,1,SP,São Paulo,3550308,São Paulo,3522117216453,2022-11-06,2023-01-23,355030,,1
2023,1,SP,São Paulo,3550308,São Paulo,3522117216453,2022-11-06,2023-01-23,355030,,1
2023,1,SP,São Paulo,3550308,São Paulo,3522117216453,2022-11-06,2023-01-23,355030,126 SERVICO DE FISIOTERAPIA / 004 ASSISTENCIA FISIOTERAPEUTICA CARDIOVASCULARES E PNEUMOFUNCI,1
2023,1,SP,São Paulo,3550308,São Paulo,3522117216453,2022-11-06,2023-01-23,355030,126 SERVICO DE FISIOTERAPIA / 004 ASSISTENCIA FISIOTERAPEUTICA CARDIOVASCULARES E PNEUMOFUNCI,1
2023,1,SP,São Paulo,3550308,São Paulo,3522117216453,2022-11-06,2023-01-23,355030,,1
2023,1,SP,São Paulo,3550308,São Paulo,3522117216453,2022-11-06,2023-01-23,355030,,1
2023,1,SP,São Paulo,3550308,São Paulo,3522117216453,2022-11-06,2023-01-23,355030,,11
2023,1,SP,São Paulo,3500709,Agudos,3522117575042,2023-01-30,2023-01-31,350070,,0
2023,1,SP,São Paulo,3500709,Agudos,3522117577165,2022-12-31,2023-01-01,350600,,0
2023,1,SP,São Paulo,3500709,Agudos,3522117577210,2023-01-01,2023-01-02,350070,,0
2023,1,SP,São Paulo,3500709,Agudos,3522117577242,2023-01-01,2023-01-02,350070,,0
2023,1,SP,São Paulo,3500709,Agudos,3522117577242,2023-01-01,2023-01-02,350070,,0
2023,1,SP,São Paulo,3545803,Santa Bárbara d'Oeste,3522117662570,2022-10-02,2022-10-23,354580,,0
2023,1,SP,São Paulo,3545803,Santa Bárbara d'Oeste,3522117663284,2022-10-05,2022-10-07,354580,,0
2023,1,SP,São Paulo,3551702,Sertãozinho,3522117903216,2023-01-17,2023-01-18,355170,,0
2023,1,SP,São Paulo,3551702,Sertãozinho,3522117903249,2023-01-10,2023-01-10,355170,,0
2023,1,SP,São Paulo,3551702,Sertãozinho,3522117903249,2023-01-10,2023-01-10,355170,,0
2023,1,SP,São Paulo,3551702,Sertãozinho,3522117906692,2023-01-14,2023-01-14,355170,,0
2023,1,SP,São Paulo,3551702,Sertãozinho,3522117909112,2023-01-06,2023-01-09,355170,,1
2023,1,SP,São Paulo,3509700,Campos do Jordão,3522118161364,2022-06-15,2023-01-04,355030,,0
2023,1,SP,São Paulo,3515186,Espírito Santo do Pinhal,3522118218872,2022-07-03,2023-01-05,351518,,0
2023,1,SP,São Paulo,3515186,Espírito Santo do Pinhal,3522118219202,2022-07-27,2023-01-31,351518,,0
2023,1,SP,São Paulo,3515186,Espírito Santo do Pinhal,3522118225483,2022-08-23,2023-01-31,351518,,0
2023,1,SP,São Paulo,3515186,Espírito Santo do Pinhal,3522118225505,2022-08-02,2023-01-31,351518,,0
2023,1,SP,São Paulo,3516705,Garça,3522118244910,2022-07-04,2023-01-31,354000,,0
2023,1,SP,São Paulo,3542602,Registro,3522118484984,2022-08-22,2023-01-31,354260,126 SERVICO DE FISIOTERAPIA / 004 ASSISTENCIA FISIOTERAPEUTICA CARDIOVASCULARES E PNEUMOFUNCI,4
2023,1,SP,São Paulo,3542602,Registro,3522118484984,2022-08-22,2023-01-31,354260,126 SERVICO DE FISIOTERAPIA / 004 ASSISTENCIA FISIOTERAPEUTICA CARDIOVASCULARES E PNEUMOFUNCI,4
2023,1,SP,São Paulo,3542602,Registro,3522118484984,2022-08-22,2023-01-31,354260,126 SERVICO DE FISIOTERAPIA / 007 ASSISTENCIA FISIOTERAPEUTICA NAS ALTERACOES EM NEUROLOGIA,3
2023,1,SP,São Paulo,3542602,Registro,3522118484984,2022-08-22,2023-01-31,354260,126 SERVICO DE FISIOTERAPIA / 007 ASSISTENCIA FISIOTERAPEUTICA NAS ALTERACOES EM NEUROLOGIA,3
2023,1,SP,São Paulo,3542602,Registro,3522118484984,2022-08-22,2023-01-31,354260,126 SERVICO DE FISIOTERAPIA / 007 ASSISTENCIA FISIOTERAPEUTICA NAS ALTERACOES EM NEUROLOGIA,9
2023,1,SP,São Paulo,3542602,Registro,3522118484984,2022-08-22,2023-01-31,354260,126 SERVICO DE FISIOTERAPIA / 007 ASSISTENCIA FISIOTERAPEUTICA NAS ALTERACOES EM NEUROLOGIA,9
2023,1,SP,São Paulo,3542602,Registro,3522118484984,2022-08-22,2023-01-31,354260,126 SERVICO DE FISIOTERAPIA / 004 ASSISTENCIA FISIOTERAPEUTICA CARDIOVASCULARES E PNEUMOFUNCI,6
2023,1,SP,São Paulo,3542602,Registro,3522118484984,2022-08-22,2023-01-31,354260,126 SERVICO DE FISIOTERAPIA / 004 ASSISTENCIA FISIOTERAPEUTICA CARDIOVASCULARES E PNEUMOFUNCI,6
2023,1,SP,São Paulo,3542602,Registro,3522118484984,2022-08-22,2023-01-31,354260,126 SERVICO DE FISIOTERAPIA / 004 ASSISTENCIA FISIOTERAPEUTICA CARDIOVASCULARES E PNEUMOFUNCI,7
2023,1,SP,São Paulo,3542602,Registro,3522118484984,2022-08-22,2023-01-31,354260,126 SERVICO DE FISIOTERAPIA / 004 ASSISTENCIA FISIOTERAPEUTICA CARDIOVASCULARES E PNEUMOFUNCI,7
2023,1,SP,São Paulo,3542602,Registro,3522118484984,2022-08-22,2023-01-31,354260,126 SERVICO DE FISIOTERAPIA / 004 ASSISTENCIA FISIOTERAPEUTICA CARDIOVASCULARES E PNEUMOFUNCI,6
2023,1,SP,São Paulo,3542602,Registro,3522118484984,2022-08-22,2023-01-31,354260,126 SERVICO DE FISIOTERAPIA / 004 ASSISTENCIA FISIOTERAPEUTICA CARDIOVASCULARES E PNEUMOFUNCI,6
2023,1,SP,São Paulo,3542602,Registro,3522118484984,2022-08-22,2023-01-31,354260,126 SERVICO DE FISIOTERAPIA / 004 ASSISTENCIA FISIOTERAPEUTICA CARDIOVASCULARES E PNEUMOFUNCI,15
2023,1,SP,São Paulo,3542602,Registro,3522118484984,2022-08-22,2023-01-31,354260,126 SERVICO DE FISIOTERAPIA / 004 ASSISTENCIA FISIOTERAPEUTICA CARDIOVASCULARES E PNEUMOFUNCI,15
2023,1,SP,São Paulo,3542602,Registro,3522118484984,2022-08-22,2023-01-31,354260,126 SERVICO DE FISIOTERAPIA / 004 ASSISTENCIA FISIOTERAPEUTICA CARDIOVASCULARES E PNEUMOFUNCI,3
2023,1,SP,São Paulo,3542602,Registro,3522118484984,2022-08-22,2023-01-31,354260,126 SERVICO DE FISIOTERAPIA / 004 ASSISTENCIA FISIOTERAPEUTICA CARDIOVASCULARES E PNEUMOFUNCI,3
2023,1,SP,São Paulo,3542602,Registro,3522118484984,2022-08-22,2023-01-31,354260,126 SERVICO DE FISIOTERAPIA / 004 ASSISTENCIA FISIOTERAPEUTICA CARDIOVASCULARES E PNEUMOFUNCI,6
2023,1,SP,São Paulo,3542602,Registro,3522118484984,2022-08-22,2023-01-31,354260,126 SERVICO DE FISIOTERAPIA / 004 ASSISTENCIA FISIOTERAPEUTICA CARDIOVASCULARES E PNEUMOFUNCI,6
2023,1,SP,São Paulo,3529302,Matão,3522118500857,2022-07-25,2022-08-31,352930,,0
2023,1,SP,São Paulo,3529302,Matão,3522118500857,2022-07-25,2022-08-31,352930,128 SERVICO DE HEMOTERAPIA / 004 MEDICINA TRANSFUSIONAL,27
2023,1,SP,São Paulo,3529302,Matão,3522118500857,2022-07-25,2022-08-31,352930,128 SERVICO DE HEMOTERAPIA / 004 MEDICINA TRANSFUSIONAL,27
2023,1,SP,São Paulo,3529302,Matão,3522118502640,2022-08-01,2022-08-07,350740,128 SERVICO DE HEMOTERAPIA / 004 MEDICINA TRANSFUSIONAL,1
2023,1,SP,São Paulo,3529302,Matão,3522118502640,2022-08-01,2022-08-07,350740,128 SERVICO DE HEMOTERAPIA / 004 MEDICINA TRANSFUSIONAL,1
2023,1,SP,São Paulo,3506003,Bauru,3522118522604,2022-07-12,2022-11-18,350070,,2
2023,1,SP,São Paulo,3502101,Andradina,3522118559267,2022-07-31,2022-08-02,350210,,1
2023,1,SP,São Paulo,3522109,Itanhaém,3522118601936,2022-09-23,2022-11-07,353110,,1
2023,1,SP,São Paulo,3522109,Itanhaém,3522118601936,2022-09-23,2022-11-07,353110,,1
2023,1,SP,São Paulo,3522109,Itanhaém,3522118601936,2022-09-23,2022-11-07,353110,,3
2023,1,SP,São Paulo,3522109,Itanhaém,3522118601936,2022-09-23,2022-11-07,353110,,5
2023,1,SP,São Paulo,3522109,Itanhaém,3522118602849,2022-09-28,2022-12-01,354100,,2
2023,1,SP,São Paulo,3522109,Itanhaém,3522118602849,2022-09-28,2022-12-01,354100,,8
2023,1,SP,São Paulo,3522109,Itanhaém,3522118602849,2022-09-28,2022-12-01,354100,,8
2023,1,SP,São Paulo,3522109,Itanhaém,3522118602948,2022-09-28,2022-11-10,352210,,1
2023,1,SP,São Paulo,3522109,Itanhaém,3522118602948,2022-09-28,2022-11-10,352210,,3
2023,1,SP,São Paulo,3522109,Itanhaém,3522118602948,2022-09-28,2022-11-10,352210,,3
2023,1,SP,São Paulo,3522109,Itanhaém,3522118605335,2022-10-04,2022-11-10,352210,,1
2023,1,SP,São Paulo,3522109,Itanhaém,3522118605335,2022-10-04,2022-11-10,352210,,2
2023,1,SP,São Paulo,3522109,Itanhaém,3522118605335,2022-10-04,2022-11-10,352210,,1
2023,1,SP,São Paulo,3522109,Itanhaém,3522118606809,2022-10-08,2022-11-02,352210,,1
2023,1,SP,São Paulo,3522109,Itanhaém,3522118606809,2022-10-08,2022-11-02,352210,,1
2023,1,SP,São Paulo,3522109,Itanhaém,3522118606809,2022-10-08,2022-11-02,352210,,0
2023,1,SP,São Paulo,3522109,Itanhaém,3522118606809,2022-10-08,2022-11-02,352210,,1
2023,1,SP,São Paulo,3522109,Itanhaém,3522118607800,2022-10-12,2022-11-07,353110,,3
2023,1,SP,São Paulo,3522109,Itanhaém,3522118608943,2022-10-14,2022-11-28,353110,,1
2023,1,SP,São Paulo,3522109,Itanhaém,3522118608943,2022-10-14,2022-11-28,353110,,1
2023,1,SP,São Paulo,3522109,Itanhaém,3522118608943,2022-10-14,2022-11-28,353110,,1
2023,1,SP,São Paulo,3522109,Itanhaém,3522118608943,2022-10-14,2022-11-28,353110,,1
2023,1,SP,São Paulo,3522109,Itanhaém,3522118608943,2022-10-14,2022-11-28,353110,,1
2023,1,SP,São Paulo,3522109,Itanhaém,3522118608943,2022-10-14,2022-11-28,353110,,1
2023,1,SP,São Paulo,3522109,Itanhaém,3522118608943,2022-10-14,2022-11-28,353110,,2
2023,1,SP,São Paulo,3522109,Itanhaém,3522118608943,2022-10-14,2022-11-28,353110,,2
2023,1,SP,São Paulo,3505500,Barretos,3522118632791,2022-09-30,2022-11-09,312830,,0
2023,1,SP,São Paulo,3505500,Barretos,3522118635816,2022-10-09,2022-11-09,170550,,0
2023,1,SP,São Paulo,3505500,Barretos,3522118637114,2022-10-10,2022-12-22,315340,132 SERVICO DE ONCOLOGIA / 005 ONCOLOGIA CIRURGICA,0
2023,1,SP,São Paulo,3505500,Barretos,3522118637114,2022-10-10,2022-12-22,315340,132 SERVICO DE ONCOLOGIA / 005 ONCOLOGIA CIRURGICA,0
2023,1,SP,São Paulo,3505500,Barretos,3522118638423,2022-10-18,2022-10-19,350280,132 SERVICO DE ONCOLOGIA / 005 ONCOLOGIA CIRURGICA,0
2023,1,SP,São Paulo,3505500,Barretos,3522118638423,2022-10-18,2022-10-19,350280,132 SERVICO DE ONCOLOGIA / 005 ONCOLOGIA CIRURGICA,0
2023,1,SP,São Paulo,3507605,Bragança Paulista,3522118648411,2022-08-30,2022-10-11,350760,126 SERVICO DE FISIOTERAPIA / 007 ASSISTENCIA FISIOTERAPEUTICA NAS ALTERACOES EM NEUROLOGIA,3
2023,1,SP,São Paulo,3507605,Bragança Paulista,3522118648411,2022-08-30,2022-10-11,350760,126 SERVICO DE FISIOTERAPIA / 007 ASSISTENCIA FISIOTERAPEUTICA NAS ALTERACOES EM NEUROLOGIA,3
2023,1,SP,São Paulo,3507605,Bragança Paulista,3522118648411,2022-08-30,2022-10-11,350760,126 SERVICO DE FISIOTERAPIA / 007 ASSISTENCIA FISIOTERAPEUTICA NAS ALTERACOES EM NEUROLOGIA,1
2023,1,SP,São Paulo,3507605,Bragança Paulista,3522118648411,2022-08-30,2022-10-11,350760,126 SERVICO DE FISIOTERAPIA / 007 ASSISTENCIA FISIOTERAPEUTICA NAS ALTERACOES EM NEUROLOGIA,1
2023,1,SP,São Paulo,3507605,Bragança Paulista,3522118648411,2022-08-30,2022-10-11,350760,126 SERVICO DE FISIOTERAPIA / 007 ASSISTENCIA FISIOTERAPEUTICA NAS ALTERACOES EM NEUROLOGIA,6
2023,1,SP,São Paulo,3507605,Bragança Paulista,3522118648411,2022-08-30,2022-10-11,350760,126 SERVICO DE FISIOTERAPIA / 007 ASSISTENCIA FISIOTERAPEUTICA NAS ALTERACOES EM NEUROLOGIA,6
2023,1,SP,São Paulo,3507605,Bragança Paulista,3522118648411,2022-08-30,2022-10-11,350760,,0
2023,1,SP,São Paulo,3507605,Bragança Paulista,3522118648411,2022-08-30,2022-10-11,350760,,0
2023,1,SP,São Paulo,3507605,Bragança Paulista,3522118654197,2022-09-19,2022-11-25,350760,,18
2023,1,SP,São Paulo,3507605,Bragança Paulista,3522118654197,2022-09-19,2022-11-25,350760,,25
2023,1,SP,São Paulo,3507605,Bragança Paulista,3522118656551,2022-09-26,2022-10-17,350410,126 SERVICO DE FISIOTERAPIA / 007 ASSISTENCIA FISIOTERAPEUTICA NAS ALTERACOES EM NEUROLOGIA,7
2023,1,SP,São Paulo,3507605,Bragança Paulista,3522118656551,2022-09-26,2022-10-17,350410,126 SERVICO DE FISIOTERAPIA / 007 ASSISTENCIA FISIOTERAPEUTICA NAS ALTERACOES EM NEUROLOGIA,7
2023,1,SP,São Paulo,3507605,Bragança Paulista,3522118656551,2022-09-26,2022-10-17,350410,,16
2023,1,SP,São Paulo,3507605,Bragança Paulista,3522118656551,2022-09-26,2022-10-17,350410,126 SERVICO DE FISIOTERAPIA / 004 ASSISTENCIA FISIOTERAPEUTICA CARDIOVASCULARES E PNEUMOFUNCI,2
2023,1,SP,São Paulo,3507605,Bragança Paulista,3522118656551,2022-09-26,2022-10-17,350410,126 SERVICO DE FISIOTERAPIA / 004 ASSISTENCIA FISIOTERAPEUTICA CARDIOVASCULARES E PNEUMOFUNCI,2
2023,1,SP,São Paulo,3541406,Presidente Prudente,3522118733144,2022-09-16,2022-11-18,353540,,51
2023,1,SP,São Paulo,3541406,Presidente Prudente,3522118733144,2022-09-16,2022-11-18,353540,,4
2023,1,SP,São Paulo,3541406,Presidente Prudente,3522118733716,2022-09-15,2022-10-24,354770,,60
2023,1,SP,São Paulo,3541406,Presidente Prudente,3522118733716,2022-09-15,2022-10-24,354770,,56
2023,1,SP,São Paulo,3541406,Presidente Prudente,3522118733716,2022-09-15,2022-10-24,354770,,56
2023,1,SP,São Paulo,3541406,Presidente Prudente,3522118733716,2022-09-15,2022-10-24,354770,,9
2023,1,SP,São Paulo,3524808,Jales,3522118754099,2023-01-19,2023-01-21,354570,,1
2023,1,SP,São Paulo,3554102,Taubaté,3522118984692,2022-08-04,2022-09-01,352720,,1
2023,1,SP,São Paulo,3554102,Taubaté,3522118984692,2022-08-04,2022-09-01,352720,,0
2023,1,SP,São Paulo,3554102,Taubaté,3522118984692,2022-08-04,2022-09-01,352720,126 SERVICO DE FISIOTERAPIA / 007 ASSISTENCIA FISIOTERAPEUTICA NAS ALTERACOES EM NEUROLOGIA,84
2023,1,SP,São Paulo,3554102,Taubaté,3522118984692,2022-08-04,2022-09-01,352720,126 SERVICO DE FISIOTERAPIA / 007 ASSISTENCIA FISIOTERAPEUTICA NAS ALTERACOES EM NEUROLOGIA,84
2023,1,SP,São Paulo,3515186,Espírito Santo do Pinhal,3522118996902,2022-10-11,2023-01-09,351518,,0
2023,1,SP,São Paulo,3529302,Matão,3522119025139,2022-09-07,2022-09-08,352930,,0
2023,1,SP,São Paulo,3549904,São José dos Campos,3522119039153,2022-08-16,2022-09-20,353800,126 SERVICO DE FISIOTERAPIA / 004 ASSISTENCIA FISIOTERAPEUTICA CARDIOVASCULARES E PNEUMOFUNCI,12
2023,1,SP,São Paulo,3549904,São José dos Campos,3522119039153,2022-08-16,2022-09-20,353800,126 SERVICO DE FISIOTERAPIA / 004 ASSISTENCIA FISIOTERAPEUTICA CARDIOVASCULARES E PNEUMOFUNCI,12
2023,1,SP,São Paulo,3549904,São José dos Campos,3522119039153,2022-08-16,2022-09-20,353800,126 SERVICO DE FISIOTERAPIA / 004 ASSISTENCIA FISIOTERAPEUTICA CARDIOVASCULARES E PNEUMOFUNCI,1
2023,1,SP,São Paulo,3549904,São José dos Campos,3522119039153,2022-08-16,2022-09-20,353800,126 SERVICO DE FISIOTERAPIA / 004 ASSISTENCIA FISIOTERAPEUTICA CARDIOVASCULARES E PNEUMOFUNCI,1
2023,1,SP,São Paulo,3549904,São José dos Campos,3522119039153,2022-08-16,2022-09-20,353800,126 SERVICO DE FISIOTERAPIA / 004 ASSISTENCIA FISIOTERAPEUTICA CARDIOVASCULARES E PNEUMOFUNCI,2
2023,1,SP,São Paulo,3549904,São José dos Campos,3522119039153,2022-08-16,2022-09-20,353800,126 SERVICO DE FISIOTERAPIA / 004 ASSISTENCIA FISIOTERAPEUTICA CARDIOVASCULARES E PNEUMOFUNCI,2
2023,1,SP,São Paulo,3549904,São José dos Campos,3522119039153,2022-08-16,2022-09-20,353800,126 SERVICO DE FISIOTERAPIA / 004 ASSISTENCIA FISIOTERAPEUTICA CARDIOVASCULARES E PNEUMOFUNCI,3
2023,1,SP,São Paulo,3549904,São José dos Campos,3522119039153,2022-08-16,2022-09-20,353800,126 SERVICO DE FISIOTERAPIA / 004 ASSISTENCIA FISIOTERAPEUTICA CARDIOVASCULARES E PNEUMOFUNCI,3
2023,1,SP,São Paulo,3549904,São José dos Campos,3522119039153,2022-08-16,2022-09-20,353800,126 SERVICO DE FISIOTERAPIA / 004 ASSISTENCIA FISIOTERAPEUTICA CARDIOVASCULARES E PNEUMOFUNCI,4
2023,1,SP,São Paulo,3549904,São José dos Campos,3522119039153,2022-08-16,2022-09-20,353800,126 SERVICO DE FISIOTERAPIA / 004 ASSISTENCIA FISIOTERAPEUTICA CARDIOVASCULARES E PNEUMOFUNCI,4
2023,1,SP,São Paulo,3549904,São José dos Campos,3522119039153,2022-08-16,2022-09-20,353800,,0
2023,1,SP,São Paulo,3549904,São José dos Campos,3522119039153,2022-08-16,2022-09-20,353800,126 SERVICO DE FISIOTERAPIA / 004 ASSISTENCIA FISIOTERAPEUTICA CARDIOVASCULARES E PNEUMOFUNCI,1
2023,1,SP,São Paulo,3549904,São José dos Campos,3522119039153,2022-08-16,2022-09-20,353800,126 SERVICO DE FISIOTERAPIA / 004 ASSISTENCIA FISIOTERAPEUTICA CARDIOVASCULARES E PNEUMOFUNCI,1
2023,1,SP,São Paulo,3510500,Caraguatatuba,3522119040770,2022-08-17,2022-08-18,352440,121 SERVICO DE DIAGNOSTICO POR IMAGEM / 001 RADIOLOGIA,1
2023,1,SP,São Paulo,3510500,Caraguatatuba,3522119040770,2022-08-17,2022-08-18,352440,121 SERVICO DE DIAGNOSTICO POR IMAGEM / 001 RADIOLOGIA,1
2023,1,SP,São Paulo,3510500,Caraguatatuba,3522119047337,2022-08-22,2022-11-06,352040,126 SERVICO DE FISIOTERAPIA / 004 ASSISTENCIA FISIOTERAPEUTICA CARDIOVASCULARES E PNEUMOFUNCI,10
2023,1,SP,São Paulo,3510500,Caraguatatuba,3522119047337,2022-08-22,2022-11-06,352040,126 SERVICO DE FISIOTERAPIA / 004 ASSISTENCIA FISIOTERAPEUTICA CARDIOVASCULARES E PNEUMOFUNCI,10
2023,1,SP,São Paulo,3510500,Caraguatatuba,3522119047337,2022-08-22,2022-11-06,352040,126 SERVICO DE FISIOTERAPIA / 004 ASSISTENCIA FISIOTERAPEUTICA CARDIOVASCULARES E PNEUMOFUNCI,2
2023,1,SP,São Paulo,3510500,Caraguatatuba,3522119047337,2022-08-22,2022-11-06,352040,126 SERVICO DE FISIOTERAPIA / 004 ASSISTENCIA FISIOTERAPEUTICA CARDIOVASCULARES E PNEUMOFUNCI,2
2023,1,SP,São Paulo,3510500,Caraguatatuba,3522119047337,2022-08-22,2022-11-06,352040,126 SERVICO DE FISIOTERAPIA / 004 ASSISTENCIA FISIOTERAPEUTICA CARDIOVASCULARES E PNEUMOFUNCI,2
2023,1,SP,São Paulo,3510500,Caraguatatuba,3522119047337,2022-08-22,2022-11-06,352040,126 SERVICO DE FISIOTERAPIA / 004 ASSISTENCIA FISIOTERAPEUTICA CARDIOVASCULARES E PNEUMOFUNCI,2
2023,1,SP,São Paulo,3510500,Caraguatatuba,3522119047337,2022-08-22,2022-11-06,352040,126 SERVICO DE FISIOTERAPIA / 004 ASSISTENCIA FISIOTERAPEUTICA CARDIOVASCULARES E PNEUMOFUNCI,1
2023,1,SP,São Paulo,3510500,Caraguatatuba,3522119047337,2022-08-22,2022-11-06,352040,126 SERVICO DE FISIOTERAPIA / 004 ASSISTENCIA FISIOTERAPEUTICA CARDIOVASCULARES E PNEUMOFUNCI,1
2023,1,SP,São Paulo,3510500,Caraguatatuba,3522119047337,2022-08-22,2022-11-06,352040,126 SERVICO DE FISIOTERAPIA / 004 ASSISTENCIA FISIOTERAPEUTICA CARDIOVASCULARES E PNEUMOFUNCI,4
2023,1,SP,São Paulo,3510500,Caraguatatuba,3522119047337,2022-08-22,2022-11-06,352040,126 SERVICO DE FISIOTERAPIA / 004 ASSISTENCIA FISIOTERAPEUTICA CARDIOVASCULARES E PNEUMOFUNCI,4
2023,1,SP,São Paulo,3510500,Caraguatatuba,3522119047337,2022-08-22,2022-11-06,352040,126 SERVICO DE FISIOTERAPIA / 004 ASSISTENCIA FISIOTERAPEUTICA CARDIOVASCULARES E PNEUMOFUNCI,10
2023,1,SP,São Paulo,3510500,Caraguatatuba,3522119047337,2022-08-22,2022-11-06,352040,126 SERVICO DE FISIOTERAPIA / 004 ASSISTENCIA FISIOTERAPEUTICA CARDIOVASCULARES E PNEUMOFUNCI,10
2023,1,SP,São Paulo,3510500,Caraguatatuba,3522119047337,2022-08-22,2022-11-06,352040,126 SERVICO DE FISIOTERAPIA / 004 ASSISTENCIA FISIOTERAPEUTICA CARDIOVASCULARES E PNEUMOFUNCI,19
2023,1,SP,São Paulo,3510500,Caraguatatuba,3522119047337,2022-08-22,2022-11-06,352040,126 SERVICO DE FISIOTERAPIA / 004 ASSISTENCIA FISIOTERAPEUTICA CARDIOVASCULARES E PNEUMOFUNCI,19
2023,1,SP,São Paulo,3510500,Caraguatatuba,3522119047337,2022-08-22,2022-11-06,352040,126 SERVICO DE FISIOTERAPIA / 004 ASSISTENCIA FISIOTERAPEUTICA CARDIOVASCULARES E PNEUMOFUNCI,9
2023,1,SP,São Paulo,3510500,Caraguatatuba,3522119047337,2022-08-22,2022-11-06,352040,126 SERVICO DE FISIOTERAPIA / 004 ASSISTENCIA FISIOTERAPEUTICA CARDIOVASCULARES E PNEUMOFUNCI,9
2023,1,SP,São Paulo,3509700,Campos do Jordão,3522119050330,2022-08-19,2023-01-31,350600,,0
2023,1,SP,São Paulo,3549904,São José dos Campos,3522119063210,2022-09-03,2022-09-12,351050,,0
2023,1,SP,São Paulo,3549904,São José dos Campos,3522119063210,2022-09-03,2022-09-12,351050,126 SERVICO DE FISIOTERAPIA / 004 ASSISTENCIA FISIOTERAPEUTICA CARDIOVASCULARES E PNEUMOFUNCI,8
2023,1,SP,São Paulo,3549904,São José dos Campos,3522119063210,2022-09-03,2022-09-12,351050,126 SERVICO DE FISIOTERAPIA / 004 ASSISTENCIA FISIOTERAPEUTICA CARDIOVASCULARES E PNEUMOFUNCI,8
2023,1,SP,São Paulo,3502101,Andradina,3522119095385,2022-08-25,2022-09-01,350210,,0
2023,1,SP,São Paulo,3502101,Andradina,3522119098839,2022-09-10,2022-09-14,351100,,0
2023,1,SP,São Paulo,3502101,Andradina,3522119105582,2022-09-18,2022-09-30,350210,,0
2023,1,SP,São Paulo,3502101,Andradina,3522119105582,2022-09-18,2022-09-30,350210,,0
2023,1,SP,São Paulo,3520442,Ilha Solteira,3522119106979,2022-09-23,2022-10-15,355255,,0
2023,1,SP,São Paulo,3520442,Ilha Solteira,3522119106979,2022-09-23,2022-10-15,355255,,6
2023,1,SP,São Paulo,3529302,Matão,3522119112127,2022-11-23,2022-11-23,351400,128 SERVICO DE HEMOTERAPIA / 004 MEDICINA TRANSFUSIONAL,2
2023,1,SP,São Paulo,3529302,Matão,3522119112127,2022-11-23,2022-11-23,351400,128 SERVICO DE HEMOTERAPIA / 004 MEDICINA TRANSFUSIONAL,2
2023,1,SP,São Paulo,3529302,Matão,3522119112897,2022-12-08,2022-12-10,352930,,0
2023,1,SP,São Paulo,3529302,Matão,3522119113106,2022-12-02,2022-12-29,352930,128 SERVICO DE HEMOTERAPIA / 004 MEDICINA TRANSFUSIONAL,2
2023,1,SP,São Paulo,3529302,Matão,3522119113106,2022-12-02,2022-12-29,352930,128 SERVICO DE HEMOTERAPIA / 004 MEDICINA TRANSFUSIONAL,2
2023,1,SP,São Paulo,3529302,Matão,3522119113106,2022-12-02,2022-12-29,352930,128 SERVICO DE HEMOTERAPIA / 004 MEDICINA TRANSFUSIONAL,2
2023,1,SP,São Paulo,3529302,Matão,3522119113106,2022-12-02,2022-12-29,352930,128 SERVICO DE HEMOTERAPIA / 004 MEDICINA TRANSFUSIONAL,2
2023,1,SP,São Paulo,3529302,Matão,3522119113172,2022-12-03,2022-12-09,352930,115 SERVICO DE ATENCAO PSICOSSOCIAL / 003 SERVICO HOSPITALAR PARA ATENCAO A SAUDE MENTAL,0
2023,1,SP,São Paulo,3529302,Matão,3522119113172,2022-12-03,2022-12-09,352930,115 SERVICO DE ATENCAO PSICOSSOCIAL / 003 SERVICO HOSPITALAR PARA ATENCAO A SAUDE MENTAL,0
2023,1,SP,São Paulo,3529302,Matão,3522119113579,2022-12-12,2023-01-09,352930,128 SERVICO DE HEMOTERAPIA / 004 MEDICINA TRANSFUSIONAL,2
2023,1,SP,São Paulo,3529302,Matão,3522119113579,2022-12-12,2023-01-09,352930,128 SERVICO DE HEMOTERAPIA / 004 MEDICINA TRANSFUSIONAL,2
2023,1,SP,São Paulo,3529302,Matão,3522119114690,2022-12-13,2022-12-20,355370,128 SERVICO DE HEMOTERAPIA / 004 MEDICINA TRANSFUSIONAL,1
2023,1,SP,São Paulo,3529302,Matão,3522119114690,2022-12-13,2022-12-20,355370,128 SERVICO DE HEMOTERAPIA / 004 MEDICINA TRANSFUSIONAL,1
2023,1,SP,São Paulo,3529302,Matão,3522119114701,2022-12-13,2022-12-14,352930,,0
2023,1,SP,São Paulo,3529302,Matão,3522119115482,2022-12-15,2022-12-17,355370,,0
2023,1,SP,São Paulo,3529302,Matão,3522119115482,2022-12-15,2022-12-17,355370,,0
2023,1,SP,São Paulo,3529302,Matão,3522119115526,2022-12-23,2023-01-02,351960,,4
2023,1,SP,São Paulo,3529302,Matão,3522119115537,2022-12-23,2023-01-02,351960,,0
2023,1,SP,São Paulo,3548500,Santos,3522119320203,2022-09-07,2022-10-09,354850,,1
2023,1,SP,São Paulo,3548500,Santos,3522119322678,2022-09-13,2022-10-06,355100,,4
2023,1,SP,São Paulo,3548500,Santos,3522119322678,2022-09-13,2022-10-06,355100,,3
2023,1,SP,São Paulo,3506805,Bocaina,3522119392980,2023-01-07,2023-01-10,350680,,0
2023,1,SP,São Paulo,3534401,Osasco,3522119754637,2022-11-26,2022-12-08,353440,,0
2023,1,SP,São Paulo,3534401,Osasco,3522119754637,2022-11-26,2022-12-08,353440,,0
2023,1,SP,São Paulo,3534401,Osasco,3522119762755,2022-12-07,2022-12-09,353440,,2
2023,1,SP,São Paulo,3534401,Osasco,3522119762876,2022-12-08,2022-12-09,353440,,0
2023,1,SP,São Paulo,3534401,Osasco,3522119762876,2022-12-08,2022-12-09,353440,,0
2023,1,SP,São Paulo,3534401,Osasco,3522119762910,2022-12-08,2022-12-09,353440,,0
2023,1,SP,São Paulo,3534401,Osasco,3522119765660,2022-12-30,2023-01-01,353440,,0
2023,1,SP,São Paulo,3534401,Osasco,3522119765660,2022-12-30,2023-01-01,353440,,0
2023,1,SP,São Paulo,3534401,Osasco,3522119765660,2022-12-30,2023-01-01,353440,,0
2023,1,SP,São Paulo,3534401,Osasco,3522119765670,2022-12-26,2023-01-03,353440,,0
2023,1,SP,São Paulo,3534401,Osasco,3522119765692,2022-12-30,2023-01-08,355030,,8
2023,1,SP,São Paulo,3534401,Osasco,3522119765703,2022-12-22,2023-01-02,353440,,0
2023,1,SP,São Paulo,3534401,Osasco,3522119765725,2022-12-11,2022-12-23,353440,,0
2023,1,SP,São Paulo,3534401,Osasco,3522119765736,2022-12-23,2023-01-04,353440,,0
2023,1,SP,São Paulo,3534401,Osasco,3522119765758,2022-12-19,2023-01-09,353440,,0
2023,1,SP,São Paulo,3534401,Osasco,3522119765770,2023-01-03,2023-01-04,353440,,0
2023,1,SP,São Paulo,3534401,Osasco,3522119765770,2023-01-03,2023-01-04,353440,,0
2023,1,SP,São Paulo,3534401,Osasco,3522119765780,2022-12-16,2023-01-01,353440,,1
2023,1,SP,São Paulo,3534401,Osasco,3522119765780,2022-12-16,2023-01-01,353440,,0
2023,1,SP,São Paulo,3534401,Osasco,3522119765780,2022-12-16,2023-01-01,353440,,15
2023,1,SP,São Paulo,3534401,Osasco,3522119765791,2022-12-30,2023-01-04,353440,,4
2023,1,SP,São Paulo,3534401,Osasco,3522119765802,2022-12-14,2023-01-09,353440,,0
2023,1,SP,São Paulo,3534401,Osasco,3522119765802,2022-12-14,2023-01-09,353440,,9
2023,1,SP,São Paulo,3534401,Osasco,3522119765824,2022-12-25,2023-01-09,353440,,0
2023,1,SP,São Paulo,3534401,Osasco,3522119765835,2022-12-21,2023-01-05,353440,,2
2023,1,SP,São Paulo,3534401,Osasco,3522119765857,2022-12-30,2023-01-05,330190,,1
2023,1,SP,São Paulo,3534401,Osasco,3522119765857,2022-12-30,2023-01-05,330190,,0
2023,1,SP,São Paulo,3534401,Osasco,3522119765857,2022-12-30,2023-01-05,330190,,0
2023,1,SP,São Paulo,3534401,Osasco,3522119765868,2022-12-30,2023-01-18,353440,,0
2023,1,SP,São Paulo,3534401,Osasco,3522119765879,2022-12-26,2023-01-04,353440,,5
2023,1,SP,São Paulo,3534401,Osasco,3522119765890,2022-12-08,2023-01-16,353440,,24
2023,1,SP,São Paulo,3534401,Osasco,3522119765901,2022-12-21,2022-12-22,353440,,0
2023,1,SP,São Paulo,3534401,Osasco,3522119765956,2022-12-12,2022-12-22,353440,,0
2023,1,SP,São Paulo,3534401,Osasco,3522119765967,2022-12-28,2022-12-31,353440,,0
2023,1,SP,São Paulo,3534401,Osasco,3522119765978,2022-12-21,2023-01-16,353440,,9
2023,1,SP,São Paulo,3534401,Osasco,3522119765978,2022-12-21,2023-01-16,353440,,1
2023,1,SP,São Paulo,3534401,Osasco,3522119765978,2022-12-21,2023-01-16,353440,,1
2023,1,SP,São Paulo,3534401,Osasco,3522119765989,2022-11-16,2022-12-01,353440,,0
2023,1,SP,São Paulo,3534401,Osasco,3522119765989,2022-11-16,2022-12-01,353440,,0
2023,1,SP,São Paulo,3534401,Osasco,3522119765989,2022-11-16,2022-12-01,353440,,1
2023,1,SP,São Paulo,3534401,Osasco,3522119766000,2022-12-08,2022-12-18,353440,,0
2023,1,SP,São Paulo,3534401,Osasco,3522119766011,2022-12-13,2022-12-14,353440,,0
2023,1,SP,São Paulo,3534401,Osasco,3522119766011,2022-12-13,2022-12-14,353440,,0
2023,1,SP,São Paulo,3534401,Osasco,3522119766011,2022-12-13,2022-12-14,353440,,0
2023,1,SP,São Paulo,3534401,Osasco,3522119766022,2022-11-30,2022-12-01,353440,,0
2023,1,SP,São Paulo,3534401,Osasco,3522119766022,2022-11-30,2022-12-01,353440,,0
2023,1,SP,São Paulo,3534401,Osasco,3522119766033,2022-12-19,2022-12-20,353440,,0
2023,1,SP,São Paulo,3534401,Osasco,3522119766088,2022-11-21,2022-12-03,353440,,3
2023,1,SP,São Paulo,3534401,Osasco,3522119766100,2022-10-06,2022-11-15,353440,,0
2023,1,SP,São Paulo,3534401,Osasco,3522119766110,2022-12-21,2023-01-01,353440,,3
2023,1,SP,São Paulo,3534401,Osasco,3522119766121,2022-11-15,2022-12-21,353440,,0
2023,1,SP,São Paulo,3534401,Osasco,3522119770323,2022-12-07,2022-12-12,353440,,0
2023,1,SP,São Paulo,3534401,Osasco,3522119770334,2022-12-12,2022-12-26,353440,,5
2023,1,SP,São Paulo,3534401,Osasco,3522119771335,2022-12-08,2022-12-15,353440,,0
2023,1,SP,São Paulo,3534401,Osasco,3522119771368,2022-12-15,2022-12-16,353440,,0
2023,1,SP,São Paulo,3534401,Osasco,3522119771368,2022-12-15,2022-12-16,353440,,0
2023,1,SP,São Paulo,3534401,Osasco,3522119771380,2022-12-14,2022-12-16,353440,,0
2023,1,SP,São Paulo,3534401,Osasco,3522119771390,2022-12-05,2022-12-15,353440,,9
2023,1,SP,São Paulo,3534401,Osasco,3522119771390,2022-12-05,2022-12-15,353440,,0
2023,1,SP,São Paulo,3534401,Osasco,3522119771401,2022-12-15,2022-12-15,353440,,0
2023,1,SP,São Paulo,3534401,Osasco,3522119771412,2022-11-24,2022-12-09,353440,,0
2023,1,SP,São Paulo,3534401,Osasco,3522119771412,2022-11-24,2022-12-09,353440,,0
2023,1,SP,São Paulo,3534401,Osasco,3522119771423,2022-11-17,2022-11-23,353440,,0
2023,1,SP,São Paulo,3534401,Osasco,3522119771423,2022-11-17,2022-11-23,353440,,0
2023,1,SP,São Paulo,3534401,Osasco,3522119771423,2022-11-17,2022-11-23,353440,,0
2023,1,SP,São Paulo,3534401,Osasco,3522119771467,2022-12-17,2022-12-19,353440,,2
2023,1,SP,São Paulo,3534401,Osasco,3522119771489,2022-12-15,2022-12-20,353440,,0
2023,1,SP,São Paulo,3534401,Osasco,3522119771490,2022-12-18,2022-12-20,353440,,2
2023,1,SP,São Paulo,3534401,Osasco,3522119771500,2022-12-23,2022-12-30,353440,,0
2023,1,SP,São Paulo,3534401,Osasco,3522119771500,2022-12-23,2022-12-30,353440,,7
2023,1,SP,São Paulo,3534401,Osasco,3522119771522,2022-12-23,2022-12-30,353440,,0
2023,1,SP,São Paulo,3534401,Osasco,3522119771555,2022-12-18,2022-12-21,353440,,0
2023,1,SP,São Paulo,3534401,Osasco,3522119771555,2022-12-18,2022-12-21,353440,,3
2023,1,SP,São Paulo,3534401,Osasco,3522119771566,2022-12-16,2022-12-30,353440,,14
2023,1,SP,São Paulo,3534401,Osasco,3522119771566,2022-12-16,2022-12-30,353440,,0
2023,1,SP,São Paulo,3534401,Osasco,3522119771566,2022-12-16,2022-12-30,353440,,0
2023,1,SP,São Paulo,3534401,Osasco,3522119771577,2022-12-20,2022-12-21,353440,,0
2023,1,SP,São Paulo,3534401,Osasco,3522119771600,2022-12-20,2022-12-21,353440,,0
2023,1,SP,São Paulo,3534401,Osasco,3522119771610,2022-12-20,2022-12-31,353440,,0
2023,1,SP,São Paulo,3534401,Osasco,3522119771632,2022-12-22,2022-12-23,353440,,0
2023,1,SP,São Paulo,3534401,Osasco,3522119771654,2022-12-30,2022-12-31,353440,,0
2023,1,SP,São Paulo,3534401,Osasco,3522119771676,2022-12-30,2022-12-31,353440,,0
2023,1,SP,São Paulo,3534401,Osasco,3522119771687,2022-12-30,2022-12-31,353440,,0
2023,1,SP,São Paulo,3534401,Osasco,3522119771698,2022-12-29,2022-12-30,353440,,0
2023,1,SP,São Paulo,3534401,Osasco,3522119771709,2022-12-29,2022-12-30,353440,,1
2023,1,SP,São Paulo,3534401,Osasco,3522119771710,2022-12-14,2022-12-23,353440,,1
2023,1,SP,São Paulo,3534401,Osasco,3522119771720,2022-12-21,2022-12-22,353440,,0
2023,1,SP,São Paulo,3534401,Osasco,3522119771775,2022-12-22,2022-12-29,353440,,0
2023,1,SP,São Paulo,3534401,Osasco,3522119771797,2022-12-24,2022-12-27,353440,,3
2023,1,SP,São Paulo,3534401,Osasco,3522119771808,2022-12-26,2022-12-29,353440,,0
2023,1,SP,São Paulo,3534401,Osasco,3522119771819,2022-12-27,2022-12-28,353440,,0
2023,1,SP,São Paulo,3534401,Osasco,3522119771841,2022-12-31,2022-12-31,353440,,0
2023,1,SP,São Paulo,3534401,Osasco,3522119771841,2022-12-31,2022-12-31,353440,,0
2023,1,SP,São Paulo,3534401,Osasco,3522119771852,2022-12-27,2022-12-28,353440,,0
2023,1,SP,São Paulo,3534401,Osasco,3522119771852,2022-12-27,2022-12-28,353440,,0
2023,1,SP,São Paulo,3534401,Osasco,3522119771863,2022-12-15,2022-12-24,355030,,0
2023,1,SP,São Paulo,3534401,Osasco,3522119771885,2022-12-14,2022-12-23,353440,,0
2023,1,SP,São Paulo,3534401,Osasco,3522119771885,2022-12-14,2022-12-23,353440,,0
2023,1,SP,São Paulo,3534401,Osasco,3522119771918,2022-12-21,2022-12-30,353440,,0
2023,1,SP,São Paulo,3534401,Osasco,3522119771918,2022-12-21,2022-12-30,353440,,0
2023,1,SP,São Paulo,3534401,Osasco,3522119771918,2022-12-21,2022-12-30,353440,,3
2023,1,SP,São Paulo,3534401,Osasco,3522119771929,2022-12-13,2022-12-26,353440,,0
2023,1,SP,São Paulo,3534401,Osasco,3522119771930,2022-12-17,2022-12-26,353440,,0
2023,1,SP,São Paulo,3534401,Osasco,3522119771930,2022-12-17,2022-12-26,353440,,0
2023,1,SP,São Paulo,3534401,Osasco,3522119771940,2022-12-25,2022-12-27,353440,,2
2023,1,SP,São Paulo,3534401,Osasco,3522119771973,2022-12-16,2022-12-24,353440,,0
2023,1,SP,São Paulo,3534401,Osasco,3522119771995,2022-12-19,2022-12-24,353440,,5
2023,1,SP,São Paulo,3534401,Osasco,3522119772006,2022-12-21,2022-12-24,353440,,0
2023,1,SP,São Paulo,3534401,Osasco,3522119772006,2022-12-21,2022-12-24,353440,,0
2023,1,SP,São Paulo,3534401,Osasco,3522119772028,2022-12-23,2022-12-24,353440,,0
2023,1,SP,São Paulo,3534401,Osasco,3522119772028,2022-12-23,2022-12-24,353440,,1
2023,1,SP,São Paulo,3534401,Osasco,3522119772028,2022-12-23,2022-12-24,353440,,0
2023,1,SP,São Paulo,3534401,Osasco,3522119772039,2022-12-16,2022-12-24,353440,,0
2023,1,SP,São Paulo,3534401,Osasco,3522119772039,2022-12-16,2022-12-24,353440,,0
2023,1,SP,São Paulo,3534401,Osasco,3522119772040,2022-12-17,2022-12-24,353440,,7
2023,1,SP,São Paulo,3534401,Osasco,3522119772050,2022-12-14,2022-12-23,353440,,0
2023,1,SP,São Paulo,3534401,Osasco,3522119772072,2022-12-19,2022-12-23,353440,,0
2023,1,SP,São Paulo,3534401,Osasco,3522119772094,2022-12-05,2022-12-10,353440,,0
2023,1,SP,São Paulo,3534401,Osasco,3522119772105,2022-12-01,2022-12-10,353440,,9
2023,1,SP,São Paulo,3534401,Osasco,3522119772116,2022-12-07,2022-12-10,353440,,0
2023,1,SP,São Paulo,3534401,Osasco,3522119772116,2022-12-07,2022-12-10,353440,,3
2023,1,SP,São Paulo,3534401,Osasco,3522119772127,2022-12-05,2022-12-10,353440,,5
2023,1,SP,São Paulo,3534401,Osasco,3522119772149,2022-12-05,2022-12-13,353440,,0
2023,1,SP,São Paulo,3534401,Osasco,3522119772182,2022-12-07,2022-12-15,355030,,0
2023,1,SP,São Paulo,3534401,Osasco,3522119772182,2022-12-07,2022-12-15,355030,,0
2023,1,SP,São Paulo,3534401,Osasco,3522119772193,2022-12-26,2022-12-29,353440,,0
2023,1,SP,São Paulo,3534401,Osasco,3522119772204,2022-12-03,2022-12-13,353440,,10
2023,1,SP,São Paulo,3534401,Osasco,3522119772215,2022-12-13,2022-12-14,353440,,0
2023,1,SP,São Paulo,3534401,Osasco,3522119772215,2022-12-13,2022-12-14,353440,,1
2023,1,SP,São Paulo,3534401,Osasco,3522119772237,2022-12-01,2022-12-17,353440,,0
2023,1,SP,São Paulo,3534401,Osasco,3522119772237,2022-12-01,2022-12-17,353440,,0
2023,1,SP,São Paulo,3534401,Osasco,3522119772237,2022-12-01,2022-12-17,353440,,0
2023,1,SP,São Paulo,3534401,Osasco,3522119772259,2022-12-13,2022-12-14,353440,,0
2023,1,SP,São Paulo,3534401,Osasco,3522119772259,2022-12-13,2022-12-14,353440,,1
2023,1,SP,São Paulo,3534401,Osasco,3522119772259,2022-12-13,2022-12-14,353440,,0
2023,1,SP,São Paulo,3534401,Osasco,3522119772259,2022-12-13,2022-12-14,353440,,0
2023,1,SP,São Paulo,3534401,Osasco,3522119772260,2022-12-11,2022-12-14,353440,,0
2023,1,SP,São Paulo,3534401,Osasco,3522119774790,2022-12-08,2022-12-16,353440,,8
2023,1,SP,São Paulo,3534401,Osasco,3522119774790,2022-12-08,2022-12-16,353440,,0
2023,1,SP,São Paulo,3534401,Osasco,3522119774790,2022-12-08,2022-12-16,353440,,0
2023,1,SP,São Paulo,3534401,Osasco,3522119774822,2022-12-14,2022-12-17,353440,,0
2023,1,SP,São Paulo,3534401,Osasco,3522119774822,2022-12-14,2022-12-17,353440,,0
2023,1,SP,São Paulo,3534401,Osasco,3522119774844,2022-12-08,2022-12-15,353440,,0
2023,1,SP,São Paulo,3534401,Osasco,3522119774855,2022-12-12,2022-12-15,351500,,0
2023,1,SP,São Paulo,3534401,Osasco,3522119774877,2022-12-19,2022-12-19,353440,,0
2023,1,SP,São Paulo,3534401,Osasco,3522119774877,2022-12-19,2022-12-19,353440,,0
2023,1,SP,São Paulo,3534401,Osasco,3522119774888,2022-12-05,2022-12-09,353440,,0
2023,1,SP,São Paulo,3534401,Osasco,3522119774900,2022-10-19,2022-10-28,353440,,0
2023,1,SP,São Paulo,3534401,Osasco,3522119774921,2022-11-12,2022-12-01,353440,,1
2023,1,SP,São Paulo,3534401,Osasco,3522119774943,2022-11-25,2022-12-27,353440,,1
2023,1,SP,São Paulo,3534401,Osasco,3522119774943,2022-11-25,2022-12-27,353440,,0
2023,1,SP,São Paulo,3534401,Osasco,3522119774943,2022-11-25,2022-12-27,353440,,0
2023,1,SP,São Paulo,3534401,Osasco,3522119774943,2022-11-25,2022-12-27,353440,,2
2023,1,SP,São Paulo,3534401,Osasco,3522119774954,2022-12-12,2022-12-22,353440,,0
2023,1,SP,São Paulo,3534401,Osasco,3522119774998,2022-12-19,2022-12-22,353440,,0
2023,1,SP,São Paulo,3534401,Osasco,3522119775009,2022-12-20,2022-12-21,353440,,1
2023,1,SP,São Paulo,3534401,Osasco,3522119775009,2022-12-20,2022-12-21,353440,,0
2023,1,SP,São Paulo,3534401,Osasco,3522119775009,2022-12-20,2022-12-21,353440,,0
2023,1,SP,São Paulo,3534401,Osasco,3522119775010,2022-12-15,2022-12-21,353440,,6
2023,1,SP,São Paulo,3534401,Osasco,3522119775010,2022-12-15,2022-12-21,353440,,0
2023,1,SP,São Paulo,3534401,Osasco,3522119775020,2022-12-18,2022-12-21,353440,,3
2023,1,SP,São Paulo,3534401,Osasco,3522119775020,2022-12-18,2022-12-21,353440,,0
2023,1,SP,São Paulo,3534401,Osasco,3522119775053,2022-12-08,2022-12-27,353440,,19
2023,1,SP,São Paulo,3534401,Osasco,3522119775064,2022-12-27,2023-01-18,353440,,0
2023,1,SP,São Paulo,3534401,Osasco,3522119775075,2022-11-24,2022-12-07,353440,,0
2023,1,SP,São Paulo,3534401,Osasco,3522119775075,2022-11-24,2022-12-07,353440,,0
2023,1,SP,São Paulo,3534401,Osasco,3522119775097,2022-12-07,2022-12-08,353440,,1
2023,1,SP,São Paulo,3534401,Osasco,3522119775120,2022-12-21,2023-01-03,353440,,8
2023,1,SP,São Paulo,3534401,Osasco,3522119775120,2022-12-21,2023-01-03,353440,,2
2023,1,SP,São Paulo,3543402,Ribeirão Preto,3522119945070,2022-12-29,2023-01-02,355150,,0
2023,1,SP,São Paulo,3513009,Cotia,3522120067961,2022-10-16,2023-01-06,351300,128 SERVICO DE HEMOTERAPIA / 004 MEDICINA TRANSFUSIONAL,1
2023,1,SP,São Paulo,3513009,Cotia,3522120067961,2022-10-16,2023-01-06,351300,128 SERVICO DE HEMOTERAPIA / 004 MEDICINA TRANSFUSIONAL,1
2023,1,SP,São Paulo,3550308,São Paulo,3522120087651,2022-11-22,2022-12-06,355030,,3
2023,1,SP,São Paulo,3550308,São Paulo,3522120087651,2022-11-22,2022-12-06,355030,126 SERVICO DE FISIOTERAPIA / 005 ASSISTENCIA FISIOTERAPEUTICA NAS DISFUNCOES MUSCULO ESQUELET,3
2023,1,SP,São Paulo,3550308,São Paulo,3522120087651,2022-11-22,2022-12-06,355030,126 SERVICO DE FISIOTERAPIA / 005 ASSISTENCIA FISIOTERAPEUTICA NAS DISFUNCOES MUSCULO ESQUELET,3
2023,1,SP,São Paulo,3550308,São Paulo,3522120088135,2022-11-28,2022-12-05,355030,,2
2023,1,SP,São Paulo,3550308,São Paulo,3522120088828,2022-12-02,2022-12-08,355030,126 SERVICO DE FISIOTERAPIA / 005 ASSISTENCIA FISIOTERAPEUTICA NAS DISFUNCOES MUSCULO ESQUELET,2
2023,1,SP,São Paulo,3550308,São Paulo,3522120088828,2022-12-02,2022-12-08,355030,126 SERVICO DE FISIOTERAPIA / 005 ASSISTENCIA FISIOTERAPEUTICA NAS DISFUNCOES MUSCULO ESQUELET,2
2023,1,SP,São Paulo,3550308,São Paulo,3522120090214,2022-11-29,2022-12-04,351300,,3
2023,1,SP,São Paulo,3550308,São Paulo,3522120090258,2022-10-31,2022-11-06,355030,113 SERVICO DE ATENCAO DOMICILIAR / 001 ASSISTENCIA DOMICILIAR,10
2023,1,SP,São Paulo,3550308,São Paulo,3522120090258,2022-10-31,2022-11-06,355030,113 SERVICO DE ATENCAO DOMICILIAR / 001 ASSISTENCIA DOMICILIAR,10
2023,1,SP,São Paulo,3550308,São Paulo,3522120090951,2022-11-05,2022-11-13,355030,113 SERVICO DE ATENCAO DOMICILIAR / 001 ASSISTENCIA DOMICILIAR,1
2023,1,SP,São Paulo,3550308,São Paulo,3522120090951,2022-11-05,2022-11-13,355030,113 SERVICO DE ATENCAO DOMICILIAR / 001 ASSISTENCIA DOMICILIAR,1
2023,1,SP,São Paulo,3550308,São Paulo,3522120091545,2022-11-27,2022-11-29,350920,126 SERVICO DE FISIOTERAPIA / 001 ASSISTENCIA FISIOTERAPEUTICA EM ALTERACOES OBSTETRICAS NEON,1
2023,1,SP,São Paulo,3550308,São Paulo,3522120091545,2022-11-27,2022-11-29,350920,126 SERVICO DE FISIOTERAPIA / 001 ASSISTENCIA FISIOTERAPEUTICA EM ALTERACOES OBSTETRICAS NEON,1
2023,1,SP,São Paulo,3550308,São Paulo,3522120091985,2022-11-06,2022-11-11,355030,126 SERVICO DE FISIOTERAPIA / 004 ASSISTENCIA FISIOTERAPEUTICA CARDIOVASCULARES E PNEUMOFUNCI,10
2023,1,SP,São Paulo,3550308,São Paulo,3522120091985,2022-11-06,2022-11-11,355030,126 SERVICO DE FISIOTERAPIA / 004 ASSISTENCIA FISIOTERAPEUTICA CARDIOVASCULARES E PNEUMOFUNCI,10
2023,1,SP,São Paulo,3550308,São Paulo,3522120093151,2022-11-11,2022-12-04,355030,113 SERVICO DE ATENCAO DOMICILIAR / 001 ASSISTENCIA DOMICILIAR,7
2023,1,SP,São Paulo,3550308,São Paulo,3522120093151,2022-11-11,2022-12-04,355030,113 SERVICO DE ATENCAO DOMICILIAR / 001 ASSISTENCIA DOMICILIAR,7
2023,1,SP,São Paulo,3550308,São Paulo,3522120093151,2022-11-11,2022-12-04,355030,126 SERVICO DE FISIOTERAPIA / 002 ASSISTENCIA FISIOTERAPEUTICA EM ALTERACOES ONCOLOGICAS,13
2023,1,SP,São Paulo,3550308,São Paulo,3522120093151,2022-11-11,2022-12-04,355030,126 SERVICO DE FISIOTERAPIA / 002 ASSISTENCIA FISIOTERAPEUTICA EM ALTERACOES ONCOLOGICAS,13
2023,1,SP,São Paulo,3550308,São Paulo,3522120093151,2022-11-11,2022-12-04,355030,113 SERVICO DE ATENCAO DOMICILIAR / 001 ASSISTENCIA DOMICILIAR,1
2023,1,SP,São Paulo,3550308,São Paulo,3522120093151,2022-11-11,2022-12-04,355030,113 SERVICO DE ATENCAO DOMICILIAR / 001 ASSISTENCIA DOMICILIAR,1
2023,1,SP,São Paulo,3550308,São Paulo,3522120094713,2022-12-02,2022-12-16,355030,126 SERVICO DE FISIOTERAPIA / 004 ASSISTENCIA FISIOTERAPEUTICA CARDIOVASCULARES E PNEUMOFUNCI,2
2023,1,SP,São Paulo,3550308,São Paulo,3522120094713,2022-12-02,2022-12-16,355030,126 SERVICO DE FISIOTERAPIA / 004 ASSISTENCIA FISIOTERAPEUTICA CARDIOVASCULARES E PNEUMOFUNCI,2
2023,1,SP,São Paulo,3550308,São Paulo,3522120094790,2022-12-08,2022-12-16,355030,113 SERVICO DE ATENCAO DOMICILIAR / 001 ASSISTENCIA DOMICILIAR,10
2023,1,SP,São Paulo,3550308,São Paulo,3522120094790,2022-12-08,2022-12-16,355030,113 SERVICO DE ATENCAO DOMICILIAR / 001 ASSISTENCIA DOMICILIAR,10
2023,1,SP,São Paulo,3550308,São Paulo,3522120094801,2022-12-15,2022-12-19,351060,128 SERVICO DE HEMOTERAPIA / 004 MEDICINA TRANSFUSIONAL,1
2023,1,SP,São Paulo,3550308,São Paulo,3522120094801,2022-12-15,2022-12-19,351060,128 SERVICO DE HEMOTERAPIA / 004 MEDICINA TRANSFUSIONAL,1
2023,1,SP,São Paulo,3550308,São Paulo,3522120094812,2022-12-12,2022-12-15,355030,126 SERVICO DE FISIOTERAPIA / 001 ASSISTENCIA FISIOTERAPEUTICA EM ALTERACOES OBSTETRICAS NEON,2
2023,1,SP,São Paulo,3550308,São Paulo,3522120094812,2022-12-12,2022-12-15,355030,126 SERVICO DE FISIOTERAPIA / 001 ASSISTENCIA FISIOTERAPEUTICA EM ALTERACOES OBSTETRICAS NEON,2
2023,1,SP,São Paulo,3550308,São Paulo,3522120094878,2022-12-01,2022-12-13,355030,113 SERVICO DE ATENCAO DOMICILIAR / 001 ASSISTENCIA DOMICILIAR,5
2023,1,SP,São Paulo,3550308,São Paulo,3522120094878,2022-12-01,2022-12-13,355030,113 SERVICO DE ATENCAO DOMICILIAR / 001 ASSISTENCIA DOMICILIAR,5
2023,1,SP,São Paulo,3550308,São Paulo,3522120094890,2022-12-10,2022-12-16,355030,126 SERVICO DE FISIOTERAPIA / 002 ASSISTENCIA FISIOTERAPEUTICA EM ALTERACOES ONCOLOGICAS,7
2023,1,SP,São Paulo,3550308,São Paulo,3522120094890,2022-12-10,2022-12-16,355030,126 SERVICO DE FISIOTERAPIA / 002 ASSISTENCIA FISIOTERAPEUTICA EM ALTERACOES ONCOLOGICAS,7
2023,1,SP,São Paulo,3550308,São Paulo,3522120095010,2022-12-11,2022-12-13,355030,126 SERVICO DE FISIOTERAPIA / 001 ASSISTENCIA FISIOTERAPEUTICA EM ALTERACOES OBSTETRICAS NEON,1
2023,1,SP,São Paulo,3550308,São Paulo,3522120095010,2022-12-11,2022-12-13,355030,126 SERVICO DE FISIOTERAPIA / 001 ASSISTENCIA FISIOTERAPEUTICA EM ALTERACOES OBSTETRICAS NEON,1
2023,1,SP,São Paulo,3550308,São Paulo,3522120095098,2022-11-13,2022-12-02,355030,113 SERVICO DE ATENCAO DOMICILIAR / 001 ASSISTENCIA DOMICILIAR,11
2023,1,SP,São Paulo,3550308,São Paulo,3522120095098,2022-11-13,2022-12-02,355030,113 SERVICO DE ATENCAO DOMICILIAR / 001 ASSISTENCIA DOMICILIAR,11
2023,1,SP,São Paulo,3550308,São Paulo,3522120095098,2022-11-13,2022-12-02,355030,113 SERVICO DE ATENCAO DOMICILIAR / 001 ASSISTENCIA DOMICILIAR,3
2023,1,SP,São Paulo,3550308,São Paulo,3522120095098,2022-11-13,2022-12-02,355030,113 SERVICO DE ATENCAO DOMICILIAR / 001 ASSISTENCIA DOMICILIAR,3
2023,1,SP,São Paulo,3550308,São Paulo,3522120095197,2022-12-07,2022-12-08,355030,113 SERVICO DE ATENCAO DOMICILIAR / 001 ASSISTENCIA DOMICILIAR,1
2023,1,SP,São Paulo,3550308,São Paulo,3522120095197,2022-12-07,2022-12-08,355030,113 SERVICO DE ATENCAO DOMICILIAR / 001 ASSISTENCIA DOMICILIAR,1
2023,1,SP,São Paulo,3550308,São Paulo,3522120095450,2022-11-30,2022-12-15,355220,126 SERVICO DE FISIOTERAPIA / 002 ASSISTENCIA FISIOTERAPEUTICA EM ALTERACOES ONCOLOGICAS,1
2023,1,SP,São Paulo,3550308,São Paulo,3522120095450,2022-11-30,2022-12-15,355220,126 SERVICO DE FISIOTERAPIA / 002 ASSISTENCIA FISIOTERAPEUTICA EM ALTERACOES ONCOLOGICAS,1
2023,1,SP,São Paulo,3550308,São Paulo,3522120095461,2022-12-05,2022-12-09,355030,113 SERVICO DE ATENCAO DOMICILIAR / 001 ASSISTENCIA DOMICILIAR,4
2023,1,SP,São Paulo,3550308,São Paulo,3522120095461,2022-12-05,2022-12-09,355030,113 SERVICO DE ATENCAO DOMICILIAR / 001 ASSISTENCIA DOMICILIAR,4
2023,1,SP,São Paulo,3550308,São Paulo,3522120095505,2022-12-14,2022-12-17,355280,113 SERVICO DE ATENCAO DOMICILIAR / 001 ASSISTENCIA DOMICILIAR,5
2023,1,SP,São Paulo,3550308,São Paulo,3522120095505,2022-12-14,2022-12-17,355280,113 SERVICO DE ATENCAO DOMICILIAR / 001 ASSISTENCIA DOMICILIAR,5
2023,1,SP,São Paulo,3550308,São Paulo,3522120095505,2022-12-14,2022-12-17,355280,113 SERVICO DE ATENCAO DOMICILIAR / 001 ASSISTENCIA DOMICILIAR,2
2023,1,SP,São Paulo,3550308,São Paulo,3522120095505,2022-12-14,2022-12-17,355280,113 SERVICO DE ATENCAO DOMICILIAR / 001 ASSISTENCIA DOMICILIAR,2
2023,1,SP,São Paulo,3550308,São Paulo,3522120095550,2022-12-15,2022-12-22,355030,113 SERVICO DE ATENCAO DOMICILIAR / 001 ASSISTENCIA DOMICILIAR,1
2023,1,SP,São Paulo,3550308,São Paulo,3522120095550,2022-12-15,2022-12-22,355030,113 SERVICO DE ATENCAO DOMICILIAR / 001 ASSISTENCIA DOMICILIAR,1
2023,1,SP,São Paulo,3550308,São Paulo,3522120095725,2022-12-12,2022-12-14,355030,126 SERVICO DE FISIOTERAPIA / 001 ASSISTENCIA FISIOTERAPEUTICA EM ALTERACOES OBSTETRICAS NEON,1
2023,1,SP,São Paulo,3550308,São Paulo,3522120095725,2022-12-12,2022-12-14,355030,126 SERVICO DE FISIOTERAPIA / 001 ASSISTENCIA FISIOTERAPEUTICA EM ALTERACOES OBSTETRICAS NEON,1
2023,1,SP,São Paulo,3550308,São Paulo,3522120095725,2022-12-12,2022-12-14,355030,126 SERVICO DE FISIOTERAPIA / 001 ASSISTENCIA FISIOTERAPEUTICA EM ALTERACOES OBSTETRICAS NEON,1
2023,1,SP,São Paulo,3550308,São Paulo,3522120095725,2022-12-12,2022-12-14,355030,126 SERVICO DE FISIOTERAPIA / 001 ASSISTENCIA FISIOTERAPEUTICA EM ALTERACOES OBSTETRICAS NEON,1
2023,1,SP,São Paulo,3550308,São Paulo,3522120095857,2022-12-06,2022-12-15,353440,113 SERVICO DE ATENCAO DOMICILIAR / 001 ASSISTENCIA DOMICILIAR,6
2023,1,SP,São Paulo,3550308,São Paulo,3522120095857,2022-12-06,2022-12-15,353440,113 SERVICO DE ATENCAO DOMICILIAR / 001 ASSISTENCIA DOMICILIAR,6
2023,1,SP,São Paulo,3550308,São Paulo,3522120096143,2022-12-13,2022-12-14,354870,113 SERVICO DE ATENCAO DOMICILIAR / 001 ASSISTENCIA DOMICILIAR,1
2023,1,SP,São Paulo,3550308,São Paulo,3522120096143,2022-12-13,2022-12-14,354870,113 SERVICO DE ATENCAO DOMICILIAR / 001 ASSISTENCIA DOMICILIAR,1
2023,1,SP,São Paulo,3550308,São Paulo,3522120096154,2022-12-19,2022-12-21,354870,113 SERVICO DE ATENCAO DOMICILIAR / 001 ASSISTENCIA DOMICILIAR,2
2023,1,SP,São Paulo,3550308,São Paulo,3522120096154,2022-12-19,2022-12-21,354870,113 SERVICO DE ATENCAO DOMICILIAR / 001 ASSISTENCIA DOMICILIAR,2
2023,1,SP,São Paulo,3550308,São Paulo,3522120096594,2022-12-14,2022-12-17,353440,,0
2023,1,SP,São Paulo,3550308,São Paulo,3522120096594,2022-12-14,2022-12-17,353440,,0
2023,1,SP,São Paulo,3550308,São Paulo,3522120096638,2022-12-13,2022-12-16,351880,113 SERVICO DE ATENCAO DOMICILIAR / 001 ASSISTENCIA DOMICILIAR,3
2023,1,SP,São Paulo,3550308,São Paulo,3522120096638,2022-12-13,2022-12-16,351880,113 SERVICO DE ATENCAO DOMICILIAR / 001 ASSISTENCIA DOMICILIAR,3
2023,1,SP,São Paulo,3550308,São Paulo,3522120096704,2022-12-14,2022-12-18,351630,126 SERVICO DE FISIOTERAPIA / 001 ASSISTENCIA FISIOTERAPEUTICA EM ALTERACOES OBSTETRICAS NEON,3
2023,1,SP,São Paulo,3550308,São Paulo,3522120096704,2022-12-14,2022-12-18,351630,126 SERVICO DE FISIOTERAPIA / 001 ASSISTENCIA FISIOTERAPEUTICA EM ALTERACOES OBSTETRICAS NEON,3
2023,1,SP,São Paulo,3550308,São Paulo,3522120096726,2022-11-21,2022-12-15,355030,113 SERVICO DE ATENCAO DOMICILIAR / 001 ASSISTENCIA DOMICILIAR,4
2023,1,SP,São Paulo,3550308,São Paulo,3522120096726,2022-11-21,2022-12-15,355030,113 SERVICO DE ATENCAO DOMICILIAR / 001 ASSISTENCIA DOMICILIAR,4
2023,1,SP,São Paulo,3550308,São Paulo,3522120096760,2022-12-04,2022-12-06,351060,131 SERVICO DE OFTALMOLOGIA / 003 TRATAMENTO CIRURGICO DO APARELHO DA VISAO,0
2023,1,SP,São Paulo,3550308,São Paulo,3522120096760,2022-12-04,2022-12-06,351060,131 SERVICO DE OFTALMOLOGIA / 003 TRATAMENTO CIRURGICO DO APARELHO DA VISAO,0
2023,1,SP,São Paulo,3550308,São Paulo,3522120096770,2022-12-11,2022-12-13,350760,126 SERVICO DE FISIOTERAPIA / 001 ASSISTENCIA FISIOTERAPEUTICA EM ALTERACOES OBSTETRICAS NEON,1
2023,1,SP,São Paulo,3550308,São Paulo,3522120096770,2022-12-11,2022-12-13,350760,126 SERVICO DE FISIOTERAPIA / 001 ASSISTENCIA FISIOTERAPEUTICA EM ALTERACOES OBSTETRICAS NEON,1
2023,1,SP,São Paulo,3550308,São Paulo,3522120096924,2022-12-04,2022-12-08,355030,113 SERVICO DE ATENCAO DOMICILIAR / 001 ASSISTENCIA DOMICILIAR,3
2023,1,SP,São Paulo,3550308,São Paulo,3522120096924,2022-12-04,2022-12-08,355030,113 SERVICO DE ATENCAO DOMICILIAR / 001 ASSISTENCIA DOMICILIAR,3
2023,1,SP,São Paulo,3550308,São Paulo,3522120096935,2022-12-15,2022-12-17,355280,113 SERVICO DE ATENCAO DOMICILIAR / 001 ASSISTENCIA DOMICILIAR,2
2023,1,SP,São Paulo,3550308,São Paulo,3522120096935,2022-12-15,2022-12-17,355280,113 SERVICO DE ATENCAO DOMICILIAR / 001 ASSISTENCIA DOMICILIAR,2
2023,1,SP,São Paulo,3550308,São Paulo,3522120096935,2022-12-15,2022-12-17,355280,113 SERVICO DE ATENCAO DOMICILIAR / 001 ASSISTENCIA DOMICILIAR,2
2023,1,SP,São Paulo,3550308,São Paulo,3522120096935,2022-12-15,2022-12-17,355280,113 SERVICO DE ATENCAO DOMICILIAR / 001 ASSISTENCIA DOMICILIAR,2
2023,1,SP,São Paulo,3550308,São Paulo,3522120096980,2022-12-02,2022-12-22,355030,113 SERVICO DE ATENCAO DOMICILIAR / 001 ASSISTENCIA DOMICILIAR,1
2023,1,SP,São Paulo,3550308,São Paulo,3522120096980,2022-12-02,2022-12-22,355030,113 SERVICO DE ATENCAO DOMICILIAR / 001 ASSISTENCIA DOMICILIAR,1
2023,1,SP,São Paulo,3550308,São Paulo,3522120097067,2022-12-10,2022-12-22,355030,113 SERVICO DE ATENCAO DOMICILIAR / 001 ASSISTENCIA DOMICILIAR,3
2023,1,SP,São Paulo,3550308,São Paulo,3522120097067,2022-12-10,2022-12-22,355030,113 SERVICO DE ATENCAO DOMICILIAR / 001 ASSISTENCIA DOMICILIAR,3
2023,1,SP,São Paulo,3550308,São Paulo,3522120097221,2022-12-11,2022-12-13,351060,126 SERVICO DE FISIOTERAPIA / 007 ASSISTENCIA FISIOTERAPEUTICA NAS ALTERACOES EM NEUROLOGIA,1
2023,1,SP,São Paulo,3550308,São Paulo,3522120097221,2022-12-11,2022-12-13,351060,126 SERVICO DE FISIOTERAPIA / 007 ASSISTENCIA FISIOTERAPEUTICA NAS ALTERACOES EM NEUROLOGIA,1
2023,1,SP,São Paulo,3550308,São Paulo,3522120097320,2022-11-29,2022-12-22,353060,113 SERVICO DE ATENCAO DOMICILIAR / 001 ASSISTENCIA DOMICILIAR,12
2023,1,SP,São Paulo,3550308,São Paulo,3522120097320,2022-11-29,2022-12-22,353060,113 SERVICO DE ATENCAO DOMICILIAR / 001 ASSISTENCIA DOMICILIAR,12
2023,1,SP,São Paulo,3550308,São Paulo,3522120097419,2022-12-11,2022-12-16,351060,126 SERVICO DE FISIOTERAPIA / 005 ASSISTENCIA FISIOTERAPEUTICA NAS DISFUNCOES MUSCULO ESQUELET,1
2023,1,SP,São Paulo,3550308,São Paulo,3522120097419,2022-12-11,2022-12-16,351060,126 SERVICO DE FISIOTERAPIA / 005 ASSISTENCIA FISIOTERAPEUTICA NAS DISFUNCOES MUSCULO ESQUELET,1
2023,1,SP,São Paulo,3550308,São Paulo,3522120097419,2022-12-11,2022-12-16,351060,113 SERVICO DE ATENCAO DOMICILIAR / 001 ASSISTENCIA DOMICILIAR,8
2023,1,SP,São Paulo,3550308,São Paulo,3522120097419,2022-12-11,2022-12-16,351060,113 SERVICO DE ATENCAO DOMICILIAR / 001 ASSISTENCIA DOMICILIAR,8
2023,1,SP,São Paulo,3550308,São Paulo,3522120097419,2022-12-11,2022-12-16,351060,126 SERVICO DE FISIOTERAPIA / 002 ASSISTENCIA FISIOTERAPEUTICA EM ALTERACOES ONCOLOGICAS,1
2023,1,SP,São Paulo,3550308,São Paulo,3522120097419,2022-12-11,2022-12-16,351060,126 SERVICO DE FISIOTERAPIA / 002 ASSISTENCIA FISIOTERAPEUTICA EM ALTERACOES ONCOLOGICAS,1
2023,1,SP,São Paulo,3550308,São Paulo,3522120097518,2022-12-12,2022-12-16,352610,126 SERVICO DE FISIOTERAPIA / 001 ASSISTENCIA FISIOTERAPEUTICA EM ALTERACOES OBSTETRICAS NEON,4
2023,1,SP,São Paulo,3550308,São Paulo,3522120097518,2022-12-12,2022-12-16,352610,126 SERVICO DE FISIOTERAPIA / 001 ASSISTENCIA FISIOTERAPEUTICA EM ALTERACOES OBSTETRICAS NEON,4
2023,1,SP,São Paulo,3550308,São Paulo,3522120097529,2022-11-13,2022-11-18,355030,113 SERVICO DE ATENCAO DOMICILIAR / 001 ASSISTENCIA DOMICILIAR,5
2023,1,SP,São Paulo,3550308,São Paulo,3522120097529,2022-11-13,2022-11-18,355030,113 SERVICO DE ATENCAO DOMICILIAR / 001 ASSISTENCIA DOMICILIAR,5
2023,1,SP,São Paulo,3550308,São Paulo,3522120097551,2022-12-07,2022-12-10,355030,113 SERVICO DE ATENCAO DOMICILIAR / 001 ASSISTENCIA DOMICILIAR,2
2023,1,SP,São Paulo,3550308,São Paulo,3522120097551,2022-12-07,2022-12-10,355030,113 SERVICO DE ATENCAO DOMICILIAR / 001 ASSISTENCIA DOMICILIAR,2
2023,1,SP,São Paulo,3550308,São Paulo,3522120097639,2022-11-28,2022-12-04,355030,113 SERVICO DE ATENCAO DOMICILIAR / 001 ASSISTENCIA DOMICILIAR,6
2023,1,SP,São Paulo,3550308,São Paulo,3522120097639,2022-11-28,2022-12-04,355030,113 SERVICO DE ATENCAO DOMICILIAR / 001 ASSISTENCIA DOMICILIAR,6
2023,1,SP,São Paulo,3550308,São Paulo,3522120097639,2022-11-28,2022-12-04,355030,126 SERVICO DE FISIOTERAPIA / 002 ASSISTENCIA FISIOTERAPEUTICA EM ALTERACOES ONCOLOGICAS,4
2023,1,SP,São Paulo,3550308,São Paulo,3522120097639,2022-11-28,2022-12-04,355030,126 SERVICO DE FISIOTERAPIA / 002 ASSISTENCIA FISIOTERAPEUTICA EM ALTERACOES ONCOLOGICAS,4
2023,1,SP,São Paulo,3550308,São Paulo,3522120097639,2022-11-28,2022-12-04,355030,113 SERVICO DE ATENCAO DOMICILIAR / 001 ASSISTENCIA DOMICILIAR,4
2023,1,SP,São Paulo,3550308,São Paulo,3522120097639,2022-11-28,2022-12-04,355030,113 SERVICO DE ATENCAO DOMICILIAR / 001 ASSISTENCIA DOMICILIAR,4
2023,1,SP,São Paulo,3550308,São Paulo,3522120097639,2022-11-28,2022-12-04,355030,113 SERVICO DE ATENCAO DOMICILIAR / 001 ASSISTENCIA DOMICILIAR,6
2023,1,SP,São Paulo,3550308,São Paulo,3522120097639,2022-11-28,2022-12-04,355030,113 SERVICO DE ATENCAO DOMICILIAR / 001 ASSISTENCIA DOMICILIAR,6
2023,1,SP,São Paulo,3550308,São Paulo,3522120097782,2022-12-06,2022-12-14,355030,126 SERVICO DE FISIOTERAPIA / 004 ASSISTENCIA FISIOTERAPEUTICA CARDIOVASCULARES E PNEUMOFUNCI,6
2023,1,SP,São Paulo,3550308,São Paulo,3522120097782,2022-12-06,2022-12-14,355030,126 SERVICO DE FISIOTERAPIA / 004 ASSISTENCIA FISIOTERAPEUTICA CARDIOVASCULARES E PNEUMOFUNCI,6
2023,1,SP,São Paulo,3550308,São Paulo,3522120097837,2022-12-12,2022-12-15,355030,113 SERVICO DE ATENCAO DOMICILIAR / 001 ASSISTENCIA DOMICILIAR,2
2023,1,SP,São Paulo,3550308,São Paulo,3522120097837,2022-12-12,2022-12-15,355030,113 SERVICO DE ATENCAO DOMICILIAR / 001 ASSISTENCIA DOMICILIAR,2
2023,1,SP,São Paulo,3550308,São Paulo,3522120098046,2022-11-01,2022-12-13,355030,126 SERVICO DE FISIOTERAPIA / 002 ASSISTENCIA FISIOTERAPEUTICA EM ALTERACOES ONCOLOGICAS,22
2023,1,SP,São Paulo,3550308,São Paulo,3522120098046,2022-11-01,2022-12-13,355030,126 SERVICO DE FISIOTERAPIA / 002 ASSISTENCIA FISIOTERAPEUTICA EM ALTERACOES ONCOLOGICAS,22
2023,1,SP,São Paulo,3550308,São Paulo,3522120098167,2022-12-11,2022-12-15,355030,126 SERVICO DE FISIOTERAPIA / 001 ASSISTENCIA FISIOTERAPEUTICA EM ALTERACOES OBSTETRICAS NEON,1
2023,1,SP,São Paulo,3550308,São Paulo,3522120098167,2022-12-11,2022-12-15,355030,126 SERVICO DE FISIOTERAPIA / 001 ASSISTENCIA FISIOTERAPEUTICA EM ALTERACOES OBSTETRICAS NEON,1
2023,1,SP,São Paulo,3550308,São Paulo,3522120098167,2022-12-11,2022-12-15,355030,113 SERVICO DE ATENCAO DOMICILIAR / 001 ASSISTENCIA DOMICILIAR,1
2023,1,SP,São Paulo,3550308,São Paulo,3522120098167,2022-12-11,2022-12-15,355030,113 SERVICO DE ATENCAO DOMICILIAR / 001 ASSISTENCIA DOMICILIAR,1
2023,1,SP,São Paulo,3550308,São Paulo,3522120098190,2022-12-02,2022-12-16,355030,113 SERVICO DE ATENCAO DOMICILIAR / 001 ASSISTENCIA DOMICILIAR,6
2023,1,SP,São Paulo,3550308,São Paulo,3522120098190,2022-12-02,2022-12-16,355030,113 SERVICO DE ATENCAO DOMICILIAR / 001 ASSISTENCIA DOMICILIAR,6
2023,1,SP,São Paulo,3550308,São Paulo,3522120098376,2022-11-18,2022-12-06,351300,113 SERVICO DE ATENCAO DOMICILIAR / 001 ASSISTENCIA DOMICILIAR,4
2023,1,SP,São Paulo,3550308,São Paulo,3522120098376,2022-11-18,2022-12-06,351300,113 SERVICO DE ATENCAO DOMICILIAR / 001 ASSISTENCIA DOMICILIAR,4
2023,1,SP,São Paulo,3550308,São Paulo,3522120098640,2022-12-12,2022-12-17,354780,113 SERVICO DE ATENCAO DOMICILIAR / 001 ASSISTENCIA DOMICILIAR,6
2023,1,SP,São Paulo,3550308,São Paulo,3522120098640,2022-12-12,2022-12-17,354780,113 SERVICO DE ATENCAO DOMICILIAR / 001 ASSISTENCIA DOMICILIAR,6
2023,1,SP,São Paulo,3550308,São Paulo,3522120098640,2022-12-12,2022-12-17,354780,113 SERVICO DE ATENCAO DOMICILIAR / 001 ASSISTENCIA DOMICILIAR,3
2023,1,SP,São Paulo,3550308,São Paulo,3522120098640,2022-12-12,2022-12-17,354780,113 SERVICO DE ATENCAO DOMICILIAR / 001 ASSISTENCIA DOMICILIAR,3
2023,1,SP,São Paulo,3550308,São Paulo,3522120098651,2022-11-23,2022-12-12,355030,126 SERVICO DE FISIOTERAPIA / 001 ASSISTENCIA FISIOTERAPEUTICA EM ALTERACOES OBSTETRICAS NEON,3
2023,1,SP,São Paulo,3550308,São Paulo,3522120098651,2022-11-23,2022-12-12,355030,126 SERVICO DE FISIOTERAPIA / 001 ASSISTENCIA FISIOTERAPEUTICA EM ALTERACOES OBSTETRICAS NEON,3
2023,1,SP,São Paulo,3550308,São Paulo,3522120098651,2022-11-23,2022-12-12,355030,126 SERVICO DE FISIOTERAPIA / 001 ASSISTENCIA FISIOTERAPEUTICA EM ALTERACOES OBSTETRICAS NEON,7
2023,1,SP,São Paulo,3550308,São Paulo,3522120098651,2022-11-23,2022-12-12,355030,126 SERVICO DE FISIOTERAPIA / 001 ASSISTENCIA FISIOTERAPEUTICA EM ALTERACOES OBSTETRICAS NEON,7
2023,1,SP,São Paulo,3550308,São Paulo,3522120098960,2022-12-14,2022-12-19,410690,,0
2023,1,SP,São Paulo,3550308,São Paulo,3522120099014,2022-12-13,2022-12-16,355000,,0
2023,1,SP,São Paulo,3550308,São Paulo,3522120099058,2022-11-29,2022-12-07,355030,126 SERVICO DE FISIOTERAPIA / 002 ASSISTENCIA FISIOTERAPEUTICA EM ALTERACOES ONCOLOGICAS,5
2023,1,SP,São Paulo,3550308,São Paulo,3522120099058,2022-11-29,2022-12-07,355030,126 SERVICO DE FISIOTERAPIA / 002 ASSISTENCIA FISIOTERAPEUTICA EM ALTERACOES ONCOLOGICAS,5
2023,1,SP,São Paulo,3550308,São Paulo,3522120099135,2022-11-25,2022-12-19,351650,113 SERVICO DE ATENCAO DOMICILIAR / 001 ASSISTENCIA DOMICILIAR,15
2023,1,SP,São Paulo,3550308,São Paulo,3522120099135,2022-11-25,2022-12-19,351650,113 SERVICO DE ATENCAO DOMICILIAR / 001 ASSISTENCIA DOMICILIAR,15
2023,1,SP,São Paulo,3550308,São Paulo,3522120099135,2022-11-25,2022-12-19,351650,113 SERVICO DE ATENCAO DOMICILIAR / 001 ASSISTENCIA DOMICILIAR,4
2023,1,SP,São Paulo,3550308,São Paulo,3522120099135,2022-11-25,2022-12-19,351650,113 SERVICO DE ATENCAO DOMICILIAR / 001 ASSISTENCIA DOMICILIAR,4
2023,1,SP,São Paulo,3550308,São Paulo,3522120099190,2022-12-20,2022-12-22,355030,,1
2023,1,SP,São Paulo,3550308,São Paulo,3522120099344,2022-11-21,2022-11-30,353440,,5
2023,1,SP,São Paulo,3550308,São Paulo,3522120099366,2022-11-14,2022-12-01,355030,126 SERVICO DE FISIOTERAPIA / 001 ASSISTENCIA FISIOTERAPEUTICA EM ALTERACOES OBSTETRICAS NEON,17
2023,1,SP,São Paulo,3550308,São Paulo,3522120099366,2022-11-14,2022-12-01,355030,126 SERVICO DE FISIOTERAPIA / 001 ASSISTENCIA FISIOTERAPEUTICA EM ALTERACOES OBSTETRICAS NEON,17
2023,1,SP,São Paulo,3550308,São Paulo,3522120099564,2022-12-07,2022-12-11,355030,113 SERVICO DE ATENCAO DOMICILIAR / 001 ASSISTENCIA DOMICILIAR,1
2023,1,SP,São Paulo,3550308,São Paulo,3522120099564,2022-12-07,2022-12-11,355030,113 SERVICO DE ATENCAO DOMICILIAR / 001 ASSISTENCIA DOMICILIAR,1
2023,1,SP,São Paulo,3550308,São Paulo,3522120099597,2022-12-06,2022-12-12,351500,126 SERVICO DE FISIOTERAPIA / 006 ASSISTENCIA FISIOTERAPEUTICA EM QUEIMADOS,1
2023,1,SP,São Paulo,3550308,São Paulo,3522120099597,2022-12-06,2022-12-12,351500,126 SERVICO DE FISIOTERAPIA / 006 ASSISTENCIA FISIOTERAPEUTICA EM QUEIMADOS,1
2023,1,SP,São Paulo,3550308,São Paulo,3522120099620,2022-11-29,2022-12-13,352230,113 SERVICO DE ATENCAO DOMICILIAR / 001 ASSISTENCIA DOMICILIAR,4
2023,1,SP,São Paulo,3550308,São Paulo,3522120099620,2022-11-29,2022-12-13,352230,113 SERVICO DE ATENCAO DOMICILIAR / 001 ASSISTENCIA DOMICILIAR,4
2023,1,SP,São Paulo,3550308,São Paulo,3522120099652,2022-12-12,2022-12-19,355030,113 SERVICO DE ATENCAO DOMICILIAR / 001 ASSISTENCIA DOMICILIAR,1
2023,1,SP,São Paulo,3550308,São Paulo,3522120099652,2022-12-12,2022-12-19,355030,113 SERVICO DE ATENCAO DOMICILIAR / 001 ASSISTENCIA DOMICILIAR,1
2023,1,SP,São Paulo,3550308,São Paulo,3522120099707,2022-12-07,2022-12-09,352220,126 SERVICO DE FISIOTERAPIA / 001 ASSISTENCIA FISIOTERAPEUTICA EM ALTERACOES OBSTETRICAS NEON,1
2023,1,SP,São Paulo,3550308,São Paulo,3522120099707,2022-12-07,2022-12-09,352220,126 SERVICO DE FISIOTERAPIA / 001 ASSISTENCIA FISIOTERAPEUTICA EM ALTERACOES OBSTETRICAS NEON,1
2023,1,SP,São Paulo,3550308,São Paulo,3522120099762,2022-12-12,2022-12-14,355410,,0
2023,1,SP,São Paulo,3550308,São Paulo,3522120099773,2022-11-29,2022-12-11,355410,126 SERVICO DE FISIOTERAPIA / 001 ASSISTENCIA FISIOTERAPEUTICA EM ALTERACOES OBSTETRICAS NEON,8
2023,1,SP,São Paulo,3550308,São Paulo,3522120099773,2022-11-29,2022-12-11,355410,126 SERVICO DE FISIOTERAPIA / 001 ASSISTENCIA FISIOTERAPEUTICA EM ALTERACOES OBSTETRICAS NEON,8
2023,1,SP,São Paulo,3550308,São Paulo,3522120099916,2022-12-07,2022-12-13,355030,113 SERVICO DE ATENCAO DOMICILIAR / 001 ASSISTENCIA DOMICILIAR,10
2023,1,SP,São Paulo,3550308,São Paulo,3522120099916,2022-12-07,2022-12-13,355030,113 SERVICO DE ATENCAO DOMICILIAR / 001 ASSISTENCIA DOMICILIAR,10
2023,1,SP,São Paulo,3550308,São Paulo,3522120099927,2022-12-08,2022-12-13,355030,113 SERVICO DE ATENCAO DOMICILIAR / 001 ASSISTENCIA DOMICILIAR,6
2023,1,SP,São Paulo,3550308,São Paulo,3522120099927,2022-12-08,2022-12-13,355030,113 SERVICO DE ATENCAO DOMICILIAR / 001 ASSISTENCIA DOMICILIAR,6
2023,1,SP,São Paulo,3550308,São Paulo,3522120100015,2022-12-05,2022-12-12,351640,113 SERVICO DE ATENCAO DOMICILIAR / 001 ASSISTENCIA DOMICILIAR,2
2023,1,SP,São Paulo,3550308,São Paulo,3522120100015,2022-12-05,2022-12-12,351640,113 SERVICO DE ATENCAO DOMICILIAR / 001 ASSISTENCIA DOMICILIAR,2
2023,1,SP,São Paulo,3550308,São Paulo,3522120100191,2022-12-20,2022-12-21,350570,,0
2023,1,SP,São Paulo,3550308,São Paulo,3522120100202,2022-11-24,2022-11-24,355030,142 SERVICO DE ENDOSCOPIA / 001 DO APARELHO DIGESTIVO,0
2023,1,SP,São Paulo,3550308,São Paulo,3522120100202,2022-11-24,2022-11-24,355030,142 SERVICO DE ENDOSCOPIA / 001 DO APARELHO DIGESTIVO,0
2023,1,SP,São Paulo,3550308,São Paulo,3522120100235,2022-12-05,2022-12-16,355030,113 SERVICO DE ATENCAO DOMICILIAR / 001 ASSISTENCIA DOMICILIAR,2
2023,1,SP,São Paulo,3550308,São Paulo,3522120100235,2022-12-05,2022-12-16,355030,113 SERVICO DE ATENCAO DOMICILIAR / 001 ASSISTENCIA DOMICILIAR,2
2023,1,SP,São Paulo,3550308,São Paulo,3522120100312,2022-12-14,2022-12-16,353440,126 SERVICO DE FISIOTERAPIA / 001 ASSISTENCIA FISIOTERAPEUTICA EM ALTERACOES OBSTETRICAS NEON,1
2023,1,SP,São Paulo,3550308,São Paulo,3522120100312,2022-12-14,2022-12-16,353440,126 SERVICO DE FISIOTERAPIA / 001 ASSISTENCIA FISIOTERAPEUTICA EM ALTERACOES OBSTETRICAS NEON,1
2023,1,SP,São Paulo,3550308,São Paulo,3522120100378,2022-12-14,2022-12-16,355030,126 SERVICO DE FISIOTERAPIA / 002 ASSISTENCIA FISIOTERAPEUTICA EM ALTERACOES ONCOLOGICAS,1
2023,1,SP,São Paulo,3550308,São Paulo,3522120100378,2022-12-14,2022-12-16,355030,126 SERVICO DE FISIOTERAPIA / 002 ASSISTENCIA FISIOTERAPEUTICA EM ALTERACOES ONCOLOGICAS,1
2023,1,SP,São Paulo,3550308,São Paulo,3522120100378,2022-12-14,2022-12-16,355030,113 SERVICO DE ATENCAO DOMICILIAR / 001 ASSISTENCIA DOMICILIAR,3
2023,1,SP,São Paulo,3550308,São Paulo,3522120100378,2022-12-14,2022-12-16,355030,113 SERVICO DE ATENCAO DOMICILIAR / 001 ASSISTENCIA DOMICILIAR,3
2023,1,SP,São Paulo,3550308,São Paulo,3522120100610,2022-11-30,2022-12-15,351630,113 SERVICO DE ATENCAO DOMICILIAR / 001 ASSISTENCIA DOMICILIAR,10
2023,1,SP,São Paulo,3550308,São Paulo,3522120100610,2022-11-30,2022-12-15,351630,113 SERVICO DE ATENCAO DOMICILIAR / 001 ASSISTENCIA DOMICILIAR,10
2023,1,SP,São Paulo,3550308,São Paulo,3522120100720,2022-12-19,2022-12-20,355030,,1
2023,1,SP,São Paulo,3550308,São Paulo,3522120100884,2022-12-07,2022-12-13,355030,,0
2023,1,SP,São Paulo,3550308,São Paulo,3522120100940,2022-11-18,2022-12-16,355030,113 SERVICO DE ATENCAO DOMICILIAR / 001 ASSISTENCIA DOMICILIAR,1
2023,1,SP,São Paulo,3550308,São Paulo,3522120100940,2022-11-18,2022-12-16,355030,113 SERVICO DE ATENCAO DOMICILIAR / 001 ASSISTENCIA DOMICILIAR,1
2023,1,SP,São Paulo,3550308,São Paulo,3522120100940,2022-11-18,2022-12-16,355030,113 SERVICO DE ATENCAO DOMICILIAR / 001 ASSISTENCIA DOMICILIAR,8
2023,1,SP,São Paulo,3550308,São Paulo,3522120100940,2022-11-18,2022-12-16,355030,113 SERVICO DE ATENCAO DOMICILIAR / 001 ASSISTENCIA DOMICILIAR,8
2023,1,SP,São Paulo,3550308,São Paulo,3522120100983,2022-12-08,2022-12-14,350950,113 SERVICO DE ATENCAO DOMICILIAR / 001 ASSISTENCIA DOMICILIAR,4
2023,1,SP,São Paulo,3550308,São Paulo,3522120100983,2022-12-08,2022-12-14,350950,113 SERVICO DE ATENCAO DOMICILIAR / 001 ASSISTENCIA DOMICILIAR,4
2023,1,SP,São Paulo,3550308,São Paulo,3522120101027,2022-12-07,2022-12-11,355030,126 SERVICO DE FISIOTERAPIA / 001 ASSISTENCIA FISIOTERAPEUTICA EM ALTERACOES OBSTETRICAS NEON,2
2023,1,SP,São Paulo,3550308,São Paulo,3522120101027,2022-12-07,2022-12-11,355030,126 SERVICO DE FISIOTERAPIA / 001 ASSISTENCIA FISIOTERAPEUTICA EM ALTERACOES OBSTETRICAS NEON,2
2023,1,SP,São Paulo,3550308,São Paulo,3522120101115,2022-12-12,2022-12-19,355030,113 SERVICO DE ATENCAO DOMICILIAR / 001 ASSISTENCIA DOMICILIAR,7
2023,1,SP,São Paulo,3550308,São Paulo,3522120101115,2022-12-12,2022-12-19,355030,113 SERVICO DE ATENCAO DOMICILIAR / 001 ASSISTENCIA DOMICILIAR,7
2023,1,SP,São Paulo,3550308,São Paulo,3522120101170,2022-12-12,2022-12-20,355030,113 SERVICO DE ATENCAO DOMICILIAR / 001 ASSISTENCIA DOMICILIAR,7
2023,1,SP,São Paulo,3550308,São Paulo,3522120101170,2022-12-12,2022-12-20,355030,113 SERVICO DE ATENCAO DOMICILIAR / 001 ASSISTENCIA DOMICILIAR,7
2023,1,SP,São Paulo,3550308,São Paulo,3522120101192,2022-12-14,2022-12-18,351060,113 SERVICO DE ATENCAO DOMICILIAR / 001 ASSISTENCIA DOMICILIAR,7
2023,1,SP,São Paulo,3550308,São Paulo,3522120101192,2022-12-14,2022-12-18,351060,113 SERVICO DE ATENCAO DOMICILIAR / 001 ASSISTENCIA DOMICILIAR,7
2023,1,SP,São Paulo,3550308,São Paulo,3522120101280,2022-12-06,2022-12-12,353980,126 SERVICO DE FISIOTERAPIA / 001 ASSISTENCIA FISIOTERAPEUTICA EM ALTERACOES OBSTETRICAS NEON,1
2023,1,SP,São Paulo,3550308,São Paulo,3522120101280,2022-12-06,2022-12-12,353980,126 SERVICO DE FISIOTERAPIA / 001 ASSISTENCIA FISIOTERAPEUTICA EM ALTERACOES OBSTETRICAS NEON,1
2023,1,SP,São Paulo,3550308,São Paulo,3522120101346,2022-12-08,2022-12-12,350410,113 SERVICO DE ATENCAO DOMICILIAR / 001 ASSISTENCIA DOMICILIAR,3
2023,1,SP,São Paulo,3550308,São Paulo,3522120101346,2022-12-08,2022-12-12,350410,113 SERVICO DE ATENCAO DOMICILIAR / 001 ASSISTENCIA DOMICILIAR,3
2023,1,SP,São Paulo,3550308,São Paulo,3522120101346,2022-12-08,2022-12-12,350410,113 SERVICO DE ATENCAO DOMICILIAR / 001 ASSISTENCIA DOMICILIAR,3
2023,1,SP,São Paulo,3550308,São Paulo,3522120101346,2022-12-08,2022-12-12,350410,113 SERVICO DE ATENCAO DOMICILIAR / 001 ASSISTENCIA DOMICILIAR,3
2023,1,SP,São Paulo,3550308,São Paulo,3522120101357,2022-11-07,2022-12-07,351500,113 SERVICO DE ATENCAO DOMICILIAR / 001 ASSISTENCIA DOMICILIAR,5
2023,1,SP,São Paulo,3550308,São Paulo,3522120101357,2022-11-07,2022-12-07,351500,113 SERVICO DE ATENCAO DOMICILIAR / 001 ASSISTENCIA DOMICILIAR,5
2023,1,SP,São Paulo,3550308,São Paulo,3522120101357,2022-11-07,2022-12-07,351500,113 SERVICO DE ATENCAO DOMICILIAR / 001 ASSISTENCIA DOMICILIAR,19
2023,1,SP,São Paulo,3550308,São Paulo,3522120101357,2022-11-07,2022-12-07,351500,113 SERVICO DE ATENCAO DOMICILIAR / 001 ASSISTENCIA DOMICILIAR,19
2023,1,SP,São Paulo,3550308,São Paulo,3522120101621,2022-12-14,2022-12-16,351880,113 SERVICO DE ATENCAO DOMICILIAR / 001 ASSISTENCIA DOMICILIAR,1
2023,1,SP,São Paulo,3550308,São Paulo,3522120101621,2022-12-14,2022-12-16,351880,113 SERVICO DE ATENCAO DOMICILIAR / 001 ASSISTENCIA DOMICILIAR,1
2023,1,SP,São Paulo,3550308,São Paulo,3522120101830,2022-12-16,2022-12-18,351500,126 SERVICO DE FISIOTERAPIA / 002 ASSISTENCIA FISIOTERAPEUTICA EM ALTERACOES ONCOLOGICAS,1
2023,1,SP,São Paulo,3550308,São Paulo,3522120101830,2022-12-16,2022-12-18,351500,126 SERVICO DE FISIOTERAPIA / 002 ASSISTENCIA FISIOTERAPEUTICA EM ALTERACOES ONCOLOGICAS,1
2023,1,SP,São Paulo,3550308,São Paulo,3522120101830,2022-12-16,2022-12-18,351500,126 SERVICO DE FISIOTERAPIA / 005 ASSISTENCIA FISIOTERAPEUTICA NAS DISFUNCOES MUSCULO ESQUELET,1
2023,1,SP,São Paulo,3550308,São Paulo,3522120101830,2022-12-16,2022-12-18,351500,126 SERVICO DE FISIOTERAPIA / 005 ASSISTENCIA FISIOTERAPEUTICA NAS DISFUNCOES MUSCULO ESQUELET,1
2023,1,SP,São Paulo,3550308,São Paulo,3522120101907,2022-12-09,2022-12-14,352500,113 SERVICO DE ATENCAO DOMICILIAR / 001 ASSISTENCIA DOMICILIAR,3
2023,1,SP,São Paulo,3550308,São Paulo,3522120101907,2022-12-09,2022-12-14,352500,113 SERVICO DE ATENCAO DOMICILIAR / 001 ASSISTENCIA DOMICILIAR,3
2023,1,SP,São Paulo,3550308,São Paulo,3522120102050,2022-12-07,2022-12-13,355030,113 SERVICO DE ATENCAO DOMICILIAR / 001 ASSISTENCIA DOMICILIAR,7
2023,1,SP,São Paulo,3550308,São Paulo,3522120102050,2022-12-07,2022-12-13,355030,113 SERVICO DE ATENCAO DOMICILIAR / 001 ASSISTENCIA DOMICILIAR,7
2023,1,SP,São Paulo,3550308,São Paulo,3522120102061,2022-11-19,2022-12-04,355030,113 SERVICO DE ATENCAO DOMICILIAR / 001 ASSISTENCIA DOMICILIAR,6
2023,1,SP,São Paulo,3550308,São Paulo,3522120102061,2022-11-19,2022-12-04,355030,113 SERVICO DE ATENCAO DOMICILIAR / 001 ASSISTENCIA DOMICILIAR,6
2023,1,SP,São Paulo,3550308,São Paulo,3522120102094,2022-11-11,2022-11-18,355030,113 SERVICO DE ATENCAO DOMICILIAR / 001 ASSISTENCIA DOMICILIAR,5
2023,1,SP,São Paulo,3550308,São Paulo,3522120102094,2022-11-11,2022-11-18,355030,113 SERVICO DE ATENCAO DOMICILIAR / 001 ASSISTENCIA DOMICILIAR,5
2023,1,SP,São Paulo,3550308,São Paulo,3522120102105,2022-11-19,2022-12-06,355030,113 SERVICO DE ATENCAO DOMICILIAR / 001 ASSISTENCIA DOMICILIAR,3
2023,1,SP,São Paulo,3550308,São Paulo,3522120102105,2022-11-19,2022-12-06,355030,113 SERVICO DE ATENCAO DOMICILIAR / 001 ASSISTENCIA DOMICILIAR,3
2023,1,SP,São Paulo,3550308,São Paulo,3522120102116,2022-12-09,2022-12-16,354870,113 SERVICO DE ATENCAO DOMICILIAR / 001 ASSISTENCIA DOMICILIAR,14
2023,1,SP,São Paulo,3550308,São Paulo,3522120102116,2022-12-09,2022-12-16,354870,113 SERVICO DE ATENCAO DOMICILIAR / 001 ASSISTENCIA DOMICILIAR,14
2023,1,SP,São Paulo,3550308,São Paulo,3522120102116,2022-12-09,2022-12-16,354870,113 SERVICO DE ATENCAO DOMICILIAR / 001 ASSISTENCIA DOMICILIAR,2
2023,1,SP,São Paulo,3550308,São Paulo,3522120102116,2022-12-09,2022-12-16,354870,113 SERVICO DE ATENCAO DOMICILIAR / 001 ASSISTENCIA DOMICILIAR,2
2023,1,SP,São Paulo,3550308,São Paulo,3522120102116,2022-12-09,2022-12-16,354870,113 SERVICO DE ATENCAO DOMICILIAR / 001 ASSISTENCIA DOMICILIAR,8
2023,1,SP,São Paulo,3550308,São Paulo,3522120102116,2022-12-09,2022-12-16,354870,113 SERVICO DE ATENCAO DOMICILIAR / 001 ASSISTENCIA DOMICILIAR,8
2023,1,SP,São Paulo,3550308,São Paulo,3522120102270,2022-12-12,2022-12-18,355030,126 SERVICO DE FISIOTERAPIA / 007 ASSISTENCIA FISIOTERAPEUTICA NAS ALTERACOES EM NEUROLOGIA,10
2023,1,SP,São Paulo,3550308,São Paulo,3522120102270,2022-12-12,2022-12-18,355030,126 SERVICO DE FISIOTERAPIA / 007 ASSISTENCIA FISIOTERAPEUTICA NAS ALTERACOES EM NEUROLOGIA,10
2023,1,SP,São Paulo,3550308,São Paulo,3522120102292,2022-11-30,2022-11-30,352500,113 SERVICO DE ATENCAO DOMICILIAR / 001 ASSISTENCIA DOMICILIAR,2
2023,1,SP,São Paulo,3550308,São Paulo,3522120102292,2022-11-30,2022-11-30,352500,113 SERVICO DE ATENCAO DOMICILIAR / 001 ASSISTENCIA DOMICILIAR,2
2023,1,SP,São Paulo,3550308,São Paulo,3522120102292,2022-11-30,2022-11-30,352500,126 SERVICO DE FISIOTERAPIA / 002 ASSISTENCIA FISIOTERAPEUTICA EM ALTERACOES ONCOLOGICAS,1
2023,1,SP,São Paulo,3550308,São Paulo,3522120102292,2022-11-30,2022-11-30,352500,126 SERVICO DE FISIOTERAPIA / 002 ASSISTENCIA FISIOTERAPEUTICA EM ALTERACOES ONCOLOGICAS,1
2023,1,SP,São Paulo,3550308,São Paulo,3522120102446,2022-11-25,2022-11-28,355030,105 SERVICO DE ATENCAO EM NEUROLOGIA / NEUROCIRURGIA / 006 INVESTIGACAO E CIRURGIA DE EPILEPSIA,0
2023,1,SP,São Paulo,3550308,São Paulo,3522120102446,2022-11-25,2022-11-28,355030,105 SERVICO DE ATENCAO EM NEUROLOGIA / NEUROCIRURGIA / 006 INVESTIGACAO E CIRURGIA DE EPILEPSIA,0
2023,1,SP,São Paulo,3550308,São Paulo,3522120102589,2022-10-18,2022-12-06,355030,126 SERVICO DE FISIOTERAPIA / 006 ASSISTENCIA FISIOTERAPEUTICA EM QUEIMADOS,44
2023,1,SP,São Paulo,3550308,São Paulo,3522120102589,2022-10-18,2022-12-06,355030,126 SERVICO DE FISIOTERAPIA / 006 ASSISTENCIA FISIOTERAPEUTICA EM QUEIMADOS,44
2023,1,SP,São Paulo,3550308,São Paulo,3522120102633,2022-10-22,2022-10-23,355030,113 SERVICO DE ATENCAO DOMICILIAR / 001 ASSISTENCIA DOMICILIAR,2
2023,1,SP,São Paulo,3550308,São Paulo,3522120102633,2022-10-22,2022-10-23,355030,113 SERVICO DE ATENCAO DOMICILIAR / 001 ASSISTENCIA DOMICILIAR,2
2023,1,SP,São Paulo,3550308,São Paulo,3522120102633,2022-10-22,2022-10-23,355030,126 SERVICO DE FISIOTERAPIA / 002 ASSISTENCIA FISIOTERAPEUTICA EM ALTERACOES ONCOLOGICAS,4
2023,1,SP,São Paulo,3550308,São Paulo,3522120102633,2022-10-22,2022-10-23,355030,126 SERVICO DE FISIOTERAPIA / 002 ASSISTENCIA FISIOTERAPEUTICA EM ALTERACOES ONCOLOGICAS,4
2023,1,SP,São Paulo,3550308,São Paulo,3522120102700,2022-11-06,2022-12-02,355030,113 SERVICO DE ATENCAO DOMICILIAR / 001 ASSISTENCIA DOMICILIAR,1
2023,1,SP,São Paulo,3550308,São Paulo,3522120102700,2022-11-06,2022-12-02,355030,113 SERVICO DE ATENCAO DOMICILIAR / 001 ASSISTENCIA DOMICILIAR,1
2023,1,SP,São Paulo,3550308,São Paulo,3522120102743,2022-11-20,2022-12-16,355030,113 SERVICO DE ATENCAO DOMICILIAR / 001 ASSISTENCIA DOMICILIAR,13
2023,1,SP,São Paulo,3550308,São Paulo,3522120102743,2022-11-20,2022-12-16,355030,113 SERVICO DE ATENCAO DOMICILIAR / 001 ASSISTENCIA DOMICILIAR,13
2023,1,SP,São Paulo,3550308,São Paulo,3522120102743,2022-11-20,2022-12-16,355030,126 SERVICO DE FISIOTERAPIA / 002 ASSISTENCIA FISIOTERAPEUTICA EM ALTERACOES ONCOLOGICAS,1
2023,1,SP,São Paulo,3550308,São Paulo,3522120102743,2022-11-20,2022-12-16,355030,126 SERVICO DE FISIOTERAPIA / 002 ASSISTENCIA FISIOTERAPEUTICA EM ALTERACOES ONCOLOGICAS,1
2023,1,SP,São Paulo,3550308,São Paulo,3522120102787,2022-11-26,2022-12-16,351300,113 SERVICO DE ATENCAO DOMICILIAR / 001 ASSISTENCIA DOMICILIAR,1
2023,1,SP,São Paulo,3550308,São Paulo,3522120102787,2022-11-26,2022-12-16,351300,113 SERVICO DE ATENCAO DOMICILIAR / 001 ASSISTENCIA DOMICILIAR,1
2023,1,SP,São Paulo,3550308,São Paulo,3522120102787,2022-11-26,2022-12-16,351300,113 SERVICO DE ATENCAO DOMICILIAR / 001 ASSISTENCIA DOMICILIAR,1
2023,1,SP,São Paulo,3550308,São Paulo,3522120102787,2022-11-26,2022-12-16,351300,113 SERVICO DE ATENCAO DOMICILIAR / 001 ASSISTENCIA DOMICILIAR,1
2023,1,SP,São Paulo,3550308,São Paulo,3522120102798,2022-11-27,2022-12-18,355030,113 SERVICO DE ATENCAO DOMICILIAR / 001 ASSISTENCIA DOMICILIAR,7
2023,1,SP,São Paulo,3550308,São Paulo,3522120102798,2022-11-27,2022-12-18,355030,113 SERVICO DE ATENCAO DOMICILIAR / 001 ASSISTENCIA DOMICILIAR,7
2023,1,SP,São Paulo,3550308,São Paulo,3522120102831,2022-11-29,2022-12-12,355030,113 SERVICO DE ATENCAO DOMICILIAR / 001 ASSISTENCIA DOMICILIAR,1
2023,1,SP,São Paulo,3550308,São Paulo,3522120102831,2022-11-29,2022-12-12,355030,113 SERVICO DE ATENCAO DOMICILIAR / 001 ASSISTENCIA DOMICILIAR,1
2023,1,SP,São Paulo,3550308,São Paulo,3522120102875,2022-12-02,2022-12-05,355030,126 SERVICO DE FISIOTERAPIA / 001 ASSISTENCIA FISIOTERAPEUTICA EM ALTERACOES OBSTETRICAS NEON,1
2023,1,SP,São Paulo,3550308,São Paulo,3522120102875,2022-12-02,2022-12-05,355030,126 SERVICO DE FISIOTERAPIA / 001 ASSISTENCIA FISIOTERAPEUTICA EM ALTERACOES OBSTETRICAS NEON,1
2023,1,SP,São Paulo,3550308,São Paulo,3522120102886,2022-12-06,2022-12-20,355030,113 SERVICO DE ATENCAO DOMICILIAR / 001 ASSISTENCIA DOMICILIAR,12
2023,1,SP,São Paulo,3550308,São Paulo,3522120102886,2022-12-06,2022-12-20,355030,113 SERVICO DE ATENCAO DOMICILIAR / 001 ASSISTENCIA DOMICILIAR,12
2023,1,SP,São Paulo,3550308,São Paulo,3522120102897,2022-12-03,2022-12-17,353440,126 SERVICO DE FISIOTERAPIA / 002 ASSISTENCIA FISIOTERAPEUTICA EM ALTERACOES ONCOLOGICAS,2
2023,1,SP,São Paulo,3550308,São Paulo,3522120102897,2022-12-03,2022-12-17,353440,126 SERVICO DE FISIOTERAPIA / 002 ASSISTENCIA FISIOTERAPEUTICA EM ALTERACOES ONCOLOGICAS,2
2023,1,SP,São Paulo,3550308,São Paulo,3522120102897,2022-12-03,2022-12-17,353440,113 SERVICO DE ATENCAO DOMICILIAR / 001 ASSISTENCIA DOMICILIAR,9
2023,1,SP,São Paulo,3550308,São Paulo,3522120102897,2022-12-03,2022-12-17,353440,113 SERVICO DE ATENCAO DOMICILIAR / 001 ASSISTENCIA DOMICILIAR,9
2023,1,SP,São Paulo,3550308,São Paulo,3522120102908,2022-12-04,2022-12-13,355030,113 SERVICO DE ATENCAO DOMICILIAR / 001 ASSISTENCIA DOMICILIAR,1
2023,1,SP,São Paulo,3550308,São Paulo,3522120102908,2022-12-04,2022-12-13,355030,113 SERVICO DE ATENCAO DOMICILIAR / 001 ASSISTENCIA DOMICILIAR,1
2023,1,SP,São Paulo,3550308,São Paulo,3522120102919,2022-12-04,2022-12-12,355030,,8
2023,1,SP,São Paulo,3550308,São Paulo,3522120102920,2022-12-04,2022-12-07,353440,113 SERVICO DE ATENCAO DOMICILIAR / 001 ASSISTENCIA DOMICILIAR,1
2023,1,SP,São Paulo,3550308,São Paulo,3522120102920,2022-12-04,2022-12-07,353440,113 SERVICO DE ATENCAO DOMICILIAR / 001 ASSISTENCIA DOMICILIAR,1
2023,1,SP,São Paulo,3550308,São Paulo,3522120102974,2022-12-10,2022-12-12,355030,,0
2023,1,SP,São Paulo,3550308,São Paulo,3522120103040,2022-12-07,2022-12-14,355030,113 SERVICO DE ATENCAO DOMICILIAR / 001 ASSISTENCIA DOMICILIAR,4
2023,1,SP,São Paulo,3550308,São Paulo,3522120103040,2022-12-07,2022-12-14,355030,113 SERVICO DE ATENCAO DOMICILIAR / 001 ASSISTENCIA DOMICILIAR,4
2023,1,SP,São Paulo,3550308,São Paulo,3522120103040,2022-12-07,2022-12-14,355030,113 SERVICO DE ATENCAO DOMICILIAR / 001 ASSISTENCIA DOMICILIAR,1
2023,1,SP,São Paulo,3550308,São Paulo,3522120103040,2022-12-07,2022-12-14,355030,113 SERVICO DE ATENCAO DOMICILIAR / 001 ASSISTENCIA DOMICILIAR,1
2023,1,SP,São Paulo,3550308,São Paulo,3522120103062,2022-12-09,2022-12-14,354730,113 SERVICO DE ATENCAO DOMICILIAR / 001 ASSISTENCIA DOMICILIAR,4
2023,1,SP,São Paulo,3550308,São Paulo,3522120103062,2022-12-09,2022-12-14,354730,113 SERVICO DE ATENCAO DOMICILIAR / 001 ASSISTENCIA DOMICILIAR,4
2023,1,SP,São Paulo,3550308,São Paulo,3522120103117,2022-12-09,2022-12-10,352610,113 SERVICO DE ATENCAO DOMICILIAR / 001 ASSISTENCIA DOMICILIAR,2
2023,1,SP,São Paulo,3550308,São Paulo,3522120103117,2022-12-09,2022-12-10,352610,113 SERVICO DE ATENCAO DOMICILIAR / 001 ASSISTENCIA DOMICILIAR,2
2023,1,SP,São Paulo,3550308,São Paulo,3522120103128,2022-12-09,2022-12-15,355030,113 SERVICO DE ATENCAO DOMICILIAR / 001 ASSISTENCIA DOMICILIAR,3
2023,1,SP,São Paulo,3550308,São Paulo,3522120103128,2022-12-09,2022-12-15,355030,113 SERVICO DE ATENCAO DOMICILIAR / 001 ASSISTENCIA DOMICILIAR,3
2023,1,SP,São Paulo,3550308,São Paulo,3522120103128,2022-12-09,2022-12-15,355030,113 SERVICO DE ATENCAO DOMICILIAR / 001 ASSISTENCIA DOMICILIAR,4
2023,1,SP,São Paulo,3550308,São Paulo,3522120103128,2022-12-09,2022-12-15,355030,113 SERVICO DE ATENCAO DOMICILIAR / 001 ASSISTENCIA DOMICILIAR,4
2023,1,SP,São Paulo,3550308,São Paulo,3522120103140,2022-12-10,2022-12-18,355280,126 SERVICO DE FISIOTERAPIA / 002 ASSISTENCIA FISIOTERAPEUTICA EM ALTERACOES ONCOLOGICAS,6
2023,1,SP,São Paulo,3550308,São Paulo,3522120103140,2022-12-10,2022-12-18,355280,126 SERVICO DE FISIOTERAPIA / 002 ASSISTENCIA FISIOTERAPEUTICA EM ALTERACOES ONCOLOGICAS,6
2023,1,SP,São Paulo,3550308,São Paulo,3522120103161,2022-12-10,2022-12-14,355030,126 SERVICO DE FISIOTERAPIA / 002 ASSISTENCIA FISIOTERAPEUTICA EM ALTERACOES ONCOLOGICAS,1
2023,1,SP,São Paulo,3550308,São Paulo,3522120103161,2022-12-10,2022-12-14,355030,126 SERVICO DE FISIOTERAPIA / 002 ASSISTENCIA FISIOTERAPEUTICA EM ALTERACOES ONCOLOGICAS,1
2023,1,SP,São Paulo,3550308,São Paulo,3522120103183,2022-12-10,2022-12-12,353440,113 SERVICO DE ATENCAO DOMICILIAR / 001 ASSISTENCIA DOMICILIAR,1
2023,1,SP,São Paulo,3550308,São Paulo,3522120103183,2022-12-10,2022-12-12,353440,113 SERVICO DE ATENCAO DOMICILIAR / 001 ASSISTENCIA DOMICILIAR,1
2023,1,SP,São Paulo,3550308,São Paulo,3522120103227,2022-12-11,2022-12-14,355030,113 SERVICO DE ATENCAO DOMICILIAR / 001 ASSISTENCIA DOMICILIAR,1
2023,1,SP,São Paulo,3550308,São Paulo,3522120103227,2022-12-11,2022-12-14,355030,113 SERVICO DE ATENCAO DOMICILIAR / 001 ASSISTENCIA DOMICILIAR,1
2023,1,SP,São Paulo,3550308,São Paulo,3522120103250,2022-12-11,2022-12-19,351060,113 SERVICO DE ATENCAO DOMICILIAR / 001 ASSISTENCIA DOMICILIAR,1
2023,1,SP,São Paulo,3550308,São Paulo,3522120103250,2022-12-11,2022-12-19,351060,113 SERVICO DE ATENCAO DOMICILIAR / 001 ASSISTENCIA DOMICILIAR,1
2023,1,SP,São Paulo,3550308,São Paulo,3522120103250,2022-12-11,2022-12-19,351060,126 SERVICO DE FISIOTERAPIA / 002 ASSISTENCIA FISIOTERAPEUTICA EM ALTERACOES ONCOLOGICAS,16
2023,1,SP,São Paulo,3550308,São Paulo,3522120103250,2022-12-11,2022-12-19,351060,126 SERVICO DE FISIOTERAPIA / 002 ASSISTENCIA FISIOTERAPEUTICA EM ALTERACOES ONCOLOGICAS,16
2023,1,SP,São Paulo,3550308,São Paulo,3522120103293,2022-12-12,2022-12-15,351060,113 SERVICO DE ATENCAO DOMICILIAR / 001 ASSISTENCIA DOMICILIAR,1
2023,1,SP,São Paulo,3550308,São Paulo,3522120103293,2022-12-12,2022-12-15,351060,113 SERVICO DE ATENCAO DOMICILIAR / 001 ASSISTENCIA DOMICILIAR,1
2023,1,SP,São Paulo,3550308,São Paulo,3522120103337,2022-12-12,2022-12-13,354780,126 SERVICO DE FISIOTERAPIA / 007 ASSISTENCIA FISIOTERAPEUTICA NAS ALTERACOES EM NEUROLOGIA,3
2023,1,SP,São Paulo,3550308,São Paulo,3522120103337,2022-12-12,2022-12-13,354780,126 SERVICO DE FISIOTERAPIA / 007 ASSISTENCIA FISIOTERAPEUTICA NAS ALTERACOES EM NEUROLOGIA,3
2023,1,SP,São Paulo,3550308,São Paulo,3522120103381,2022-12-13,2022-12-17,355030,113 SERVICO DE ATENCAO DOMICILIAR / 001 ASSISTENCIA DOMICILIAR,1
2023,1,SP,São Paulo,3550308,São Paulo,3522120103381,2022-12-13,2022-12-17,355030,113 SERVICO DE ATENCAO DOMICILIAR / 001 ASSISTENCIA DOMICILIAR,1
2023,1,SP,São Paulo,3550308,São Paulo,3522120103381,2022-12-13,2022-12-17,355030,113 SERVICO DE ATENCAO DOMICILIAR / 001 ASSISTENCIA DOMICILIAR,2
2023,1,SP,São Paulo,3550308,São Paulo,3522120103381,2022-12-13,2022-12-17,355030,113 SERVICO DE ATENCAO DOMICILIAR / 001 ASSISTENCIA DOMICILIAR,2
2023,1,SP,São Paulo,3550308,São Paulo,3522120103524,2022-12-15,2022-12-21,351060,113 SERVICO DE ATENCAO DOMICILIAR / 001 ASSISTENCIA DOMICILIAR,1
2023,1,SP,São Paulo,3550308,São Paulo,3522120103524,2022-12-15,2022-12-21,351060,113 SERVICO DE ATENCAO DOMICILIAR / 001 ASSISTENCIA DOMICILIAR,1
2023,1,SP,São Paulo,3550308,São Paulo,3522120103524,2022-12-15,2022-12-21,351060,126 SERVICO DE FISIOTERAPIA / 001 ASSISTENCIA FISIOTERAPEUTICA EM ALTERACOES OBSTETRICAS NEON,4
2023,1,SP,São Paulo,3550308,São Paulo,3522120103524,2022-12-15,2022-12-21,351060,126 SERVICO DE FISIOTERAPIA / 001 ASSISTENCIA FISIOTERAPEUTICA EM ALTERACOES OBSTETRICAS NEON,4
2023,1,SP,São Paulo,3550308,São Paulo,3522120103524,2022-12-15,2022-12-21,351060,113 SERVICO DE ATENCAO DOMICILIAR / 001 ASSISTENCIA DOMICILIAR,2
2023,1,SP,São Paulo,3550308,São Paulo,3522120103524,2022-12-15,2022-12-21,351060,113 SERVICO DE ATENCAO DOMICILIAR / 001 ASSISTENCIA DOMICILIAR,2
2023,1,SP,São Paulo,3550308,São Paulo,3522120103568,2022-12-17,2022-12-19,351060,113 SERVICO DE ATENCAO DOMICILIAR / 001 ASSISTENCIA DOMICILIAR,1
2023,1,SP,São Paulo,3550308,São Paulo,3522120103568,2022-12-17,2022-12-19,351060,113 SERVICO DE ATENCAO DOMICILIAR / 001 ASSISTENCIA DOMICILIAR,1
2023,1,SP,São Paulo,3550308,São Paulo,3522120103579,2022-12-17,2022-12-19,355280,113 SERVICO DE ATENCAO DOMICILIAR / 001 ASSISTENCIA DOMICILIAR,1
2023,1,SP,São Paulo,3550308,São Paulo,3522120103579,2022-12-17,2022-12-19,355280,113 SERVICO DE ATENCAO DOMICILIAR / 001 ASSISTENCIA DOMICILIAR,1
2023,1,SP,São Paulo,3550308,São Paulo,3522120103799,2022-11-30,2022-12-03,355030,,0
2023,1,SP,São Paulo,3550308,São Paulo,3522120103810,2022-10-18,2022-10-21,355030,113 SERVICO DE ATENCAO DOMICILIAR / 001 ASSISTENCIA DOMICILIAR,6
2023,1,SP,São Paulo,3550308,São Paulo,3522120103810,2022-10-18,2022-10-21,355030,113 SERVICO DE ATENCAO DOMICILIAR / 001 ASSISTENCIA DOMICILIAR,6
2023,1,SP,São Paulo,3550308,São Paulo,3522120103909,2022-11-18,2022-11-21,355030,,0
2023,1,SP,São Paulo,3550308,São Paulo,3522120103909,2022-11-18,2022-11-21,355030,126 SERVICO DE FISIOTERAPIA / 002 ASSISTENCIA FISIOTERAPEUTICA EM ALTERACOES ONCOLOGICAS,15
2023,1,SP,São Paulo,3550308,São Paulo,3522120103909,2022-11-18,2022-11-21,355030,126 SERVICO DE FISIOTERAPIA / 002 ASSISTENCIA FISIOTERAPEUTICA EM ALTERACOES ONCOLOGICAS,15
2023,1,SP,São Paulo,3550308,São Paulo,3522120103910,2022-11-22,2022-11-25,355030,,0
2023,1,SP,São Paulo,3550308,São Paulo,3522120103910,2022-11-22,2022-11-25,355030,126 SERVICO DE FISIOTERAPIA / 002 ASSISTENCIA FISIOTERAPEUTICA EM ALTERACOES ONCOLOGICAS,14
2023,1,SP,São Paulo,3550308,São Paulo,3522120103910,2022-11-22,2022-11-25,355030,126 SERVICO DE FISIOTERAPIA / 002 ASSISTENCIA FISIOTERAPEUTICA EM ALTERACOES ONCOLOGICAS,14
2023,1,SP,São Paulo,3550308,São Paulo,3522120103920,2022-11-26,2022-12-01,355030,113 SERVICO DE ATENCAO DOMICILIAR / 001 ASSISTENCIA DOMICILIAR,5
2023,1,SP,São Paulo,3550308,São Paulo,3522120103920,2022-11-26,2022-12-01,355030,113 SERVICO DE ATENCAO DOMICILIAR / 001 ASSISTENCIA DOMICILIAR,5
2023,1,SP,São Paulo,3550308,São Paulo,3522120103953,2022-10-26,2022-11-08,355030,113 SERVICO DE ATENCAO DOMICILIAR / 001 ASSISTENCIA DOMICILIAR,5
2023,1,SP,São Paulo,3550308,São Paulo,3522120103953,2022-10-26,2022-11-08,355030,113 SERVICO DE ATENCAO DOMICILIAR / 001 ASSISTENCIA DOMICILIAR,5
2023,1,SP,São Paulo,3550308,São Paulo,3522120103953,2022-10-26,2022-11-08,355030,113 SERVICO DE ATENCAO DOMICILIAR / 001 ASSISTENCIA DOMICILIAR,5
2023,1,SP,São Paulo,3550308,São Paulo,3522120103953,2022-10-26,2022-11-08,355030,113 SERVICO DE ATENCAO DOMICILIAR / 001 ASSISTENCIA DOMICILIAR,5
2023,1,SP,São Paulo,3550308,São Paulo,3522120104008,2022-12-11,2022-12-13,351300,126 SERVICO DE FISIOTERAPIA / 001 ASSISTENCIA FISIOTERAPEUTICA EM ALTERACOES OBSTETRICAS NEON,1
2023,1,SP,São Paulo,3550308,São Paulo,3522120104008,2022-12-11,2022-12-13,351300,126 SERVICO DE FISIOTERAPIA / 001 ASSISTENCIA FISIOTERAPEUTICA EM ALTERACOES OBSTETRICAS NEON,1
2023,1,SP,São Paulo,3550308,São Paulo,3522120104019,2022-12-11,2022-12-14,351880,,0
2023,1,SP,São Paulo,3550308,São Paulo,3522120104041,2022-11-17,2022-12-08,350570,113 SERVICO DE ATENCAO DOMICILIAR / 001 ASSISTENCIA DOMICILIAR,6
2023,1,SP,São Paulo,3550308,São Paulo,3522120104041,2022-11-17,2022-12-08,350570,113 SERVICO DE ATENCAO DOMICILIAR / 001 ASSISTENCIA DOMICILIAR,6
2023,1,SP,São Paulo,3550308,São Paulo,3522120104074,2022-11-22,2022-12-12,355030,113 SERVICO DE ATENCAO DOMICILIAR / 001 ASSISTENCIA DOMICILIAR,4
2023,1,SP,São Paulo,3550308,São Paulo,3522120104074,2022-11-22,2022-12-12,355030,113 SERVICO DE ATENCAO DOMICILIAR / 001 ASSISTENCIA DOMICILIAR,4
2023,1,SP,São Paulo,3550308,São Paulo,3522120104107,2022-12-14,2022-12-24,355030,113 SERVICO DE ATENCAO DOMICILIAR / 001 ASSISTENCIA DOMICILIAR,35
2023,1,SP,São Paulo,3550308,São Paulo,3522120104107,2022-12-14,2022-12-24,355030,113 SERVICO DE ATENCAO DOMICILIAR / 001 ASSISTENCIA DOMICILIAR,35
2023,1,SP,São Paulo,3550308,São Paulo,3522120104118,2022-10-28,2022-12-13,355030,113 SERVICO DE ATENCAO DOMICILIAR / 001 ASSISTENCIA DOMICILIAR,33
2023,1,SP,São Paulo,3550308,São Paulo,3522120104118,2022-10-28,2022-12-13,355030,113 SERVICO DE ATENCAO DOMICILIAR / 001 ASSISTENCIA DOMICILIAR,33
2023,1,SP,São Paulo,3550308,São Paulo,3522120104118,2022-10-28,2022-12-13,355030,113 SERVICO DE ATENCAO DOMICILIAR / 001 ASSISTENCIA DOMICILIAR,16
2023,1,SP,São Paulo,3550308,São Paulo,3522120104118,2022-10-28,2022-12-13,355030,113 SERVICO DE ATENCAO DOMICILIAR / 001 ASSISTENCIA DOMICILIAR,16
2023,1,SP,São Paulo,3550308,São Paulo,3522120104118,2022-10-28,2022-12-13,355030,126 SERVICO DE FISIOTERAPIA / 007 ASSISTENCIA FISIOTERAPEUTICA NAS ALTERACOES EM NEUROLOGIA,70
2023,1,SP,São Paulo,3550308,São Paulo,3522120104118,2022-10-28,2022-12-13,355030,126 SERVICO DE FISIOTERAPIA / 007 ASSISTENCIA FISIOTERAPEUTICA NAS ALTERACOES EM NEUROLOGIA,70
2023,1,SP,São Paulo,3550308,São Paulo,3522120104118,2022-10-28,2022-12-13,355030,126 SERVICO DE FISIOTERAPIA / 002 ASSISTENCIA FISIOTERAPEUTICA EM ALTERACOES ONCOLOGICAS,52
2023,1,SP,São Paulo,3550308,São Paulo,3522120104118,2022-10-28,2022-12-13,355030,126 SERVICO DE FISIOTERAPIA / 002 ASSISTENCIA FISIOTERAPEUTICA EM ALTERACOES ONCOLOGICAS,52
2023,1,SP,São Paulo,3550308,São Paulo,3522120104118,2022-10-28,2022-12-13,355030,126 SERVICO DE FISIOTERAPIA / 007 ASSISTENCIA FISIOTERAPEUTICA NAS ALTERACOES EM NEUROLOGIA,27
2023,1,SP,São Paulo,3550308,São Paulo,3522120104118,2022-10-28,2022-12-13,355030,126 SERVICO DE FISIOTERAPIA / 007 ASSISTENCIA FISIOTERAPEUTICA NAS ALTERACOES EM NEUROLOGIA,27
2023,1,SP,São Paulo,3550308,São Paulo,3522120104162,2022-11-10,2022-12-13,355030,113 SERVICO DE ATENCAO DOMICILIAR / 001 ASSISTENCIA DOMICILIAR,17
2023,1,SP,São Paulo,3550308,São Paulo,3522120104162,2022-11-10,2022-12-13,355030,113 SERVICO DE ATENCAO DOMICILIAR / 001 ASSISTENCIA DOMICILIAR,17
2023,1,SP,São Paulo,3550308,São Paulo,3522120104162,2022-11-10,2022-12-13,355030,113 SERVICO DE ATENCAO DOMICILIAR / 001 ASSISTENCIA DOMICILIAR,20
2023,1,SP,São Paulo,3550308,São Paulo,3522120104162,2022-11-10,2022-12-13,355030,113 SERVICO DE ATENCAO DOMICILIAR / 001 ASSISTENCIA DOMICILIAR,20
2023,1,SP,São Paulo,3550308,São Paulo,3522120104173,2022-12-14,2022-12-17,355030,113 SERVICO DE ATENCAO DOMICILIAR / 001 ASSISTENCIA DOMICILIAR,2
2023,1,SP,São Paulo,3550308,São Paulo,3522120104173,2022-12-14,2022-12-17,355030,113 SERVICO DE ATENCAO DOMICILIAR / 001 ASSISTENCIA DOMICILIAR,2
2023,1,SP,São Paulo,3550308,São Paulo,3522120104217,2022-11-29,2022-12-04,355030,105 SERVICO DE ATENCAO EM NEUROLOGIA / NEUROCIRURGIA / 001 NEUROCIRURGIA DO TRAUMA E ANOMALIAS DO DE,0
2023,1,SP,São Paulo,3550308,São Paulo,3522120104217,2022-11-29,2022-12-04,355030,105 SERVICO DE ATENCAO EM NEUROLOGIA / NEUROCIRURGIA / 001 NEUROCIRURGIA DO TRAUMA E ANOMALIAS DO DE,0
2023,1,SP,São Paulo,3550308,São Paulo,3522120104217,2022-11-29,2022-12-04,355030,113 SERVICO DE ATENCAO DOMICILIAR / 001 ASSISTENCIA DOMICILIAR,3
2023,1,SP,São Paulo,3550308,São Paulo,3522120104217,2022-11-29,2022-12-04,355030,113 SERVICO DE ATENCAO DOMICILIAR / 001 ASSISTENCIA DOMICILIAR,3
2023,1,SP,São Paulo,3550308,São Paulo,3522120104217,2022-11-29,2022-12-04,355030,,0
2023,1,SP,São Paulo,3550308,São Paulo,3522120104228,2022-11-03,2022-12-06,354460,126 SERVICO DE FISIOTERAPIA / 001 ASSISTENCIA FISIOTERAPEUTICA EM ALTERACOES OBSTETRICAS NEON,2
2023,1,SP,São Paulo,3550308,São Paulo,3522120104228,2022-11-03,2022-12-06,354460,126 SERVICO DE FISIOTERAPIA / 001 ASSISTENCIA FISIOTERAPEUTICA EM ALTERACOES OBSTETRICAS NEON,2
2023,1,SP,São Paulo,3550308,São Paulo,3522120104228,2022-11-03,2022-12-06,354460,113 SERVICO DE ATENCAO DOMICILIAR / 001 ASSISTENCIA DOMICILIAR,3
2023,1,SP,São Paulo,3550308,São Paulo,3522120104228,2022-11-03,2022-12-06,354460,113 SERVICO DE ATENCAO DOMICILIAR / 001 ASSISTENCIA DOMICILIAR,3
2023,1,SP,São Paulo,3550308,São Paulo,3522120104228,2022-11-03,2022-12-06,354460,113 SERVICO DE ATENCAO DOMICILIAR / 001 ASSISTENCIA DOMICILIAR,1
2023,1,SP,São Paulo,3550308,São Paulo,3522120104228,2022-11-03,2022-12-06,354460,113 SERVICO DE ATENCAO DOMICILIAR / 001 ASSISTENCIA DOMICILIAR,1
2023,1,SP,São Paulo,3550308,São Paulo,3522120104240,2022-11-26,2022-11-30,352310,126 SERVICO DE FISIOTERAPIA / 004 ASSISTENCIA FISIOTERAPEUTICA CARDIOVASCULARES E PNEUMOFUNCI,2
2023,1,SP,São Paulo,3550308,São Paulo,3522120104240,2022-11-26,2022-11-30,352310,126 SERVICO DE FISIOTERAPIA / 004 ASSISTENCIA FISIOTERAPEUTICA CARDIOVASCULARES E PNEUMOFUNCI,2
2023,1,SP,São Paulo,3550308,São Paulo,3522120104250,2022-10-31,2022-11-09,352310,126 SERVICO DE FISIOTERAPIA / 004 ASSISTENCIA FISIOTERAPEUTICA CARDIOVASCULARES E PNEUMOFUNCI,9
2023,1,SP,São Paulo,3550308,São Paulo,3522120104250,2022-10-31,2022-11-09,352310,126 SERVICO DE FISIOTERAPIA / 004 ASSISTENCIA FISIOTERAPEUTICA CARDIOVASCULARES E PNEUMOFUNCI,9
2023,1,SP,São Paulo,3550308,São Paulo,3522120104250,2022-10-31,2022-11-09,352310,113 SERVICO DE ATENCAO DOMICILIAR / 001 ASSISTENCIA DOMICILIAR,2
2023,1,SP,São Paulo,3550308,São Paulo,3522120104250,2022-10-31,2022-11-09,352310,113 SERVICO DE ATENCAO DOMICILIAR / 001 ASSISTENCIA DOMICILIAR,2
2023,1,SP,São Paulo,3550308,São Paulo,3522120104349,2022-12-07,2022-12-14,313900,132 SERVICO DE ONCOLOGIA / 005 ONCOLOGIA CIRURGICA,0
2023,1,SP,São Paulo,3550308,São Paulo,3522120104349,2022-12-07,2022-12-14,313900,132 SERVICO DE ONCOLOGIA / 005 ONCOLOGIA CIRURGICA,0
2023,1,SP,São Paulo,3550308,São Paulo,3522120104349,2022-12-07,2022-12-14,313900,113 SERVICO DE ATENCAO DOMICILIAR / 001 ASSISTENCIA DOMICILIAR,13
2023,1,SP,São Paulo,3550308,São Paulo,3522120104349,2022-12-07,2022-12-14,313900,113 SERVICO DE ATENCAO DOMICILIAR / 001 ASSISTENCIA DOMICILIAR,13
2023,1,SP,São Paulo,3550308,São Paulo,3522120104350,2022-12-02,2022-12-06,354730,113 SERVICO DE ATENCAO DOMICILIAR / 001 ASSISTENCIA DOMICILIAR,8
2023,1,SP,São Paulo,3550308,São Paulo,3522120104350,2022-12-02,2022-12-06,354730,113 SERVICO DE ATENCAO DOMICILIAR / 001 ASSISTENCIA DOMICILIAR,8
2023,1,SP,São Paulo,3550308,São Paulo,3522120104360,2022-12-07,2022-12-14,354730,113 SERVICO DE ATENCAO DOMICILIAR / 001 ASSISTENCIA DOMICILIAR,24
2023,1,SP,São Paulo,3550308,São Paulo,3522120104360,2022-12-07,2022-12-14,354730,113 SERVICO DE ATENCAO DOMICILIAR / 001 ASSISTENCIA DOMICILIAR,24
2023,1,SP,São Paulo,3550308,São Paulo,3522120104371,2022-10-20,2022-10-28,353440,105 SERVICO DE ATENCAO EM NEUROLOGIA / NEUROCIRURGIA / 001 NEUROCIRURGIA DO TRAUMA E ANOMALIAS DO DE,0
2023,1,SP,São Paulo,3550308,São Paulo,3522120104371,2022-10-20,2022-10-28,353440,105 SERVICO DE ATENCAO EM NEUROLOGIA / NEUROCIRURGIA / 001 NEUROCIRURGIA DO TRAUMA E ANOMALIAS DO DE,0
2023,1,SP,São Paulo,3550308,São Paulo,3522120104371,2022-10-20,2022-10-28,353440,126 SERVICO DE FISIOTERAPIA / 007 ASSISTENCIA FISIOTERAPEUTICA NAS ALTERACOES EM NEUROLOGIA,12
2023,1,SP,São Paulo,3550308,São Paulo,3522120104371,2022-10-20,2022-10-28,353440,126 SERVICO DE FISIOTERAPIA / 007 ASSISTENCIA FISIOTERAPEUTICA NAS ALTERACOES EM NEUROLOGIA,12
2023,1,SP,São Paulo,3550308,São Paulo,3522120104382,2022-10-29,2022-11-13,353440,,0
2023,1,SP,São Paulo,3550308,São Paulo,3522120104382,2022-10-29,2022-11-13,353440,126 SERVICO DE FISIOTERAPIA / 002 ASSISTENCIA FISIOTERAPEUTICA EM ALTERACOES ONCOLOGICAS,47
2023,1,SP,São Paulo,3550308,São Paulo,3522120104382,2022-10-29,2022-11-13,353440,126 SERVICO DE FISIOTERAPIA / 002 ASSISTENCIA FISIOTERAPEUTICA EM ALTERACOES ONCOLOGICAS,47
2023,1,SP,São Paulo,3550308,São Paulo,3522120104459,2022-10-10,2022-10-17,355030,126 SERVICO DE FISIOTERAPIA / 007 ASSISTENCIA FISIOTERAPEUTICA NAS ALTERACOES EM NEUROLOGIA,14
2023,1,SP,São Paulo,3550308,São Paulo,3522120104459,2022-10-10,2022-10-17,355030,126 SERVICO DE FISIOTERAPIA / 007 ASSISTENCIA FISIOTERAPEUTICA NAS ALTERACOES EM NEUROLOGIA,14
2023,1,SP,São Paulo,3550308,São Paulo,3522120104459,2022-10-10,2022-10-17,355030,113 SERVICO DE ATENCAO DOMICILIAR / 001 ASSISTENCIA DOMICILIAR,9
2023,1,SP,São Paulo,3550308,São Paulo,3522120104459,2022-10-10,2022-10-17,355030,113 SERVICO DE ATENCAO DOMICILIAR / 001 ASSISTENCIA DOMICILIAR,9
2023,1,SP,São Paulo,3550308,São Paulo,3522120104459,2022-10-10,2022-10-17,355030,126 SERVICO DE FISIOTERAPIA / 002 ASSISTENCIA FISIOTERAPEUTICA EM ALTERACOES ONCOLOGICAS,17
2023,1,SP,São Paulo,3550308,São Paulo,3522120104459,2022-10-10,2022-10-17,355030,126 SERVICO DE FISIOTERAPIA / 002 ASSISTENCIA FISIOTERAPEUTICA EM ALTERACOES ONCOLOGICAS,17
2023,1,SP,São Paulo,3550308,São Paulo,3522120104460,2022-10-18,2022-10-25,355030,126 SERVICO DE FISIOTERAPIA / 007 ASSISTENCIA FISIOTERAPEUTICA NAS ALTERACOES EM NEUROLOGIA,24
2023,1,SP,São Paulo,3550308,São Paulo,3522120104460,2022-10-18,2022-10-25,355030,126 SERVICO DE FISIOTERAPIA / 007 ASSISTENCIA FISIOTERAPEUTICA NAS ALTERACOES EM NEUROLOGIA,24
2023,1,SP,São Paulo,3550308,São Paulo,3522120104470,2022-11-24,2022-11-30,355030,,0
2023,1,SP,São Paulo,3550308,São Paulo,3522120104492,2022-09-29,2022-10-09,355030,113 SERVICO DE ATENCAO DOMICILIAR / 001 ASSISTENCIA DOMICILIAR,6
2023,1,SP,São Paulo,3550308,São Paulo,3522120104492,2022-09-29,2022-10-09,355030,113 SERVICO DE ATENCAO DOMICILIAR / 001 ASSISTENCIA DOMICILIAR,6
2023,1,SP,São Paulo,3550308,São Paulo,3522120104492,2022-09-29,2022-10-09,355030,126 SERVICO DE FISIOTERAPIA / 002 ASSISTENCIA FISIOTERAPEUTICA EM ALTERACOES ONCOLOGICAS,7
2023,1,SP,São Paulo,3550308,São Paulo,3522120104492,2022-09-29,2022-10-09,355030,126 SERVICO DE FISIOTERAPIA / 002 ASSISTENCIA FISIOTERAPEUTICA EM ALTERACOES ONCOLOGICAS,7
2023,1,SP,São Paulo,3550308,São Paulo,3522120104492,2022-09-29,2022-10-09,355030,113 SERVICO DE ATENCAO DOMICILIAR / 001 ASSISTENCIA DOMICILIAR,22
2023,1,SP,São Paulo,3550308,São Paulo,3522120104492,2022-09-29,2022-10-09,355030,113 SERVICO DE ATENCAO DOMICILIAR / 001 ASSISTENCIA DOMICILIAR,22
2023,1,SP,São Paulo,3550308,São Paulo,3522120104503,2022-11-16,2022-11-22,355030,113 SERVICO DE ATENCAO DOMICILIAR / 001 ASSISTENCIA DOMICILIAR,15
2023,1,SP,São Paulo,3550308,São Paulo,3522120104503,2022-11-16,2022-11-22,355030,113 SERVICO DE ATENCAO DOMICILIAR / 001 ASSISTENCIA DOMICILIAR,15
2023,1,SP,São Paulo,3550308,São Paulo,3522120104536,2022-11-24,2022-12-04,352310,113 SERVICO DE ATENCAO DOMICILIAR / 001 ASSISTENCIA DOMICILIAR,3
2023,1,SP,São Paulo,3550308,São Paulo,3522120104536,2022-11-24,2022-12-04,352310,113 SERVICO DE ATENCAO DOMICILIAR / 001 ASSISTENCIA DOMICILIAR,3
2023,1,SP,São Paulo,3550308,São Paulo,3522120104547,2022-12-02,2022-12-05,351500,126 SERVICO DE FISIOTERAPIA / 002 ASSISTENCIA FISIOTERAPEUTICA EM ALTERACOES ONCOLOGICAS,15
2023,1,SP,São Paulo,3550308,São Paulo,3522120104547,2022-12-02,2022-12-05,351500,126 SERVICO DE FISIOTERAPIA / 002 ASSISTENCIA FISIOTERAPEUTICA EM ALTERACOES ONCOLOGICAS,15
2023,1,SP,São Paulo,3550308,São Paulo,3522120104547,2022-12-02,2022-12-05,351500,113 SERVICO DE ATENCAO DOMICILIAR / 001 ASSISTENCIA DOMICILIAR,2
2023,1,SP,São Paulo,3550308,São Paulo,3522120104547,2022-12-02,2022-12-05,351500,113 SERVICO DE ATENCAO DOMICILIAR / 001 ASSISTENCIA DOMICILIAR,2
2023,1,SP,São Paulo,3550308,São Paulo,3522120104547,2022-12-02,2022-12-05,351500,126 SERVICO DE FISIOTERAPIA / 004 ASSISTENCIA FISIOTERAPEUTICA CARDIOVASCULARES E PNEUMOFUNCI,2
2023,1,SP,São Paulo,3550308,São Paulo,3522120104547,2022-12-02,2022-12-05,351500,126 SERVICO DE FISIOTERAPIA / 004 ASSISTENCIA FISIOTERAPEUTICA CARDIOVASCULARES E PNEUMOFUNCI,2
2023,1,SP,São Paulo,3550308,São Paulo,3522120104558,2022-12-06,2022-12-19,351500,113 SERVICO DE ATENCAO DOMICILIAR / 001 ASSISTENCIA DOMICILIAR,2
2023,1,SP,São Paulo,3550308,São Paulo,3522120104558,2022-12-06,2022-12-19,351500,113 SERVICO DE ATENCAO DOMICILIAR / 001 ASSISTENCIA DOMICILIAR,2
2023,1,SP,São Paulo,3550308,São Paulo,3522120104558,2022-12-06,2022-12-19,351500,113 SERVICO DE ATENCAO DOMICILIAR / 001 ASSISTENCIA DOMICILIAR,3
2023,1,SP,São Paulo,3550308,São Paulo,3522120104558,2022-12-06,2022-12-19,351500,113 SERVICO DE ATENCAO DOMICILIAR / 001 ASSISTENCIA DOMICILIAR,3
2023,1,SP,São Paulo,3550308,São Paulo,3522120104558,2022-12-06,2022-12-19,351500,113 SERVICO DE ATENCAO DOMICILIAR / 001 ASSISTENCIA DOMICILIAR,3
2023,1,SP,São Paulo,3550308,São Paulo,3522120104558,2022-12-06,2022-12-19,351500,113 SERVICO DE ATENCAO DOMICILIAR / 001 ASSISTENCIA DOMICILIAR,3
2023,1,SP,São Paulo,3550308,São Paulo,3522120104569,2022-11-20,2022-12-01,351500,113 SERVICO DE ATENCAO DOMICILIAR / 001 ASSISTENCIA DOMICILIAR,4
2023,1,SP,São Paulo,3550308,São Paulo,3522120104569,2022-11-20,2022-12-01,351500,113 SERVICO DE ATENCAO DOMICILIAR / 001 ASSISTENCIA DOMICILIAR,4
2023,1,SP,São Paulo,3550308,São Paulo,3522120104602,2022-12-11,2022-12-14,355030,126 SERVICO DE FISIOTERAPIA / 001 ASSISTENCIA FISIOTERAPEUTICA EM ALTERACOES OBSTETRICAS NEON,2
2023,1,SP,São Paulo,3550308,São Paulo,3522120104602,2022-12-11,2022-12-14,355030,126 SERVICO DE FISIOTERAPIA / 001 ASSISTENCIA FISIOTERAPEUTICA EM ALTERACOES OBSTETRICAS NEON,2
2023,1,SP,São Paulo,3550308,São Paulo,3522120104602,2022-12-11,2022-12-14,355030,126 SERVICO DE FISIOTERAPIA / 001 ASSISTENCIA FISIOTERAPEUTICA EM ALTERACOES OBSTETRICAS NEON,5
2023,1,SP,São Paulo,3550308,São Paulo,3522120104602,2022-12-11,2022-12-14,355030,126 SERVICO DE FISIOTERAPIA / 001 ASSISTENCIA FISIOTERAPEUTICA EM ALTERACOES OBSTETRICAS NEON,5
2023,1,SP,São Paulo,3550308,São Paulo,3522120104602,2022-12-11,2022-12-14,355030,113 SERVICO DE ATENCAO DOMICILIAR / 001 ASSISTENCIA DOMICILIAR,3
2023,1,SP,São Paulo,3550308,São Paulo,3522120104602,2022-12-11,2022-12-14,355030,113 SERVICO DE ATENCAO DOMICILIAR / 001 ASSISTENCIA DOMICILIAR,3
2023,1,SP,São Paulo,3550308,São Paulo,3522120104635,2022-12-11,2022-12-17,355030,,0
2023,1,SP,São Paulo,3550308,São Paulo,3522120104657,2022-11-30,2022-12-07,351060,113 SERVICO DE ATENCAO DOMICILIAR / 001 ASSISTENCIA DOMICILIAR,1
2023,1,SP,São Paulo,3550308,São Paulo,3522120104657,2022-11-30,2022-12-07,351060,113 SERVICO DE ATENCAO DOMICILIAR / 001 ASSISTENCIA DOMICILIAR,1
2023,1,SP,São Paulo,3550308,São Paulo,3522120104668,2022-11-27,2022-11-30,355030,105 SERVICO DE ATENCAO EM NEUROLOGIA / NEUROCIRURGIA / 008 NEUROCIRURGIA FUNCIONAL ESTEREOTAXICA,0
2023,1,SP,São Paulo,3550308,São Paulo,3522120104668,2022-11-27,2022-11-30,355030,105 SERVICO DE ATENCAO EM NEUROLOGIA / NEUROCIRURGIA / 008 NEUROCIRURGIA FUNCIONAL ESTEREOTAXICA,0
2023,1,SP,São Paulo,3550308,São Paulo,3522120104668,2022-11-27,2022-11-30,355030,105 SERVICO DE ATENCAO EM NEUROLOGIA / NEUROCIRURGIA / 008 NEUROCIRURGIA FUNCIONAL ESTEREOTAXICA,0
2023,1,SP,São Paulo,3550308,São Paulo,3522120104668,2022-11-27,2022-11-30,355030,105 SERVICO DE ATENCAO EM NEUROLOGIA / NEUROCIRURGIA / 008 NEUROCIRURGIA FUNCIONAL ESTEREOTAXICA,0
2023,1,SP,São Paulo,3550308,São Paulo,3522120104701,2022-11-19,2022-12-01,355030,113 SERVICO DE ATENCAO DOMICILIAR / 001 ASSISTENCIA DOMICILIAR,1
2023,1,SP,São Paulo,3550308,São Paulo,3522120104701,2022-11-19,2022-12-01,355030,113 SERVICO DE ATENCAO DOMICILIAR / 001 ASSISTENCIA DOMICILIAR,1
2023,1,SP,São Paulo,3550308,São Paulo,3522120104767,2022-12-02,2022-12-07,350570,127 SERVICO DE ATENCAO A OBESIDADE / 001 TRAT. CLINICO CIRUR. REPARADOR E ACOMP PACIENTE C/ OBESIDAD,0
2023,1,SP,São Paulo,3550308,São Paulo,3522120104767,2022-12-02,2022-12-07,350570,127 SERVICO DE ATENCAO A OBESIDADE / 001 TRAT. CLINICO CIRUR. REPARADOR E ACOMP PACIENTE C/ OBESIDAD,0
2023,1,SP,São Paulo,3550308,São Paulo,3522120104800,2022-11-24,2022-11-29,353440,126 SERVICO DE FISIOTERAPIA / 004 ASSISTENCIA FISIOTERAPEUTICA CARDIOVASCULARES E PNEUMOFUNCI,4
2023,1,SP,São Paulo,3550308,São Paulo,3522120104800,2022-11-24,2022-11-29,353440,126 SERVICO DE FISIOTERAPIA / 004 ASSISTENCIA FISIOTERAPEUTICA CARDIOVASCULARES E PNEUMOFUNCI,4
2023,1,SP,São Paulo,3550308,São Paulo,3522120104844,2022-11-14,2022-12-01,355030,126 SERVICO DE FISIOTERAPIA / 002 ASSISTENCIA FISIOTERAPEUTICA EM ALTERACOES ONCOLOGICAS,45
2023,1,SP,São Paulo,3550308,São Paulo,3522120104844,2022-11-14,2022-12-01,355030,126 SERVICO DE FISIOTERAPIA / 002 ASSISTENCIA FISIOTERAPEUTICA EM ALTERACOES ONCOLOGICAS,45
2023,1,SP,São Paulo,3550308,São Paulo,3522120104844,2022-11-14,2022-12-01,355030,113 SERVICO DE ATENCAO DOMICILIAR / 001 ASSISTENCIA DOMICILIAR,34
2023,1,SP,São Paulo,3550308,São Paulo,3522120104844,2022-11-14,2022-12-01,355030,113 SERVICO DE ATENCAO DOMICILIAR / 001 ASSISTENCIA DOMICILIAR,34
2023,1,SP,São Paulo,3550308,São Paulo,3522120104855,2022-10-13,2022-10-17,350410,113 SERVICO DE ATENCAO DOMICILIAR / 001 ASSISTENCIA DOMICILIAR,10
2023,1,SP,São Paulo,3550308,São Paulo,3522120104855,2022-10-13,2022-10-17,350410,113 SERVICO DE ATENCAO DOMICILIAR / 001 ASSISTENCIA DOMICILIAR,10
2023,1,SP,São Paulo,3550308,São Paulo,3522120104866,2022-10-18,2022-10-24,350410,,0
2023,1,SP,São Paulo,3550308,São Paulo,3522120104877,2022-10-25,2022-10-28,350410,113 SERVICO DE ATENCAO DOMICILIAR / 001 ASSISTENCIA DOMICILIAR,14
2023,1,SP,São Paulo,3550308,São Paulo,3522120104877,2022-10-25,2022-10-28,350410,113 SERVICO DE ATENCAO DOMICILIAR / 001 ASSISTENCIA DOMICILIAR,14
2023,1,SP,São Paulo,3550308,São Paulo,3522120104888,2022-10-29,2022-10-31,350410,113 SERVICO DE ATENCAO DOMICILIAR / 001 ASSISTENCIA DOMICILIAR,8
2023,1,SP,São Paulo,3550308,São Paulo,3522120104888,2022-10-29,2022-10-31,350410,113 SERVICO DE ATENCAO DOMICILIAR / 001 ASSISTENCIA DOMICILIAR,8
2023,1,SP,São Paulo,3550308,São Paulo,3522120104899,2022-11-01,2022-11-22,350410,113 SERVICO DE ATENCAO DOMICILIAR / 001 ASSISTENCIA DOMICILIAR,25
2023,1,SP,São Paulo,3550308,São Paulo,3522120104899,2022-11-01,2022-11-22,350410,113 SERVICO DE ATENCAO DOMICILIAR / 001 ASSISTENCIA DOMICILIAR,25
2023,1,SP,São Paulo,3550308,São Paulo,3522120104910,2022-11-26,2022-12-05,350410,113 SERVICO DE ATENCAO DOMICILIAR / 001 ASSISTENCIA DOMICILIAR,3
2023,1,SP,São Paulo,3550308,São Paulo,3522120104910,2022-11-26,2022-12-05,350410,113 SERVICO DE ATENCAO DOMICILIAR / 001 ASSISTENCIA DOMICILIAR,3
2023,1,SP,São Paulo,3550308,São Paulo,3522120104910,2022-11-26,2022-12-05,350410,113 SERVICO DE ATENCAO DOMICILIAR / 001 ASSISTENCIA DOMICILIAR,1
2023,1,SP,São Paulo,3550308,São Paulo,3522120104910,2022-11-26,2022-12-05,350410,113 SERVICO DE ATENCAO DOMICILIAR / 001 ASSISTENCIA DOMICILIAR,1
2023,1,SP,São Paulo,3550308,São Paulo,3522120104910,2022-11-26,2022-12-05,350410,113 SERVICO DE ATENCAO DOMICILIAR / 001 ASSISTENCIA DOMICILIAR,3
2023,1,SP,São Paulo,3550308,São Paulo,3522120104910,2022-11-26,2022-12-05,350410,113 SERVICO DE ATENCAO DOMICILIAR / 001 ASSISTENCIA DOMICILIAR,3
2023,1,SP,São Paulo,3550308,São Paulo,3522120104954,2022-12-04,2022-12-05,355030,113 SERVICO DE ATENCAO DOMICILIAR / 001 ASSISTENCIA DOMICILIAR,1
2023,1,SP,São Paulo,3550308,São Paulo,3522120104954,2022-12-04,2022-12-05,355030,113 SERVICO DE ATENCAO DOMICILIAR / 001 ASSISTENCIA DOMICILIAR,1
2023,1,SP,São Paulo,3550308,São Paulo,3522120104965,2022-12-12,2022-12-17,355030,126 SERVICO DE FISIOTERAPIA / 007 ASSISTENCIA FISIOTERAPEUTICA NAS ALTERACOES EM NEUROLOGIA,1
2023,1,SP,São Paulo,3550308,São Paulo,3522120104965,2022-12-12,2022-12-17,355030,126 SERVICO DE FISIOTERAPIA / 007 ASSISTENCIA FISIOTERAPEUTICA NAS ALTERACOES EM NEUROLOGIA,1
2023,1,SP,São Paulo,3550308,São Paulo,3522120104965,2022-12-12,2022-12-17,355030,113 SERVICO DE ATENCAO DOMICILIAR / 001 ASSISTENCIA DOMICILIAR,5
2023,1,SP,São Paulo,3550308,São Paulo,3522120104965,2022-12-12,2022-12-17,355030,113 SERVICO DE ATENCAO DOMICILIAR / 001 ASSISTENCIA DOMICILIAR,5
2023,1,SP,São Paulo,3550308,São Paulo,3522120104965,2022-12-12,2022-12-17,355030,113 SERVICO DE ATENCAO DOMICILIAR / 001 ASSISTENCIA DOMICILIAR,1
2023,1,SP,São Paulo,3550308,São Paulo,3522120104965,2022-12-12,2022-12-17,355030,113 SERVICO DE ATENCAO DOMICILIAR / 001 ASSISTENCIA DOMICILIAR,1
2023,1,SP,São Paulo,3550308,São Paulo,3522120104987,2022-11-22,2022-12-02,230440,126 SERVICO DE FISIOTERAPIA / 004 ASSISTENCIA FISIOTERAPEUTICA CARDIOVASCULARES E PNEUMOFUNCI,6
2023,1,SP,São Paulo,3550308,São Paulo,3522120104987,2022-11-22,2022-12-02,230440,126 SERVICO DE FISIOTERAPIA / 004 ASSISTENCIA FISIOTERAPEUTICA CARDIOVASCULARES E PNEUMOFUNCI,6
2023,1,SP,São Paulo,3550308,São Paulo,3522120104998,2022-12-03,2022-12-09,230440,113 SERVICO DE ATENCAO DOMICILIAR / 001 ASSISTENCIA DOMICILIAR,7
2023,1,SP,São Paulo,3550308,São Paulo,3522120104998,2022-12-03,2022-12-09,230440,113 SERVICO DE ATENCAO DOMICILIAR / 001 ASSISTENCIA DOMICILIAR,7
2023,1,SP,São Paulo,3550308,São Paulo,3522120104998,2022-12-03,2022-12-09,230440,126 SERVICO DE FISIOTERAPIA / 004 ASSISTENCIA FISIOTERAPEUTICA CARDIOVASCULARES E PNEUMOFUNCI,8
2023,1,SP,São Paulo,3550308,São Paulo,3522120104998,2022-12-03,2022-12-09,230440,126 SERVICO DE FISIOTERAPIA / 004 ASSISTENCIA FISIOTERAPEUTICA CARDIOVASCULARES E PNEUMOFUNCI,8
2023,1,SP,São Paulo,3550308,São Paulo,3522120105010,2022-12-02,2022-12-09,355030,,0
2023,1,SP,São Paulo,3550308,São Paulo,3522120105042,2022-12-01,2022-12-12,355030,113 SERVICO DE ATENCAO DOMICILIAR / 001 ASSISTENCIA DOMICILIAR,8
2023,1,SP,São Paulo,3550308,São Paulo,3522120105042,2022-12-01,2022-12-12,355030,113 SERVICO DE ATENCAO DOMICILIAR / 001 ASSISTENCIA DOMICILIAR,8
2023,1,SP,São Paulo,3550308,São Paulo,3522120105130,2022-11-21,2022-12-17,355030,113 SERVICO DE ATENCAO DOMICILIAR / 001 ASSISTENCIA DOMICILIAR,1
2023,1,SP,São Paulo,3550308,São Paulo,3522120105130,2022-11-21,2022-12-17,355030,113 SERVICO DE ATENCAO DOMICILIAR / 001 ASSISTENCIA DOMICILIAR,1
2023,1,SP,São Paulo,3550308,São Paulo,3522120105141,2022-10-08,2022-12-16,355030,113 SERVICO DE ATENCAO DOMICILIAR / 001 ASSISTENCIA DOMICILIAR,23
2023,1,SP,São Paulo,3550308,São Paulo,3522120105141,2022-10-08,2022-12-16,355030,113 SERVICO DE ATENCAO DOMICILIAR / 001 ASSISTENCIA DOMICILIAR,23
2023,1,SP,São Paulo,3550308,São Paulo,3522120105218,2022-11-15,2022-11-26,355030,,0
2023,1,SP,São Paulo,3550308,São Paulo,3522120105230,2022-12-12,2022-12-15,355030,126 SERVICO DE FISIOTERAPIA / 007 ASSISTENCIA FISIOTERAPEUTICA NAS ALTERACOES EM NEUROLOGIA,9
2023,1,SP,São Paulo,3550308,São Paulo,3522120105230,2022-12-12,2022-12-15,355030,126 SERVICO DE FISIOTERAPIA / 007 ASSISTENCIA FISIOTERAPEUTICA NAS ALTERACOES EM NEUROLOGIA,9
2023,1,SP,São Paulo,3550308,São Paulo,3522120105230,2022-12-12,2022-12-15,355030,126 SERVICO DE FISIOTERAPIA / 002 ASSISTENCIA FISIOTERAPEUTICA EM ALTERACOES ONCOLOGICAS,8
2023,1,SP,São Paulo,3550308,São Paulo,3522120105230,2022-12-12,2022-12-15,355030,126 SERVICO DE FISIOTERAPIA / 002 ASSISTENCIA FISIOTERAPEUTICA EM ALTERACOES ONCOLOGICAS,8
2023,1,SP,São Paulo,3550308,São Paulo,3522120105284,2022-11-29,2022-12-14,355030,113 SERVICO DE ATENCAO DOMICILIAR / 001 ASSISTENCIA DOMICILIAR,5
2023,1,SP,São Paulo,3550308,São Paulo,3522120105284,2022-11-29,2022-12-14,355030,113 SERVICO DE ATENCAO DOMICILIAR / 001 ASSISTENCIA DOMICILIAR,5
2023,1,SP,São Paulo,3550308,São Paulo,3522120105284,2022-11-29,2022-12-14,355030,126 SERVICO DE FISIOTERAPIA / 004 ASSISTENCIA FISIOTERAPEUTICA CARDIOVASCULARES E PNEUMOFUNCI,7
2023,1,SP,São Paulo,3550308,São Paulo,3522120105284,2022-11-29,2022-12-14,355030,126 SERVICO DE FISIOTERAPIA / 004 ASSISTENCIA FISIOTERAPEUTICA CARDIOVASCULARES E PNEUMOFUNCI,7
2023,1,SP,São Paulo,3550308,São Paulo,3522120105306,2022-11-21,2022-11-27,355030,113 SERVICO DE ATENCAO DOMICILIAR / 001 ASSISTENCIA DOMICILIAR,9
2023,1,SP,São Paulo,3550308,São Paulo,3522120105306,2022-11-21,2022-11-27,355030,113 SERVICO DE ATENCAO DOMICILIAR / 001 ASSISTENCIA DOMICILIAR,9
2023,1,SP,São Paulo,3550308,São Paulo,3522120105306,2022-11-21,2022-11-27,355030,126 SERVICO DE FISIOTERAPIA / 004 ASSISTENCIA FISIOTERAPEUTICA CARDIOVASCULARES E PNEUMOFUNCI,1
2023,1,SP,São Paulo,3550308,São Paulo,3522120105306,2022-11-21,2022-11-27,355030,126 SERVICO DE FISIOTERAPIA / 004 ASSISTENCIA FISIOTERAPEUTICA CARDIOVASCULARES E PNEUMOFUNCI,1
2023,1,SP,São Paulo,3550308,São Paulo,3522120105350,2022-12-05,2022-12-07,351060,113 SERVICO DE ATENCAO DOMICILIAR / 001 ASSISTENCIA DOMICILIAR,2
2023,1,SP,São Paulo,3550308,São Paulo,3522120105350,2022-12-05,2022-12-07,351060,113 SERVICO DE ATENCAO DOMICILIAR / 001 ASSISTENCIA DOMICILIAR,2
2023,1,SP,São Paulo,3550308,São Paulo,3522120105350,2022-12-05,2022-12-07,351060,113 SERVICO DE ATENCAO DOMICILIAR / 001 ASSISTENCIA DOMICILIAR,2
2023,1,SP,São Paulo,3550308,São Paulo,3522120105350,2022-12-05,2022-12-07,351060,113 SERVICO DE ATENCAO DOMICILIAR / 001 ASSISTENCIA DOMICILIAR,2
2023,1,SP,São Paulo,3550308,São Paulo,3522120105383,2022-11-18,2022-12-09,353980,113 SERVICO DE ATENCAO DOMICILIAR / 001 ASSISTENCIA DOMICILIAR,11
2023,1,SP,São Paulo,3550308,São Paulo,3522120105383,2022-11-18,2022-12-09,353980,113 SERVICO DE ATENCAO DOMICILIAR / 001 ASSISTENCIA DOMICILIAR,11
2023,1,SP,São Paulo,3550308,São Paulo,3522120105394,2022-12-12,2022-12-13,355030,126 SERVICO DE FISIOTERAPIA / 001 ASSISTENCIA FISIOTERAPEUTICA EM ALTERACOES OBSTETRICAS NEON,1
2023,1,SP,São Paulo,3550308,São Paulo,3522120105394,2022-12-12,2022-12-13,355030,126 SERVICO DE FISIOTERAPIA / 001 ASSISTENCIA FISIOTERAPEUTICA EM ALTERACOES OBSTETRICAS NEON,1
2023,1,SP,São Paulo,3550308,São Paulo,3522120105416,2022-11-28,2022-11-30,353440,126 SERVICO DE FISIOTERAPIA / 001 ASSISTENCIA FISIOTERAPEUTICA EM ALTERACOES OBSTETRICAS NEON,2
2023,1,SP,São Paulo,3550308,São Paulo,3522120105416,2022-11-28,2022-11-30,353440,126 SERVICO DE FISIOTERAPIA / 001 ASSISTENCIA FISIOTERAPEUTICA EM ALTERACOES OBSTETRICAS NEON,2
2023,1,SP,São Paulo,3550308,São Paulo,3522120105416,2022-11-28,2022-11-30,353440,113 SERVICO DE ATENCAO DOMICILIAR / 001 ASSISTENCIA DOMICILIAR,1
2023,1,SP,São Paulo,3550308,São Paulo,3522120105416,2022-11-28,2022-11-30,353440,113 SERVICO DE ATENCAO DOMICILIAR / 001 ASSISTENCIA DOMICILIAR,1
2023,1,SP,São Paulo,3550308,São Paulo,3522120105449,2022-12-01,2022-12-03,355030,113 SERVICO DE ATENCAO DOMICILIAR / 001 ASSISTENCIA DOMICILIAR,1
2023,1,SP,São Paulo,3550308,São Paulo,3522120105449,2022-12-01,2022-12-03,355030,113 SERVICO DE ATENCAO DOMICILIAR / 001 ASSISTENCIA DOMICILIAR,1
2023,1,SP,São Paulo,3550308,São Paulo,3522120105526,2022-12-14,2022-12-24,353440,113 SERVICO DE ATENCAO DOMICILIAR / 001 ASSISTENCIA DOMICILIAR,6
2023,1,SP,São Paulo,3550308,São Paulo,3522120105526,2022-12-14,2022-12-24,353440,113 SERVICO DE ATENCAO DOMICILIAR / 001 ASSISTENCIA DOMICILIAR,6
2023,1,SP,São Paulo,3550308,São Paulo,3522120105526,2022-12-14,2022-12-24,353440,113 SERVICO DE ATENCAO DOMICILIAR / 001 ASSISTENCIA DOMICILIAR,17
2023,1,SP,São Paulo,3550308,São Paulo,3522120105526,2022-12-14,2022-12-24,353440,113 SERVICO DE ATENCAO DOMICILIAR / 001 ASSISTENCIA DOMICILIAR,17
2023,1,SP,São Paulo,3550308,São Paulo,3522120105581,2022-10-23,2022-11-07,355030,113 SERVICO DE ATENCAO DOMICILIAR / 001 ASSISTENCIA DOMICILIAR,15
2023,1,SP,São Paulo,3550308,São Paulo,3522120105581,2022-10-23,2022-11-07,355030,113 SERVICO DE ATENCAO DOMICILIAR / 001 ASSISTENCIA DOMICILIAR,15
2023,1,SP,São Paulo,3550308,São Paulo,3522120105581,2022-10-23,2022-11-07,355030,113 SERVICO DE ATENCAO DOMICILIAR / 001 ASSISTENCIA DOMICILIAR,18
2023,1,SP,São Paulo,3550308,São Paulo,3522120105581,2022-10-23,2022-11-07,355030,113 SERVICO DE ATENCAO DOMICILIAR / 001 ASSISTENCIA DOMICILIAR,18
2023,1,SP,São Paulo,3550308,São Paulo,3522120105603,2022-11-14,2022-12-08,355030,113 SERVICO DE ATENCAO DOMICILIAR / 001 ASSISTENCIA DOMICILIAR,12
2023,1,SP,São Paulo,3550308,São Paulo,3522120105603,2022-11-14,2022-12-08,355030,113 SERVICO DE ATENCAO DOMICILIAR / 001 ASSISTENCIA DOMICILIAR,12
2023,1,SP,São Paulo,3550308,São Paulo,3522120105603,2022-11-14,2022-12-08,355030,113 SERVICO DE ATENCAO DOMICILIAR / 001 ASSISTENCIA DOMICILIAR,29
2023,1,SP,São Paulo,3550308,São Paulo,3522120105603,2022-11-14,2022-12-08,355030,113 SERVICO DE ATENCAO DOMICILIAR / 001 ASSISTENCIA DOMICILIAR,29
2023,1,SP,São Paulo,3550308,São Paulo,3522120105625,2022-11-24,2022-11-27,355030,,0
2023,1,SP,São Paulo,3550308,São Paulo,3522120105636,2022-11-28,2022-12-02,355030,113 SERVICO DE ATENCAO DOMICILIAR / 001 ASSISTENCIA DOMICILIAR,3
2023,1,SP,São Paulo,3550308,São Paulo,3522120105636,2022-11-28,2022-12-02,355030,113 SERVICO DE ATENCAO DOMICILIAR / 001 ASSISTENCIA DOMICILIAR,3
2023,1,SP,São Paulo,3550308,São Paulo,3522120105658,2022-10-16,2022-10-23,351060,126 SERVICO DE FISIOTERAPIA / 002 ASSISTENCIA FISIOTERAPEUTICA EM ALTERACOES ONCOLOGICAS,27
2023,1,SP,São Paulo,3550308,São Paulo,3522120105658,2022-10-16,2022-10-23,351060,126 SERVICO DE FISIOTERAPIA / 002 ASSISTENCIA FISIOTERAPEUTICA EM ALTERACOES ONCOLOGICAS,27
2023,1,SP,São Paulo,3550308,São Paulo,3522120105658,2022-10-16,2022-10-23,351060,,0
2023,1,SP,São Paulo,3550308,São Paulo,3522120105691,2022-10-23,2022-10-24,351060,126 SERVICO DE FISIOTERAPIA / 007 ASSISTENCIA FISIOTERAPEUTICA NAS ALTERACOES EM NEUROLOGIA,1
2023,1,SP,São Paulo,3550308,São Paulo,3522120105691,2022-10-23,2022-10-24,351060,126 SERVICO DE FISIOTERAPIA / 007 ASSISTENCIA FISIOTERAPEUTICA NAS ALTERACOES EM NEUROLOGIA,1
2023,1,SP,São Paulo,3550308,São Paulo,3522120105702,2022-10-25,2022-10-30,351060,,0
2023,1,SP,São Paulo,3550308,São Paulo,3522120105702,2022-10-25,2022-10-30,351060,113 SERVICO DE ATENCAO DOMICILIAR / 001 ASSISTENCIA DOMICILIAR,2
2023,1,SP,São Paulo,3550308,São Paulo,3522120105702,2022-10-25,2022-10-30,351060,113 SERVICO DE ATENCAO DOMICILIAR / 001 ASSISTENCIA DOMICILIAR,2
2023,1,SP,São Paulo,3550308,São Paulo,3522120105702,2022-10-25,2022-10-30,351060,113 SERVICO DE ATENCAO DOMICILIAR / 001 ASSISTENCIA DOMICILIAR,1
2023,1,SP,São Paulo,3550308,São Paulo,3522120105702,2022-10-25,2022-10-30,351060,113 SERVICO DE ATENCAO DOMICILIAR / 001 ASSISTENCIA DOMICILIAR,1
2023,1,SP,São Paulo,3550308,São Paulo,3522120105702,2022-10-25,2022-10-30,351060,,0
2023,1,SP,São Paulo,3550308,São Paulo,3522120105713,2022-10-31,2022-12-14,351060,126 SERVICO DE FISIOTERAPIA / 002 ASSISTENCIA FISIOTERAPEUTICA EM ALTERACOES ONCOLOGICAS,21
2023,1,SP,São Paulo,3550308,São Paulo,3522120105713,2022-10-31,2022-12-14,351060,126 SERVICO DE FISIOTERAPIA / 002 ASSISTENCIA FISIOTERAPEUTICA EM ALTERACOES ONCOLOGICAS,21
2023,1,SP,São Paulo,3550308,São Paulo,3522120105713,2022-10-31,2022-12-14,351060,113 SERVICO DE ATENCAO DOMICILIAR / 001 ASSISTENCIA DOMICILIAR,30
2023,1,SP,São Paulo,3550308,São Paulo,3522120105713,2022-10-31,2022-12-14,351060,113 SERVICO DE ATENCAO DOMICILIAR / 001 ASSISTENCIA DOMICILIAR,30
2023,1,SP,São Paulo,3550308,São Paulo,3522120105713,2022-10-31,2022-12-14,351060,126 SERVICO DE FISIOTERAPIA / 002 ASSISTENCIA FISIOTERAPEUTICA EM ALTERACOES ONCOLOGICAS,1
2023,1,SP,São Paulo,3550308,São Paulo,3522120105713,2022-10-31,2022-12-14,351060,126 SERVICO DE FISIOTERAPIA / 002 ASSISTENCIA FISIOTERAPEUTICA EM ALTERACOES ONCOLOGICAS,1
2023,1,SP,São Paulo,3550308,São Paulo,3522120105724,2022-11-09,2022-12-20,355030,126 SERVICO DE FISIOTERAPIA / 007 ASSISTENCIA FISIOTERAPEUTICA NAS ALTERACOES EM NEUROLOGIA,51
2023,1,SP,São Paulo,3550308,São Paulo,3522120105724,2022-11-09,2022-12-20,355030,126 SERVICO DE FISIOTERAPIA / 007 ASSISTENCIA FISIOTERAPEUTICA NAS ALTERACOES EM NEUROLOGIA,51
2023,1,SP,São Paulo,3550308,São Paulo,3522120105735,2022-10-24,2022-11-08,355030,113 SERVICO DE ATENCAO DOMICILIAR / 001 ASSISTENCIA DOMICILIAR,2
2023,1,SP,São Paulo,3550308,São Paulo,3522120105735,2022-10-24,2022-11-08,355030,113 SERVICO DE ATENCAO DOMICILIAR / 001 ASSISTENCIA DOMICILIAR,2
2023,1,SP,São Paulo,3550308,São Paulo,3522120105735,2022-10-24,2022-11-08,355030,126 SERVICO DE FISIOTERAPIA / 007 ASSISTENCIA FISIOTERAPEUTICA NAS ALTERACOES EM NEUROLOGIA,21
2023,1,SP,São Paulo,3550308,São Paulo,3522120105735,2022-10-24,2022-11-08,355030,126 SERVICO DE FISIOTERAPIA / 007 ASSISTENCIA FISIOTERAPEUTICA NAS ALTERACOES EM NEUROLOGIA,21
2023,1,SP,São Paulo,3550308,São Paulo,3522120105746,2022-12-06,2022-12-06,355030,,0
2023,1,SP,São Paulo,3550308,São Paulo,3522120105768,2022-10-25,2022-12-05,355030,126 SERVICO DE FISIOTERAPIA / 001 ASSISTENCIA FISIOTERAPEUTICA EM ALTERACOES OBSTETRICAS NEON,1
2023,1,SP,São Paulo,3550308,São Paulo,3522120105768,2022-10-25,2022-12-05,355030,126 SERVICO DE FISIOTERAPIA / 001 ASSISTENCIA FISIOTERAPEUTICA EM ALTERACOES OBSTETRICAS NEON,1
2023,1,SP,São Paulo,3550308,São Paulo,3522120105801,2022-11-28,2022-11-30,355030,113 SERVICO DE ATENCAO DOMICILIAR / 001 ASSISTENCIA DOMICILIAR,4
2023,1,SP,São Paulo,3550308,São Paulo,3522120105801,2022-11-28,2022-11-30,355030,113 SERVICO DE ATENCAO DOMICILIAR / 001 ASSISTENCIA DOMICILIAR,4
2023,1,SP,São Paulo,3550308,São Paulo,3522120105845,2022-10-27,2022-11-09,355030,126 SERVICO DE FISIOTERAPIA / 002 ASSISTENCIA FISIOTERAPEUTICA EM ALTERACOES ONCOLOGICAS,14
2023,1,SP,São Paulo,3550308,São Paulo,3522120105845,2022-10-27,2022-11-09,355030,126 SERVICO DE FISIOTERAPIA / 002 ASSISTENCIA FISIOTERAPEUTICA EM ALTERACOES ONCOLOGICAS,14
2023,1,SP,São Paulo,3550308,São Paulo,3522120105845,2022-10-27,2022-11-09,355030,113 SERVICO DE ATENCAO DOMICILIAR / 001 ASSISTENCIA DOMICILIAR,3
2023,1,SP,São Paulo,3550308,São Paulo,3522120105845,2022-10-27,2022-11-09,355030,113 SERVICO DE ATENCAO DOMICILIAR / 001 ASSISTENCIA DOMICILIAR,3
2023,1,SP,São Paulo,3550308,São Paulo,3522120105845,2022-10-27,2022-11-09,355030,113 SERVICO DE ATENCAO DOMICILIAR / 001 ASSISTENCIA DOMICILIAR,3
2023,1,SP,São Paulo,3550308,São Paulo,3522120105845,2022-10-27,2022-11-09,355030,113 SERVICO DE ATENCAO DOMICILIAR / 001 ASSISTENCIA DOMICILIAR,3
2023,1,SP,São Paulo,3550308,São Paulo,3522120105845,2022-10-27,2022-11-09,355030,126 SERVICO DE FISIOTERAPIA / 002 ASSISTENCIA FISIOTERAPEUTICA EM ALTERACOES ONCOLOGICAS,11
2023,1,SP,São Paulo,3550308,São Paulo,3522120105845,2022-10-27,2022-11-09,355030,126 SERVICO DE FISIOTERAPIA / 002 ASSISTENCIA FISIOTERAPEUTICA EM ALTERACOES ONCOLOGICAS,11
2023,1,SP,São Paulo,3550308,São Paulo,3522120105856,2022-12-04,2022-12-10,355030,126 SERVICO DE FISIOTERAPIA / 002 ASSISTENCIA FISIOTERAPEUTICA EM ALTERACOES ONCOLOGICAS,8
2023,1,SP,São Paulo,3550308,São Paulo,3522120105856,2022-12-04,2022-12-10,355030,126 SERVICO DE FISIOTERAPIA / 002 ASSISTENCIA FISIOTERAPEUTICA EM ALTERACOES ONCOLOGICAS,8
2023,1,SP,São Paulo,3550308,São Paulo,3522120105878,2022-10-29,2022-12-03,355030,113 SERVICO DE ATENCAO DOMICILIAR / 001 ASSISTENCIA DOMICILIAR,26
2023,1,SP,São Paulo,3550308,São Paulo,3522120105878,2022-10-29,2022-12-03,355030,113 SERVICO DE ATENCAO DOMICILIAR / 001 ASSISTENCIA DOMICILIAR,26
2023,1,SP,São Paulo,3550308,São Paulo,3522120105890,2022-11-01,2022-11-08,355030,113 SERVICO DE ATENCAO DOMICILIAR / 001 ASSISTENCIA DOMICILIAR,6
2023,1,SP,São Paulo,3550308,São Paulo,3522120105890,2022-11-01,2022-11-08,355030,113 SERVICO DE ATENCAO DOMICILIAR / 001 ASSISTENCIA DOMICILIAR,6
2023,1,SP,São Paulo,3550308,São Paulo,3522120105900,2022-11-09,2022-11-12,355030,113 SERVICO DE ATENCAO DOMICILIAR / 001 ASSISTENCIA DOMICILIAR,7
2023,1,SP,São Paulo,3550308,São Paulo,3522120105900,2022-11-09,2022-11-12,355030,113 SERVICO DE ATENCAO DOMICILIAR / 001 ASSISTENCIA DOMICILIAR,7
2023,1,SP,São Paulo,3550308,São Paulo,3522120105944,2022-11-07,2022-11-11,355030,126 SERVICO DE FISIOTERAPIA / 007 ASSISTENCIA FISIOTERAPEUTICA NAS ALTERACOES EM NEUROLOGIA,10
2023,1,SP,São Paulo,3550308,São Paulo,3522120105944,2022-11-07,2022-11-11,355030,126 SERVICO DE FISIOTERAPIA / 007 ASSISTENCIA FISIOTERAPEUTICA NAS ALTERACOES EM NEUROLOGIA,10
2023,1,SP,São Paulo,3550308,São Paulo,3522120105955,2022-11-12,2022-11-15,355030,,0
2023,1,SP,São Paulo,3550308,São Paulo,3522120105966,2022-11-16,2022-12-17,355030,113 SERVICO DE ATENCAO DOMICILIAR / 001 ASSISTENCIA DOMICILIAR,40
2023,1,SP,São Paulo,3550308,São Paulo,3522120105966,2022-11-16,2022-12-17,355030,113 SERVICO DE ATENCAO DOMICILIAR / 001 ASSISTENCIA DOMICILIAR,40
2023,1,SP,São Paulo,3550308,São Paulo,3522120105966,2022-11-16,2022-12-17,355030,113 SERVICO DE ATENCAO DOMICILIAR / 001 ASSISTENCIA DOMICILIAR,16
2023,1,SP,São Paulo,3550308,São Paulo,3522120105966,2022-11-16,2022-12-17,355030,113 SERVICO DE ATENCAO DOMICILIAR / 001 ASSISTENCIA DOMICILIAR,16
2023,1,SP,São Paulo,3550308,São Paulo,3522120105966,2022-11-16,2022-12-17,355030,126 SERVICO DE FISIOTERAPIA / 004 ASSISTENCIA FISIOTERAPEUTICA CARDIOVASCULARES E PNEUMOFUNCI,3
2023,1,SP,São Paulo,3550308,São Paulo,3522120105966,2022-11-16,2022-12-17,355030,126 SERVICO DE FISIOTERAPIA / 004 ASSISTENCIA FISIOTERAPEUTICA CARDIOVASCULARES E PNEUMOFUNCI,3
2023,1,SP,São Paulo,3550308,São Paulo,3522120105966,2022-11-16,2022-12-17,355030,113 SERVICO DE ATENCAO DOMICILIAR / 001 ASSISTENCIA DOMICILIAR,48
2023,1,SP,São Paulo,3550308,São Paulo,3522120105966,2022-11-16,2022-12-17,355030,113 SERVICO DE ATENCAO DOMICILIAR / 001 ASSISTENCIA DOMICILIAR,48
2023,1,SP,São Paulo,3550308,São Paulo,3522120105988,2022-11-30,2022-12-04,351500,126 SERVICO DE FISIOTERAPIA / 004 ASSISTENCIA FISIOTERAPEUTICA CARDIOVASCULARES E PNEUMOFUNCI,8
2023,1,SP,São Paulo,3550308,São Paulo,3522120105988,2022-11-30,2022-12-04,351500,126 SERVICO DE FISIOTERAPIA / 004 ASSISTENCIA FISIOTERAPEUTICA CARDIOVASCULARES E PNEUMOFUNCI,8
2023,1,SP,São Paulo,3550308,São Paulo,3522120105988,2022-11-30,2022-12-04,351500,126 SERVICO DE FISIOTERAPIA / 002 ASSISTENCIA FISIOTERAPEUTICA EM ALTERACOES ONCOLOGICAS,10
2023,1,SP,São Paulo,3550308,São Paulo,3522120105988,2022-11-30,2022-12-04,351500,126 SERVICO DE FISIOTERAPIA / 002 ASSISTENCIA FISIOTERAPEUTICA EM ALTERACOES ONCOLOGICAS,10
2023,1,SP,São Paulo,3550308,São Paulo,3522120105999,2022-11-07,2022-11-20,352250,113 SERVICO DE ATENCAO DOMICILIAR / 001 ASSISTENCIA DOMICILIAR,1
2023,1,SP,São Paulo,3550308,São Paulo,3522120105999,2022-11-07,2022-11-20,352250,113 SERVICO DE ATENCAO DOMICILIAR / 001 ASSISTENCIA DOMICILIAR,1
2023,1,SP,São Paulo,3550308,São Paulo,3522120105999,2022-11-07,2022-11-20,352250,126 SERVICO DE FISIOTERAPIA / 002 ASSISTENCIA FISIOTERAPEUTICA EM ALTERACOES ONCOLOGICAS,30
2023,1,SP,São Paulo,3550308,São Paulo,3522120105999,2022-11-07,2022-11-20,352250,126 SERVICO DE FISIOTERAPIA / 002 ASSISTENCIA FISIOTERAPEUTICA EM ALTERACOES ONCOLOGICAS,30
2023,1,SP,São Paulo,3550308,São Paulo,3522120105999,2022-11-07,2022-11-20,352250,113 SERVICO DE ATENCAO DOMICILIAR / 001 ASSISTENCIA DOMICILIAR,1
2023,1,SP,São Paulo,3550308,São Paulo,3522120105999,2022-11-07,2022-11-20,352250,113 SERVICO DE ATENCAO DOMICILIAR / 001 ASSISTENCIA DOMICILIAR,1
2023,1,SP,São Paulo,3550308,São Paulo,3522120105999,2022-11-07,2022-11-20,352250,126 SERVICO DE FISIOTERAPIA / 007 ASSISTENCIA FISIOTERAPEUTICA NAS ALTERACOES EM NEUROLOGIA,39
2023,1,SP,São Paulo,3550308,São Paulo,3522120105999,2022-11-07,2022-11-20,352250,126 SERVICO DE FISIOTERAPIA / 007 ASSISTENCIA FISIOTERAPEUTICA NAS ALTERACOES EM NEUROLOGIA,39
2023,1,SP,São Paulo,3550308,São Paulo,3522120106000,2022-11-21,2022-12-17,352250,113 SERVICO DE ATENCAO DOMICILIAR / 001 ASSISTENCIA DOMICILIAR,3
2023,1,SP,São Paulo,3550308,São Paulo,3522120106000,2022-11-21,2022-12-17,352250,113 SERVICO DE ATENCAO DOMICILIAR / 001 ASSISTENCIA DOMICILIAR,3
2023,1,SP,São Paulo,3550308,São Paulo,3522120106010,2022-11-09,2022-11-24,351060,113 SERVICO DE ATENCAO DOMICILIAR / 001 ASSISTENCIA DOMICILIAR,11
2023,1,SP,São Paulo,3550308,São Paulo,3522120106010,2022-11-09,2022-11-24,351060,113 SERVICO DE ATENCAO DOMICILIAR / 001 ASSISTENCIA DOMICILIAR,11
2023,1,SP,São Paulo,3550308,São Paulo,3522120106021,2022-11-25,2022-12-08,351060,113 SERVICO DE ATENCAO DOMICILIAR / 001 ASSISTENCIA DOMICILIAR,5
2023,1,SP,São Paulo,3550308,São Paulo,3522120106021,2022-11-25,2022-12-08,351060,113 SERVICO DE ATENCAO DOMICILIAR / 001 ASSISTENCIA DOMICILIAR,5
2023,1,SP,São Paulo,3550308,São Paulo,3522120106032,2022-11-10,2022-11-21,355030,113 SERVICO DE ATENCAO DOMICILIAR / 001 ASSISTENCIA DOMICILIAR,1
2023,1,SP,São Paulo,3550308,São Paulo,3522120106032,2022-11-10,2022-11-21,355030,113 SERVICO DE ATENCAO DOMICILIAR / 001 ASSISTENCIA DOMICILIAR,1
2023,1,SP,São Paulo,3550308,São Paulo,3522120106065,2022-11-14,2022-11-17,353870,,0
2023,1,SP,São Paulo,3550308,São Paulo,3522120106065,2022-11-14,2022-11-17,353870,126 SERVICO DE FISIOTERAPIA / 004 ASSISTENCIA FISIOTERAPEUTICA CARDIOVASCULARES E PNEUMOFUNCI,1
2023,1,SP,São Paulo,3550308,São Paulo,3522120106065,2022-11-14,2022-11-17,353870,126 SERVICO DE FISIOTERAPIA / 004 ASSISTENCIA FISIOTERAPEUTICA CARDIOVASCULARES E PNEUMOFUNCI,1
2023,1,SP,São Paulo,3550308,São Paulo,3522120106065,2022-11-14,2022-11-17,353870,,0
2023,1,SP,São Paulo,3550308,São Paulo,3522120106076,2022-11-18,2022-11-23,353870,126 SERVICO DE FISIOTERAPIA / 005 ASSISTENCIA FISIOTERAPEUTICA NAS DISFUNCOES MUSCULO ESQUELET,3
2023,1,SP,São Paulo,3550308,São Paulo,3522120106076,2022-11-18,2022-11-23,353870,126 SERVICO DE FISIOTERAPIA / 005 ASSISTENCIA FISIOTERAPEUTICA NAS DISFUNCOES MUSCULO ESQUELET,3
2023,1,SP,São Paulo,3550308,São Paulo,3522120106098,2022-12-02,2022-12-15,355030,113 SERVICO DE ATENCAO DOMICILIAR / 001 ASSISTENCIA DOMICILIAR,7
2023,1,SP,São Paulo,3550308,São Paulo,3522120106098,2022-12-02,2022-12-15,355030,113 SERVICO DE ATENCAO DOMICILIAR / 001 ASSISTENCIA DOMICILIAR,7
2023,1,SP,São Paulo,3550308,São Paulo,3522120106109,2022-11-15,2022-11-28,355030,126 SERVICO DE FISIOTERAPIA / 004 ASSISTENCIA FISIOTERAPEUTICA CARDIOVASCULARES E PNEUMOFUNCI,1
2023,1,SP,São Paulo,3550308,São Paulo,3522120106109,2022-11-15,2022-11-28,355030,126 SERVICO DE FISIOTERAPIA / 004 ASSISTENCIA FISIOTERAPEUTICA CARDIOVASCULARES E PNEUMOFUNCI,1
2023,1,SP,São Paulo,3550308,São Paulo,3522120106131,2022-12-04,2022-12-08,355030,113 SERVICO DE ATENCAO DOMICILIAR / 001 ASSISTENCIA DOMICILIAR,12
2023,1,SP,São Paulo,3550308,São Paulo,3522120106131,2022-12-04,2022-12-08,355030,113 SERVICO DE ATENCAO DOMICILIAR / 001 ASSISTENCIA DOMICILIAR,12
2023,1,SP,São Paulo,3550308,São Paulo,3522120106142,2022-11-16,2022-11-21,355030,,0
2023,1,SP,São Paulo,3550308,São Paulo,3522120106153,2022-11-22,2022-11-28,355030,113 SERVICO DE ATENCAO DOMICILIAR / 001 ASSISTENCIA DOMICILIAR,1
2023,1,SP,São Paulo,3550308,São Paulo,3522120106153,2022-11-22,2022-11-28,355030,113 SERVICO DE ATENCAO DOMICILIAR / 001 ASSISTENCIA DOMICILIAR,1
2023,1,SP,São Paulo,3550308,São Paulo,3522120106164,2022-11-29,2022-12-03,355030,126 SERVICO DE FISIOTERAPIA / 004 ASSISTENCIA FISIOTERAPEUTICA CARDIOVASCULARES E PNEUMOFUNCI,5
2023,1,SP,São Paulo,3550308,São Paulo,3522120106164,2022-11-29,2022-12-03,355030,126 SERVICO DE FISIOTERAPIA / 004 ASSISTENCIA FISIOTERAPEUTICA CARDIOVASCULARES E PNEUMOFUNCI,5
2023,1,SP,São Paulo,3550308,São Paulo,3522120106164,2022-11-29,2022-12-03,355030,126 SERVICO DE FISIOTERAPIA / 004 ASSISTENCIA FISIOTERAPEUTICA CARDIOVASCULARES E PNEUMOFUNCI,1
2023,1,SP,São Paulo,3550308,São Paulo,3522120106164,2022-11-29,2022-12-03,355030,126 SERVICO DE FISIOTERAPIA / 004 ASSISTENCIA FISIOTERAPEUTICA CARDIOVASCULARES E PNEUMOFUNCI,1
2023,1,SP,São Paulo,3550308,São Paulo,3522120106175,2022-11-19,2022-12-21,355030,,1
2023,1,SP,São Paulo,3550308,São Paulo,3522120106197,2022-11-23,2022-11-28,355030,105 SERVICO DE ATENCAO EM NEUROLOGIA / NEUROCIRURGIA / 007 TRATAMENTO ENDOVASCULAR,0
2023,1,SP,São Paulo,3550308,São Paulo,3522120106197,2022-11-23,2022-11-28,355030,105 SERVICO DE ATENCAO EM NEUROLOGIA / NEUROCIRURGIA / 007 TRATAMENTO ENDOVASCULAR,0
2023,1,SP,São Paulo,3550308,São Paulo,3522120106219,2022-11-26,2022-11-29,355030,126 SERVICO DE FISIOTERAPIA / 004 ASSISTENCIA FISIOTERAPEUTICA CARDIOVASCULARES E PNEUMOFUNCI,4
2023,1,SP,São Paulo,3550308,São Paulo,3522120106219,2022-11-26,2022-11-29,355030,126 SERVICO DE FISIOTERAPIA / 004 ASSISTENCIA FISIOTERAPEUTICA CARDIOVASCULARES E PNEUMOFUNCI,4
2023,1,SP,São Paulo,3550308,São Paulo,3522120106219,2022-11-26,2022-11-29,355030,113 SERVICO DE ATENCAO DOMICILIAR / 001 ASSISTENCIA DOMICILIAR,3
2023,1,SP,São Paulo,3550308,São Paulo,3522120106219,2022-11-26,2022-11-29,355030,113 SERVICO DE ATENCAO DOMICILIAR / 001 ASSISTENCIA DOMICILIAR,3
2023,1,SP,São Paulo,3550308,São Paulo,3522120106252,2022-12-08,2022-12-11,355030,,0
2023,1,SP,São Paulo,3550308,São Paulo,3522120106263,2022-12-12,2022-12-16,355030,,0
2023,1,SP,São Paulo,3550308,São Paulo,3522120106274,2022-11-27,2022-12-07,355030,113 SERVICO DE ATENCAO DOMICILIAR / 001 ASSISTENCIA DOMICILIAR,6
2023,1,SP,São Paulo,3550308,São Paulo,3522120106274,2022-11-27,2022-12-07,355030,113 SERVICO DE ATENCAO DOMICILIAR / 001 ASSISTENCIA DOMICILIAR,6
2023,1,SP,São Paulo,3550308,São Paulo,3522120106285,2022-11-27,2022-12-15,355030,113 SERVICO DE ATENCAO DOMICILIAR / 001 ASSISTENCIA DOMICILIAR,2
2023,1,SP,São Paulo,3550308,São Paulo,3522120106285,2022-11-27,2022-12-15,355030,113 SERVICO DE ATENCAO DOMICILIAR / 001 ASSISTENCIA DOMICILIAR,2
2023,1,SP,São Paulo,3550308,São Paulo,3522120106285,2022-11-27,2022-12-15,355030,113 SERVICO DE ATENCAO DOMICILIAR / 001 ASSISTENCIA DOMICILIAR,18
2023,1,SP,São Paulo,3550308,São Paulo,3522120106285,2022-11-27,2022-12-15,355030,113 SERVICO DE ATENCAO DOMICILIAR / 001 ASSISTENCIA DOMICILIAR,18
2023,1,SP,São Paulo,3550308,São Paulo,3522120106296,2022-11-27,2022-12-15,353440,126 SERVICO DE FISIOTERAPIA / 004 ASSISTENCIA FISIOTERAPEUTICA CARDIOVASCULARES E PNEUMOFUNCI,1
2023,1,SP,São Paulo,3550308,São Paulo,3522120106296,2022-11-27,2022-12-15,353440,126 SERVICO DE FISIOTERAPIA / 004 ASSISTENCIA FISIOTERAPEUTICA CARDIOVASCULARES E PNEUMOFUNCI,1
2023,1,SP,São Paulo,3550308,São Paulo,3522120106307,2022-11-28,2022-11-29,355030,,1
2023,1,SP,São Paulo,3550308,São Paulo,3522120106318,2022-12-02,2022-12-12,355030,126 SERVICO DE FISIOTERAPIA / 002 ASSISTENCIA FISIOTERAPEUTICA EM ALTERACOES ONCOLOGICAS,5
2023,1,SP,São Paulo,3550308,São Paulo,3522120106318,2022-12-02,2022-12-12,355030,126 SERVICO DE FISIOTERAPIA / 002 ASSISTENCIA FISIOTERAPEUTICA EM ALTERACOES ONCOLOGICAS,5
2023,1,SP,São Paulo,3550308,São Paulo,3522120106329,2022-12-03,2022-12-07,355030,113 SERVICO DE ATENCAO DOMICILIAR / 001 ASSISTENCIA DOMICILIAR,5
2023,1,SP,São Paulo,3550308,São Paulo,3522120106329,2022-12-03,2022-12-07,355030,113 SERVICO DE ATENCAO DOMICILIAR / 001 ASSISTENCIA DOMICILIAR,5
2023,1,SP,São Paulo,3550308,São Paulo,3522120106330,2022-12-03,2022-12-19,355030,,0
2023,1,SP,São Paulo,3550308,São Paulo,3522120106330,2022-12-03,2022-12-19,355030,,0
2023,1,SP,São Paulo,3550308,São Paulo,3522120106351,2022-12-05,2022-12-19,355030,113 SERVICO DE ATENCAO DOMICILIAR / 001 ASSISTENCIA DOMICILIAR,10
2023,1,SP,São Paulo,3550308,São Paulo,3522120106351,2022-12-05,2022-12-19,355030,113 SERVICO DE ATENCAO DOMICILIAR / 001 ASSISTENCIA DOMICILIAR,10
2023,1,SP,São Paulo,3550308,São Paulo,3522120106505,2022-12-17,2022-12-24,355030,113 SERVICO DE ATENCAO DOMICILIAR / 001 ASSISTENCIA DOMICILIAR,9
2023,1,SP,São Paulo,3550308,São Paulo,3522120106505,2022-12-17,2022-12-24,355030,113 SERVICO DE ATENCAO DOMICILIAR / 001 ASSISTENCIA DOMICILIAR,9
2023,1,SP,São Paulo,3550308,São Paulo,3522120106516,2022-12-15,2022-12-24,355030,126 SERVICO DE FISIOTERAPIA / 002 ASSISTENCIA FISIOTERAPEUTICA EM ALTERACOES ONCOLOGICAS,32
2023,1,SP,São Paulo,3550308,São Paulo,3522120106516,2022-12-15,2022-12-24,355030,126 SERVICO DE FISIOTERAPIA / 002 ASSISTENCIA FISIOTERAPEUTICA EM ALTERACOES ONCOLOGICAS,32
2023,1,SP,São Paulo,3550308,São Paulo,3522120106516,2022-12-15,2022-12-24,355030,113 SERVICO DE ATENCAO DOMICILIAR / 001 ASSISTENCIA DOMICILIAR,28
2023,1,SP,São Paulo,3550308,São Paulo,3522120106516,2022-12-15,2022-12-24,355030,113 SERVICO DE ATENCAO DOMICILIAR / 001 ASSISTENCIA DOMICILIAR,28
2023,1,SP,São Paulo,3550308,São Paulo,3522120106538,2022-12-19,2022-12-31,355030,113 SERVICO DE ATENCAO DOMICILIAR / 001 ASSISTENCIA DOMICILIAR,1
2023,1,SP,São Paulo,3550308,São Paulo,3522120106538,2022-12-19,2022-12-31,355030,113 SERVICO DE ATENCAO DOMICILIAR / 001 ASSISTENCIA DOMICILIAR,1
2023,1,SP,São Paulo,3550308,São Paulo,3522120106780,2022-12-12,2022-12-29,355030,113 SERVICO DE ATENCAO DOMICILIAR / 001 ASSISTENCIA DOMICILIAR,1
2023,1,SP,São Paulo,3550308,São Paulo,3522120106780,2022-12-12,2022-12-29,355030,113 SERVICO DE ATENCAO DOMICILIAR / 001 ASSISTENCIA DOMICILIAR,1
2023,1,SP,São Paulo,3550308,São Paulo,3522120106846,2022-12-01,2022-12-22,355030,113 SERVICO DE ATENCAO DOMICILIAR / 001 ASSISTENCIA DOMICILIAR,14
2023,1,SP,São Paulo,3550308,São Paulo,3522120106846,2022-12-01,2022-12-22,355030,113 SERVICO DE ATENCAO DOMICILIAR / 001 ASSISTENCIA DOMICILIAR,14
2023,1,SP,São Paulo,3550308,São Paulo,3522120106868,2022-12-04,2022-12-07,355030,113 SERVICO DE ATENCAO DOMICILIAR / 001 ASSISTENCIA DOMICILIAR,3
2023,1,SP,São Paulo,3550308,São Paulo,3522120106868,2022-12-04,2022-12-07,355030,113 SERVICO DE ATENCAO DOMICILIAR / 001 ASSISTENCIA DOMICILIAR,3
2023,1,SP,São Paulo,3550308,São Paulo,3522120106880,2022-12-28,2022-12-29,355030,,0
2023,1,SP,São Paulo,3550308,São Paulo,3522120106912,2022-12-09,2022-12-12,355030,113 SERVICO DE ATENCAO DOMICILIAR / 001 ASSISTENCIA DOMICILIAR,1
2023,1,SP,São Paulo,3550308,São Paulo,3522120106912,2022-12-09,2022-12-12,355030,113 SERVICO DE ATENCAO DOMICILIAR / 001 ASSISTENCIA DOMICILIAR,1
2023,1,SP,São Paulo,3550308,São Paulo,3522120106967,2022-11-24,2022-12-09,355030,126 SERVICO DE FISIOTERAPIA / 001 ASSISTENCIA FISIOTERAPEUTICA EM ALTERACOES OBSTETRICAS NEON,2
2023,1,SP,São Paulo,3550308,São Paulo,3522120106967,2022-11-24,2022-12-09,355030,126 SERVICO DE FISIOTERAPIA / 001 ASSISTENCIA FISIOTERAPEUTICA EM ALTERACOES OBSTETRICAS NEON,2
2023,1,SP,São Paulo,3550308,São Paulo,3522120107000,2022-12-03,2022-12-07,355030,113 SERVICO DE ATENCAO DOMICILIAR / 001 ASSISTENCIA DOMICILIAR,1
2023,1,SP,São Paulo,3550308,São Paulo,3522120107000,2022-12-03,2022-12-07,355030,113 SERVICO DE ATENCAO DOMICILIAR / 001 ASSISTENCIA DOMICILIAR,1
2023,1,SP,São Paulo,3550308,São Paulo,3522120107011,2022-12-06,2022-12-11,355030,126 SERVICO DE FISIOTERAPIA / 001 ASSISTENCIA FISIOTERAPEUTICA EM ALTERACOES OBSTETRICAS NEON,3
2023,1,SP,São Paulo,3550308,São Paulo,3522120107011,2022-12-06,2022-12-11,355030,126 SERVICO DE FISIOTERAPIA / 001 ASSISTENCIA FISIOTERAPEUTICA EM ALTERACOES OBSTETRICAS NEON,3
2023,1,SP,São Paulo,3550308,São Paulo,3522120107572,2022-11-29,2022-12-02,355030,126 SERVICO DE FISIOTERAPIA / 001 ASSISTENCIA FISIOTERAPEUTICA EM ALTERACOES OBSTETRICAS NEON,2
2023,1,SP,São Paulo,3550308,São Paulo,3522120107572,2022-11-29,2022-12-02,355030,126 SERVICO DE FISIOTERAPIA / 001 ASSISTENCIA FISIOTERAPEUTICA EM ALTERACOES OBSTETRICAS NEON,2
2023,1,SP,São Paulo,3550308,São Paulo,3522120107572,2022-11-29,2022-12-02,355030,126 SERVICO DE FISIOTERAPIA / 001 ASSISTENCIA FISIOTERAPEUTICA EM ALTERACOES OBSTETRICAS NEON,1
2023,1,SP,São Paulo,3550308,São Paulo,3522120107572,2022-11-29,2022-12-02,355030,126 SERVICO DE FISIOTERAPIA / 001 ASSISTENCIA FISIOTERAPEUTICA EM ALTERACOES OBSTETRICAS NEON,1
2023,1,SP,São Paulo,3550308,São Paulo,3522120107605,2022-12-02,2022-12-07,355030,126 SERVICO DE FISIOTERAPIA / 001 ASSISTENCIA FISIOTERAPEUTICA EM ALTERACOES OBSTETRICAS NEON,5
2023,1,SP,São Paulo,3550308,São Paulo,3522120107605,2022-12-02,2022-12-07,355030,126 SERVICO DE FISIOTERAPIA / 001 ASSISTENCIA FISIOTERAPEUTICA EM ALTERACOES OBSTETRICAS NEON,5
2023,1,SP,São Paulo,3550308,São Paulo,3522120107605,2022-12-02,2022-12-07,355030,126 SERVICO DE FISIOTERAPIA / 001 ASSISTENCIA FISIOTERAPEUTICA EM ALTERACOES OBSTETRICAS NEON,2
2023,1,SP,São Paulo,3550308,São Paulo,3522120107605,2022-12-02,2022-12-07,355030,126 SERVICO DE FISIOTERAPIA / 001 ASSISTENCIA FISIOTERAPEUTICA EM ALTERACOES OBSTETRICAS NEON,2
2023,1,SP,São Paulo,3550308,São Paulo,3522120107693,2022-12-26,2022-12-30,355030,113 SERVICO DE ATENCAO DOMICILIAR / 001 ASSISTENCIA DOMICILIAR,1
2023,1,SP,São Paulo,3550308,São Paulo,3522120107693,2022-12-26,2022-12-30,355030,113 SERVICO DE ATENCAO DOMICILIAR / 001 ASSISTENCIA DOMICILIAR,1
2023,1,SP,São Paulo,3550308,São Paulo,3522120107704,2022-12-13,2022-12-21,351880,113 SERVICO DE ATENCAO DOMICILIAR / 001 ASSISTENCIA DOMICILIAR,2
2023,1,SP,São Paulo,3550308,São Paulo,3522120107704,2022-12-13,2022-12-21,351880,113 SERVICO DE ATENCAO DOMICILIAR / 001 ASSISTENCIA DOMICILIAR,2
2023,1,SP,São Paulo,3550308,São Paulo,3522120107748,2022-12-04,2022-12-23,355030,113 SERVICO DE ATENCAO DOMICILIAR / 001 ASSISTENCIA DOMICILIAR,5
2023,1,SP,São Paulo,3550308,São Paulo,3522120107748,2022-12-04,2022-12-23,355030,113 SERVICO DE ATENCAO DOMICILIAR / 001 ASSISTENCIA DOMICILIAR,5
2023,1,SP,São Paulo,3550308,São Paulo,3522120107759,2022-12-24,2022-12-31,355030,,0
2023,1,SP,São Paulo,3550308,São Paulo,3522120107880,2022-11-22,2022-12-22,355280,113 SERVICO DE ATENCAO DOMICILIAR / 001 ASSISTENCIA DOMICILIAR,5
2023,1,SP,São Paulo,3550308,São Paulo,3522120107880,2022-11-22,2022-12-22,355280,113 SERVICO DE ATENCAO DOMICILIAR / 001 ASSISTENCIA DOMICILIAR,5
2023,1,SP,São Paulo,3550308,São Paulo,3522120107891,2022-11-19,2022-11-29,355030,126 SERVICO DE FISIOTERAPIA / 002 ASSISTENCIA FISIOTERAPEUTICA EM ALTERACOES ONCOLOGICAS,14
2023,1,SP,São Paulo,3550308,São Paulo,3522120107891,2022-11-19,2022-11-29,355030,126 SERVICO DE FISIOTERAPIA / 002 ASSISTENCIA FISIOTERAPEUTICA EM ALTERACOES ONCOLOGICAS,14
2023,1,SP,São Paulo,3550308,São Paulo,3522120107891,2022-11-19,2022-11-29,355030,113 SERVICO DE ATENCAO DOMICILIAR / 001 ASSISTENCIA DOMICILIAR,14
2023,1,SP,São Paulo,3550308,São Paulo,3522120107891,2022-11-19,2022-11-29,355030,113 SERVICO DE ATENCAO DOMICILIAR / 001 ASSISTENCIA DOMICILIAR,14
2023,1,SP,São Paulo,3550308,São Paulo,3522120107946,2022-12-21,2022-12-23,355030,127 SERVICO DE ATENCAO A OBESIDADE / 001 TRAT. CLINICO CIRUR. REPARADOR E ACOMP PACIENTE C/ OBESIDAD,0
2023,1,SP,São Paulo,3550308,São Paulo,3522120107946,2022-12-21,2022-12-23,355030,127 SERVICO DE ATENCAO A OBESIDADE / 001 TRAT. CLINICO CIRUR. REPARADOR E ACOMP PACIENTE C/ OBESIDAD,0
2023,1,SP,São Paulo,3550308,São Paulo,3522120107957,2022-12-20,2022-12-25,355030,126 SERVICO DE FISIOTERAPIA / 007 ASSISTENCIA FISIOTERAPEUTICA NAS ALTERACOES EM NEUROLOGIA,6
2023,1,SP,São Paulo,3550308,São Paulo,3522120107957,2022-12-20,2022-12-25,355030,126 SERVICO DE FISIOTERAPIA / 007 ASSISTENCIA FISIOTERAPEUTICA NAS ALTERACOES EM NEUROLOGIA,6
2023,1,SP,São Paulo,3550308,São Paulo,3522120107957,2022-12-20,2022-12-25,355030,113 SERVICO DE ATENCAO DOMICILIAR / 001 ASSISTENCIA DOMICILIAR,8
2023,1,SP,São Paulo,3550308,São Paulo,3522120107957,2022-12-20,2022-12-25,355030,113 SERVICO DE ATENCAO DOMICILIAR / 001 ASSISTENCIA DOMICILIAR,8
2023,1,SP,São Paulo,3550308,São Paulo,3522120108012,2022-12-27,2022-12-28,355030,132 SERVICO DE ONCOLOGIA / 005 ONCOLOGIA CIRURGICA,0
2023,1,SP,São Paulo,3550308,São Paulo,3522120108012,2022-12-27,2022-12-28,355030,132 SERVICO DE ONCOLOGIA / 005 ONCOLOGIA CIRURGICA,0
2023,1,SP,São Paulo,3550308,São Paulo,3522120108067,2022-12-06,2022-12-24,355030,113 SERVICO DE ATENCAO DOMICILIAR / 001 ASSISTENCIA DOMICILIAR,9
2023,1,SP,São Paulo,3550308,São Paulo,3522120108067,2022-12-06,2022-12-24,355030,113 SERVICO DE ATENCAO DOMICILIAR / 001 ASSISTENCIA DOMICILIAR,9
2023,1,SP,São Paulo,3550308,São Paulo,3522120108122,2022-12-18,2022-12-22,351570,126 SERVICO DE FISIOTERAPIA / 001 ASSISTENCIA FISIOTERAPEUTICA EM ALTERACOES OBSTETRICAS NEON,1
2023,1,SP,São Paulo,3550308,São Paulo,3522120108122,2022-12-18,2022-12-22,351570,126 SERVICO DE FISIOTERAPIA / 001 ASSISTENCIA FISIOTERAPEUTICA EM ALTERACOES OBSTETRICAS NEON,1
2023,1,SP,São Paulo,3550308,São Paulo,3522120108199,2022-11-28,2022-12-01,355030,113 SERVICO DE ATENCAO DOMICILIAR / 001 ASSISTENCIA DOMICILIAR,2
2023,1,SP,São Paulo,3550308,São Paulo,3522120108199,2022-11-28,2022-12-01,355030,113 SERVICO DE ATENCAO DOMICILIAR / 001 ASSISTENCIA DOMICILIAR,2
2023,1,SP,São Paulo,3550308,São Paulo,3522120108243,2022-12-04,2022-12-07,355030,113 SERVICO DE ATENCAO DOMICILIAR / 001 ASSISTENCIA DOMICILIAR,3
2023,1,SP,São Paulo,3550308,São Paulo,3522120108243,2022-12-04,2022-12-07,355030,113 SERVICO DE ATENCAO DOMICILIAR / 001 ASSISTENCIA DOMICILIAR,3
2023,1,SP,São Paulo,3550308,São Paulo,3522120108243,2022-12-04,2022-12-07,355030,,0
2023,1,SP,São Paulo,3550308,São Paulo,3522120108254,2022-12-02,2022-12-06,355030,126 SERVICO DE FISIOTERAPIA / 001 ASSISTENCIA FISIOTERAPEUTICA EM ALTERACOES OBSTETRICAS NEON,2
2023,1,SP,São Paulo,3550308,São Paulo,3522120108254,2022-12-02,2022-12-06,355030,126 SERVICO DE FISIOTERAPIA / 001 ASSISTENCIA FISIOTERAPEUTICA EM ALTERACOES OBSTETRICAS NEON,2
2023,1,SP,São Paulo,3550308,São Paulo,3522120108298,2022-12-14,2022-12-19,351500,113 SERVICO DE ATENCAO DOMICILIAR / 001 ASSISTENCIA DOMICILIAR,5
2023,1,SP,São Paulo,3550308,São Paulo,3522120108298,2022-12-14,2022-12-19,351500,113 SERVICO DE ATENCAO DOMICILIAR / 001 ASSISTENCIA DOMICILIAR,5
2023,1,SP,São Paulo,3550308,São Paulo,3522120108386,2022-12-20,2022-12-21,355030,113 SERVICO DE ATENCAO DOMICILIAR / 001 ASSISTENCIA DOMICILIAR,1
2023,1,SP,São Paulo,3550308,São Paulo,3522120108386,2022-12-20,2022-12-21,355030,113 SERVICO DE ATENCAO DOMICILIAR / 001 ASSISTENCIA DOMICILIAR,1
2023,1,SP,São Paulo,3550308,São Paulo,3522120108694,2022-12-25,2022-12-27,353440,,0
2023,1,SP,São Paulo,3550308,São Paulo,3522120108727,2022-12-01,2022-12-11,355030,126 SERVICO DE FISIOTERAPIA / 001 ASSISTENCIA FISIOTERAPEUTICA EM ALTERACOES OBSTETRICAS NEON,2
2023,1,SP,São Paulo,3550308,São Paulo,3522120108727,2022-12-01,2022-12-11,355030,126 SERVICO DE FISIOTERAPIA / 001 ASSISTENCIA FISIOTERAPEUTICA EM ALTERACOES OBSTETRICAS NEON,2
2023,1,SP,São Paulo,3550308,São Paulo,3522120108738,2022-12-15,2022-12-21,355030,113 SERVICO DE ATENCAO DOMICILIAR / 001 ASSISTENCIA DOMICILIAR,5
2023,1,SP,São Paulo,3550308,São Paulo,3522120108738,2022-12-15,2022-12-21,355030,113 SERVICO DE ATENCAO DOMICILIAR / 001 ASSISTENCIA DOMICILIAR,5
2023,1,SP,São Paulo,3550308,São Paulo,3522120108749,2022-11-20,2022-12-25,355030,113 SERVICO DE ATENCAO DOMICILIAR / 001 ASSISTENCIA DOMICILIAR,28
2023,1,SP,São Paulo,3550308,São Paulo,3522120108749,2022-11-20,2022-12-25,355030,113 SERVICO DE ATENCAO DOMICILIAR / 001 ASSISTENCIA DOMICILIAR,28
2023,1,SP,São Paulo,3550308,São Paulo,3522120108749,2022-11-20,2022-12-25,355030,113 SERVICO DE ATENCAO DOMICILIAR / 001 ASSISTENCIA DOMICILIAR,2
2023,1,SP,São Paulo,3550308,São Paulo,3522120108749,2022-11-20,2022-12-25,355030,113 SERVICO DE ATENCAO DOMICILIAR / 001 ASSISTENCIA DOMICILIAR,2
2023,1,SP,São Paulo,3550308,São Paulo,3522120108749,2022-11-20,2022-12-25,355030,113 SERVICO DE ATENCAO DOMICILIAR / 001 ASSISTENCIA DOMICILIAR,3
2023,1,SP,São Paulo,3550308,São Paulo,3522120108749,2022-11-20,2022-12-25,355030,113 SERVICO DE ATENCAO DOMICILIAR / 001 ASSISTENCIA DOMICILIAR,3
2023,1,SP,São Paulo,3550308,São Paulo,3522120108749,2022-11-20,2022-12-25,355030,113 SERVICO DE ATENCAO DOMICILIAR / 001 ASSISTENCIA DOMICILIAR,2
2023,1,SP,São Paulo,3550308,São Paulo,3522120108749,2022-11-20,2022-12-25,355030,113 SERVICO DE ATENCAO DOMICILIAR / 001 ASSISTENCIA DOMICILIAR,2
2023,1,SP,São Paulo,3550308,São Paulo,3522120108750,2022-11-25,2022-12-04,355030,126 SERVICO DE FISIOTERAPIA / 001 ASSISTENCIA FISIOTERAPEUTICA EM ALTERACOES OBSTETRICAS NEON,1
2023,1,SP,São Paulo,3550308,São Paulo,3522120108750,2022-11-25,2022-12-04,355030,126 SERVICO DE FISIOTERAPIA / 001 ASSISTENCIA FISIOTERAPEUTICA EM ALTERACOES OBSTETRICAS NEON,1
2023,1,SP,São Paulo,3550308,São Paulo,3522120108750,2022-11-25,2022-12-04,355030,126 SERVICO DE FISIOTERAPIA / 001 ASSISTENCIA FISIOTERAPEUTICA EM ALTERACOES OBSTETRICAS NEON,3
2023,1,SP,São Paulo,3550308,São Paulo,3522120108750,2022-11-25,2022-12-04,355030,126 SERVICO DE FISIOTERAPIA / 001 ASSISTENCIA FISIOTERAPEUTICA EM ALTERACOES OBSTETRICAS NEON,3
2023,1,SP,São Paulo,3550308,São Paulo,3522120108771,2022-11-30,2022-12-02,353980,126 SERVICO DE FISIOTERAPIA / 001 ASSISTENCIA FISIOTERAPEUTICA EM ALTERACOES OBSTETRICAS NEON,1
2023,1,SP,São Paulo,3550308,São Paulo,3522120108771,2022-11-30,2022-12-02,353980,126 SERVICO DE FISIOTERAPIA / 001 ASSISTENCIA FISIOTERAPEUTICA EM ALTERACOES OBSTETRICAS NEON,1
2023,1,SP,São Paulo,3550308,São Paulo,3522120108782,2022-12-19,2022-12-24,355030,113 SERVICO DE ATENCAO DOMICILIAR / 001 ASSISTENCIA DOMICILIAR,3
2023,1,SP,São Paulo,3550308,São Paulo,3522120108782,2022-12-19,2022-12-24,355030,113 SERVICO DE ATENCAO DOMICILIAR / 001 ASSISTENCIA DOMICILIAR,3
2023,1,SP,São Paulo,3550308,São Paulo,3522120108914,2022-12-11,2022-12-14,355030,126 SERVICO DE FISIOTERAPIA / 001 ASSISTENCIA FISIOTERAPEUTICA EM ALTERACOES OBSTETRICAS NEON,1
2023,1,SP,São Paulo,3550308,São Paulo,3522120108914,2022-12-11,2022-12-14,355030,126 SERVICO DE FISIOTERAPIA / 001 ASSISTENCIA FISIOTERAPEUTICA EM ALTERACOES OBSTETRICAS NEON,1
2023,1,SP,São Paulo,3550308,São Paulo,3522120108958,2022-12-13,2022-12-16,355030,113 SERVICO DE ATENCAO DOMICILIAR / 001 ASSISTENCIA DOMICILIAR,1
2023,1,SP,São Paulo,3550308,São Paulo,3522120108958,2022-12-13,2022-12-16,355030,113 SERVICO DE ATENCAO DOMICILIAR / 001 ASSISTENCIA DOMICILIAR,1
2023,1,SP,São Paulo,3550308,São Paulo,3522120108958,2022-12-13,2022-12-16,355030,113 SERVICO DE ATENCAO DOMICILIAR / 001 ASSISTENCIA DOMICILIAR,2
2023,1,SP,São Paulo,3550308,São Paulo,3522120108958,2022-12-13,2022-12-16,355030,113 SERVICO DE ATENCAO DOMICILIAR / 001 ASSISTENCIA DOMICILIAR,2
2023,1,SP,São Paulo,3550308,São Paulo,3522120108970,2022-12-21,2022-12-28,355280,113 SERVICO DE ATENCAO DOMICILIAR / 001 ASSISTENCIA DOMICILIAR,4
2023,1,SP,São Paulo,3550308,São Paulo,3522120108970,2022-12-21,2022-12-28,355280,113 SERVICO DE ATENCAO DOMICILIAR / 001 ASSISTENCIA DOMICILIAR,4
2023,1,SP,São Paulo,3550308,São Paulo,3522120108991,2022-12-18,2022-12-21,353980,113 SERVICO DE ATENCAO DOMICILIAR / 001 ASSISTENCIA DOMICILIAR,1
2023,1,SP,São Paulo,3550308,São Paulo,3522120108991,2022-12-18,2022-12-21,353980,113 SERVICO DE ATENCAO DOMICILIAR / 001 ASSISTENCIA DOMICILIAR,1
2023,1,SP,São Paulo,3550308,São Paulo,3522120109002,2022-12-14,2022-12-22,355030,113 SERVICO DE ATENCAO DOMICILIAR / 001 ASSISTENCIA DOMICILIAR,1
2023,1,SP,São Paulo,3550308,São Paulo,3522120109002,2022-12-14,2022-12-22,355030,113 SERVICO DE ATENCAO DOMICILIAR / 001 ASSISTENCIA DOMICILIAR,1
2023,1,SP,São Paulo,3550308,São Paulo,3522120109013,2022-12-18,2022-12-20,352310,126 SERVICO DE FISIOTERAPIA / 001 ASSISTENCIA FISIOTERAPEUTICA EM ALTERACOES OBSTETRICAS NEON,2
2023,1,SP,São Paulo,3550308,São Paulo,3522120109013,2022-12-18,2022-12-20,352310,126 SERVICO DE FISIOTERAPIA / 001 ASSISTENCIA FISIOTERAPEUTICA EM ALTERACOES OBSTETRICAS NEON,2
2023,1,SP,São Paulo,3550308,São Paulo,3522120109101,2022-12-09,2022-12-11,355030,113 SERVICO DE ATENCAO DOMICILIAR / 001 ASSISTENCIA DOMICILIAR,1
2023,1,SP,São Paulo,3550308,São Paulo,3522120109101,2022-12-09,2022-12-11,355030,113 SERVICO DE ATENCAO DOMICILIAR / 001 ASSISTENCIA DOMICILIAR,1
2023,1,SP,São Paulo,3550308,São Paulo,3522120109145,2022-11-30,2022-12-02,354870,126 SERVICO DE FISIOTERAPIA / 001 ASSISTENCIA FISIOTERAPEUTICA EM ALTERACOES OBSTETRICAS NEON,1
2023,1,SP,São Paulo,3550308,São Paulo,3522120109145,2022-11-30,2022-12-02,354870,126 SERVICO DE FISIOTERAPIA / 001 ASSISTENCIA FISIOTERAPEUTICA EM ALTERACOES OBSTETRICAS NEON,1
2023,1,SP,São Paulo,3550308,São Paulo,3522120109145,2022-11-30,2022-12-02,354870,126 SERVICO DE FISIOTERAPIA / 001 ASSISTENCIA FISIOTERAPEUTICA EM ALTERACOES OBSTETRICAS NEON,2
2023,1,SP,São Paulo,3550308,São Paulo,3522120109145,2022-11-30,2022-12-02,354870,126 SERVICO DE FISIOTERAPIA / 001 ASSISTENCIA FISIOTERAPEUTICA EM ALTERACOES OBSTETRICAS NEON,2
2023,1,SP,São Paulo,3550308,São Paulo,3522120109156,2022-11-29,2022-12-06,355030,126 SERVICO DE FISIOTERAPIA / 001 ASSISTENCIA FISIOTERAPEUTICA EM ALTERACOES OBSTETRICAS NEON,1
2023,1,SP,São Paulo,3550308,São Paulo,3522120109156,2022-11-29,2022-12-06,355030,126 SERVICO DE FISIOTERAPIA / 001 ASSISTENCIA FISIOTERAPEUTICA EM ALTERACOES OBSTETRICAS NEON,1
2023,1,SP,São Paulo,3550308,São Paulo,3522120109156,2022-11-29,2022-12-06,355030,113 SERVICO DE ATENCAO DOMICILIAR / 001 ASSISTENCIA DOMICILIAR,1
2023,1,SP,São Paulo,3550308,São Paulo,3522120109156,2022-11-29,2022-12-06,355030,113 SERVICO DE ATENCAO DOMICILIAR / 001 ASSISTENCIA DOMICILIAR,1
2023,1,SP,São Paulo,3550308,São Paulo,3522120109178,2022-11-30,2022-12-02,355030,126 SERVICO DE FISIOTERAPIA / 001 ASSISTENCIA FISIOTERAPEUTICA EM ALTERACOES OBSTETRICAS NEON,1
2023,1,SP,São Paulo,3550308,São Paulo,3522120109178,2022-11-30,2022-12-02,355030,126 SERVICO DE FISIOTERAPIA / 001 ASSISTENCIA FISIOTERAPEUTICA EM ALTERACOES OBSTETRICAS NEON,1
2023,1,SP,São Paulo,3550308,São Paulo,3522120109178,2022-11-30,2022-12-02,355030,126 SERVICO DE FISIOTERAPIA / 001 ASSISTENCIA FISIOTERAPEUTICA EM ALTERACOES OBSTETRICAS NEON,2
2023,1,SP,São Paulo,3550308,São Paulo,3522120109178,2022-11-30,2022-12-02,355030,126 SERVICO DE FISIOTERAPIA / 001 ASSISTENCIA FISIOTERAPEUTICA EM ALTERACOES OBSTETRICAS NEON,2
2023,1,SP,São Paulo,3550308,São Paulo,3522120109190,2022-11-27,2022-12-03,351060,113 SERVICO DE ATENCAO DOMICILIAR / 001 ASSISTENCIA DOMICILIAR,1
2023,1,SP,São Paulo,3550308,São Paulo,3522120109190,2022-11-27,2022-12-03,351060,113 SERVICO DE ATENCAO DOMICILIAR / 001 ASSISTENCIA DOMICILIAR,1
2023,1,SP,São Paulo,3550308,São Paulo,3522120109200,2022-11-29,2022-12-06,350570,113 SERVICO DE ATENCAO DOMICILIAR / 001 ASSISTENCIA DOMICILIAR,2
2023,1,SP,São Paulo,3550308,São Paulo,3522120109200,2022-11-29,2022-12-06,350570,113 SERVICO DE ATENCAO DOMICILIAR / 001 ASSISTENCIA DOMICILIAR,2
2023,1,SP,São Paulo,3550308,São Paulo,3522120109211,2022-11-30,2022-12-02,355030,113 SERVICO DE ATENCAO DOMICILIAR / 001 ASSISTENCIA DOMICILIAR,1
2023,1,SP,São Paulo,3550308,São Paulo,3522120109211,2022-11-30,2022-12-02,355030,113 SERVICO DE ATENCAO DOMICILIAR / 001 ASSISTENCIA DOMICILIAR,1
2023,1,SP,São Paulo,3550308,São Paulo,3522120109233,2022-12-06,2022-12-10,355030,113 SERVICO DE ATENCAO DOMICILIAR / 001 ASSISTENCIA DOMICILIAR,1
2023,1,SP,São Paulo,3550308,São Paulo,3522120109233,2022-12-06,2022-12-10,355030,113 SERVICO DE ATENCAO DOMICILIAR / 001 ASSISTENCIA DOMICILIAR,1
2023,1,SP,São Paulo,3550308,São Paulo,3522120109299,2022-12-05,2022-12-13,353440,126 SERVICO DE FISIOTERAPIA / 001 ASSISTENCIA FISIOTERAPEUTICA EM ALTERACOES OBSTETRICAS NEON,3
2023,1,SP,São Paulo,3550308,São Paulo,3522120109299,2022-12-05,2022-12-13,353440,126 SERVICO DE FISIOTERAPIA / 001 ASSISTENCIA FISIOTERAPEUTICA EM ALTERACOES OBSTETRICAS NEON,3
2023,1,SP,São Paulo,3550308,São Paulo,3522120109300,2022-10-18,2022-12-02,353440,126 SERVICO DE FISIOTERAPIA / 001 ASSISTENCIA FISIOTERAPEUTICA EM ALTERACOES OBSTETRICAS NEON,1
2023,1,SP,São Paulo,3550308,São Paulo,3522120109300,2022-10-18,2022-12-02,353440,126 SERVICO DE FISIOTERAPIA / 001 ASSISTENCIA FISIOTERAPEUTICA EM ALTERACOES OBSTETRICAS NEON,1
2023,1,SP,São Paulo,3550308,São Paulo,3522120109300,2022-10-18,2022-12-02,353440,126 SERVICO DE FISIOTERAPIA / 001 ASSISTENCIA FISIOTERAPEUTICA EM ALTERACOES OBSTETRICAS NEON,12
2023,1,SP,São Paulo,3550308,São Paulo,3522120109300,2022-10-18,2022-12-02,353440,126 SERVICO DE FISIOTERAPIA / 001 ASSISTENCIA FISIOTERAPEUTICA EM ALTERACOES OBSTETRICAS NEON,12
2023,1,SP,São Paulo,3550308,São Paulo,3522120109321,2022-12-25,2022-12-26,350390,,0
2023,1,SP,São Paulo,3550308,São Paulo,3522120109332,2022-12-08,2022-12-11,355030,,0
2023,1,SP,São Paulo,3550308,São Paulo,3522120109343,2022-12-08,2022-12-09,353440,113 SERVICO DE ATENCAO DOMICILIAR / 001 ASSISTENCIA DOMICILIAR,1
2023,1,SP,São Paulo,3550308,São Paulo,3522120109343,2022-12-08,2022-12-09,353440,113 SERVICO DE ATENCAO DOMICILIAR / 001 ASSISTENCIA DOMICILIAR,1
2023,1,SP,São Paulo,3550308,São Paulo,3522120109420,2022-12-02,2022-12-03,310900,126 SERVICO DE FISIOTERAPIA / 001 ASSISTENCIA FISIOTERAPEUTICA EM ALTERACOES OBSTETRICAS NEON,1
2023,1,SP,São Paulo,3550308,São Paulo,3522120109420,2022-12-02,2022-12-03,310900,126 SERVICO DE FISIOTERAPIA / 001 ASSISTENCIA FISIOTERAPEUTICA EM ALTERACOES OBSTETRICAS NEON,1
2023,1,SP,São Paulo,3550308,São Paulo,3522120109475,2022-12-14,2022-12-26,355030,113 SERVICO DE ATENCAO DOMICILIAR / 001 ASSISTENCIA DOMICILIAR,3
2023,1,SP,São Paulo,3550308,São Paulo,3522120109475,2022-12-14,2022-12-26,355030,113 SERVICO DE ATENCAO DOMICILIAR / 001 ASSISTENCIA DOMICILIAR,3
2023,1,SP,São Paulo,3550308,São Paulo,3522120109486,2022-11-28,2022-12-03,355030,113 SERVICO DE ATENCAO DOMICILIAR / 001 ASSISTENCIA DOMICILIAR,2
2023,1,SP,São Paulo,3550308,São Paulo,3522120109486,2022-11-28,2022-12-03,355030,113 SERVICO DE ATENCAO DOMICILIAR / 001 ASSISTENCIA DOMICILIAR,2
2023,1,SP,São Paulo,3550308,São Paulo,3522120109486,2022-11-28,2022-12-03,355030,126 SERVICO DE FISIOTERAPIA / 001 ASSISTENCIA FISIOTERAPEUTICA EM ALTERACOES OBSTETRICAS NEON,1
2023,1,SP,São Paulo,3550308,São Paulo,3522120109486,2022-11-28,2022-12-03,355030,126 SERVICO DE FISIOTERAPIA / 001 ASSISTENCIA FISIOTERAPEUTICA EM ALTERACOES OBSTETRICAS NEON,1
2023,1,SP,São Paulo,3550308,São Paulo,3522120109520,2022-12-22,2022-12-23,355030,,0
2023,1,SP,São Paulo,3550308,São Paulo,3522120109596,2022-12-16,2022-12-21,110002,113 SERVICO DE ATENCAO DOMICILIAR / 001 ASSISTENCIA DOMICILIAR,4
2023,1,SP,São Paulo,3550308,São Paulo,3522120109596,2022-12-16,2022-12-21,110002,113 SERVICO DE ATENCAO DOMICILIAR / 001 ASSISTENCIA DOMICILIAR,4
2023,1,SP,São Paulo,3550308,São Paulo,3522120109596,2022-12-16,2022-12-21,110002,126 SERVICO DE FISIOTERAPIA / 007 ASSISTENCIA FISIOTERAPEUTICA NAS ALTERACOES EM NEUROLOGIA,4
2023,1,SP,São Paulo,3550308,São Paulo,3522120109596,2022-12-16,2022-12-21,110002,126 SERVICO DE FISIOTERAPIA / 007 ASSISTENCIA FISIOTERAPEUTICA NAS ALTERACOES EM NEUROLOGIA,4
2023,1,SP,São Paulo,3550308,São Paulo,3522120109629,2022-12-22,2022-12-24,355030,113 SERVICO DE ATENCAO DOMICILIAR / 001 ASSISTENCIA DOMICILIAR,1
2023,1,SP,São Paulo,3550308,São Paulo,3522120109629,2022-12-22,2022-12-24,355030,113 SERVICO DE ATENCAO DOMICILIAR / 001 ASSISTENCIA DOMICILIAR,1
2023,1,SP,São Paulo,3550308,São Paulo,3522120109640,2022-12-20,2022-12-23,353930,113 SERVICO DE ATENCAO DOMICILIAR / 001 ASSISTENCIA DOMICILIAR,2
2023,1,SP,São Paulo,3550308,São Paulo,3522120109640,2022-12-20,2022-12-23,353930,113 SERVICO DE ATENCAO DOMICILIAR / 001 ASSISTENCIA DOMICILIAR,2
2023,1,SP,São Paulo,3550308,São Paulo,3522120109662,2022-12-19,2022-12-19,350950,142 SERVICO DE ENDOSCOPIA / 001 DO APARELHO DIGESTIVO,0
2023,1,SP,São Paulo,3550308,São Paulo,3522120109662,2022-12-19,2022-12-19,350950,142 SERVICO DE ENDOSCOPIA / 001 DO APARELHO DIGESTIVO,0
2023,1,SP,São Paulo,3550308,São Paulo,3522120109739,2022-11-21,2022-11-24,130260,113 SERVICO DE ATENCAO DOMICILIAR / 001 ASSISTENCIA DOMICILIAR,1
2023,1,SP,São Paulo,3550308,São Paulo,3522120109739,2022-11-21,2022-11-24,130260,113 SERVICO DE ATENCAO DOMICILIAR / 001 ASSISTENCIA DOMICILIAR,1
2023,1,SP,São Paulo,3550308,São Paulo,3522120109739,2022-11-21,2022-11-24,130260,113 SERVICO DE ATENCAO DOMICILIAR / 001 ASSISTENCIA DOMICILIAR,1
2023,1,SP,São Paulo,3550308,São Paulo,3522120109739,2022-11-21,2022-11-24,130260,113 SERVICO DE ATENCAO DOMICILIAR / 001 ASSISTENCIA DOMICILIAR,1
2023,1,SP,São Paulo,3550308,São Paulo,3522120109772,2022-12-12,2022-12-23,351050,113 SERVICO DE ATENCAO DOMICILIAR / 001 ASSISTENCIA DOMICILIAR,7
2023,1,SP,São Paulo,3550308,São Paulo,3522120109772,2022-12-12,2022-12-23,351050,113 SERVICO DE ATENCAO DOMICILIAR / 001 ASSISTENCIA DOMICILIAR,7
2023,1,SP,São Paulo,3550308,São Paulo,3522120109794,2022-12-05,2022-12-13,355030,126 SERVICO DE FISIOTERAPIA / 001 ASSISTENCIA FISIOTERAPEUTICA EM ALTERACOES OBSTETRICAS NEON,7
2023,1,SP,São Paulo,3550308,São Paulo,3522120109794,2022-12-05,2022-12-13,355030,126 SERVICO DE FISIOTERAPIA / 001 ASSISTENCIA FISIOTERAPEUTICA EM ALTERACOES OBSTETRICAS NEON,7
2023,1,SP,São Paulo,3550308,São Paulo,3522120110003,2022-12-04,2022-12-06,355030,126 SERVICO DE FISIOTERAPIA / 001 ASSISTENCIA FISIOTERAPEUTICA EM ALTERACOES OBSTETRICAS NEON,1
2023,1,SP,São Paulo,3550308,São Paulo,3522120110003,2022-12-04,2022-12-06,355030,126 SERVICO DE FISIOTERAPIA / 001 ASSISTENCIA FISIOTERAPEUTICA EM ALTERACOES OBSTETRICAS NEON,1
2023,1,SP,São Paulo,3550308,São Paulo,3522120110014,2022-12-15,2022-12-22,355030,126 SERVICO DE FISIOTERAPIA / 002 ASSISTENCIA FISIOTERAPEUTICA EM ALTERACOES ONCOLOGICAS,27
2023,1,SP,São Paulo,3550308,São Paulo,3522120110014,2022-12-15,2022-12-22,355030,126 SERVICO DE FISIOTERAPIA / 002 ASSISTENCIA FISIOTERAPEUTICA EM ALTERACOES ONCOLOGICAS,27
2023,1,SP,São Paulo,3550308,São Paulo,3522120110014,2022-12-15,2022-12-22,355030,113 SERVICO DE ATENCAO DOMICILIAR / 001 ASSISTENCIA DOMICILIAR,16
2023,1,SP,São Paulo,3550308,São Paulo,3522120110014,2022-12-15,2022-12-22,355030,113 SERVICO DE ATENCAO DOMICILIAR / 001 ASSISTENCIA DOMICILIAR,16
2023,1,SP,São Paulo,3550308,São Paulo,3522120110146,2022-12-01,2022-12-05,355030,126 SERVICO DE FISIOTERAPIA / 001 ASSISTENCIA FISIOTERAPEUTICA EM ALTERACOES OBSTETRICAS NEON,5
2023,1,SP,São Paulo,3550308,São Paulo,3522120110146,2022-12-01,2022-12-05,355030,126 SERVICO DE FISIOTERAPIA / 001 ASSISTENCIA FISIOTERAPEUTICA EM ALTERACOES OBSTETRICAS NEON,5
2023,1,SP,São Paulo,3550308,São Paulo,3522120110146,2022-12-01,2022-12-05,355030,113 SERVICO DE ATENCAO DOMICILIAR / 001 ASSISTENCIA DOMICILIAR,2
2023,1,SP,São Paulo,3550308,São Paulo,3522120110146,2022-12-01,2022-12-05,355030,113 SERVICO DE ATENCAO DOMICILIAR / 001 ASSISTENCIA DOMICILIAR,2
2023,1,SP,São Paulo,3550308,São Paulo,3522120110157,2022-12-16,2022-12-28,351880,113 SERVICO DE ATENCAO DOMICILIAR / 001 ASSISTENCIA DOMICILIAR,10
2023,1,SP,São Paulo,3550308,São Paulo,3522120110157,2022-12-16,2022-12-28,351880,113 SERVICO DE ATENCAO DOMICILIAR / 001 ASSISTENCIA DOMICILIAR,10
2023,1,SP,São Paulo,3550308,São Paulo,3522120110168,2022-11-29,2022-12-03,355030,126 SERVICO DE FISIOTERAPIA / 001 ASSISTENCIA FISIOTERAPEUTICA EM ALTERACOES OBSTETRICAS NEON,1
2023,1,SP,São Paulo,3550308,São Paulo,3522120110168,2022-11-29,2022-12-03,355030,126 SERVICO DE FISIOTERAPIA / 001 ASSISTENCIA FISIOTERAPEUTICA EM ALTERACOES OBSTETRICAS NEON,1
2023,1,SP,São Paulo,3550308,São Paulo,3522120110201,2022-12-21,2022-12-23,355030,113 SERVICO DE ATENCAO DOMICILIAR / 001 ASSISTENCIA DOMICILIAR,1
2023,1,SP,São Paulo,3550308,São Paulo,3522120110201,2022-12-21,2022-12-23,355030,113 SERVICO DE ATENCAO DOMICILIAR / 001 ASSISTENCIA DOMICILIAR,1
2023,1,SP,São Paulo,3550308,São Paulo,3522120110223,2022-12-02,2022-12-16,355280,126 SERVICO DE FISIOTERAPIA / 002 ASSISTENCIA FISIOTERAPEUTICA EM ALTERACOES ONCOLOGICAS,3
2023,1,SP,São Paulo,3550308,São Paulo,3522120110223,2022-12-02,2022-12-16,355280,126 SERVICO DE FISIOTERAPIA / 002 ASSISTENCIA FISIOTERAPEUTICA EM ALTERACOES ONCOLOGICAS,3
2023,1,SP,São Paulo,3550308,São Paulo,3522120110223,2022-12-02,2022-12-16,355280,113 SERVICO DE ATENCAO DOMICILIAR / 001 ASSISTENCIA DOMICILIAR,2
2023,1,SP,São Paulo,3550308,São Paulo,3522120110223,2022-12-02,2022-12-16,355280,113 SERVICO DE ATENCAO DOMICILIAR / 001 ASSISTENCIA DOMICILIAR,2
2023,1,SP,São Paulo,3550308,São Paulo,3522120110311,2022-11-03,2022-11-06,355030,,3
2023,1,SP,São Paulo,3550308,São Paulo,3522120110322,2022-11-25,2022-12-06,353980,,0
2023,1,SP,São Paulo,3550308,São Paulo,3522120110333,2022-12-18,2022-12-27,352940,,0
2023,1,SP,São Paulo,3550308,São Paulo,3522120110344,2022-12-19,2022-12-22,351300,126 SERVICO DE FISIOTERAPIA / 002 ASSISTENCIA FISIOTERAPEUTICA EM ALTERACOES ONCOLOGICAS,1
2023,1,SP,São Paulo,3550308,São Paulo,3522120110344,2022-12-19,2022-12-22,351300,126 SERVICO DE FISIOTERAPIA / 002 ASSISTENCIA FISIOTERAPEUTICA EM ALTERACOES ONCOLOGICAS,1
2023,1,SP,São Paulo,3550308,São Paulo,3522120110355,2022-12-23,2022-12-26,351300,113 SERVICO DE ATENCAO DOMICILIAR / 001 ASSISTENCIA DOMICILIAR,1
2023,1,SP,São Paulo,3550308,São Paulo,3522120110355,2022-12-23,2022-12-26,351300,113 SERVICO DE ATENCAO DOMICILIAR / 001 ASSISTENCIA DOMICILIAR,1
2023,1,SP,São Paulo,3550308,São Paulo,3522120110454,2022-11-29,2022-12-23,355030,,5
2023,1,SP,São Paulo,3550308,São Paulo,3522120110487,2022-11-14,2022-12-29,354870,,5
2023,1,SP,São Paulo,3550308,São Paulo,3522120110498,2022-12-29,2022-12-30,354870,,1
2023,1,SP,São Paulo,3550308,São Paulo,3522120110531,2022-11-21,2022-12-23,355030,,5
2023,1,SP,São Paulo,3550308,São Paulo,3522120110553,2022-12-21,2022-12-24,355030,113 SERVICO DE ATENCAO DOMICILIAR / 001 ASSISTENCIA DOMICILIAR,1
2023,1,SP,São Paulo,3550308,São Paulo,3522120110553,2022-12-21,2022-12-24,355030,113 SERVICO DE ATENCAO DOMICILIAR / 001 ASSISTENCIA DOMICILIAR,1
2023,1,SP,São Paulo,3550308,São Paulo,3522120110718,2022-12-08,2022-12-13,355030,126 SERVICO DE FISIOTERAPIA / 001 ASSISTENCIA FISIOTERAPEUTICA EM ALTERACOES OBSTETRICAS NEON,1
2023,1,SP,São Paulo,3550308,São Paulo,3522120110718,2022-12-08,2022-12-13,355030,126 SERVICO DE FISIOTERAPIA / 001 ASSISTENCIA FISIOTERAPEUTICA EM ALTERACOES OBSTETRICAS NEON,1
2023,1,SP,São Paulo,3550308,São Paulo,3522120110718,2022-12-08,2022-12-13,355030,126 SERVICO DE FISIOTERAPIA / 001 ASSISTENCIA FISIOTERAPEUTICA EM ALTERACOES OBSTETRICAS NEON,6
2023,1,SP,São Paulo,3550308,São Paulo,3522120110718,2022-12-08,2022-12-13,355030,126 SERVICO DE FISIOTERAPIA / 001 ASSISTENCIA FISIOTERAPEUTICA EM ALTERACOES OBSTETRICAS NEON,6
2023,1,SP,São Paulo,3550308,São Paulo,3522120110718,2022-12-08,2022-12-13,355030,,0
2023,1,SP,São Paulo,3550308,São Paulo,3522120110729,2022-12-15,2022-12-28,355030,113 SERVICO DE ATENCAO DOMICILIAR / 001 ASSISTENCIA DOMICILIAR,4
2023,1,SP,São Paulo,3550308,São Paulo,3522120110729,2022-12-15,2022-12-28,355030,113 SERVICO DE ATENCAO DOMICILIAR / 001 ASSISTENCIA DOMICILIAR,4
2023,1,SP,São Paulo,3550308,São Paulo,3522120110729,2022-12-15,2022-12-28,355030,113 SERVICO DE ATENCAO DOMICILIAR / 001 ASSISTENCIA DOMICILIAR,26
2023,1,SP,São Paulo,3550308,São Paulo,3522120110729,2022-12-15,2022-12-28,355030,113 SERVICO DE ATENCAO DOMICILIAR / 001 ASSISTENCIA DOMICILIAR,26
2023,1,SP,São Paulo,3550308,São Paulo,3522120110729,2022-12-15,2022-12-28,355030,126 SERVICO DE FISIOTERAPIA / 002 ASSISTENCIA FISIOTERAPEUTICA EM ALTERACOES ONCOLOGICAS,47
2023,1,SP,São Paulo,3550308,São Paulo,3522120110729,2022-12-15,2022-12-28,355030,126 SERVICO DE FISIOTERAPIA / 002 ASSISTENCIA FISIOTERAPEUTICA EM ALTERACOES ONCOLOGICAS,47
2023,1,SP,São Paulo,3550308,São Paulo,3522120110740,2022-11-26,2022-12-01,355030,113 SERVICO DE ATENCAO DOMICILIAR / 001 ASSISTENCIA DOMICILIAR,2
2023,1,SP,São Paulo,3550308,São Paulo,3522120110740,2022-11-26,2022-12-01,355030,113 SERVICO DE ATENCAO DOMICILIAR / 001 ASSISTENCIA DOMICILIAR,2
2023,1,SP,São Paulo,3550308,São Paulo,3522120110817,2022-12-04,2022-12-07,354980,126 SERVICO DE FISIOTERAPIA / 001 ASSISTENCIA FISIOTERAPEUTICA EM ALTERACOES OBSTETRICAS NEON,2
2023,1,SP,São Paulo,3550308,São Paulo,3522120110817,2022-12-04,2022-12-07,354980,126 SERVICO DE FISIOTERAPIA / 001 ASSISTENCIA FISIOTERAPEUTICA EM ALTERACOES OBSTETRICAS NEON,2
2023,1,SP,São Paulo,3550308,São Paulo,3522120110817,2022-12-04,2022-12-07,354980,113 SERVICO DE ATENCAO DOMICILIAR / 001 ASSISTENCIA DOMICILIAR,2
2023,1,SP,São Paulo,3550308,São Paulo,3522120110817,2022-12-04,2022-12-07,354980,113 SERVICO DE ATENCAO DOMICILIAR / 001 ASSISTENCIA DOMICILIAR,2
2023,1,SP,São Paulo,3550308,São Paulo,3522120110905,2022-11-09,2022-12-27,355030,113 SERVICO DE ATENCAO DOMICILIAR / 001 ASSISTENCIA DOMICILIAR,14
2023,1,SP,São Paulo,3550308,São Paulo,3522120110905,2022-11-09,2022-12-27,355030,113 SERVICO DE ATENCAO DOMICILIAR / 001 ASSISTENCIA DOMICILIAR,14
2023,1,SP,São Paulo,3550308,São Paulo,3522120110905,2022-11-09,2022-12-27,355030,113 SERVICO DE ATENCAO DOMICILIAR / 001 ASSISTENCIA DOMICILIAR,35
2023,1,SP,São Paulo,3550308,São Paulo,3522120110905,2022-11-09,2022-12-27,355030,113 SERVICO DE ATENCAO DOMICILIAR / 001 ASSISTENCIA DOMICILIAR,35
2023,1,SP,São Paulo,3550308,São Paulo,3522120110993,2022-11-28,2022-12-07,355030,126 SERVICO DE FISIOTERAPIA / 001 ASSISTENCIA FISIOTERAPEUTICA EM ALTERACOES OBSTETRICAS NEON,2
2023,1,SP,São Paulo,3550308,São Paulo,3522120110993,2022-11-28,2022-12-07,355030,126 SERVICO DE FISIOTERAPIA / 001 ASSISTENCIA FISIOTERAPEUTICA EM ALTERACOES OBSTETRICAS NEON,2
2023,1,SP,São Paulo,3550308,São Paulo,3522120110993,2022-11-28,2022-12-07,355030,,0
2023,1,SP,São Paulo,3550308,São Paulo,3522120111015,2022-12-24,2022-12-28,355030,113 SERVICO DE ATENCAO DOMICILIAR / 001 ASSISTENCIA DOMICILIAR,2
2023,1,SP,São Paulo,3550308,São Paulo,3522120111015,2022-12-24,2022-12-28,355030,113 SERVICO DE ATENCAO DOMICILIAR / 001 ASSISTENCIA DOMICILIAR,2
2023,1,SP,São Paulo,3550308,São Paulo,3522120111037,2022-11-27,2022-12-27,355030,126 SERVICO DE FISIOTERAPIA / 007 ASSISTENCIA FISIOTERAPEUTICA NAS ALTERACOES EM NEUROLOGIA,16
2023,1,SP,São Paulo,3550308,São Paulo,3522120111037,2022-11-27,2022-12-27,355030,126 SERVICO DE FISIOTERAPIA / 007 ASSISTENCIA FISIOTERAPEUTICA NAS ALTERACOES EM NEUROLOGIA,16
2023,1,SP,São Paulo,3550308,São Paulo,3522120111048,2022-11-28,2022-12-01,351060,,0
2023,1,SP,São Paulo,3550308,São Paulo,3522120111059,2022-11-29,2022-12-01,355030,126 SERVICO DE FISIOTERAPIA / 001 ASSISTENCIA FISIOTERAPEUTICA EM ALTERACOES OBSTETRICAS NEON,2
2023,1,SP,São Paulo,3550308,São Paulo,3522120111059,2022-11-29,2022-12-01,355030,126 SERVICO DE FISIOTERAPIA / 001 ASSISTENCIA FISIOTERAPEUTICA EM ALTERACOES OBSTETRICAS NEON,2
2023,1,SP,São Paulo,3550308,São Paulo,3522120111059,2022-11-29,2022-12-01,355030,113 SERVICO DE ATENCAO DOMICILIAR / 001 ASSISTENCIA DOMICILIAR,1
2023,1,SP,São Paulo,3550308,São Paulo,3522120111059,2022-11-29,2022-12-01,355030,113 SERVICO DE ATENCAO DOMICILIAR / 001 ASSISTENCIA DOMICILIAR,1
2023,1,SP,São Paulo,3550308,São Paulo,3522120111092,2022-12-23,2022-12-24,355030,,1
2023,1,SP,São Paulo,3550308,São Paulo,3522120111125,2022-12-10,2022-12-21,355030,113 SERVICO DE ATENCAO DOMICILIAR / 001 ASSISTENCIA DOMICILIAR,2
2023,1,SP,São Paulo,3550308,São Paulo,3522120111125,2022-12-10,2022-12-21,355030,113 SERVICO DE ATENCAO DOMICILIAR / 001 ASSISTENCIA DOMICILIAR,2
2023,1,SP,São Paulo,3550308,São Paulo,3522120111136,2022-12-22,2022-12-23,355030,113 SERVICO DE ATENCAO DOMICILIAR / 001 ASSISTENCIA DOMICILIAR,4
2023,1,SP,São Paulo,3550308,São Paulo,3522120111136,2022-12-22,2022-12-23,355030,113 SERVICO DE ATENCAO DOMICILIAR / 001 ASSISTENCIA DOMICILIAR,4
2023,1,SP,São Paulo,3550308,São Paulo,3522120111136,2022-12-22,2022-12-23,355030,126 SERVICO DE FISIOTERAPIA / 002 ASSISTENCIA FISIOTERAPEUTICA EM ALTERACOES ONCOLOGICAS,7
2023,1,SP,São Paulo,3550308,São Paulo,3522120111136,2022-12-22,2022-12-23,355030,126 SERVICO DE FISIOTERAPIA / 002 ASSISTENCIA FISIOTERAPEUTICA EM ALTERACOES ONCOLOGICAS,7
2023,1,SP,São Paulo,3550308,São Paulo,3522120111257,2022-12-18,2022-12-21,355030,126 SERVICO DE FISIOTERAPIA / 004 ASSISTENCIA FISIOTERAPEUTICA CARDIOVASCULARES E PNEUMOFUNCI,7
2023,1,SP,São Paulo,3550308,São Paulo,3522120111257,2022-12-18,2022-12-21,355030,126 SERVICO DE FISIOTERAPIA / 004 ASSISTENCIA FISIOTERAPEUTICA CARDIOVASCULARES E PNEUMOFUNCI,7
2023,1,SP,São Paulo,3550308,São Paulo,3522120111279,2022-12-17,2022-12-23,353440,113 SERVICO DE ATENCAO DOMICILIAR / 001 ASSISTENCIA DOMICILIAR,7
2023,1,SP,São Paulo,3550308,São Paulo,3522120111279,2022-12-17,2022-12-23,353440,113 SERVICO DE ATENCAO DOMICILIAR / 001 ASSISTENCIA DOMICILIAR,7
2023,1,SP,São Paulo,3550308,São Paulo,3522120111301,2022-12-17,2022-12-27,355030,113 SERVICO DE ATENCAO DOMICILIAR / 001 ASSISTENCIA DOMICILIAR,9
2023,1,SP,São Paulo,3550308,São Paulo,3522120111301,2022-12-17,2022-12-27,355030,113 SERVICO DE ATENCAO DOMICILIAR / 001 ASSISTENCIA DOMICILIAR,9
2023,1,SP,São Paulo,3550308,São Paulo,3522120111312,2022-12-18,2022-12-28,353440,113 SERVICO DE ATENCAO DOMICILIAR / 001 ASSISTENCIA DOMICILIAR,31
2023,1,SP,São Paulo,3550308,São Paulo,3522120111312,2022-12-18,2022-12-28,353440,113 SERVICO DE ATENCAO DOMICILIAR / 001 ASSISTENCIA DOMICILIAR,31
2023,1,SP,São Paulo,3550308,São Paulo,3522120111312,2022-12-18,2022-12-28,353440,113 SERVICO DE ATENCAO DOMICILIAR / 001 ASSISTENCIA DOMICILIAR,1
2023,1,SP,São Paulo,3550308,São Paulo,3522120111312,2022-12-18,2022-12-28,353440,113 SERVICO DE ATENCAO DOMICILIAR / 001 ASSISTENCIA DOMICILIAR,1
2023,1,SP,São Paulo,3550308,São Paulo,3522120111466,2022-12-21,2022-12-22,352940,,1
2023,1,SP,São Paulo,3550308,São Paulo,3522120111532,2022-12-21,2022-12-24,353980,,0
2023,1,SP,São Paulo,3550308,São Paulo,3522120111642,2022-12-24,2022-12-29,355030,113 SERVICO DE ATENCAO DOMICILIAR / 001 ASSISTENCIA DOMICILIAR,1
2023,1,SP,São Paulo,3550308,São Paulo,3522120111642,2022-12-24,2022-12-29,355030,113 SERVICO DE ATENCAO DOMICILIAR / 001 ASSISTENCIA DOMICILIAR,1
2023,1,SP,São Paulo,3550308,São Paulo,3522120111675,2022-12-24,2022-12-29,355030,113 SERVICO DE ATENCAO DOMICILIAR / 001 ASSISTENCIA DOMICILIAR,2
2023,1,SP,São Paulo,3550308,São Paulo,3522120111675,2022-12-24,2022-12-29,355030,113 SERVICO DE ATENCAO DOMICILIAR / 001 ASSISTENCIA DOMICILIAR,2
2023,1,SP,São Paulo,3550308,São Paulo,3522120111697,2022-12-25,2022-12-27,354730,126 SERVICO DE FISIOTERAPIA / 002 ASSISTENCIA FISIOTERAPEUTICA EM ALTERACOES ONCOLOGICAS,2
2023,1,SP,São Paulo,3550308,São Paulo,3522120111697,2022-12-25,2022-12-27,354730,126 SERVICO DE FISIOTERAPIA / 002 ASSISTENCIA FISIOTERAPEUTICA EM ALTERACOES ONCOLOGICAS,2
2023,1,SP,São Paulo,3550308,São Paulo,3522120111719,2022-12-25,2022-12-27,351060,126 SERVICO DE FISIOTERAPIA / 002 ASSISTENCIA FISIOTERAPEUTICA EM ALTERACOES ONCOLOGICAS,8
2023,1,SP,São Paulo,3550308,São Paulo,3522120111719,2022-12-25,2022-12-27,351060,126 SERVICO DE FISIOTERAPIA / 002 ASSISTENCIA FISIOTERAPEUTICA EM ALTERACOES ONCOLOGICAS,8
2023,1,SP,São Paulo,3550308,São Paulo,3522120111719,2022-12-25,2022-12-27,351060,113 SERVICO DE ATENCAO DOMICILIAR / 001 ASSISTENCIA DOMICILIAR,2
2023,1,SP,São Paulo,3550308,São Paulo,3522120111719,2022-12-25,2022-12-27,351060,113 SERVICO DE ATENCAO DOMICILIAR / 001 ASSISTENCIA DOMICILIAR,2
2023,1,SP,São Paulo,3550308,São Paulo,3522120111840,2022-10-25,2022-11-06,355030,126 SERVICO DE FISIOTERAPIA / 004 ASSISTENCIA FISIOTERAPEUTICA CARDIOVASCULARES E PNEUMOFUNCI,3
2023,1,SP,São Paulo,3550308,São Paulo,3522120111840,2022-10-25,2022-11-06,355030,126 SERVICO DE FISIOTERAPIA / 004 ASSISTENCIA FISIOTERAPEUTICA CARDIOVASCULARES E PNEUMOFUNCI,3
2023,1,SP,São Paulo,3550308,São Paulo,3522120111851,2022-11-16,2022-12-22,352500,126 SERVICO DE FISIOTERAPIA / 002 ASSISTENCIA FISIOTERAPEUTICA EM ALTERACOES ONCOLOGICAS,5
2023,1,SP,São Paulo,3550308,São Paulo,3522120111851,2022-11-16,2022-12-22,352500,126 SERVICO DE FISIOTERAPIA / 002 ASSISTENCIA FISIOTERAPEUTICA EM ALTERACOES ONCOLOGICAS,5
2023,1,SP,São Paulo,3550308,São Paulo,3522120111851,2022-11-16,2022-12-22,352500,126 SERVICO DE FISIOTERAPIA / 002 ASSISTENCIA FISIOTERAPEUTICA EM ALTERACOES ONCOLOGICAS,41
2023,1,SP,São Paulo,3550308,São Paulo,3522120111851,2022-11-16,2022-12-22,352500,126 SERVICO DE FISIOTERAPIA / 002 ASSISTENCIA FISIOTERAPEUTICA EM ALTERACOES ONCOLOGICAS,41
2023,1,SP,São Paulo,3550308,São Paulo,3522120111895,2022-12-15,2022-12-21,355030,126 SERVICO DE FISIOTERAPIA / 007 ASSISTENCIA FISIOTERAPEUTICA NAS ALTERACOES EM NEUROLOGIA,4
2023,1,SP,São Paulo,3550308,São Paulo,3522120111895,2022-12-15,2022-12-21,355030,126 SERVICO DE FISIOTERAPIA / 007 ASSISTENCIA FISIOTERAPEUTICA NAS ALTERACOES EM NEUROLOGIA,4
2023,1,SP,São Paulo,3550308,São Paulo,3522120111895,2022-12-15,2022-12-21,355030,113 SERVICO DE ATENCAO DOMICILIAR / 001 ASSISTENCIA DOMICILIAR,4
2023,1,SP,São Paulo,3550308,São Paulo,3522120111895,2022-12-15,2022-12-21,355030,113 SERVICO DE ATENCAO DOMICILIAR / 001 ASSISTENCIA DOMICILIAR,4
2023,1,SP,São Paulo,3550308,São Paulo,3522120111906,2022-12-14,2022-12-22,355030,126 SERVICO DE FISIOTERAPIA / 002 ASSISTENCIA FISIOTERAPEUTICA EM ALTERACOES ONCOLOGICAS,4
2023,1,SP,São Paulo,3550308,São Paulo,3522120111906,2022-12-14,2022-12-22,355030,126 SERVICO DE FISIOTERAPIA / 002 ASSISTENCIA FISIOTERAPEUTICA EM ALTERACOES ONCOLOGICAS,4
2023,1,SP,São Paulo,3550308,São Paulo,3522120111906,2022-12-14,2022-12-22,355030,113 SERVICO DE ATENCAO DOMICILIAR / 001 ASSISTENCIA DOMICILIAR,9
2023,1,SP,São Paulo,3550308,São Paulo,3522120111906,2022-12-14,2022-12-22,355030,113 SERVICO DE ATENCAO DOMICILIAR / 001 ASSISTENCIA DOMICILIAR,9
2023,1,SP,São Paulo,3550308,São Paulo,3522120111939,2022-11-24,2022-12-24,355030,113 SERVICO DE ATENCAO DOMICILIAR / 001 ASSISTENCIA DOMICILIAR,18
2023,1,SP,São Paulo,3550308,São Paulo,3522120111939,2022-11-24,2022-12-24,355030,113 SERVICO DE ATENCAO DOMICILIAR / 001 ASSISTENCIA DOMICILIAR,18
2023,1,SP,São Paulo,3550308,São Paulo,3522120111939,2022-11-24,2022-12-24,355030,113 SERVICO DE ATENCAO DOMICILIAR / 001 ASSISTENCIA DOMICILIAR,10
2023,1,SP,São Paulo,3550308,São Paulo,3522120111939,2022-11-24,2022-12-24,355030,113 SERVICO DE ATENCAO DOMICILIAR / 001 ASSISTENCIA DOMICILIAR,10
2023,1,SP,São Paulo,3550308,São Paulo,3522120111940,2022-12-12,2022-12-21,354780,126 SERVICO DE FISIOTERAPIA / 004 ASSISTENCIA FISIOTERAPEUTICA CARDIOVASCULARES E PNEUMOFUNCI,1
2023,1,SP,São Paulo,3550308,São Paulo,3522120111940,2022-12-12,2022-12-21,354780,126 SERVICO DE FISIOTERAPIA / 004 ASSISTENCIA FISIOTERAPEUTICA CARDIOVASCULARES E PNEUMOFUNCI,1
2023,1,SP,São Paulo,3550308,São Paulo,3522120111940,2022-12-12,2022-12-21,354780,,0
2023,1,SP,São Paulo,3550308,São Paulo,3522120111940,2022-12-12,2022-12-21,354780,113 SERVICO DE ATENCAO DOMICILIAR / 001 ASSISTENCIA DOMICILIAR,7
2023,1,SP,São Paulo,3550308,São Paulo,3522120111940,2022-12-12,2022-12-21,354780,113 SERVICO DE ATENCAO DOMICILIAR / 001 ASSISTENCIA DOMICILIAR,7
2023,1,SP,São Paulo,3550308,São Paulo,3522120111972,2022-12-19,2022-12-24,355030,126 SERVICO DE FISIOTERAPIA / 004 ASSISTENCIA FISIOTERAPEUTICA CARDIOVASCULARES E PNEUMOFUNCI,2
2023,1,SP,São Paulo,3550308,São Paulo,3522120111972,2022-12-19,2022-12-24,355030,126 SERVICO DE FISIOTERAPIA / 004 ASSISTENCIA FISIOTERAPEUTICA CARDIOVASCULARES E PNEUMOFUNCI,2
2023,1,SP,São Paulo,3550308,São Paulo,3522120111994,2022-12-05,2022-12-14,355030,113 SERVICO DE ATENCAO DOMICILIAR / 001 ASSISTENCIA DOMICILIAR,11
2023,1,SP,São Paulo,3550308,São Paulo,3522120111994,2022-12-05,2022-12-14,355030,113 SERVICO DE ATENCAO DOMICILIAR / 001 ASSISTENCIA DOMICILIAR,11
2023,1,SP,São Paulo,3550308,São Paulo,3522120112050,2022-12-15,2022-12-21,355030,,0
2023,1,SP,São Paulo,3550308,São Paulo,3522120112060,2022-12-04,2022-12-12,355030,126 SERVICO DE FISIOTERAPIA / 002 ASSISTENCIA FISIOTERAPEUTICA EM ALTERACOES ONCOLOGICAS,11
2023,1,SP,São Paulo,3550308,São Paulo,3522120112060,2022-12-04,2022-12-12,355030,126 SERVICO DE FISIOTERAPIA / 002 ASSISTENCIA FISIOTERAPEUTICA EM ALTERACOES ONCOLOGICAS,11
2023,1,SP,São Paulo,3550308,São Paulo,3522120112082,2022-12-15,2022-12-21,350570,113 SERVICO DE ATENCAO DOMICILIAR / 001 ASSISTENCIA DOMICILIAR,1
2023,1,SP,São Paulo,3550308,São Paulo,3522120112082,2022-12-15,2022-12-21,350570,113 SERVICO DE ATENCAO DOMICILIAR / 001 ASSISTENCIA DOMICILIAR,1
2023,1,SP,São Paulo,3550308,São Paulo,3522120112082,2022-12-15,2022-12-21,350570,126 SERVICO DE FISIOTERAPIA / 004 ASSISTENCIA FISIOTERAPEUTICA CARDIOVASCULARES E PNEUMOFUNCI,2
2023,1,SP,São Paulo,3550308,São Paulo,3522120112082,2022-12-15,2022-12-21,350570,126 SERVICO DE FISIOTERAPIA / 004 ASSISTENCIA FISIOTERAPEUTICA CARDIOVASCULARES E PNEUMOFUNCI,2
2023,1,SP,São Paulo,3550308,São Paulo,3522120112126,2022-12-15,2022-12-17,355030,113 SERVICO DE ATENCAO DOMICILIAR / 001 ASSISTENCIA DOMICILIAR,2
2023,1,SP,São Paulo,3550308,São Paulo,3522120112126,2022-12-15,2022-12-17,355030,113 SERVICO DE ATENCAO DOMICILIAR / 001 ASSISTENCIA DOMICILIAR,2
2023,1,SP,São Paulo,3550308,São Paulo,3522120112148,2022-11-15,2022-12-15,355280,113 SERVICO DE ATENCAO DOMICILIAR / 001 ASSISTENCIA DOMICILIAR,38
2023,1,SP,São Paulo,3550308,São Paulo,3522120112148,2022-11-15,2022-12-15,355280,113 SERVICO DE ATENCAO DOMICILIAR / 001 ASSISTENCIA DOMICILIAR,38
2023,1,SP,São Paulo,3550308,São Paulo,3522120112148,2022-11-15,2022-12-15,355280,113 SERVICO DE ATENCAO DOMICILIAR / 001 ASSISTENCIA DOMICILIAR,38
2023,1,SP,São Paulo,3550308,São Paulo,3522120112148,2022-11-15,2022-12-15,355280,113 SERVICO DE ATENCAO DOMICILIAR / 001 ASSISTENCIA DOMICILIAR,38
2023,1,SP,São Paulo,3550308,São Paulo,3522120112160,2022-12-22,2022-12-27,351300,113 SERVICO DE ATENCAO DOMICILIAR / 001 ASSISTENCIA DOMICILIAR,8
2023,1,SP,São Paulo,3550308,São Paulo,3522120112160,2022-12-22,2022-12-27,351300,113 SERVICO DE ATENCAO DOMICILIAR / 001 ASSISTENCIA DOMICILIAR,8
2023,1,SP,São Paulo,3550308,São Paulo,3522120112181,2022-11-29,2022-12-11,355030,113 SERVICO DE ATENCAO DOMICILIAR / 001 ASSISTENCIA DOMICILIAR,25
2023,1,SP,São Paulo,3550308,São Paulo,3522120112181,2022-11-29,2022-12-11,355030,113 SERVICO DE ATENCAO DOMICILIAR / 001 ASSISTENCIA DOMICILIAR,25
2023,1,SP,São Paulo,3550308,São Paulo,3522120112181,2022-11-29,2022-12-11,355030,113 SERVICO DE ATENCAO DOMICILIAR / 001 ASSISTENCIA DOMICILIAR,2
2023,1,SP,São Paulo,3550308,São Paulo,3522120112181,2022-11-29,2022-12-11,355030,113 SERVICO DE ATENCAO DOMICILIAR / 001 ASSISTENCIA DOMICILIAR,2
2023,1,SP,São Paulo,3550308,São Paulo,3522120112258,2022-12-06,2022-12-18,355030,126 SERVICO DE FISIOTERAPIA / 001 ASSISTENCIA FISIOTERAPEUTICA EM ALTERACOES OBSTETRICAS NEON,11
2023,1,SP,São Paulo,3550308,São Paulo,3522120112258,2022-12-06,2022-12-18,355030,126 SERVICO DE FISIOTERAPIA / 001 ASSISTENCIA FISIOTERAPEUTICA EM ALTERACOES OBSTETRICAS NEON,11
2023,1,SP,São Paulo,3550308,São Paulo,3522120112280,2022-12-06,2022-12-14,353440,126 SERVICO DE FISIOTERAPIA / 001 ASSISTENCIA FISIOTERAPEUTICA EM ALTERACOES OBSTETRICAS NEON,1
2023,1,SP,São Paulo,3550308,São Paulo,3522120112280,2022-12-06,2022-12-14,353440,126 SERVICO DE FISIOTERAPIA / 001 ASSISTENCIA FISIOTERAPEUTICA EM ALTERACOES OBSTETRICAS NEON,1
2023,1,SP,São Paulo,3550308,São Paulo,3522120112302,2022-11-20,2022-11-24,355030,126 SERVICO DE FISIOTERAPIA / 004 ASSISTENCIA FISIOTERAPEUTICA CARDIOVASCULARES E PNEUMOFUNCI,3
2023,1,SP,São Paulo,3550308,São Paulo,3522120112302,2022-11-20,2022-11-24,355030,126 SERVICO DE FISIOTERAPIA / 004 ASSISTENCIA FISIOTERAPEUTICA CARDIOVASCULARES E PNEUMOFUNCI,3
2023,1,SP,São Paulo,3550308,São Paulo,3522120112302,2022-11-20,2022-11-24,355030,126 SERVICO DE FISIOTERAPIA / 002 ASSISTENCIA FISIOTERAPEUTICA EM ALTERACOES ONCOLOGICAS,9
2023,1,SP,São Paulo,3550308,São Paulo,3522120112302,2022-11-20,2022-11-24,355030,126 SERVICO DE FISIOTERAPIA / 002 ASSISTENCIA FISIOTERAPEUTICA EM ALTERACOES ONCOLOGICAS,9
2023,1,SP,São Paulo,3550308,São Paulo,3522120112313,2022-11-25,2022-12-23,355030,113 SERVICO DE ATENCAO DOMICILIAR / 001 ASSISTENCIA DOMICILIAR,5
2023,1,SP,São Paulo,3550308,São Paulo,3522120112313,2022-11-25,2022-12-23,355030,113 SERVICO DE ATENCAO DOMICILIAR / 001 ASSISTENCIA DOMICILIAR,5
2023,1,SP,São Paulo,3550308,São Paulo,3522120112313,2022-11-25,2022-12-23,355030,126 SERVICO DE FISIOTERAPIA / 004 ASSISTENCIA FISIOTERAPEUTICA CARDIOVASCULARES E PNEUMOFUNCI,1
2023,1,SP,São Paulo,3550308,São Paulo,3522120112313,2022-11-25,2022-12-23,355030,126 SERVICO DE FISIOTERAPIA / 004 ASSISTENCIA FISIOTERAPEUTICA CARDIOVASCULARES E PNEUMOFUNCI,1
2023,1,SP,São Paulo,3550308,São Paulo,3522120112313,2022-11-25,2022-12-23,355030,113 SERVICO DE ATENCAO DOMICILIAR / 001 ASSISTENCIA DOMICILIAR,3
2023,1,SP,São Paulo,3550308,São Paulo,3522120112313,2022-11-25,2022-12-23,355030,113 SERVICO DE ATENCAO DOMICILIAR / 001 ASSISTENCIA DOMICILIAR,3
2023,1,SP,São Paulo,3550308,São Paulo,3522120112313,2022-11-25,2022-12-23,355030,126 SERVICO DE FISIOTERAPIA / 002 ASSISTENCIA FISIOTERAPEUTICA EM ALTERACOES ONCOLOGICAS,7
2023,1,SP,São Paulo,3550308,São Paulo,3522120112313,2022-11-25,2022-12-23,355030,126 SERVICO DE FISIOTERAPIA / 002 ASSISTENCIA FISIOTERAPEUTICA EM ALTERACOES ONCOLOGICAS,7
2023,1,SP,São Paulo,3550308,São Paulo,3522120112324,2022-11-06,2022-11-09,353440,,0
2023,1,SP,São Paulo,3550308,São Paulo,3522120112401,2022-10-19,2022-10-25,355030,126 SERVICO DE FISIOTERAPIA / 004 ASSISTENCIA FISIOTERAPEUTICA CARDIOVASCULARES E PNEUMOFUNCI,13
2023,1,SP,São Paulo,3550308,São Paulo,3522120112401,2022-10-19,2022-10-25,355030,126 SERVICO DE FISIOTERAPIA / 004 ASSISTENCIA FISIOTERAPEUTICA CARDIOVASCULARES E PNEUMOFUNCI,13
2023,1,SP,São Paulo,3550308,São Paulo,3522120112412,2022-10-26,2022-12-07,355030,113 SERVICO DE ATENCAO DOMICILIAR / 001 ASSISTENCIA DOMICILIAR,15
2023,1,SP,São Paulo,3550308,São Paulo,3522120112412,2022-10-26,2022-12-07,355030,113 SERVICO DE ATENCAO DOMICILIAR / 001 ASSISTENCIA DOMICILIAR,15
2023,1,SP,São Paulo,3550308,São Paulo,3522120112434,2022-12-09,2022-12-15,351500,126 SERVICO DE FISIOTERAPIA / 001 ASSISTENCIA FISIOTERAPEUTICA EM ALTERACOES OBSTETRICAS NEON,3
2023,1,SP,São Paulo,3550308,São Paulo,3522120112434,2022-12-09,2022-12-15,351500,126 SERVICO DE FISIOTERAPIA / 001 ASSISTENCIA FISIOTERAPEUTICA EM ALTERACOES OBSTETRICAS NEON,3
2023,1,SP,São Paulo,3550308,São Paulo,3522120112445,2022-12-08,2022-12-17,354780,,0
2023,1,SP,São Paulo,3550308,São Paulo,3522120112445,2022-12-08,2022-12-17,354780,113 SERVICO DE ATENCAO DOMICILIAR / 001 ASSISTENCIA DOMICILIAR,7
2023,1,SP,São Paulo,3550308,São Paulo,3522120112445,2022-12-08,2022-12-17,354780,113 SERVICO DE ATENCAO DOMICILIAR / 001 ASSISTENCIA DOMICILIAR,7
2023,1,SP,São Paulo,3550308,São Paulo,3522120112445,2022-12-08,2022-12-17,354780,126 SERVICO DE FISIOTERAPIA / 002 ASSISTENCIA FISIOTERAPEUTICA EM ALTERACOES ONCOLOGICAS,1
2023,1,SP,São Paulo,3550308,São Paulo,3522120112445,2022-12-08,2022-12-17,354780,126 SERVICO DE FISIOTERAPIA / 002 ASSISTENCIA FISIOTERAPEUTICA EM ALTERACOES ONCOLOGICAS,1
2023,1,SP,São Paulo,3550308,São Paulo,3522120112467,2022-11-30,2022-12-26,355030,113 SERVICO DE ATENCAO DOMICILIAR / 001 ASSISTENCIA DOMICILIAR,1
2023,1,SP,São Paulo,3550308,São Paulo,3522120112467,2022-11-30,2022-12-26,355030,113 SERVICO DE ATENCAO DOMICILIAR / 001 ASSISTENCIA DOMICILIAR,1
2023,1,SP,São Paulo,3550308,São Paulo,3522120112489,2022-11-26,2022-11-29,355030,,0
2023,1,SP,São Paulo,3550308,São Paulo,3522120112490,2022-11-30,2022-12-07,355030,113 SERVICO DE ATENCAO DOMICILIAR / 001 ASSISTENCIA DOMICILIAR,11
2023,1,SP,São Paulo,3550308,São Paulo,3522120112490,2022-11-30,2022-12-07,355030,113 SERVICO DE ATENCAO DOMICILIAR / 001 ASSISTENCIA DOMICILIAR,11
2023,1,SP,São Paulo,3550308,São Paulo,3522120112490,2022-11-30,2022-12-07,355030,126 SERVICO DE FISIOTERAPIA / 004 ASSISTENCIA FISIOTERAPEUTICA CARDIOVASCULARES E PNEUMOFUNCI,16
2023,1,SP,São Paulo,3550308,São Paulo,3522120112490,2022-11-30,2022-12-07,355030,126 SERVICO DE FISIOTERAPIA / 004 ASSISTENCIA FISIOTERAPEUTICA CARDIOVASCULARES E PNEUMOFUNCI,16
2023,1,SP,São Paulo,3550308,São Paulo,3522120112511,2022-12-21,2022-12-23,352020,131 SERVICO DE OFTALMOLOGIA / 003 TRATAMENTO CIRURGICO DO APARELHO DA VISAO,0
2023,1,SP,São Paulo,3550308,São Paulo,3522120112511,2022-12-21,2022-12-23,352020,131 SERVICO DE OFTALMOLOGIA / 003 TRATAMENTO CIRURGICO DO APARELHO DA VISAO,0
2023,1,SP,São Paulo,3550308,São Paulo,3522120112533,2022-11-17,2022-12-01,355030,126 SERVICO DE FISIOTERAPIA / 007 ASSISTENCIA FISIOTERAPEUTICA NAS ALTERACOES EM NEUROLOGIA,3
2023,1,SP,São Paulo,3550308,São Paulo,3522120112533,2022-11-17,2022-12-01,355030,126 SERVICO DE FISIOTERAPIA / 007 ASSISTENCIA FISIOTERAPEUTICA NAS ALTERACOES EM NEUROLOGIA,3
2023,1,SP,São Paulo,3550308,São Paulo,3522120112533,2022-11-17,2022-12-01,355030,,0
2023,1,SP,São Paulo,3550308,São Paulo,3522120112533,2022-11-17,2022-12-01,355030,,0
2023,1,SP,São Paulo,3550308,São Paulo,3522120112544,2022-12-06,2022-12-16,355030,126 SERVICO DE FISIOTERAPIA / 004 ASSISTENCIA FISIOTERAPEUTICA CARDIOVASCULARES E PNEUMOFUNCI,4
2023,1,SP,São Paulo,3550308,São Paulo,3522120112544,2022-12-06,2022-12-16,355030,126 SERVICO DE FISIOTERAPIA / 004 ASSISTENCIA FISIOTERAPEUTICA CARDIOVASCULARES E PNEUMOFUNCI,4
2023,1,SP,São Paulo,3550308,São Paulo,3522120112544,2022-12-06,2022-12-16,355030,,0
2023,1,SP,São Paulo,3550308,São Paulo,3522120112555,2022-12-06,2022-12-09,355030,113 SERVICO DE ATENCAO DOMICILIAR / 001 ASSISTENCIA DOMICILIAR,1
2023,1,SP,São Paulo,3550308,São Paulo,3522120112555,2022-12-06,2022-12-09,355030,113 SERVICO DE ATENCAO DOMICILIAR / 001 ASSISTENCIA DOMICILIAR,1
2023,1,SP,São Paulo,3550308,São Paulo,3522120112555,2022-12-06,2022-12-09,355030,113 SERVICO DE ATENCAO DOMICILIAR / 001 ASSISTENCIA DOMICILIAR,4
2023,1,SP,São Paulo,3550308,São Paulo,3522120112555,2022-12-06,2022-12-09,355030,113 SERVICO DE ATENCAO DOMICILIAR / 001 ASSISTENCIA DOMICILIAR,4
2023,1,SP,São Paulo,3550308,São Paulo,3522120112588,2022-12-26,2022-12-26,353440,149 TRANSPLANTE / 015 ACOES PARA DOACAO E CAPTACAO DE ORGAOS E TECIDOS,0
2023,1,SP,São Paulo,3550308,São Paulo,3522120112588,2022-12-26,2022-12-26,353440,149 TRANSPLANTE / 015 ACOES PARA DOACAO E CAPTACAO DE ORGAOS E TECIDOS,0
2023,1,SP,São Paulo,3550308,São Paulo,3522120112599,2022-12-05,2022-12-06,351500,126 SERVICO DE FISIOTERAPIA / 001 ASSISTENCIA FISIOTERAPEUTICA EM ALTERACOES OBSTETRICAS NEON,1
2023,1,SP,São Paulo,3550308,São Paulo,3522120112599,2022-12-05,2022-12-06,351500,126 SERVICO DE FISIOTERAPIA / 001 ASSISTENCIA FISIOTERAPEUTICA EM ALTERACOES OBSTETRICAS NEON,1
2023,1,SP,São Paulo,3550308,São Paulo,3522120112621,2022-12-20,2022-12-27,350920,113 SERVICO DE ATENCAO DOMICILIAR / 001 ASSISTENCIA DOMICILIAR,7
2023,1,SP,São Paulo,3550308,São Paulo,3522120112621,2022-12-20,2022-12-27,350920,113 SERVICO DE ATENCAO DOMICILIAR / 001 ASSISTENCIA DOMICILIAR,7
2023,1,SP,São Paulo,3550308,São Paulo,3522120112709,2022-12-14,2022-12-26,355030,,0
2023,1,SP,São Paulo,3550308,São Paulo,3522120112731,2022-10-25,2022-11-25,355030,113 SERVICO DE ATENCAO DOMICILIAR / 001 ASSISTENCIA DOMICILIAR,17
2023,1,SP,São Paulo,3550308,São Paulo,3522120112731,2022-10-25,2022-11-25,355030,113 SERVICO DE ATENCAO DOMICILIAR / 001 ASSISTENCIA DOMICILIAR,17
2023,1,SP,São Paulo,3550308,São Paulo,3522120112731,2022-10-25,2022-11-25,355030,113 SERVICO DE ATENCAO DOMICILIAR / 001 ASSISTENCIA DOMICILIAR,35
2023,1,SP,São Paulo,3550308,São Paulo,3522120112731,2022-10-25,2022-11-25,355030,113 SERVICO DE ATENCAO DOMICILIAR / 001 ASSISTENCIA DOMICILIAR,35
2023,1,SP,São Paulo,3550308,São Paulo,3522120112819,2022-11-28,2022-11-30,150080,126 SERVICO DE FISIOTERAPIA / 001 ASSISTENCIA FISIOTERAPEUTICA EM ALTERACOES OBSTETRICAS NEON,2
2023,1,SP,São Paulo,3550308,São Paulo,3522120112819,2022-11-28,2022-11-30,150080,126 SERVICO DE FISIOTERAPIA / 001 ASSISTENCIA FISIOTERAPEUTICA EM ALTERACOES OBSTETRICAS NEON,2
2023,1,SP,São Paulo,3550308,São Paulo,3522120112820,2022-12-03,2022-12-12,351300,132 SERVICO DE ONCOLOGIA / 005 ONCOLOGIA CIRURGICA,0
2023,1,SP,São Paulo,3550308,São Paulo,3522120112820,2022-12-03,2022-12-12,351300,132 SERVICO DE ONCOLOGIA / 005 ONCOLOGIA CIRURGICA,0
2023,1,SP,São Paulo,3550308,São Paulo,3522120112841,2022-12-09,2022-12-16,355030,,0
2023,1,SP,São Paulo,3550308,São Paulo,3522120112852,2022-12-07,2022-12-13,355030,126 SERVICO DE FISIOTERAPIA / 001 ASSISTENCIA FISIOTERAPEUTICA EM ALTERACOES OBSTETRICAS NEON,3
2023,1,SP,São Paulo,3550308,São Paulo,3522120112852,2022-12-07,2022-12-13,355030,126 SERVICO DE FISIOTERAPIA / 001 ASSISTENCIA FISIOTERAPEUTICA EM ALTERACOES OBSTETRICAS NEON,3
2023,1,SP,São Paulo,3550308,São Paulo,3522120112852,2022-12-07,2022-12-13,355030,113 SERVICO DE ATENCAO DOMICILIAR / 001 ASSISTENCIA DOMICILIAR,2
2023,1,SP,São Paulo,3550308,São Paulo,3522120112852,2022-12-07,2022-12-13,355030,113 SERVICO DE ATENCAO DOMICILIAR / 001 ASSISTENCIA DOMICILIAR,2
2023,1,SP,São Paulo,3550308,São Paulo,3522120112885,2022-12-04,2022-12-15,351060,113 SERVICO DE ATENCAO DOMICILIAR / 001 ASSISTENCIA DOMICILIAR,14
2023,1,SP,São Paulo,3550308,São Paulo,3522120112885,2022-12-04,2022-12-15,351060,113 SERVICO DE ATENCAO DOMICILIAR / 001 ASSISTENCIA DOMICILIAR,14
2023,1,SP,São Paulo,3550308,São Paulo,3522120112930,2022-10-28,2022-11-03,355030,113 SERVICO DE ATENCAO DOMICILIAR / 001 ASSISTENCIA DOMICILIAR,2
2023,1,SP,São Paulo,3550308,São Paulo,3522120112930,2022-10-28,2022-11-03,355030,113 SERVICO DE ATENCAO DOMICILIAR / 001 ASSISTENCIA DOMICILIAR,2
2023,1,SP,São Paulo,3550308,São Paulo,3522120112930,2022-10-28,2022-11-03,355030,,0
2023,1,SP,São Paulo,3550308,São Paulo,3522120112930,2022-10-28,2022-11-03,355030,126 SERVICO DE FISIOTERAPIA / 004 ASSISTENCIA FISIOTERAPEUTICA CARDIOVASCULARES E PNEUMOFUNCI,7
2023,1,SP,São Paulo,3550308,São Paulo,3522120112930,2022-10-28,2022-11-03,355030,126 SERVICO DE FISIOTERAPIA / 004 ASSISTENCIA FISIOTERAPEUTICA CARDIOVASCULARES E PNEUMOFUNCI,7
2023,1,SP,São Paulo,3550308,São Paulo,3522120112984,2022-12-05,2022-12-09,355030,113 SERVICO DE ATENCAO DOMICILIAR / 001 ASSISTENCIA DOMICILIAR,5
2023,1,SP,São Paulo,3550308,São Paulo,3522120112984,2022-12-05,2022-12-09,355030,113 SERVICO DE ATENCAO DOMICILIAR / 001 ASSISTENCIA DOMICILIAR,5
2023,1,SP,São Paulo,3550308,São Paulo,3522120113006,2022-11-16,2022-12-25,351500,126 SERVICO DE FISIOTERAPIA / 001 ASSISTENCIA FISIOTERAPEUTICA EM ALTERACOES OBSTETRICAS NEON,2
2023,1,SP,São Paulo,3550308,São Paulo,3522120113006,2022-11-16,2022-12-25,351500,126 SERVICO DE FISIOTERAPIA / 001 ASSISTENCIA FISIOTERAPEUTICA EM ALTERACOES OBSTETRICAS NEON,2
2023,1,SP,São Paulo,3550308,São Paulo,3522120113006,2022-11-16,2022-12-25,351500,128 SERVICO DE HEMOTERAPIA / 004 MEDICINA TRANSFUSIONAL,5
2023,1,SP,São Paulo,3550308,São Paulo,3522120113006,2022-11-16,2022-12-25,351500,128 SERVICO DE HEMOTERAPIA / 004 MEDICINA TRANSFUSIONAL,5
2023,1,SP,São Paulo,3550308,São Paulo,3522120113006,2022-11-16,2022-12-25,351500,126 SERVICO DE FISIOTERAPIA / 001 ASSISTENCIA FISIOTERAPEUTICA EM ALTERACOES OBSTETRICAS NEON,2
2023,1,SP,São Paulo,3550308,São Paulo,3522120113006,2022-11-16,2022-12-25,351500,126 SERVICO DE FISIOTERAPIA / 001 ASSISTENCIA FISIOTERAPEUTICA EM ALTERACOES OBSTETRICAS NEON,2
2023,1,SP,São Paulo,3550308,São Paulo,3522120113006,2022-11-16,2022-12-25,351500,113 SERVICO DE ATENCAO DOMICILIAR / 001 ASSISTENCIA DOMICILIAR,9
2023,1,SP,São Paulo,3550308,São Paulo,3522120113006,2022-11-16,2022-12-25,351500,113 SERVICO DE ATENCAO DOMICILIAR / 001 ASSISTENCIA DOMICILIAR,9
2023,1,SP,São Paulo,3550308,São Paulo,3522120113006,2022-11-16,2022-12-25,351500,126 SERVICO DE FISIOTERAPIA / 002 ASSISTENCIA FISIOTERAPEUTICA EM ALTERACOES ONCOLOGICAS,26
2023,1,SP,São Paulo,3550308,São Paulo,3522120113006,2022-11-16,2022-12-25,351500,126 SERVICO DE FISIOTERAPIA / 002 ASSISTENCIA FISIOTERAPEUTICA EM ALTERACOES ONCOLOGICAS,26
2023,1,SP,São Paulo,3550308,São Paulo,3522120113017,2022-11-26,2022-12-10,355030,113 SERVICO DE ATENCAO DOMICILIAR / 001 ASSISTENCIA DOMICILIAR,10
2023,1,SP,São Paulo,3550308,São Paulo,3522120113017,2022-11-26,2022-12-10,355030,113 SERVICO DE ATENCAO DOMICILIAR / 001 ASSISTENCIA DOMICILIAR,10
2023,1,SP,São Paulo,3550308,São Paulo,3522120113017,2022-11-26,2022-12-10,355030,126 SERVICO DE FISIOTERAPIA / 004 ASSISTENCIA FISIOTERAPEUTICA CARDIOVASCULARES E PNEUMOFUNCI,1
2023,1,SP,São Paulo,3550308,São Paulo,3522120113017,2022-11-26,2022-12-10,355030,126 SERVICO DE FISIOTERAPIA / 004 ASSISTENCIA FISIOTERAPEUTICA CARDIOVASCULARES E PNEUMOFUNCI,1
2023,1,SP,São Paulo,3550308,São Paulo,3522120113017,2022-11-26,2022-12-10,355030,126 SERVICO DE FISIOTERAPIA / 004 ASSISTENCIA FISIOTERAPEUTICA CARDIOVASCULARES E PNEUMOFUNCI,2
2023,1,SP,São Paulo,3550308,São Paulo,3522120113017,2022-11-26,2022-12-10,355030,126 SERVICO DE FISIOTERAPIA / 004 ASSISTENCIA FISIOTERAPEUTICA CARDIOVASCULARES E PNEUMOFUNCI,2
2023,1,SP,São Paulo,3550308,São Paulo,3522120113017,2022-11-26,2022-12-10,355030,113 SERVICO DE ATENCAO DOMICILIAR / 001 ASSISTENCIA DOMICILIAR,8
2023,1,SP,São Paulo,3550308,São Paulo,3522120113017,2022-11-26,2022-12-10,355030,113 SERVICO DE ATENCAO DOMICILIAR / 001 ASSISTENCIA DOMICILIAR,8
2023,1,SP,São Paulo,3550308,São Paulo,3522120113028,2022-12-05,2022-12-12,355030,113 SERVICO DE ATENCAO DOMICILIAR / 001 ASSISTENCIA DOMICILIAR,12
2023,1,SP,São Paulo,3550308,São Paulo,3522120113028,2022-12-05,2022-12-12,355030,113 SERVICO DE ATENCAO DOMICILIAR / 001 ASSISTENCIA DOMICILIAR,12
2023,1,SP,São Paulo,3550308,São Paulo,3522120113028,2022-12-05,2022-12-12,355030,126 SERVICO DE FISIOTERAPIA / 004 ASSISTENCIA FISIOTERAPEUTICA CARDIOVASCULARES E PNEUMOFUNCI,12
2023,1,SP,São Paulo,3550308,São Paulo,3522120113028,2022-12-05,2022-12-12,355030,126 SERVICO DE FISIOTERAPIA / 004 ASSISTENCIA FISIOTERAPEUTICA CARDIOVASCULARES E PNEUMOFUNCI,12
2023,1,SP,São Paulo,3550308,São Paulo,3522120113050,2022-11-24,2022-11-30,351380,113 SERVICO DE ATENCAO DOMICILIAR / 001 ASSISTENCIA DOMICILIAR,4
2023,1,SP,São Paulo,3550308,São Paulo,3522120113050,2022-11-24,2022-11-30,351380,113 SERVICO DE ATENCAO DOMICILIAR / 001 ASSISTENCIA DOMICILIAR,4
2023,1,SP,São Paulo,3550308,São Paulo,3522120113094,2022-10-30,2022-11-03,355030,,2
2023,1,SP,São Paulo,3550308,São Paulo,3522120113094,2022-10-30,2022-11-03,355030,,3
2023,1,SP,São Paulo,3550308,São Paulo,3522120113116,2022-11-10,2022-11-16,355030,,0
2023,1,SP,São Paulo,3550308,São Paulo,3522120113150,2022-12-04,2022-12-15,355030,113 SERVICO DE ATENCAO DOMICILIAR / 001 ASSISTENCIA DOMICILIAR,24
2023,1,SP,São Paulo,3550308,São Paulo,3522120113150,2022-12-04,2022-12-15,355030,113 SERVICO DE ATENCAO DOMICILIAR / 001 ASSISTENCIA DOMICILIAR,24
2023,1,SP,São Paulo,3550308,São Paulo,3522120113150,2022-12-04,2022-12-15,355030,126 SERVICO DE FISIOTERAPIA / 007 ASSISTENCIA FISIOTERAPEUTICA NAS ALTERACOES EM NEUROLOGIA,13
2023,1,SP,São Paulo,3550308,São Paulo,3522120113150,2022-12-04,2022-12-15,355030,126 SERVICO DE FISIOTERAPIA / 007 ASSISTENCIA FISIOTERAPEUTICA NAS ALTERACOES EM NEUROLOGIA,13
2023,1,SP,São Paulo,3550308,São Paulo,3522120113160,2022-10-03,2022-10-15,355030,,13
2023,1,SP,São Paulo,3550308,São Paulo,3522120113215,2022-11-29,2022-12-17,355100,113 SERVICO DE ATENCAO DOMICILIAR / 001 ASSISTENCIA DOMICILIAR,6
2023,1,SP,São Paulo,3550308,São Paulo,3522120113215,2022-11-29,2022-12-17,355100,113 SERVICO DE ATENCAO DOMICILIAR / 001 ASSISTENCIA DOMICILIAR,6
2023,1,SP,São Paulo,3550308,São Paulo,3522120113226,2022-12-05,2022-12-07,355030,126 SERVICO DE FISIOTERAPIA / 001 ASSISTENCIA FISIOTERAPEUTICA EM ALTERACOES OBSTETRICAS NEON,1
2023,1,SP,São Paulo,3550308,São Paulo,3522120113226,2022-12-05,2022-12-07,355030,126 SERVICO DE FISIOTERAPIA / 001 ASSISTENCIA FISIOTERAPEUTICA EM ALTERACOES OBSTETRICAS NEON,1
2023,1,SP,São Paulo,3550308,São Paulo,3522120113237,2022-10-18,2022-11-22,353440,113 SERVICO DE ATENCAO DOMICILIAR / 001 ASSISTENCIA DOMICILIAR,5
2023,1,SP,São Paulo,3550308,São Paulo,3522120113237,2022-10-18,2022-11-22,353440,113 SERVICO DE ATENCAO DOMICILIAR / 001 ASSISTENCIA DOMICILIAR,5
2023,1,SP,São Paulo,3550308,São Paulo,3522120113259,2022-12-08,2022-12-22,355030,113 SERVICO DE ATENCAO DOMICILIAR / 001 ASSISTENCIA DOMICILIAR,10
2023,1,SP,São Paulo,3550308,São Paulo,3522120113259,2022-12-08,2022-12-22,355030,113 SERVICO DE ATENCAO DOMICILIAR / 001 ASSISTENCIA DOMICILIAR,10
2023,1,SP,São Paulo,3550308,São Paulo,3522120113260,2022-12-05,2022-12-09,353440,113 SERVICO DE ATENCAO DOMICILIAR / 001 ASSISTENCIA DOMICILIAR,4
2023,1,SP,São Paulo,3550308,São Paulo,3522120113260,2022-12-05,2022-12-09,353440,113 SERVICO DE ATENCAO DOMICILIAR / 001 ASSISTENCIA DOMICILIAR,4
2023,1,SP,São Paulo,3550308,São Paulo,3522120113260,2022-12-05,2022-12-09,353440,113 SERVICO DE ATENCAO DOMICILIAR / 001 ASSISTENCIA DOMICILIAR,5
2023,1,SP,São Paulo,3550308,São Paulo,3522120113260,2022-12-05,2022-12-09,353440,113 SERVICO DE ATENCAO DOMICILIAR / 001 ASSISTENCIA DOMICILIAR,5
2023,1,SP,São Paulo,3550308,São Paulo,3522120113260,2022-12-05,2022-12-09,353440,113 SERVICO DE ATENCAO DOMICILIAR / 001 ASSISTENCIA DOMICILIAR,1
2023,1,SP,São Paulo,3550308,São Paulo,3522120113260,2022-12-05,2022-12-09,353440,113 SERVICO DE ATENCAO DOMICILIAR / 001 ASSISTENCIA DOMICILIAR,1
2023,1,SP,São Paulo,3550308,São Paulo,3522120113292,2022-12-07,2022-12-13,355280,126 SERVICO DE FISIOTERAPIA / 004 ASSISTENCIA FISIOTERAPEUTICA CARDIOVASCULARES E PNEUMOFUNCI,5
2023,1,SP,São Paulo,3550308,São Paulo,3522120113292,2022-12-07,2022-12-13,355280,126 SERVICO DE FISIOTERAPIA / 004 ASSISTENCIA FISIOTERAPEUTICA CARDIOVASCULARES E PNEUMOFUNCI,5
2023,1,SP,São Paulo,3550308,São Paulo,3522120113370,2022-10-05,2022-12-21,355030,,0
2023,1,SP,São Paulo,3550308,São Paulo,3522120113413,2022-11-01,2022-12-18,352220,126 SERVICO DE FISIOTERAPIA / 002 ASSISTENCIA FISIOTERAPEUTICA EM ALTERACOES ONCOLOGICAS,43
2023,1,SP,São Paulo,3550308,São Paulo,3522120113413,2022-11-01,2022-12-18,352220,126 SERVICO DE FISIOTERAPIA / 002 ASSISTENCIA FISIOTERAPEUTICA EM ALTERACOES ONCOLOGICAS,43
2023,1,SP,São Paulo,3550308,São Paulo,3522120113424,2022-12-19,2022-12-24,352220,113 SERVICO DE ATENCAO DOMICILIAR / 001 ASSISTENCIA DOMICILIAR,18
2023,1,SP,São Paulo,3550308,São Paulo,3522120113424,2022-12-19,2022-12-24,352220,113 SERVICO DE ATENCAO DOMICILIAR / 001 ASSISTENCIA DOMICILIAR,18
2023,1,SP,São Paulo,3550308,São Paulo,3522120113435,2022-10-30,2022-12-20,353760,113 SERVICO DE ATENCAO DOMICILIAR / 001 ASSISTENCIA DOMICILIAR,20
2023,1,SP,São Paulo,3550308,São Paulo,3522120113435,2022-10-30,2022-12-20,353760,113 SERVICO DE ATENCAO DOMICILIAR / 001 ASSISTENCIA DOMICILIAR,20
2023,1,SP,São Paulo,3550308,São Paulo,3522120113457,2022-12-05,2022-12-12,355030,113 SERVICO DE ATENCAO DOMICILIAR / 001 ASSISTENCIA DOMICILIAR,7
2023,1,SP,São Paulo,3550308,São Paulo,3522120113457,2022-12-05,2022-12-12,355030,113 SERVICO DE ATENCAO DOMICILIAR / 001 ASSISTENCIA DOMICILIAR,7
2023,1,SP,São Paulo,3550308,São Paulo,3522120113457,2022-12-05,2022-12-12,355030,,0
2023,1,SP,São Paulo,3550308,São Paulo,3522120113479,2022-11-06,2022-11-12,353440,126 SERVICO DE FISIOTERAPIA / 002 ASSISTENCIA FISIOTERAPEUTICA EM ALTERACOES ONCOLOGICAS,6
2023,1,SP,São Paulo,3550308,São Paulo,3522120113479,2022-11-06,2022-11-12,353440,126 SERVICO DE FISIOTERAPIA / 002 ASSISTENCIA FISIOTERAPEUTICA EM ALTERACOES ONCOLOGICAS,6
2023,1,SP,São Paulo,3550308,São Paulo,3522120113479,2022-11-06,2022-11-12,353440,105 SERVICO DE ATENCAO EM NEUROLOGIA / NEUROCIRURGIA / 001 NEUROCIRURGIA DO TRAUMA E ANOMALIAS DO DE,0
2023,1,SP,São Paulo,3550308,São Paulo,3522120113479,2022-11-06,2022-11-12,353440,105 SERVICO DE ATENCAO EM NEUROLOGIA / NEUROCIRURGIA / 001 NEUROCIRURGIA DO TRAUMA E ANOMALIAS DO DE,0
2023,1,SP,São Paulo,3550308,São Paulo,3522120113480,2022-12-07,2022-12-10,353440,113 SERVICO DE ATENCAO DOMICILIAR / 001 ASSISTENCIA DOMICILIAR,7
2023,1,SP,São Paulo,3550308,São Paulo,3522120113480,2022-12-07,2022-12-10,353440,113 SERVICO DE ATENCAO DOMICILIAR / 001 ASSISTENCIA DOMICILIAR,7
2023,1,SP,São Paulo,3550308,São Paulo,3522120113490,2022-11-13,2022-12-06,353440,126 SERVICO DE FISIOTERAPIA / 002 ASSISTENCIA FISIOTERAPEUTICA EM ALTERACOES ONCOLOGICAS,8
2023,1,SP,São Paulo,3550308,São Paulo,3522120113490,2022-11-13,2022-12-06,353440,126 SERVICO DE FISIOTERAPIA / 002 ASSISTENCIA FISIOTERAPEUTICA EM ALTERACOES ONCOLOGICAS,8
2023,1,SP,São Paulo,3550308,São Paulo,3522120113490,2022-11-13,2022-12-06,353440,126 SERVICO DE FISIOTERAPIA / 002 ASSISTENCIA FISIOTERAPEUTICA EM ALTERACOES ONCOLOGICAS,4
2023,1,SP,São Paulo,3550308,São Paulo,3522120113490,2022-11-13,2022-12-06,353440,126 SERVICO DE FISIOTERAPIA / 002 ASSISTENCIA FISIOTERAPEUTICA EM ALTERACOES ONCOLOGICAS,4
2023,1,SP,São Paulo,3550308,São Paulo,3522120113534,2022-11-22,2022-11-25,353440,126 SERVICO DE FISIOTERAPIA / 002 ASSISTENCIA FISIOTERAPEUTICA EM ALTERACOES ONCOLOGICAS,9
2023,1,SP,São Paulo,3550308,São Paulo,3522120113534,2022-11-22,2022-11-25,353440,126 SERVICO DE FISIOTERAPIA / 002 ASSISTENCIA FISIOTERAPEUTICA EM ALTERACOES ONCOLOGICAS,9
2023,1,SP,São Paulo,3550308,São Paulo,3522120113556,2022-12-01,2022-12-14,355030,113 SERVICO DE ATENCAO DOMICILIAR / 001 ASSISTENCIA DOMICILIAR,50
2023,1,SP,São Paulo,3550308,São Paulo,3522120113556,2022-12-01,2022-12-14,355030,113 SERVICO DE ATENCAO DOMICILIAR / 001 ASSISTENCIA DOMICILIAR,50
2023,1,SP,São Paulo,3550308,São Paulo,3522120113567,2022-11-25,2022-11-30,355030,113 SERVICO DE ATENCAO DOMICILIAR / 001 ASSISTENCIA DOMICILIAR,16
2023,1,SP,São Paulo,3550308,São Paulo,3522120113567,2022-11-25,2022-11-30,355030,113 SERVICO DE ATENCAO DOMICILIAR / 001 ASSISTENCIA DOMICILIAR,16
2023,1,SP,São Paulo,3550308,São Paulo,3522120113567,2022-11-25,2022-11-30,355030,126 SERVICO DE FISIOTERAPIA / 002 ASSISTENCIA FISIOTERAPEUTICA EM ALTERACOES ONCOLOGICAS,18
2023,1,SP,São Paulo,3550308,São Paulo,3522120113567,2022-11-25,2022-11-30,355030,126 SERVICO DE FISIOTERAPIA / 002 ASSISTENCIA FISIOTERAPEUTICA EM ALTERACOES ONCOLOGICAS,18
2023,1,SP,São Paulo,3550308,São Paulo,3522120113578,2022-11-26,2022-12-26,351880,113 SERVICO DE ATENCAO DOMICILIAR / 001 ASSISTENCIA DOMICILIAR,3
2023,1,SP,São Paulo,3550308,São Paulo,3522120113578,2022-11-26,2022-12-26,351880,113 SERVICO DE ATENCAO DOMICILIAR / 001 ASSISTENCIA DOMICILIAR,3
2023,1,SP,São Paulo,3550308,São Paulo,3522120113633,2022-12-03,2022-12-22,355030,113 SERVICO DE ATENCAO DOMICILIAR / 001 ASSISTENCIA DOMICILIAR,1
2023,1,SP,São Paulo,3550308,São Paulo,3522120113633,2022-12-03,2022-12-22,355030,113 SERVICO DE ATENCAO DOMICILIAR / 001 ASSISTENCIA DOMICILIAR,1
2023,1,SP,São Paulo,3550308,São Paulo,3522120113644,2022-11-29,2022-12-02,355030,113 SERVICO DE ATENCAO DOMICILIAR / 001 ASSISTENCIA DOMICILIAR,1
2023,1,SP,São Paulo,3550308,São Paulo,3522120113644,2022-11-29,2022-12-02,355030,113 SERVICO DE ATENCAO DOMICILIAR / 001 ASSISTENCIA DOMICILIAR,1
2023,1,SP,São Paulo,3550308,São Paulo,3522120113644,2022-11-29,2022-12-02,355030,113 SERVICO DE ATENCAO DOMICILIAR / 001 ASSISTENCIA DOMICILIAR,3
2023,1,SP,São Paulo,3550308,São Paulo,3522120113644,2022-11-29,2022-12-02,355030,113 SERVICO DE ATENCAO DOMICILIAR / 001 ASSISTENCIA DOMICILIAR,3
2023,1,SP,São Paulo,3550308,São Paulo,3522120113677,2022-12-14,2022-12-19,355030,,0
2023,1,SP,São Paulo,3550308,São Paulo,3522120113677,2022-12-14,2022-12-19,355030,126 SERVICO DE FISIOTERAPIA / 004 ASSISTENCIA FISIOTERAPEUTICA CARDIOVASCULARES E PNEUMOFUNCI,3
2023,1,SP,São Paulo,3550308,São Paulo,3522120113677,2022-12-14,2022-12-19,355030,126 SERVICO DE FISIOTERAPIA / 004 ASSISTENCIA FISIOTERAPEUTICA CARDIOVASCULARES E PNEUMOFUNCI,3
2023,1,SP,São Paulo,3550308,São Paulo,3522120113700,2022-12-02,2022-12-26,355030,126 SERVICO DE FISIOTERAPIA / 005 ASSISTENCIA FISIOTERAPEUTICA NAS DISFUNCOES MUSCULO ESQUELET,1
2023,1,SP,São Paulo,3550308,São Paulo,3522120113700,2022-12-02,2022-12-26,355030,126 SERVICO DE FISIOTERAPIA / 005 ASSISTENCIA FISIOTERAPEUTICA NAS DISFUNCOES MUSCULO ESQUELET,1
2023,1,SP,São Paulo,3550308,São Paulo,3522120113700,2022-12-02,2022-12-26,355030,126 SERVICO DE FISIOTERAPIA / 002 ASSISTENCIA FISIOTERAPEUTICA EM ALTERACOES ONCOLOGICAS,57
2023,1,SP,São Paulo,3550308,São Paulo,3522120113700,2022-12-02,2022-12-26,355030,126 SERVICO DE FISIOTERAPIA / 002 ASSISTENCIA FISIOTERAPEUTICA EM ALTERACOES ONCOLOGICAS,57
2023,1,SP,São Paulo,3550308,São Paulo,3522120113732,2022-12-08,2022-12-13,355030,126 SERVICO DE FISIOTERAPIA / 002 ASSISTENCIA FISIOTERAPEUTICA EM ALTERACOES ONCOLOGICAS,3
2023,1,SP,São Paulo,3550308,São Paulo,3522120113732,2022-12-08,2022-12-13,355030,126 SERVICO DE FISIOTERAPIA / 002 ASSISTENCIA FISIOTERAPEUTICA EM ALTERACOES ONCOLOGICAS,3
2023,1,SP,São Paulo,3550308,São Paulo,3522120113810,2022-12-11,2022-12-16,355030,,0
2023,1,SP,São Paulo,3550308,São Paulo,3522120113810,2022-12-11,2022-12-16,355030,,0
2023,1,SP,São Paulo,3550308,São Paulo,3522120113820,2022-12-17,2022-12-23,355030,113 SERVICO DE ATENCAO DOMICILIAR / 001 ASSISTENCIA DOMICILIAR,18
2023,1,SP,São Paulo,3550308,São Paulo,3522120113820,2022-12-17,2022-12-23,355030,113 SERVICO DE ATENCAO DOMICILIAR / 001 ASSISTENCIA DOMICILIAR,18
2023,1,SP,São Paulo,3550308,São Paulo,3522120113886,2022-12-16,2022-12-28,354880,113 SERVICO DE ATENCAO DOMICILIAR / 001 ASSISTENCIA DOMICILIAR,32
2023,1,SP,São Paulo,3550308,São Paulo,3522120113886,2022-12-16,2022-12-28,354880,113 SERVICO DE ATENCAO DOMICILIAR / 001 ASSISTENCIA DOMICILIAR,32
2023,1,SP,São Paulo,3550308,São Paulo,3522120113897,2022-12-18,2022-12-23,355030,113 SERVICO DE ATENCAO DOMICILIAR / 001 ASSISTENCIA DOMICILIAR,1
2023,1,SP,São Paulo,3550308,São Paulo,3522120113897,2022-12-18,2022-12-23,355030,113 SERVICO DE ATENCAO DOMICILIAR / 001 ASSISTENCIA DOMICILIAR,1
2023,1,SP,São Paulo,3550308,São Paulo,3522120113897,2022-12-18,2022-12-23,355030,113 SERVICO DE ATENCAO DOMICILIAR / 001 ASSISTENCIA DOMICILIAR,2
2023,1,SP,São Paulo,3550308,São Paulo,3522120113897,2022-12-18,2022-12-23,355030,113 SERVICO DE ATENCAO DOMICILIAR / 001 ASSISTENCIA DOMICILIAR,2
2023,1,SP,São Paulo,3550308,São Paulo,3522120114051,2022-12-19,2022-12-22,355030,113 SERVICO DE ATENCAO DOMICILIAR / 001 ASSISTENCIA DOMICILIAR,2
2023,1,SP,São Paulo,3550308,São Paulo,3522120114051,2022-12-19,2022-12-22,355030,113 SERVICO DE ATENCAO DOMICILIAR / 001 ASSISTENCIA DOMICILIAR,2
2023,1,SP,São Paulo,3550308,São Paulo,3522120114128,2022-12-28,2022-12-30,355030,113 SERVICO DE ATENCAO DOMICILIAR / 001 ASSISTENCIA DOMICILIAR,2
2023,1,SP,São Paulo,3550308,São Paulo,3522120114128,2022-12-28,2022-12-30,355030,113 SERVICO DE ATENCAO DOMICILIAR / 001 ASSISTENCIA DOMICILIAR,2
2023,1,SP,São Paulo,3550308,São Paulo,3522120114249,2022-12-12,2022-12-30,352220,113 SERVICO DE ATENCAO DOMICILIAR / 001 ASSISTENCIA DOMICILIAR,10
2023,1,SP,São Paulo,3550308,São Paulo,3522120114249,2022-12-12,2022-12-30,352220,113 SERVICO DE ATENCAO DOMICILIAR / 001 ASSISTENCIA DOMICILIAR,10
2023,1,SP,São Paulo,3550308,São Paulo,3522120114359,2022-12-27,2022-12-28,355030,113 SERVICO DE ATENCAO DOMICILIAR / 001 ASSISTENCIA DOMICILIAR,2
2023,1,SP,São Paulo,3550308,São Paulo,3522120114359,2022-12-27,2022-12-28,355030,113 SERVICO DE ATENCAO DOMICILIAR / 001 ASSISTENCIA DOMICILIAR,2
2023,1,SP,São Paulo,3550308,São Paulo,3522120114381,2022-12-26,2023-01-02,355030,113 SERVICO DE ATENCAO DOMICILIAR / 001 ASSISTENCIA DOMICILIAR,5
2023,1,SP,São Paulo,3550308,São Paulo,3522120114381,2022-12-26,2023-01-02,355030,113 SERVICO DE ATENCAO DOMICILIAR / 001 ASSISTENCIA DOMICILIAR,5
2023,1,SP,São Paulo,3550308,São Paulo,3522120114403,2022-12-21,2023-01-03,355030,113 SERVICO DE ATENCAO DOMICILIAR / 001 ASSISTENCIA DOMICILIAR,2
2023,1,SP,São Paulo,3550308,São Paulo,3522120114403,2022-12-21,2023-01-03,355030,113 SERVICO DE ATENCAO DOMICILIAR / 001 ASSISTENCIA DOMICILIAR,2
2023,1,SP,São Paulo,3550308,São Paulo,3522120114690,2022-12-23,2023-01-06,355030,126 SERVICO DE FISIOTERAPIA / 001 ASSISTENCIA FISIOTERAPEUTICA EM ALTERACOES OBSTETRICAS NEON,5
2023,1,SP,São Paulo,3550308,São Paulo,3522120114690,2022-12-23,2023-01-06,355030,126 SERVICO DE FISIOTERAPIA / 001 ASSISTENCIA FISIOTERAPEUTICA EM ALTERACOES OBSTETRICAS NEON,5
2023,1,SP,São Paulo,3550308,São Paulo,3522120114887,2022-12-29,2022-12-31,355280,113 SERVICO DE ATENCAO DOMICILIAR / 001 ASSISTENCIA DOMICILIAR,1
2023,1,SP,São Paulo,3550308,São Paulo,3522120114887,2022-12-29,2022-12-31,355280,113 SERVICO DE ATENCAO DOMICILIAR / 001 ASSISTENCIA DOMICILIAR,1
2023,1,SP,São Paulo,3550308,São Paulo,3522120114910,2022-12-14,2023-01-07,355030,113 SERVICO DE ATENCAO DOMICILIAR / 001 ASSISTENCIA DOMICILIAR,24
2023,1,SP,São Paulo,3550308,São Paulo,3522120114910,2022-12-14,2023-01-07,355030,113 SERVICO DE ATENCAO DOMICILIAR / 001 ASSISTENCIA DOMICILIAR,24
2023,1,SP,São Paulo,3550308,São Paulo,3522120114920,2022-12-29,2022-12-30,354870,126 SERVICO DE FISIOTERAPIA / 007 ASSISTENCIA FISIOTERAPEUTICA NAS ALTERACOES EM NEUROLOGIA,1
2023,1,SP,São Paulo,3550308,São Paulo,3522120114920,2022-12-29,2022-12-30,354870,126 SERVICO DE FISIOTERAPIA / 007 ASSISTENCIA FISIOTERAPEUTICA NAS ALTERACOES EM NEUROLOGIA,1
2023,1,SP,São Paulo,3550308,São Paulo,3522120114964,2022-12-14,2023-01-02,355030,113 SERVICO DE ATENCAO DOMICILIAR / 001 ASSISTENCIA DOMICILIAR,19
2023,1,SP,São Paulo,3550308,São Paulo,3522120114964,2022-12-14,2023-01-02,355030,113 SERVICO DE ATENCAO DOMICILIAR / 001 ASSISTENCIA DOMICILIAR,19
2023,1,SP,São Paulo,3550308,São Paulo,3522120114964,2022-12-14,2023-01-02,355030,113 SERVICO DE ATENCAO DOMICILIAR / 001 ASSISTENCIA DOMICILIAR,1
2023,1,SP,São Paulo,3550308,São Paulo,3522120114964,2022-12-14,2023-01-02,355030,113 SERVICO DE ATENCAO DOMICILIAR / 001 ASSISTENCIA DOMICILIAR,1
2023,1,SP,São Paulo,3550308,São Paulo,3522120114964,2022-12-14,2023-01-02,355030,126 SERVICO DE FISIOTERAPIA / 002 ASSISTENCIA FISIOTERAPEUTICA EM ALTERACOES ONCOLOGICAS,19
2023,1,SP,São Paulo,3550308,São Paulo,3522120114964,2022-12-14,2023-01-02,355030,126 SERVICO DE FISIOTERAPIA / 002 ASSISTENCIA FISIOTERAPEUTICA EM ALTERACOES ONCOLOGICAS,19
2023,1,SP,São Paulo,3550308,São Paulo,3522120114964,2022-12-14,2023-01-02,355030,113 SERVICO DE ATENCAO DOMICILIAR / 001 ASSISTENCIA DOMICILIAR,1
2023,1,SP,São Paulo,3550308,São Paulo,3522120114964,2022-12-14,2023-01-02,355030,113 SERVICO DE ATENCAO DOMICILIAR / 001 ASSISTENCIA DOMICILIAR,1
2023,1,SP,São Paulo,3550308,São Paulo,3522120115008,2022-11-05,2022-12-30,355030,113 SERVICO DE ATENCAO DOMICILIAR / 001 ASSISTENCIA DOMICILIAR,10
2023,1,SP,São Paulo,3550308,São Paulo,3522120115008,2022-11-05,2022-12-30,355030,113 SERVICO DE ATENCAO DOMICILIAR / 001 ASSISTENCIA DOMICILIAR,10
2023,1,SP,São Paulo,3550308,São Paulo,3522120115008,2022-11-05,2022-12-30,355030,113 SERVICO DE ATENCAO DOMICILIAR / 001 ASSISTENCIA DOMICILIAR,27
2023,1,SP,São Paulo,3550308,São Paulo,3522120115008,2022-11-05,2022-12-30,355030,113 SERVICO DE ATENCAO DOMICILIAR / 001 ASSISTENCIA DOMICILIAR,27
2023,1,SP,São Paulo,3550308,São Paulo,3522120115096,2022-12-14,2022-12-18,355030,113 SERVICO DE ATENCAO DOMICILIAR / 001 ASSISTENCIA DOMICILIAR,1
2023,1,SP,São Paulo,3550308,São Paulo,3522120115096,2022-12-14,2022-12-18,355030,113 SERVICO DE ATENCAO DOMICILIAR / 001 ASSISTENCIA DOMICILIAR,1
2023,1,SP,São Paulo,3550308,São Paulo,3522120115096,2022-12-14,2022-12-18,355030,126 SERVICO DE FISIOTERAPIA / 001 ASSISTENCIA FISIOTERAPEUTICA EM ALTERACOES OBSTETRICAS NEON,2
2023,1,SP,São Paulo,3550308,São Paulo,3522120115096,2022-12-14,2022-12-18,355030,126 SERVICO DE FISIOTERAPIA / 001 ASSISTENCIA FISIOTERAPEUTICA EM ALTERACOES OBSTETRICAS NEON,2
2023,1,SP,São Paulo,3550308,São Paulo,3522120115195,2022-12-27,2022-12-30,355030,113 SERVICO DE ATENCAO DOMICILIAR / 001 ASSISTENCIA DOMICILIAR,3
2023,1,SP,São Paulo,3550308,São Paulo,3522120115195,2022-12-27,2022-12-30,355030,113 SERVICO DE ATENCAO DOMICILIAR / 001 ASSISTENCIA DOMICILIAR,3
2023,1,SP,São Paulo,3550308,São Paulo,3522120115239,2022-12-22,2022-12-24,355030,113 SERVICO DE ATENCAO DOMICILIAR / 001 ASSISTENCIA DOMICILIAR,1
2023,1,SP,São Paulo,3550308,São Paulo,3522120115239,2022-12-22,2022-12-24,355030,113 SERVICO DE ATENCAO DOMICILIAR / 001 ASSISTENCIA DOMICILIAR,1
2023,1,SP,São Paulo,3550308,São Paulo,3522120115305,2022-12-20,2022-12-30,353060,113 SERVICO DE ATENCAO DOMICILIAR / 001 ASSISTENCIA DOMICILIAR,4
2023,1,SP,São Paulo,3550308,São Paulo,3522120115305,2022-12-20,2022-12-30,353060,113 SERVICO DE ATENCAO DOMICILIAR / 001 ASSISTENCIA DOMICILIAR,4
2023,1,SP,São Paulo,3550308,São Paulo,3522120115305,2022-12-20,2022-12-30,353060,,0
2023,1,SP,São Paulo,3550308,São Paulo,3522120115305,2022-12-20,2022-12-30,353060,,0
2023,1,SP,São Paulo,3550308,São Paulo,3522120115349,2022-12-20,2022-12-27,350570,126 SERVICO DE FISIOTERAPIA / 007 ASSISTENCIA FISIOTERAPEUTICA NAS ALTERACOES EM NEUROLOGIA,10
2023,1,SP,São Paulo,3550308,São Paulo,3522120115349,2022-12-20,2022-12-27,350570,126 SERVICO DE FISIOTERAPIA / 007 ASSISTENCIA FISIOTERAPEUTICA NAS ALTERACOES EM NEUROLOGIA,10
2023,1,SP,São Paulo,3550308,São Paulo,3522120115360,2022-12-28,2022-12-31,355030,113 SERVICO DE ATENCAO DOMICILIAR / 001 ASSISTENCIA DOMICILIAR,1
2023,1,SP,São Paulo,3550308,São Paulo,3522120115360,2022-12-28,2022-12-31,355030,113 SERVICO DE ATENCAO DOMICILIAR / 001 ASSISTENCIA DOMICILIAR,1
2023,1,SP,São Paulo,3550308,São Paulo,3522120115448,2022-12-26,2022-12-31,351060,113 SERVICO DE ATENCAO DOMICILIAR / 001 ASSISTENCIA DOMICILIAR,4
2023,1,SP,São Paulo,3550308,São Paulo,3522120115448,2022-12-26,2022-12-31,351060,113 SERVICO DE ATENCAO DOMICILIAR / 001 ASSISTENCIA DOMICILIAR,4
2023,1,SP,São Paulo,3550308,São Paulo,3522120115470,2022-12-29,2022-12-31,355030,113 SERVICO DE ATENCAO DOMICILIAR / 001 ASSISTENCIA DOMICILIAR,1
2023,1,SP,São Paulo,3550308,São Paulo,3522120115470,2022-12-29,2022-12-31,355030,113 SERVICO DE ATENCAO DOMICILIAR / 001 ASSISTENCIA DOMICILIAR,1
2023,1,SP,São Paulo,3550308,São Paulo,3522120115503,2022-10-25,2022-11-30,353440,113 SERVICO DE ATENCAO DOMICILIAR / 001 ASSISTENCIA DOMICILIAR,20
2023,1,SP,São Paulo,3550308,São Paulo,3522120115503,2022-10-25,2022-11-30,353440,113 SERVICO DE ATENCAO DOMICILIAR / 001 ASSISTENCIA DOMICILIAR,20
2023,1,SP,São Paulo,3550308,São Paulo,3522120115503,2022-10-25,2022-11-30,353440,126 SERVICO DE FISIOTERAPIA / 007 ASSISTENCIA FISIOTERAPEUTICA NAS ALTERACOES EM NEUROLOGIA,44
2023,1,SP,São Paulo,3550308,São Paulo,3522120115503,2022-10-25,2022-11-30,353440,126 SERVICO DE FISIOTERAPIA / 007 ASSISTENCIA FISIOTERAPEUTICA NAS ALTERACOES EM NEUROLOGIA,44
2023,1,SP,São Paulo,3550308,São Paulo,3522120115514,2022-12-20,2022-12-22,353060,,0
2023,1,SP,São Paulo,3550308,São Paulo,3522120115547,2022-10-26,2022-12-23,355030,126 SERVICO DE FISIOTERAPIA / 004 ASSISTENCIA FISIOTERAPEUTICA CARDIOVASCULARES E PNEUMOFUNCI,13
2023,1,SP,São Paulo,3550308,São Paulo,3522120115547,2022-10-26,2022-12-23,355030,126 SERVICO DE FISIOTERAPIA / 004 ASSISTENCIA FISIOTERAPEUTICA CARDIOVASCULARES E PNEUMOFUNCI,13
2023,1,SP,São Paulo,3550308,São Paulo,3522120115570,2022-12-21,2022-12-30,355030,113 SERVICO DE ATENCAO DOMICILIAR / 001 ASSISTENCIA DOMICILIAR,6
2023,1,SP,São Paulo,3550308,São Paulo,3522120115570,2022-12-21,2022-12-30,355030,113 SERVICO DE ATENCAO DOMICILIAR / 001 ASSISTENCIA DOMICILIAR,6
2023,1,SP,São Paulo,3550308,São Paulo,3522120115668,2022-12-25,2022-12-27,355030,113 SERVICO DE ATENCAO DOMICILIAR / 001 ASSISTENCIA DOMICILIAR,1
2023,1,SP,São Paulo,3550308,São Paulo,3522120115668,2022-12-25,2022-12-27,355030,113 SERVICO DE ATENCAO DOMICILIAR / 001 ASSISTENCIA DOMICILIAR,1
2023,1,SP,São Paulo,3550308,São Paulo,3522120115767,2022-12-27,2022-12-28,351640,113 SERVICO DE ATENCAO DOMICILIAR / 001 ASSISTENCIA DOMICILIAR,1
2023,1,SP,São Paulo,3550308,São Paulo,3522120115767,2022-12-27,2022-12-28,351640,113 SERVICO DE ATENCAO DOMICILIAR / 001 ASSISTENCIA DOMICILIAR,1
2023,1,SP,São Paulo,3550308,São Paulo,3522120115789,2022-12-29,2022-12-30,355030,,0
2023,1,SP,São Paulo,3550308,São Paulo,3522120115921,2022-10-24,2022-10-27,355030,126 SERVICO DE FISIOTERAPIA / 005 ASSISTENCIA FISIOTERAPEUTICA NAS DISFUNCOES MUSCULO ESQUELET,2
2023,1,SP,São Paulo,3550308,São Paulo,3522120115921,2022-10-24,2022-10-27,355030,126 SERVICO DE FISIOTERAPIA / 005 ASSISTENCIA FISIOTERAPEUTICA NAS DISFUNCOES MUSCULO ESQUELET,2
2023,1,SP,São Paulo,3550308,São Paulo,3522120116218,2022-11-24,2023-01-05,355030,126 SERVICO DE FISIOTERAPIA / 002 ASSISTENCIA FISIOTERAPEUTICA EM ALTERACOES ONCOLOGICAS,4
2023,1,SP,São Paulo,3550308,São Paulo,3522120116218,2022-11-24,2023-01-05,355030,126 SERVICO DE FISIOTERAPIA / 002 ASSISTENCIA FISIOTERAPEUTICA EM ALTERACOES ONCOLOGICAS,4
2023,1,SP,São Paulo,3550308,São Paulo,3522120116295,2022-12-29,2023-01-01,355030,113 SERVICO DE ATENCAO DOMICILIAR / 001 ASSISTENCIA DOMICILIAR,2
2023,1,SP,São Paulo,3550308,São Paulo,3522120116295,2022-12-29,2023-01-01,355030,113 SERVICO DE ATENCAO DOMICILIAR / 001 ASSISTENCIA DOMICILIAR,2
2023,1,SP,São Paulo,3550308,São Paulo,3522120116295,2022-12-29,2023-01-01,355030,113 SERVICO DE ATENCAO DOMICILIAR / 001 ASSISTENCIA DOMICILIAR,2
2023,1,SP,São Paulo,3550308,São Paulo,3522120116295,2022-12-29,2023-01-01,355030,113 SERVICO DE ATENCAO DOMICILIAR / 001 ASSISTENCIA DOMICILIAR,2
2023,1,SP,São Paulo,3550308,São Paulo,3522120116450,2022-11-28,2022-12-20,355030,126 SERVICO DE FISIOTERAPIA / 005 ASSISTENCIA FISIOTERAPEUTICA NAS DISFUNCOES MUSCULO ESQUELET,3
2023,1,SP,São Paulo,3550308,São Paulo,3522120116450,2022-11-28,2022-12-20,355030,126 SERVICO DE FISIOTERAPIA / 005 ASSISTENCIA FISIOTERAPEUTICA NAS DISFUNCOES MUSCULO ESQUELET,3
2023,1,SP,São Paulo,3550308,São Paulo,3522120116450,2022-11-28,2022-12-20,355030,,5
2023,1,SP,São Paulo,3550308,São Paulo,3522120116515,2022-09-20,2023-01-09,355030,113 SERVICO DE ATENCAO DOMICILIAR / 001 ASSISTENCIA DOMICILIAR,26
2023,1,SP,São Paulo,3550308,São Paulo,3522120116515,2022-09-20,2023-01-09,355030,113 SERVICO DE ATENCAO DOMICILIAR / 001 ASSISTENCIA DOMICILIAR,26
2023,1,SP,São Paulo,3550308,São Paulo,3522120116515,2022-09-20,2023-01-09,355030,113 SERVICO DE ATENCAO DOMICILIAR / 001 ASSISTENCIA DOMICILIAR,21
2023,1,SP,São Paulo,3550308,São Paulo,3522120116515,2022-09-20,2023-01-09,355030,113 SERVICO DE ATENCAO DOMICILIAR / 001 ASSISTENCIA DOMICILIAR,21
2023,1,SP,São Paulo,3550308,São Paulo,3522120116537,2022-12-19,2022-12-23,355030,126 SERVICO DE FISIOTERAPIA / 001 ASSISTENCIA FISIOTERAPEUTICA EM ALTERACOES OBSTETRICAS NEON,1
2023,1,SP,São Paulo,3550308,São Paulo,3522120116537,2022-12-19,2022-12-23,355030,126 SERVICO DE FISIOTERAPIA / 001 ASSISTENCIA FISIOTERAPEUTICA EM ALTERACOES OBSTETRICAS NEON,1
2023,1,SP,São Paulo,3550308,São Paulo,3522120116548,2022-12-19,2022-12-23,355030,126 SERVICO DE FISIOTERAPIA / 001 ASSISTENCIA FISIOTERAPEUTICA EM ALTERACOES OBSTETRICAS NEON,1
2023,1,SP,São Paulo,3550308,São Paulo,3522120116548,2022-12-19,2022-12-23,355030,126 SERVICO DE FISIOTERAPIA / 001 ASSISTENCIA FISIOTERAPEUTICA EM ALTERACOES OBSTETRICAS NEON,1
2023,1,SP,São Paulo,3550308,São Paulo,3522120116548,2022-12-19,2022-12-23,355030,126 SERVICO DE FISIOTERAPIA / 001 ASSISTENCIA FISIOTERAPEUTICA EM ALTERACOES OBSTETRICAS NEON,1
2023,1,SP,São Paulo,3550308,São Paulo,3522120116548,2022-12-19,2022-12-23,355030,126 SERVICO DE FISIOTERAPIA / 001 ASSISTENCIA FISIOTERAPEUTICA EM ALTERACOES OBSTETRICAS NEON,1
2023,1,SP,São Paulo,3550308,São Paulo,3522120116603,2022-11-23,2022-12-23,351380,113 SERVICO DE ATENCAO DOMICILIAR / 001 ASSISTENCIA DOMICILIAR,5
2023,1,SP,São Paulo,3550308,São Paulo,3522120116603,2022-11-23,2022-12-23,351380,113 SERVICO DE ATENCAO DOMICILIAR / 001 ASSISTENCIA DOMICILIAR,5
2023,1,SP,São Paulo,3550308,São Paulo,3522120116614,2022-12-24,2022-12-26,351380,113 SERVICO DE ATENCAO DOMICILIAR / 001 ASSISTENCIA DOMICILIAR,1
2023,1,SP,São Paulo,3550308,São Paulo,3522120116614,2022-12-24,2022-12-26,351380,113 SERVICO DE ATENCAO DOMICILIAR / 001 ASSISTENCIA DOMICILIAR,1
2023,1,SP,São Paulo,3550308,São Paulo,3522120116647,2022-12-26,2022-12-27,352500,126 SERVICO DE FISIOTERAPIA / 002 ASSISTENCIA FISIOTERAPEUTICA EM ALTERACOES ONCOLOGICAS,1
2023,1,SP,São Paulo,3550308,São Paulo,3522120116647,2022-12-26,2022-12-27,352500,126 SERVICO DE FISIOTERAPIA / 002 ASSISTENCIA FISIOTERAPEUTICA EM ALTERACOES ONCOLOGICAS,1
2023,1,SP,São Paulo,3550308,São Paulo,3522120116647,2022-12-26,2022-12-27,352500,126 SERVICO DE FISIOTERAPIA / 005 ASSISTENCIA FISIOTERAPEUTICA NAS DISFUNCOES MUSCULO ESQUELET,1
2023,1,SP,São Paulo,3550308,São Paulo,3522120116647,2022-12-26,2022-12-27,352500,126 SERVICO DE FISIOTERAPIA / 005 ASSISTENCIA FISIOTERAPEUTICA NAS DISFUNCOES MUSCULO ESQUELET,1
2023,1,SP,São Paulo,3550308,São Paulo,3522120116780,2022-12-27,2023-01-05,351880,113 SERVICO DE ATENCAO DOMICILIAR / 001 ASSISTENCIA DOMICILIAR,7
2023,1,SP,São Paulo,3550308,São Paulo,3522120116780,2022-12-27,2023-01-05,351880,113 SERVICO DE ATENCAO DOMICILIAR / 001 ASSISTENCIA DOMICILIAR,7
2023,1,SP,São Paulo,3550308,São Paulo,3522120116999,2022-10-23,2022-11-08,355030,113 SERVICO DE ATENCAO DOMICILIAR / 001 ASSISTENCIA DOMICILIAR,3
2023,1,SP,São Paulo,3550308,São Paulo,3522120116999,2022-10-23,2022-11-08,355030,113 SERVICO DE ATENCAO DOMICILIAR / 001 ASSISTENCIA DOMICILIAR,3
2023,1,SP,São Paulo,3550308,São Paulo,3522120117186,2022-12-28,2023-01-01,355030,126 SERVICO DE FISIOTERAPIA / 001 ASSISTENCIA FISIOTERAPEUTICA EM ALTERACOES OBSTETRICAS NEON,1
2023,1,SP,São Paulo,3550308,São Paulo,3522120117186,2022-12-28,2023-01-01,355030,126 SERVICO DE FISIOTERAPIA / 001 ASSISTENCIA FISIOTERAPEUTICA EM ALTERACOES OBSTETRICAS NEON,1
2023,1,SP,São Paulo,3550308,São Paulo,3522120117230,2022-11-15,2022-12-14,355030,,6
2023,1,SP,São Paulo,3550308,São Paulo,3522120117230,2022-11-15,2022-12-14,355030,126 SERVICO DE FISIOTERAPIA / 005 ASSISTENCIA FISIOTERAPEUTICA NAS DISFUNCOES MUSCULO ESQUELET,6
2023,1,SP,São Paulo,3550308,São Paulo,3522120117230,2022-11-15,2022-12-14,355030,126 SERVICO DE FISIOTERAPIA / 005 ASSISTENCIA FISIOTERAPEUTICA NAS DISFUNCOES MUSCULO ESQUELET,6
2023,1,SP,São Paulo,3550308,São Paulo,3522120117340,2022-11-16,2022-12-02,354100,126 SERVICO DE FISIOTERAPIA / 007 ASSISTENCIA FISIOTERAPEUTICA NAS ALTERACOES EM NEUROLOGIA,1
2023,1,SP,São Paulo,3550308,São Paulo,3522120117340,2022-11-16,2022-12-02,354100,126 SERVICO DE FISIOTERAPIA / 007 ASSISTENCIA FISIOTERAPEUTICA NAS ALTERACOES EM NEUROLOGIA,1
2023,1,SP,São Paulo,3550308,São Paulo,3522120117340,2022-11-16,2022-12-02,354100,113 SERVICO DE ATENCAO DOMICILIAR / 001 ASSISTENCIA DOMICILIAR,15
2023,1,SP,São Paulo,3550308,São Paulo,3522120117340,2022-11-16,2022-12-02,354100,113 SERVICO DE ATENCAO DOMICILIAR / 001 ASSISTENCIA DOMICILIAR,15
2023,1,SP,São Paulo,3550308,São Paulo,3522120117373,2022-12-20,2023-01-06,355030,113 SERVICO DE ATENCAO DOMICILIAR / 001 ASSISTENCIA DOMICILIAR,2
2023,1,SP,São Paulo,3550308,São Paulo,3522120117373,2022-12-20,2023-01-06,355030,113 SERVICO DE ATENCAO DOMICILIAR / 001 ASSISTENCIA DOMICILIAR,2
2023,1,SP,São Paulo,3550308,São Paulo,3522120117472,2022-12-13,2022-12-23,355030,126 SERVICO DE FISIOTERAPIA / 002 ASSISTENCIA FISIOTERAPEUTICA EM ALTERACOES ONCOLOGICAS,17
2023,1,SP,São Paulo,3550308,São Paulo,3522120117472,2022-12-13,2022-12-23,355030,126 SERVICO DE FISIOTERAPIA / 002 ASSISTENCIA FISIOTERAPEUTICA EM ALTERACOES ONCOLOGICAS,17
2023,1,SP,São Paulo,3550308,São Paulo,3522120117472,2022-12-13,2022-12-23,355030,113 SERVICO DE ATENCAO DOMICILIAR / 001 ASSISTENCIA DOMICILIAR,1
2023,1,SP,São Paulo,3550308,São Paulo,3522120117472,2022-12-13,2022-12-23,355030,113 SERVICO DE ATENCAO DOMICILIAR / 001 ASSISTENCIA DOMICILIAR,1
2023,1,SP,São Paulo,3550308,São Paulo,3522120117483,2022-12-14,2022-12-30,355030,113 SERVICO DE ATENCAO DOMICILIAR / 001 ASSISTENCIA DOMICILIAR,3
2023,1,SP,São Paulo,3550308,São Paulo,3522120117483,2022-12-14,2022-12-30,355030,113 SERVICO DE ATENCAO DOMICILIAR / 001 ASSISTENCIA DOMICILIAR,3
2023,1,SP,São Paulo,3550308,São Paulo,3522120117516,2022-12-23,2022-12-26,355030,113 SERVICO DE ATENCAO DOMICILIAR / 001 ASSISTENCIA DOMICILIAR,1
2023,1,SP,São Paulo,3550308,São Paulo,3522120117516,2022-12-23,2022-12-26,355030,113 SERVICO DE ATENCAO DOMICILIAR / 001 ASSISTENCIA DOMICILIAR,1
2023,1,SP,São Paulo,3550308,São Paulo,3522120117527,2022-12-27,2022-12-29,355030,126 SERVICO DE FISIOTERAPIA / 001 ASSISTENCIA FISIOTERAPEUTICA EM ALTERACOES OBSTETRICAS NEON,4
2023,1,SP,São Paulo,3550308,São Paulo,3522120117527,2022-12-27,2022-12-29,355030,126 SERVICO DE FISIOTERAPIA / 001 ASSISTENCIA FISIOTERAPEUTICA EM ALTERACOES OBSTETRICAS NEON,4
2023,1,SP,São Paulo,3550308,São Paulo,3522120117571,2022-12-28,2022-12-31,355030,113 SERVICO DE ATENCAO DOMICILIAR / 001 ASSISTENCIA DOMICILIAR,4
2023,1,SP,São Paulo,3550308,São Paulo,3522120117571,2022-12-28,2022-12-31,355030,113 SERVICO DE ATENCAO DOMICILIAR / 001 ASSISTENCIA DOMICILIAR,4
2023,1,SP,São Paulo,3550308,São Paulo,3522120117637,2022-12-25,2022-12-28,354680,113 SERVICO DE ATENCAO DOMICILIAR / 001 ASSISTENCIA DOMICILIAR,1
2023,1,SP,São Paulo,3550308,São Paulo,3522120117637,2022-12-25,2022-12-28,354680,113 SERVICO DE ATENCAO DOMICILIAR / 001 ASSISTENCIA DOMICILIAR,1
2023,1,SP,São Paulo,3550308,São Paulo,3522120117714,2022-12-27,2023-01-01,355030,126 SERVICO DE FISIOTERAPIA / 007 ASSISTENCIA FISIOTERAPEUTICA NAS ALTERACOES EM NEUROLOGIA,8
2023,1,SP,São Paulo,3550308,São Paulo,3522120117714,2022-12-27,2023-01-01,355030,126 SERVICO DE FISIOTERAPIA / 007 ASSISTENCIA FISIOTERAPEUTICA NAS ALTERACOES EM NEUROLOGIA,8
2023,1,SP,São Paulo,3550308,São Paulo,3522120117714,2022-12-27,2023-01-01,355030,,0
2023,1,SP,São Paulo,3550308,São Paulo,3522120117747,2022-12-28,2023-01-02,355030,126 SERVICO DE FISIOTERAPIA / 001 ASSISTENCIA FISIOTERAPEUTICA EM ALTERACOES OBSTETRICAS NEON,2
2023,1,SP,São Paulo,3550308,São Paulo,3522120117747,2022-12-28,2023-01-02,355030,126 SERVICO DE FISIOTERAPIA / 001 ASSISTENCIA FISIOTERAPEUTICA EM ALTERACOES OBSTETRICAS NEON,2
2023,1,SP,São Paulo,3550308,São Paulo,3522120117758,2022-12-28,2022-12-31,353060,,0
2023,1,SP,São Paulo,3550308,São Paulo,3522120117769,2022-12-28,2022-12-30,355280,,0
2023,1,SP,São Paulo,3550308,São Paulo,3522120117780,2022-12-28,2023-01-05,355030,113 SERVICO DE ATENCAO DOMICILIAR / 001 ASSISTENCIA DOMICILIAR,1
2023,1,SP,São Paulo,3550308,São Paulo,3522120117780,2022-12-28,2023-01-05,355030,113 SERVICO DE ATENCAO DOMICILIAR / 001 ASSISTENCIA DOMICILIAR,1
2023,1,SP,São Paulo,3550308,São Paulo,3522120117835,2022-12-29,2023-01-04,351060,113 SERVICO DE ATENCAO DOMICILIAR / 001 ASSISTENCIA DOMICILIAR,3
2023,1,SP,São Paulo,3550308,São Paulo,3522120117835,2022-12-29,2023-01-04,351060,113 SERVICO DE ATENCAO DOMICILIAR / 001 ASSISTENCIA DOMICILIAR,3
2023,1,SP,São Paulo,3550308,São Paulo,3522120117978,2022-12-22,2022-12-27,350160,126 SERVICO DE FISIOTERAPIA / 001 ASSISTENCIA FISIOTERAPEUTICA EM ALTERACOES OBSTETRICAS NEON,4
2023,1,SP,São Paulo,3550308,São Paulo,3522120117978,2022-12-22,2022-12-27,350160,126 SERVICO DE FISIOTERAPIA / 001 ASSISTENCIA FISIOTERAPEUTICA EM ALTERACOES OBSTETRICAS NEON,4
2023,1,SP,São Paulo,3550308,São Paulo,3522120117990,2022-12-15,2022-12-25,355030,113 SERVICO DE ATENCAO DOMICILIAR / 001 ASSISTENCIA DOMICILIAR,1
2023,1,SP,São Paulo,3550308,São Paulo,3522120117990,2022-12-15,2022-12-25,355030,113 SERVICO DE ATENCAO DOMICILIAR / 001 ASSISTENCIA DOMICILIAR,1
2023,1,SP,São Paulo,3550308,São Paulo,3522120117990,2022-12-15,2022-12-25,355030,105 SERVICO DE ATENCAO EM NEUROLOGIA / NEUROCIRURGIA / 001 NEUROCIRURGIA DO TRAUMA E ANOMALIAS DO DE,0
2023,1,SP,São Paulo,3550308,São Paulo,3522120117990,2022-12-15,2022-12-25,355030,105 SERVICO DE ATENCAO EM NEUROLOGIA / NEUROCIRURGIA / 001 NEUROCIRURGIA DO TRAUMA E ANOMALIAS DO DE,0
2023,1,SP,São Paulo,3550308,São Paulo,3522120117990,2022-12-15,2022-12-25,355030,113 SERVICO DE ATENCAO DOMICILIAR / 001 ASSISTENCIA DOMICILIAR,23
2023,1,SP,São Paulo,3550308,São Paulo,3522120117990,2022-12-15,2022-12-25,355030,113 SERVICO DE ATENCAO DOMICILIAR / 001 ASSISTENCIA DOMICILIAR,23
2023,1,SP,São Paulo,3550308,São Paulo,3522120118000,2022-11-22,2022-11-28,355250,126 SERVICO DE FISIOTERAPIA / 002 ASSISTENCIA FISIOTERAPEUTICA EM ALTERACOES ONCOLOGICAS,1
2023,1,SP,São Paulo,3550308,São Paulo,3522120118000,2022-11-22,2022-11-28,355250,126 SERVICO DE FISIOTERAPIA / 002 ASSISTENCIA FISIOTERAPEUTICA EM ALTERACOES ONCOLOGICAS,1
2023,1,SP,São Paulo,3550308,São Paulo,3522120118022,2022-11-07,2022-12-27,355030,113 SERVICO DE ATENCAO DOMICILIAR / 001 ASSISTENCIA DOMICILIAR,5
2023,1,SP,São Paulo,3550308,São Paulo,3522120118022,2022-11-07,2022-12-27,355030,113 SERVICO DE ATENCAO DOMICILIAR / 001 ASSISTENCIA DOMICILIAR,5
2023,1,SP,São Paulo,3550308,São Paulo,3522120118022,2022-11-07,2022-12-27,355030,113 SERVICO DE ATENCAO DOMICILIAR / 001 ASSISTENCIA DOMICILIAR,47
2023,1,SP,São Paulo,3550308,São Paulo,3522120118022,2022-11-07,2022-12-27,355030,113 SERVICO DE ATENCAO DOMICILIAR / 001 ASSISTENCIA DOMICILIAR,47
2023,1,SP,São Paulo,3550308,São Paulo,3522120118022,2022-11-07,2022-12-27,355030,113 SERVICO DE ATENCAO DOMICILIAR / 001 ASSISTENCIA DOMICILIAR,13
2023,1,SP,São Paulo,3550308,São Paulo,3522120118022,2022-11-07,2022-12-27,355030,113 SERVICO DE ATENCAO DOMICILIAR / 001 ASSISTENCIA DOMICILIAR,13
2023,1,SP,São Paulo,3550308,São Paulo,3522120118044,2022-12-05,2022-12-15,353440,126 SERVICO DE FISIOTERAPIA / 004 ASSISTENCIA FISIOTERAPEUTICA CARDIOVASCULARES E PNEUMOFUNCI,26
2023,1,SP,São Paulo,3550308,São Paulo,3522120118044,2022-12-05,2022-12-15,353440,126 SERVICO DE FISIOTERAPIA / 004 ASSISTENCIA FISIOTERAPEUTICA CARDIOVASCULARES E PNEUMOFUNCI,26
2023,1,SP,São Paulo,3550308,São Paulo,3522120118044,2022-12-05,2022-12-15,353440,,0
2023,1,SP,São Paulo,3550308,São Paulo,3522120118077,2022-12-21,2022-12-29,350570,113 SERVICO DE ATENCAO DOMICILIAR / 001 ASSISTENCIA DOMICILIAR,8
2023,1,SP,São Paulo,3550308,São Paulo,3522120118077,2022-12-21,2022-12-29,350570,113 SERVICO DE ATENCAO DOMICILIAR / 001 ASSISTENCIA DOMICILIAR,8
2023,1,SP,São Paulo,3550308,São Paulo,3522120118209,2022-11-28,2022-12-24,355030,113 SERVICO DE ATENCAO DOMICILIAR / 001 ASSISTENCIA DOMICILIAR,11
2023,1,SP,São Paulo,3550308,São Paulo,3522120118209,2022-11-28,2022-12-24,355030,113 SERVICO DE ATENCAO DOMICILIAR / 001 ASSISTENCIA DOMICILIAR,11
2023,1,SP,São Paulo,3550308,São Paulo,3522120118209,2022-11-28,2022-12-24,355030,113 SERVICO DE ATENCAO DOMICILIAR / 001 ASSISTENCIA DOMICILIAR,17
2023,1,SP,São Paulo,3550308,São Paulo,3522120118209,2022-11-28,2022-12-24,355030,113 SERVICO DE ATENCAO DOMICILIAR / 001 ASSISTENCIA DOMICILIAR,17
2023,1,SP,São Paulo,3550308,São Paulo,3522120118319,2022-11-04,2022-11-10,150230,113 SERVICO DE ATENCAO DOMICILIAR / 001 ASSISTENCIA DOMICILIAR,5
2023,1,SP,São Paulo,3550308,São Paulo,3522120118319,2022-11-04,2022-11-10,150230,113 SERVICO DE ATENCAO DOMICILIAR / 001 ASSISTENCIA DOMICILIAR,5
2023,1,SP,São Paulo,3550308,São Paulo,3522120118320,2022-10-08,2022-11-03,150230,113 SERVICO DE ATENCAO DOMICILIAR / 001 ASSISTENCIA DOMICILIAR,2
2023,1,SP,São Paulo,3550308,São Paulo,3522120118320,2022-10-08,2022-11-03,150230,113 SERVICO DE ATENCAO DOMICILIAR / 001 ASSISTENCIA DOMICILIAR,2
2023,1,SP,São Paulo,3550308,São Paulo,3522120118330,2022-11-11,2022-12-10,150230,113 SERVICO DE ATENCAO DOMICILIAR / 001 ASSISTENCIA DOMICILIAR,13
2023,1,SP,São Paulo,3550308,São Paulo,3522120118330,2022-11-11,2022-12-10,150230,113 SERVICO DE ATENCAO DOMICILIAR / 001 ASSISTENCIA DOMICILIAR,13
2023,1,SP,São Paulo,3550308,São Paulo,3522120118341,2022-12-11,2022-12-17,150230,126 SERVICO DE FISIOTERAPIA / 004 ASSISTENCIA FISIOTERAPEUTICA CARDIOVASCULARES E PNEUMOFUNCI,9
2023,1,SP,São Paulo,3550308,São Paulo,3522120118341,2022-12-11,2022-12-17,150230,126 SERVICO DE FISIOTERAPIA / 004 ASSISTENCIA FISIOTERAPEUTICA CARDIOVASCULARES E PNEUMOFUNCI,9
2023,1,SP,São Paulo,3550308,São Paulo,3522120118341,2022-12-11,2022-12-17,150230,113 SERVICO DE ATENCAO DOMICILIAR / 001 ASSISTENCIA DOMICILIAR,1
2023,1,SP,São Paulo,3550308,São Paulo,3522120118341,2022-12-11,2022-12-17,150230,113 SERVICO DE ATENCAO DOMICILIAR / 001 ASSISTENCIA DOMICILIAR,1
2023,1,SP,São Paulo,3550308,São Paulo,3522120118374,2022-12-25,2022-12-30,352250,113 SERVICO DE ATENCAO DOMICILIAR / 001 ASSISTENCIA DOMICILIAR,5
2023,1,SP,São Paulo,3550308,São Paulo,3522120118374,2022-12-25,2022-12-30,352250,113 SERVICO DE ATENCAO DOMICILIAR / 001 ASSISTENCIA DOMICILIAR,5
2023,1,SP,São Paulo,3550308,São Paulo,3522120118429,2022-12-21,2022-12-30,355030,113 SERVICO DE ATENCAO DOMICILIAR / 001 ASSISTENCIA DOMICILIAR,4
2023,1,SP,São Paulo,3550308,São Paulo,3522120118429,2022-12-21,2022-12-30,355030,113 SERVICO DE ATENCAO DOMICILIAR / 001 ASSISTENCIA DOMICILIAR,4
2023,1,SP,São Paulo,3550308,São Paulo,3522120118451,2022-12-16,2022-12-18,355030,113 SERVICO DE ATENCAO DOMICILIAR / 001 ASSISTENCIA DOMICILIAR,5
2023,1,SP,São Paulo,3550308,São Paulo,3522120118451,2022-12-16,2022-12-18,355030,113 SERVICO DE ATENCAO DOMICILIAR / 001 ASSISTENCIA DOMICILIAR,5
2023,1,SP,São Paulo,3550308,São Paulo,3522120118451,2022-12-16,2022-12-18,355030,126 SERVICO DE FISIOTERAPIA / 007 ASSISTENCIA FISIOTERAPEUTICA NAS ALTERACOES EM NEUROLOGIA,6
2023,1,SP,São Paulo,3550308,São Paulo,3522120118451,2022-12-16,2022-12-18,355030,126 SERVICO DE FISIOTERAPIA / 007 ASSISTENCIA FISIOTERAPEUTICA NAS ALTERACOES EM NEUROLOGIA,6
2023,1,SP,São Paulo,3550308,São Paulo,3522120118473,2022-12-15,2022-12-30,355030,,10
2023,1,SP,São Paulo,3550308,São Paulo,3522120118517,2022-12-26,2022-12-29,355030,113 SERVICO DE ATENCAO DOMICILIAR / 001 ASSISTENCIA DOMICILIAR,6
2023,1,SP,São Paulo,3550308,São Paulo,3522120118517,2022-12-26,2022-12-29,355030,113 SERVICO DE ATENCAO DOMICILIAR / 001 ASSISTENCIA DOMICILIAR,6
2023,1,SP,São Paulo,3550308,São Paulo,3522120118550,2022-12-21,2022-12-29,355030,,0
2023,1,SP,São Paulo,3550308,São Paulo,3522120118572,2022-12-06,2022-12-09,355030,126 SERVICO DE FISIOTERAPIA / 004 ASSISTENCIA FISIOTERAPEUTICA CARDIOVASCULARES E PNEUMOFUNCI,7
2023,1,SP,São Paulo,3550308,São Paulo,3522120118572,2022-12-06,2022-12-09,355030,126 SERVICO DE FISIOTERAPIA / 004 ASSISTENCIA FISIOTERAPEUTICA CARDIOVASCULARES E PNEUMOFUNCI,7
2023,1,SP,São Paulo,3550308,São Paulo,3522120118572,2022-12-06,2022-12-09,355030,,0
2023,1,SP,São Paulo,3550308,São Paulo,3522120118605,2022-12-14,2022-12-27,355030,113 SERVICO DE ATENCAO DOMICILIAR / 001 ASSISTENCIA DOMICILIAR,4
2023,1,SP,São Paulo,3550308,São Paulo,3522120118605,2022-12-14,2022-12-27,355030,113 SERVICO DE ATENCAO DOMICILIAR / 001 ASSISTENCIA DOMICILIAR,4
2023,1,SP,São Paulo,3550308,São Paulo,3522120118616,2022-08-19,2022-12-22,351060,126 SERVICO DE FISIOTERAPIA / 002 ASSISTENCIA FISIOTERAPEUTICA EM ALTERACOES ONCOLOGICAS,67
2023,1,SP,São Paulo,3550308,São Paulo,3522120118616,2022-08-19,2022-12-22,351060,126 SERVICO DE FISIOTERAPIA / 002 ASSISTENCIA FISIOTERAPEUTICA EM ALTERACOES ONCOLOGICAS,67
2023,1,SP,São Paulo,3550308,São Paulo,3522120118627,2022-12-15,2022-12-18,355030,113 SERVICO DE ATENCAO DOMICILIAR / 001 ASSISTENCIA DOMICILIAR,3
2023,1,SP,São Paulo,3550308,São Paulo,3522120118627,2022-12-15,2022-12-18,355030,113 SERVICO DE ATENCAO DOMICILIAR / 001 ASSISTENCIA DOMICILIAR,3
2023,1,SP,São Paulo,3550308,São Paulo,3522120118671,2022-12-26,2022-12-30,355030,113 SERVICO DE ATENCAO DOMICILIAR / 001 ASSISTENCIA DOMICILIAR,5
2023,1,SP,São Paulo,3550308,São Paulo,3522120118671,2022-12-26,2022-12-30,355030,113 SERVICO DE ATENCAO DOMICILIAR / 001 ASSISTENCIA DOMICILIAR,5
2023,1,SP,São Paulo,3550308,São Paulo,3522120118682,2022-12-06,2022-12-20,352650,113 SERVICO DE ATENCAO DOMICILIAR / 001 ASSISTENCIA DOMICILIAR,5
2023,1,SP,São Paulo,3550308,São Paulo,3522120118682,2022-12-06,2022-12-20,352650,113 SERVICO DE ATENCAO DOMICILIAR / 001 ASSISTENCIA DOMICILIAR,5
2023,1,SP,São Paulo,3550308,São Paulo,3522120118682,2022-12-06,2022-12-20,352650,113 SERVICO DE ATENCAO DOMICILIAR / 001 ASSISTENCIA DOMICILIAR,5
2023,1,SP,São Paulo,3550308,São Paulo,3522120118682,2022-12-06,2022-12-20,352650,113 SERVICO DE ATENCAO DOMICILIAR / 001 ASSISTENCIA DOMICILIAR,5
2023,1,SP,São Paulo,3550308,São Paulo,3522120118704,2022-12-24,2022-12-30,354870,126 SERVICO DE FISIOTERAPIA / 001 ASSISTENCIA FISIOTERAPEUTICA EM ALTERACOES OBSTETRICAS NEON,10
2023,1,SP,São Paulo,3550308,São Paulo,3522120118704,2022-12-24,2022-12-30,354870,126 SERVICO DE FISIOTERAPIA / 001 ASSISTENCIA FISIOTERAPEUTICA EM ALTERACOES OBSTETRICAS NEON,10
2023,1,SP,São Paulo,3550308,São Paulo,3522120118748,2022-10-04,2022-10-07,350570,113 SERVICO DE ATENCAO DOMICILIAR / 001 ASSISTENCIA DOMICILIAR,2
2023,1,SP,São Paulo,3550308,São Paulo,3522120118748,2022-10-04,2022-10-07,350570,113 SERVICO DE ATENCAO DOMICILIAR / 001 ASSISTENCIA DOMICILIAR,2
2023,1,SP,São Paulo,3550308,São Paulo,3522120118759,2022-11-25,2022-12-02,350570,,0
2023,1,SP,São Paulo,3550308,São Paulo,3522120118759,2022-11-25,2022-12-02,350570,,0
2023,1,SP,São Paulo,3550308,São Paulo,3522120118760,2022-12-03,2022-12-06,350570,126 SERVICO DE FISIOTERAPIA / 004 ASSISTENCIA FISIOTERAPEUTICA CARDIOVASCULARES E PNEUMOFUNCI,8
2023,1,SP,São Paulo,3550308,São Paulo,3522120118760,2022-12-03,2022-12-06,350570,126 SERVICO DE FISIOTERAPIA / 004 ASSISTENCIA FISIOTERAPEUTICA CARDIOVASCULARES E PNEUMOFUNCI,8
2023,1,SP,São Paulo,3550308,São Paulo,3522120118760,2022-12-03,2022-12-06,350570,126 SERVICO DE FISIOTERAPIA / 005 ASSISTENCIA FISIOTERAPEUTICA NAS DISFUNCOES MUSCULO ESQUELET,5
2023,1,SP,São Paulo,3550308,São Paulo,3522120118760,2022-12-03,2022-12-06,350570,126 SERVICO DE FISIOTERAPIA / 005 ASSISTENCIA FISIOTERAPEUTICA NAS DISFUNCOES MUSCULO ESQUELET,5
2023,1,SP,São Paulo,3550308,São Paulo,3522120118770,2022-12-07,2022-12-09,350570,126 SERVICO DE FISIOTERAPIA / 004 ASSISTENCIA FISIOTERAPEUTICA CARDIOVASCULARES E PNEUMOFUNCI,7
2023,1,SP,São Paulo,3550308,São Paulo,3522120118770,2022-12-07,2022-12-09,350570,126 SERVICO DE FISIOTERAPIA / 004 ASSISTENCIA FISIOTERAPEUTICA CARDIOVASCULARES E PNEUMOFUNCI,7
2023,1,SP,São Paulo,3550308,São Paulo,3522120118781,2022-12-10,2022-12-15,350570,126 SERVICO DE FISIOTERAPIA / 004 ASSISTENCIA FISIOTERAPEUTICA CARDIOVASCULARES E PNEUMOFUNCI,10
2023,1,SP,São Paulo,3550308,São Paulo,3522120118781,2022-12-10,2022-12-15,350570,126 SERVICO DE FISIOTERAPIA / 004 ASSISTENCIA FISIOTERAPEUTICA CARDIOVASCULARES E PNEUMOFUNCI,10
2023,1,SP,São Paulo,3550308,São Paulo,3522120118792,2022-12-16,2022-12-19,350570,113 SERVICO DE ATENCAO DOMICILIAR / 001 ASSISTENCIA DOMICILIAR,6
2023,1,SP,São Paulo,3550308,São Paulo,3522120118792,2022-12-16,2022-12-19,350570,113 SERVICO DE ATENCAO DOMICILIAR / 001 ASSISTENCIA DOMICILIAR,6
2023,1,SP,São Paulo,3550308,São Paulo,3522120118825,2022-12-21,2022-12-24,352310,,1
2023,1,SP,São Paulo,3550308,São Paulo,3522120118858,2022-12-03,2022-12-27,355030,126 SERVICO DE FISIOTERAPIA / 001 ASSISTENCIA FISIOTERAPEUTICA EM ALTERACOES OBSTETRICAS NEON,20
2023,1,SP,São Paulo,3550308,São Paulo,3522120118858,2022-12-03,2022-12-27,355030,126 SERVICO DE FISIOTERAPIA / 001 ASSISTENCIA FISIOTERAPEUTICA EM ALTERACOES OBSTETRICAS NEON,20
2023,1,SP,São Paulo,3550308,São Paulo,3522120118891,2022-11-09,2022-11-10,354780,113 SERVICO DE ATENCAO DOMICILIAR / 001 ASSISTENCIA DOMICILIAR,2
2023,1,SP,São Paulo,3550308,São Paulo,3522120118891,2022-11-09,2022-11-10,354780,113 SERVICO DE ATENCAO DOMICILIAR / 001 ASSISTENCIA DOMICILIAR,2
2023,1,SP,São Paulo,3550308,São Paulo,3522120118891,2022-11-09,2022-11-10,354780,113 SERVICO DE ATENCAO DOMICILIAR / 001 ASSISTENCIA DOMICILIAR,1
2023,1,SP,São Paulo,3550308,São Paulo,3522120118891,2022-11-09,2022-11-10,354780,113 SERVICO DE ATENCAO DOMICILIAR / 001 ASSISTENCIA DOMICILIAR,1
2023,1,SP,São Paulo,3550308,São Paulo,3522120118924,2022-12-16,2022-12-19,354780,113 SERVICO DE ATENCAO DOMICILIAR / 001 ASSISTENCIA DOMICILIAR,1
2023,1,SP,São Paulo,3550308,São Paulo,3522120118924,2022-12-16,2022-12-19,354780,113 SERVICO DE ATENCAO DOMICILIAR / 001 ASSISTENCIA DOMICILIAR,1
2023,1,SP,São Paulo,3550308,São Paulo,3522120118935,2022-12-20,2022-12-23,354780,113 SERVICO DE ATENCAO DOMICILIAR / 001 ASSISTENCIA DOMICILIAR,6
2023,1,SP,São Paulo,3550308,São Paulo,3522120118935,2022-12-20,2022-12-23,354780,113 SERVICO DE ATENCAO DOMICILIAR / 001 ASSISTENCIA DOMICILIAR,6
2023,1,SP,São Paulo,3550308,São Paulo,3522120119012,2022-10-25,2022-11-02,355030,113 SERVICO DE ATENCAO DOMICILIAR / 001 ASSISTENCIA DOMICILIAR,3
2023,1,SP,São Paulo,3550308,São Paulo,3522120119012,2022-10-25,2022-11-02,355030,113 SERVICO DE ATENCAO DOMICILIAR / 001 ASSISTENCIA DOMICILIAR,3
2023,1,SP,São Paulo,3550308,São Paulo,3522120119023,2022-12-26,2022-12-28,351380,113 SERVICO DE ATENCAO DOMICILIAR / 001 ASSISTENCIA DOMICILIAR,1
2023,1,SP,São Paulo,3550308,São Paulo,3522120119023,2022-12-26,2022-12-28,351380,113 SERVICO DE ATENCAO DOMICILIAR / 001 ASSISTENCIA DOMICILIAR,1
2023,1,SP,São Paulo,3550308,São Paulo,3522120119045,2022-12-25,2022-12-27,313990,113 SERVICO DE ATENCAO DOMICILIAR / 001 ASSISTENCIA DOMICILIAR,1
2023,1,SP,São Paulo,3550308,São Paulo,3522120119045,2022-12-25,2022-12-27,313990,113 SERVICO DE ATENCAO DOMICILIAR / 001 ASSISTENCIA DOMICILIAR,1
2023,1,SP,São Paulo,3550308,São Paulo,3522120119100,2022-12-19,2022-12-30,351060,113 SERVICO DE ATENCAO DOMICILIAR / 001 ASSISTENCIA DOMICILIAR,8
2023,1,SP,São Paulo,3550308,São Paulo,3522120119100,2022-12-19,2022-12-30,351060,113 SERVICO DE ATENCAO DOMICILIAR / 001 ASSISTENCIA DOMICILIAR,8
2023,1,SP,São Paulo,3550308,São Paulo,3522120119100,2022-12-19,2022-12-30,351060,113 SERVICO DE ATENCAO DOMICILIAR / 001 ASSISTENCIA DOMICILIAR,33
2023,1,SP,São Paulo,3550308,São Paulo,3522120119100,2022-12-19,2022-12-30,351060,113 SERVICO DE ATENCAO DOMICILIAR / 001 ASSISTENCIA DOMICILIAR,33
2023,1,SP,São Paulo,3550308,São Paulo,3522120119111,2022-11-01,2022-11-06,353440,,0
2023,1,SP,São Paulo,3550308,São Paulo,3522120119111,2022-11-01,2022-11-06,353440,126 SERVICO DE FISIOTERAPIA / 007 ASSISTENCIA FISIOTERAPEUTICA NAS ALTERACOES EM NEUROLOGIA,4
2023,1,SP,São Paulo,3550308,São Paulo,3522120119111,2022-11-01,2022-11-06,353440,126 SERVICO DE FISIOTERAPIA / 007 ASSISTENCIA FISIOTERAPEUTICA NAS ALTERACOES EM NEUROLOGIA,4
2023,1,SP,São Paulo,3550308,São Paulo,3522120119243,2022-12-05,2022-12-09,355030,113 SERVICO DE ATENCAO DOMICILIAR / 001 ASSISTENCIA DOMICILIAR,6
2023,1,SP,São Paulo,3550308,São Paulo,3522120119243,2022-12-05,2022-12-09,355030,113 SERVICO DE ATENCAO DOMICILIAR / 001 ASSISTENCIA DOMICILIAR,6
2023,1,SP,São Paulo,3550308,São Paulo,3522120119287,2022-11-26,2022-11-30,355030,126 SERVICO DE FISIOTERAPIA / 002 ASSISTENCIA FISIOTERAPEUTICA EM ALTERACOES ONCOLOGICAS,20
2023,1,SP,São Paulo,3550308,São Paulo,3522120119287,2022-11-26,2022-11-30,355030,126 SERVICO DE FISIOTERAPIA / 002 ASSISTENCIA FISIOTERAPEUTICA EM ALTERACOES ONCOLOGICAS,20
2023,1,SP,São Paulo,3550308,São Paulo,3522120119298,2022-12-01,2022-12-25,355030,126 SERVICO DE FISIOTERAPIA / 004 ASSISTENCIA FISIOTERAPEUTICA CARDIOVASCULARES E PNEUMOFUNCI,19
2023,1,SP,São Paulo,3550308,São Paulo,3522120119298,2022-12-01,2022-12-25,355030,126 SERVICO DE FISIOTERAPIA / 004 ASSISTENCIA FISIOTERAPEUTICA CARDIOVASCULARES E PNEUMOFUNCI,19
2023,1,SP,São Paulo,3550308,São Paulo,3522120119298,2022-12-01,2022-12-25,355030,126 SERVICO DE FISIOTERAPIA / 004 ASSISTENCIA FISIOTERAPEUTICA CARDIOVASCULARES E PNEUMOFUNCI,56
2023,1,SP,São Paulo,3550308,São Paulo,3522120119298,2022-12-01,2022-12-25,355030,126 SERVICO DE FISIOTERAPIA / 004 ASSISTENCIA FISIOTERAPEUTICA CARDIOVASCULARES E PNEUMOFUNCI,56
2023,1,SP,São Paulo,3550308,São Paulo,3522120119298,2022-12-01,2022-12-25,355030,113 SERVICO DE ATENCAO DOMICILIAR / 001 ASSISTENCIA DOMICILIAR,10
2023,1,SP,São Paulo,3550308,São Paulo,3522120119298,2022-12-01,2022-12-25,355030,113 SERVICO DE ATENCAO DOMICILIAR / 001 ASSISTENCIA DOMICILIAR,10
2023,1,SP,São Paulo,3550308,São Paulo,3522120119298,2022-12-01,2022-12-25,355030,113 SERVICO DE ATENCAO DOMICILIAR / 001 ASSISTENCIA DOMICILIAR,12
2023,1,SP,São Paulo,3550308,São Paulo,3522120119298,2022-12-01,2022-12-25,355030,113 SERVICO DE ATENCAO DOMICILIAR / 001 ASSISTENCIA DOMICILIAR,12
2023,1,SP,São Paulo,3550308,São Paulo,3522120119331,2022-10-06,2022-10-09,355030,113 SERVICO DE ATENCAO DOMICILIAR / 001 ASSISTENCIA DOMICILIAR,5
2023,1,SP,São Paulo,3550308,São Paulo,3522120119331,2022-10-06,2022-10-09,355030,113 SERVICO DE ATENCAO DOMICILIAR / 001 ASSISTENCIA DOMICILIAR,5
2023,1,SP,São Paulo,3550308,São Paulo,3522120119331,2022-10-06,2022-10-09,355030,126 SERVICO DE FISIOTERAPIA / 007 ASSISTENCIA FISIOTERAPEUTICA NAS ALTERACOES EM NEUROLOGIA,5
2023,1,SP,São Paulo,3550308,São Paulo,3522120119331,2022-10-06,2022-10-09,355030,126 SERVICO DE FISIOTERAPIA / 007 ASSISTENCIA FISIOTERAPEUTICA NAS ALTERACOES EM NEUROLOGIA,5
2023,1,SP,São Paulo,3550308,São Paulo,3522120119331,2022-10-06,2022-10-09,355030,,0
2023,1,SP,São Paulo,3550308,São Paulo,3522120119419,2022-11-16,2022-11-19,355030,,0
2023,1,SP,São Paulo,3550308,São Paulo,3522120119420,2022-11-20,2022-11-30,355030,113 SERVICO DE ATENCAO DOMICILIAR / 001 ASSISTENCIA DOMICILIAR,1
2023,1,SP,São Paulo,3550308,São Paulo,3522120119420,2022-11-20,2022-11-30,355030,113 SERVICO DE ATENCAO DOMICILIAR / 001 ASSISTENCIA DOMICILIAR,1
2023,1,SP,São Paulo,3550308,São Paulo,3522120119430,2022-11-01,2022-12-01,355030,113 SERVICO DE ATENCAO DOMICILIAR / 001 ASSISTENCIA DOMICILIAR,117
2023,1,SP,São Paulo,3550308,São Paulo,3522120119430,2022-11-01,2022-12-01,355030,113 SERVICO DE ATENCAO DOMICILIAR / 001 ASSISTENCIA DOMICILIAR,117
2023,1,SP,São Paulo,3550308,São Paulo,3522120119441,2022-12-02,2023-01-01,355030,113 SERVICO DE ATENCAO DOMICILIAR / 001 ASSISTENCIA DOMICILIAR,89
2023,1,SP,São Paulo,3550308,São Paulo,3522120119441,2022-12-02,2023-01-01,355030,113 SERVICO DE ATENCAO DOMICILIAR / 001 ASSISTENCIA DOMICILIAR,89
2023,1,SP,São Paulo,3550308,São Paulo,3522120119485,2022-12-14,2022-12-21,355030,113 SERVICO DE ATENCAO DOMICILIAR / 001 ASSISTENCIA DOMICILIAR,23
2023,1,SP,São Paulo,3550308,São Paulo,3522120119485,2022-12-14,2022-12-21,355030,113 SERVICO DE ATENCAO DOMICILIAR / 001 ASSISTENCIA DOMICILIAR,23
2023,1,SP,São Paulo,3550308,São Paulo,3522120119496,2022-12-22,2022-12-28,355030,126 SERVICO DE FISIOTERAPIA / 002 ASSISTENCIA FISIOTERAPEUTICA EM ALTERACOES ONCOLOGICAS,21
2023,1,SP,São Paulo,3550308,São Paulo,3522120119496,2022-12-22,2022-12-28,355030,126 SERVICO DE FISIOTERAPIA / 002 ASSISTENCIA FISIOTERAPEUTICA EM ALTERACOES ONCOLOGICAS,21
2023,1,SP,São Paulo,3550308,São Paulo,3522120119496,2022-12-22,2022-12-28,355030,113 SERVICO DE ATENCAO DOMICILIAR / 001 ASSISTENCIA DOMICILIAR,2
2023,1,SP,São Paulo,3550308,São Paulo,3522120119496,2022-12-22,2022-12-28,355030,113 SERVICO DE ATENCAO DOMICILIAR / 001 ASSISTENCIA DOMICILIAR,2
2023,1,SP,São Paulo,3550308,São Paulo,3522120119507,2022-11-23,2022-12-13,355030,113 SERVICO DE ATENCAO DOMICILIAR / 001 ASSISTENCIA DOMICILIAR,2
2023,1,SP,São Paulo,3550308,São Paulo,3522120119507,2022-11-23,2022-12-13,355030,113 SERVICO DE ATENCAO DOMICILIAR / 001 ASSISTENCIA DOMICILIAR,2
2023,1,SP,São Paulo,3550308,São Paulo,3522120119606,2022-11-23,2022-12-22,354730,126 SERVICO DE FISIOTERAPIA / 002 ASSISTENCIA FISIOTERAPEUTICA EM ALTERACOES ONCOLOGICAS,10
2023,1,SP,São Paulo,3550308,São Paulo,3522120119606,2022-11-23,2022-12-22,354730,126 SERVICO DE FISIOTERAPIA / 002 ASSISTENCIA FISIOTERAPEUTICA EM ALTERACOES ONCOLOGICAS,10
2023,1,SP,São Paulo,3550308,São Paulo,3522120119606,2022-11-23,2022-12-22,354730,113 SERVICO DE ATENCAO DOMICILIAR / 001 ASSISTENCIA DOMICILIAR,11
2023,1,SP,São Paulo,3550308,São Paulo,3522120119606,2022-11-23,2022-12-22,354730,113 SERVICO DE ATENCAO DOMICILIAR / 001 ASSISTENCIA DOMICILIAR,11
2023,1,SP,São Paulo,3550308,São Paulo,3522120119617,2022-10-25,2022-10-30,354730,126 SERVICO DE FISIOTERAPIA / 002 ASSISTENCIA FISIOTERAPEUTICA EM ALTERACOES ONCOLOGICAS,6
2023,1,SP,São Paulo,3550308,São Paulo,3522120119617,2022-10-25,2022-10-30,354730,126 SERVICO DE FISIOTERAPIA / 002 ASSISTENCIA FISIOTERAPEUTICA EM ALTERACOES ONCOLOGICAS,6
2023,1,SP,São Paulo,3550308,São Paulo,3522120119617,2022-10-25,2022-10-30,354730,113 SERVICO DE ATENCAO DOMICILIAR / 001 ASSISTENCIA DOMICILIAR,3
2023,1,SP,São Paulo,3550308,São Paulo,3522120119617,2022-10-25,2022-10-30,354730,113 SERVICO DE ATENCAO DOMICILIAR / 001 ASSISTENCIA DOMICILIAR,3
2023,1,SP,São Paulo,3550308,São Paulo,3522120119683,2022-11-05,2022-11-29,355030,126 SERVICO DE FISIOTERAPIA / 007 ASSISTENCIA FISIOTERAPEUTICA NAS ALTERACOES EM NEUROLOGIA,61
2023,1,SP,São Paulo,3550308,São Paulo,3522120119683,2022-11-05,2022-11-29,355030,126 SERVICO DE FISIOTERAPIA / 007 ASSISTENCIA FISIOTERAPEUTICA NAS ALTERACOES EM NEUROLOGIA,61
2023,1,SP,São Paulo,3550308,São Paulo,3522120119694,2022-11-30,2022-12-18,355030,113 SERVICO DE ATENCAO DOMICILIAR / 001 ASSISTENCIA DOMICILIAR,25
2023,1,SP,São Paulo,3550308,São Paulo,3522120119694,2022-11-30,2022-12-18,355030,113 SERVICO DE ATENCAO DOMICILIAR / 001 ASSISTENCIA DOMICILIAR,25
2023,1,SP,São Paulo,3550308,São Paulo,3522120119694,2022-11-30,2022-12-18,355030,,0
2023,1,SP,São Paulo,3550308,São Paulo,3522120119716,2022-11-06,2022-11-14,355030,126 SERVICO DE FISIOTERAPIA / 005 ASSISTENCIA FISIOTERAPEUTICA NAS DISFUNCOES MUSCULO ESQUELET,15
2023,1,SP,São Paulo,3550308,São Paulo,3522120119716,2022-11-06,2022-11-14,355030,126 SERVICO DE FISIOTERAPIA / 005 ASSISTENCIA FISIOTERAPEUTICA NAS DISFUNCOES MUSCULO ESQUELET,15
2023,1,SP,São Paulo,3550308,São Paulo,3522120119716,2022-11-06,2022-11-14,355030,126 SERVICO DE FISIOTERAPIA / 002 ASSISTENCIA FISIOTERAPEUTICA EM ALTERACOES ONCOLOGICAS,17
2023,1,SP,São Paulo,3550308,São Paulo,3522120119716,2022-11-06,2022-11-14,355030,126 SERVICO DE FISIOTERAPIA / 002 ASSISTENCIA FISIOTERAPEUTICA EM ALTERACOES ONCOLOGICAS,17
2023,1,SP,São Paulo,3550308,São Paulo,3522120119738,2022-11-22,2022-11-28,350570,,0
2023,1,SP,São Paulo,3550308,São Paulo,3522120119749,2022-11-29,2022-12-03,350570,126 SERVICO DE FISIOTERAPIA / 004 ASSISTENCIA FISIOTERAPEUTICA CARDIOVASCULARES E PNEUMOFUNCI,2
2023,1,SP,São Paulo,3550308,São Paulo,3522120119749,2022-11-29,2022-12-03,350570,126 SERVICO DE FISIOTERAPIA / 004 ASSISTENCIA FISIOTERAPEUTICA CARDIOVASCULARES E PNEUMOFUNCI,2
2023,1,SP,São Paulo,3550308,São Paulo,3522120119760,2022-12-11,2022-12-30,350570,113 SERVICO DE ATENCAO DOMICILIAR / 001 ASSISTENCIA DOMICILIAR,4
2023,1,SP,São Paulo,3550308,São Paulo,3522120119760,2022-12-11,2022-12-30,350570,113 SERVICO DE ATENCAO DOMICILIAR / 001 ASSISTENCIA DOMICILIAR,4
2023,1,SP,São Paulo,3550308,São Paulo,3522120119793,2022-11-16,2022-11-22,355030,,0
2023,1,SP,São Paulo,3550308,São Paulo,3522120119837,2022-11-13,2022-12-30,354780,113 SERVICO DE ATENCAO DOMICILIAR / 001 ASSISTENCIA DOMICILIAR,20
2023,1,SP,São Paulo,3550308,São Paulo,3522120119837,2022-11-13,2022-12-30,354780,113 SERVICO DE ATENCAO DOMICILIAR / 001 ASSISTENCIA DOMICILIAR,20
2023,1,SP,São Paulo,3550308,São Paulo,3522120119837,2022-11-13,2022-12-30,354780,126 SERVICO DE FISIOTERAPIA / 002 ASSISTENCIA FISIOTERAPEUTICA EM ALTERACOES ONCOLOGICAS,19
2023,1,SP,São Paulo,3550308,São Paulo,3522120119837,2022-11-13,2022-12-30,354780,126 SERVICO DE FISIOTERAPIA / 002 ASSISTENCIA FISIOTERAPEUTICA EM ALTERACOES ONCOLOGICAS,19
2023,1,SP,São Paulo,3550308,São Paulo,3522120119881,2022-12-05,2022-12-08,353440,,3
2023,1,SP,São Paulo,3550308,São Paulo,3522120119925,2022-12-01,2022-12-30,355030,126 SERVICO DE FISIOTERAPIA / 004 ASSISTENCIA FISIOTERAPEUTICA CARDIOVASCULARES E PNEUMOFUNCI,2
2023,1,SP,São Paulo,3550308,São Paulo,3522120119925,2022-12-01,2022-12-30,355030,126 SERVICO DE FISIOTERAPIA / 004 ASSISTENCIA FISIOTERAPEUTICA CARDIOVASCULARES E PNEUMOFUNCI,2
2023,1,SP,São Paulo,3550308,São Paulo,3522120119936,2022-12-02,2022-12-25,355030,113 SERVICO DE ATENCAO DOMICILIAR / 001 ASSISTENCIA DOMICILIAR,4
2023,1,SP,São Paulo,3550308,São Paulo,3522120119936,2022-12-02,2022-12-25,355030,113 SERVICO DE ATENCAO DOMICILIAR / 001 ASSISTENCIA DOMICILIAR,4
2023,1,SP,São Paulo,3550308,São Paulo,3522120119958,2022-12-08,2022-12-13,352310,113 SERVICO DE ATENCAO DOMICILIAR / 001 ASSISTENCIA DOMICILIAR,11
2023,1,SP,São Paulo,3550308,São Paulo,3522120119958,2022-12-08,2022-12-13,352310,113 SERVICO DE ATENCAO DOMICILIAR / 001 ASSISTENCIA DOMICILIAR,11
2023,1,SP,São Paulo,3550308,São Paulo,3522120120013,2022-12-10,2022-12-15,355030,113 SERVICO DE ATENCAO DOMICILIAR / 001 ASSISTENCIA DOMICILIAR,7
2023,1,SP,São Paulo,3550308,São Paulo,3522120120013,2022-12-10,2022-12-15,355030,113 SERVICO DE ATENCAO DOMICILIAR / 001 ASSISTENCIA DOMICILIAR,7
2023,1,SP,São Paulo,3550308,São Paulo,3522120120046,2022-12-13,2022-12-20,351500,113 SERVICO DE ATENCAO DOMICILIAR / 001 ASSISTENCIA DOMICILIAR,5
2023,1,SP,São Paulo,3550308,São Paulo,3522120120046,2022-12-13,2022-12-20,351500,113 SERVICO DE ATENCAO DOMICILIAR / 001 ASSISTENCIA DOMICILIAR,5
2023,1,SP,São Paulo,3550308,São Paulo,3522120120079,2022-12-18,2022-12-31,352500,126 SERVICO DE FISIOTERAPIA / 002 ASSISTENCIA FISIOTERAPEUTICA EM ALTERACOES ONCOLOGICAS,23
2023,1,SP,São Paulo,3550308,São Paulo,3522120120079,2022-12-18,2022-12-31,352500,126 SERVICO DE FISIOTERAPIA / 002 ASSISTENCIA FISIOTERAPEUTICA EM ALTERACOES ONCOLOGICAS,23
2023,1,SP,São Paulo,3550308,São Paulo,3522120120123,2022-12-28,2023-01-02,353980,126 SERVICO DE FISIOTERAPIA / 007 ASSISTENCIA FISIOTERAPEUTICA NAS ALTERACOES EM NEUROLOGIA,2
2023,1,SP,São Paulo,3550308,São Paulo,3522120120123,2022-12-28,2023-01-02,353980,126 SERVICO DE FISIOTERAPIA / 007 ASSISTENCIA FISIOTERAPEUTICA NAS ALTERACOES EM NEUROLOGIA,2
2023,1,SP,São Paulo,3550308,São Paulo,3522120120123,2022-12-28,2023-01-02,353980,105 SERVICO DE ATENCAO EM NEUROLOGIA / NEUROCIRURGIA / 001 NEUROCIRURGIA DO TRAUMA E ANOMALIAS DO DE,0
2023,1,SP,São Paulo,3550308,São Paulo,3522120120123,2022-12-28,2023-01-02,353980,105 SERVICO DE ATENCAO EM NEUROLOGIA / NEUROCIRURGIA / 001 NEUROCIRURGIA DO TRAUMA E ANOMALIAS DO DE,0
2023,1,SP,São Paulo,3550308,São Paulo,3522120120134,2022-12-22,2022-12-24,351060,113 SERVICO DE ATENCAO DOMICILIAR / 001 ASSISTENCIA DOMICILIAR,1
2023,1,SP,São Paulo,3550308,São Paulo,3522120120134,2022-12-22,2022-12-24,351060,113 SERVICO DE ATENCAO DOMICILIAR / 001 ASSISTENCIA DOMICILIAR,1
2023,1,SP,São Paulo,3550308,São Paulo,3522120120145,2022-12-25,2022-12-30,351060,126 SERVICO DE FISIOTERAPIA / 002 ASSISTENCIA FISIOTERAPEUTICA EM ALTERACOES ONCOLOGICAS,12
2023,1,SP,São Paulo,3550308,São Paulo,3522120120145,2022-12-25,2022-12-30,351060,126 SERVICO DE FISIOTERAPIA / 002 ASSISTENCIA FISIOTERAPEUTICA EM ALTERACOES ONCOLOGICAS,12
2023,1,SP,São Paulo,3550308,São Paulo,3522120120145,2022-12-25,2022-12-30,351060,126 SERVICO DE FISIOTERAPIA / 004 ASSISTENCIA FISIOTERAPEUTICA CARDIOVASCULARES E PNEUMOFUNCI,2
2023,1,SP,São Paulo,3550308,São Paulo,3522120120145,2022-12-25,2022-12-30,351060,126 SERVICO DE FISIOTERAPIA / 004 ASSISTENCIA FISIOTERAPEUTICA CARDIOVASCULARES E PNEUMOFUNCI,2
2023,1,SP,São Paulo,3550308,São Paulo,3522120120190,2022-12-25,2022-12-29,355030,113 SERVICO DE ATENCAO DOMICILIAR / 001 ASSISTENCIA DOMICILIAR,11
2023,1,SP,São Paulo,3550308,São Paulo,3522120120190,2022-12-25,2022-12-29,355030,113 SERVICO DE ATENCAO DOMICILIAR / 001 ASSISTENCIA DOMICILIAR,11
2023,1,SP,São Paulo,3550308,São Paulo,3522120120211,2022-12-27,2022-12-29,355030,126 SERVICO DE FISIOTERAPIA / 002 ASSISTENCIA FISIOTERAPEUTICA EM ALTERACOES ONCOLOGICAS,9
2023,1,SP,São Paulo,3550308,São Paulo,3522120120211,2022-12-27,2022-12-29,355030,126 SERVICO DE FISIOTERAPIA / 002 ASSISTENCIA FISIOTERAPEUTICA EM ALTERACOES ONCOLOGICAS,9
2023,1,SP,São Paulo,3550308,São Paulo,3522120120300,2022-12-01,2022-12-30,355030,126 SERVICO DE FISIOTERAPIA / 001 ASSISTENCIA FISIOTERAPEUTICA EM ALTERACOES OBSTETRICAS NEON,38
2023,1,SP,São Paulo,3550308,São Paulo,3522120120300,2022-12-01,2022-12-30,355030,126 SERVICO DE FISIOTERAPIA / 001 ASSISTENCIA FISIOTERAPEUTICA EM ALTERACOES OBSTETRICAS NEON,38
2023,1,SP,São Paulo,3550308,São Paulo,3522120120300,2022-12-01,2022-12-30,355030,113 SERVICO DE ATENCAO DOMICILIAR / 001 ASSISTENCIA DOMICILIAR,6
2023,1,SP,São Paulo,3550308,São Paulo,3522120120300,2022-12-01,2022-12-30,355030,113 SERVICO DE ATENCAO DOMICILIAR / 001 ASSISTENCIA DOMICILIAR,6
2023,1,SP,São Paulo,3550308,São Paulo,3522120120365,2022-12-14,2023-01-03,355030,113 SERVICO DE ATENCAO DOMICILIAR / 001 ASSISTENCIA DOMICILIAR,1
2023,1,SP,São Paulo,3550308,São Paulo,3522120120365,2022-12-14,2023-01-03,355030,113 SERVICO DE ATENCAO DOMICILIAR / 001 ASSISTENCIA DOMICILIAR,1
2023,1,SP,São Paulo,3550308,São Paulo,3522120120387,2022-12-22,2023-01-10,355030,113 SERVICO DE ATENCAO DOMICILIAR / 001 ASSISTENCIA DOMICILIAR,1
2023,1,SP,São Paulo,3550308,São Paulo,3522120120387,2022-12-22,2023-01-10,355030,113 SERVICO DE ATENCAO DOMICILIAR / 001 ASSISTENCIA DOMICILIAR,1
2023,1,SP,São Paulo,3550308,São Paulo,3522120120420,2022-12-18,2023-01-10,355030,113 SERVICO DE ATENCAO DOMICILIAR / 001 ASSISTENCIA DOMICILIAR,3
2023,1,SP,São Paulo,3550308,São Paulo,3522120120420,2022-12-18,2023-01-10,355030,113 SERVICO DE ATENCAO DOMICILIAR / 001 ASSISTENCIA DOMICILIAR,3
2023,1,SP,São Paulo,3550308,São Paulo,3522120120464,2022-11-04,2022-12-13,353440,126 SERVICO DE FISIOTERAPIA / 001 ASSISTENCIA FISIOTERAPEUTICA EM ALTERACOES OBSTETRICAS NEON,15
2023,1,SP,São Paulo,3550308,São Paulo,3522120120464,2022-11-04,2022-12-13,353440,126 SERVICO DE FISIOTERAPIA / 001 ASSISTENCIA FISIOTERAPEUTICA EM ALTERACOES OBSTETRICAS NEON,15
2023,1,SP,São Paulo,3550308,São Paulo,3522120120464,2022-11-04,2022-12-13,353440,126 SERVICO DE FISIOTERAPIA / 001 ASSISTENCIA FISIOTERAPEUTICA EM ALTERACOES OBSTETRICAS NEON,6
2023,1,SP,São Paulo,3550308,São Paulo,3522120120464,2022-11-04,2022-12-13,353440,126 SERVICO DE FISIOTERAPIA / 001 ASSISTENCIA FISIOTERAPEUTICA EM ALTERACOES OBSTETRICAS NEON,6
2023,1,SP,São Paulo,3550308,São Paulo,3522120120475,2022-12-14,2022-12-26,353440,126 SERVICO DE FISIOTERAPIA / 002 ASSISTENCIA FISIOTERAPEUTICA EM ALTERACOES ONCOLOGICAS,1
2023,1,SP,São Paulo,3550308,São Paulo,3522120120475,2022-12-14,2022-12-26,353440,126 SERVICO DE FISIOTERAPIA / 002 ASSISTENCIA FISIOTERAPEUTICA EM ALTERACOES ONCOLOGICAS,1
2023,1,SP,São Paulo,3550308,São Paulo,3522120120475,2022-12-14,2022-12-26,353440,126 SERVICO DE FISIOTERAPIA / 001 ASSISTENCIA FISIOTERAPEUTICA EM ALTERACOES OBSTETRICAS NEON,4
2023,1,SP,São Paulo,3550308,São Paulo,3522120120475,2022-12-14,2022-12-26,353440,126 SERVICO DE FISIOTERAPIA / 001 ASSISTENCIA FISIOTERAPEUTICA EM ALTERACOES OBSTETRICAS NEON,4
2023,1,SP,São Paulo,3550308,São Paulo,3522120120497,2022-12-27,2023-01-02,352310,,0
2023,1,SP,São Paulo,3550308,São Paulo,3522120121190,2022-12-28,2023-01-09,355030,113 SERVICO DE ATENCAO DOMICILIAR / 001 ASSISTENCIA DOMICILIAR,3
2023,1,SP,São Paulo,3550308,São Paulo,3522120121190,2022-12-28,2023-01-09,355030,113 SERVICO DE ATENCAO DOMICILIAR / 001 ASSISTENCIA DOMICILIAR,3
2023,1,SP,São Paulo,3550308,São Paulo,3522120121212,2022-12-29,2023-01-06,355030,,0
2023,1,SP,São Paulo,3550308,São Paulo,3522120121223,2022-12-29,2023-01-02,355030,113 SERVICO DE ATENCAO DOMICILIAR / 001 ASSISTENCIA DOMICILIAR,1
2023,1,SP,São Paulo,3550308,São Paulo,3522120121223,2022-12-29,2023-01-02,355030,113 SERVICO DE ATENCAO DOMICILIAR / 001 ASSISTENCIA DOMICILIAR,1
2023,1,SP,São Paulo,3550308,São Paulo,3522120121245,2022-12-14,2022-12-18,355030,113 SERVICO DE ATENCAO DOMICILIAR / 001 ASSISTENCIA DOMICILIAR,1
2023,1,SP,São Paulo,3550308,São Paulo,3522120121245,2022-12-14,2022-12-18,355030,113 SERVICO DE ATENCAO DOMICILIAR / 001 ASSISTENCIA DOMICILIAR,1
2023,1,SP,São Paulo,3550308,São Paulo,3522120121245,2022-12-14,2022-12-18,355030,,0
2023,1,SP,São Paulo,3550308,São Paulo,3522120121267,2022-12-30,2023-01-04,353440,105 SERVICO DE ATENCAO EM NEUROLOGIA / NEUROCIRURGIA / 001 NEUROCIRURGIA DO TRAUMA E ANOMALIAS DO DE,0
2023,1,SP,São Paulo,3550308,São Paulo,3522120121267,2022-12-30,2023-01-04,353440,105 SERVICO DE ATENCAO EM NEUROLOGIA / NEUROCIRURGIA / 001 NEUROCIRURGIA DO TRAUMA E ANOMALIAS DO DE,0
2023,1,SP,São Paulo,3550308,São Paulo,3522120121311,2022-12-13,2022-12-19,355030,,0
2023,1,SP,São Paulo,3550308,São Paulo,3522120121377,2022-12-13,2023-01-01,355030,113 SERVICO DE ATENCAO DOMICILIAR / 001 ASSISTENCIA DOMICILIAR,1
2023,1,SP,São Paulo,3550308,São Paulo,3522120121377,2022-12-13,2023-01-01,355030,113 SERVICO DE ATENCAO DOMICILIAR / 001 ASSISTENCIA DOMICILIAR,1
2023,1,SP,São Paulo,3550308,São Paulo,3522120121377,2022-12-13,2023-01-01,355030,126 SERVICO DE FISIOTERAPIA / 002 ASSISTENCIA FISIOTERAPEUTICA EM ALTERACOES ONCOLOGICAS,30
2023,1,SP,São Paulo,3550308,São Paulo,3522120121377,2022-12-13,2023-01-01,355030,126 SERVICO DE FISIOTERAPIA / 002 ASSISTENCIA FISIOTERAPEUTICA EM ALTERACOES ONCOLOGICAS,30
2023,1,SP,São Paulo,3550308,São Paulo,3522120121388,2022-12-24,2023-01-04,355030,,0
2023,1,SP,São Paulo,3550308,São Paulo,3522120121388,2022-12-24,2023-01-04,355030,113 SERVICO DE ATENCAO DOMICILIAR / 001 ASSISTENCIA DOMICILIAR,7
2023,1,SP,São Paulo,3550308,São Paulo,3522120121388,2022-12-24,2023-01-04,355030,113 SERVICO DE ATENCAO DOMICILIAR / 001 ASSISTENCIA DOMICILIAR,7
2023,1,SP,São Paulo,3550308,São Paulo,3522120121400,2022-12-29,2023-01-05,354220,113 SERVICO DE ATENCAO DOMICILIAR / 001 ASSISTENCIA DOMICILIAR,2
2023,1,SP,São Paulo,3550308,São Paulo,3522120121400,2022-12-29,2023-01-05,354220,113 SERVICO DE ATENCAO DOMICILIAR / 001 ASSISTENCIA DOMICILIAR,2
2023,1,SP,São Paulo,3550308,São Paulo,3522120121510,2022-12-28,2023-01-09,355030,113 SERVICO DE ATENCAO DOMICILIAR / 001 ASSISTENCIA DOMICILIAR,1
2023,1,SP,São Paulo,3550308,São Paulo,3522120121510,2022-12-28,2023-01-09,355030,113 SERVICO DE ATENCAO DOMICILIAR / 001 ASSISTENCIA DOMICILIAR,1
2023,1,SP,São Paulo,3550308,São Paulo,3522120121520,2022-12-17,2023-01-01,353440,113 SERVICO DE ATENCAO DOMICILIAR / 001 ASSISTENCIA DOMICILIAR,9
2023,1,SP,São Paulo,3550308,São Paulo,3522120121520,2022-12-17,2023-01-01,353440,113 SERVICO DE ATENCAO DOMICILIAR / 001 ASSISTENCIA DOMICILIAR,9
2023,1,SP,São Paulo,3550308,São Paulo,3522120121641,2022-12-22,2022-12-27,355030,113 SERVICO DE ATENCAO DOMICILIAR / 001 ASSISTENCIA DOMICILIAR,2
2023,1,SP,São Paulo,3550308,São Paulo,3522120121641,2022-12-22,2022-12-27,355030,113 SERVICO DE ATENCAO DOMICILIAR / 001 ASSISTENCIA DOMICILIAR,2
2023,1,SP,São Paulo,3550308,São Paulo,3522120121674,2022-12-28,2022-12-29,352250,,0
2023,1,SP,São Paulo,3550308,São Paulo,3522120121751,2022-12-16,2022-12-20,354870,,0
2023,1,SP,São Paulo,3550308,São Paulo,3522120121762,2022-12-25,2022-12-29,355030,,0
2023,1,SP,São Paulo,3550308,São Paulo,3522120121773,2022-12-21,2022-12-24,355030,113 SERVICO DE ATENCAO DOMICILIAR / 001 ASSISTENCIA DOMICILIAR,2
2023,1,SP,São Paulo,3550308,São Paulo,3522120121773,2022-12-21,2022-12-24,355030,113 SERVICO DE ATENCAO DOMICILIAR / 001 ASSISTENCIA DOMICILIAR,2
2023,1,SP,São Paulo,3550308,São Paulo,3522120121795,2022-12-21,2022-12-28,355645,,0
2023,1,SP,São Paulo,3550308,São Paulo,3522120121817,2022-12-27,2022-12-31,355030,126 SERVICO DE FISIOTERAPIA / 001 ASSISTENCIA FISIOTERAPEUTICA EM ALTERACOES OBSTETRICAS NEON,5
2023,1,SP,São Paulo,3550308,São Paulo,3522120121817,2022-12-27,2022-12-31,355030,126 SERVICO DE FISIOTERAPIA / 001 ASSISTENCIA FISIOTERAPEUTICA EM ALTERACOES OBSTETRICAS NEON,5
2023,1,SP,São Paulo,3550308,São Paulo,3522120121817,2022-12-27,2022-12-31,355030,113 SERVICO DE ATENCAO DOMICILIAR / 001 ASSISTENCIA DOMICILIAR,2
2023,1,SP,São Paulo,3550308,São Paulo,3522120121817,2022-12-27,2022-12-31,355030,113 SERVICO DE ATENCAO DOMICILIAR / 001 ASSISTENCIA DOMICILIAR,2
2023,1,SP,São Paulo,3550308,São Paulo,3522120121839,2022-12-19,2022-12-23,355030,,0
2023,1,SP,São Paulo,3550308,São Paulo,3522120121850,2022-12-15,2022-12-20,353060,113 SERVICO DE ATENCAO DOMICILIAR / 001 ASSISTENCIA DOMICILIAR,5
2023,1,SP,São Paulo,3550308,São Paulo,3522120121850,2022-12-15,2022-12-20,353060,113 SERVICO DE ATENCAO DOMICILIAR / 001 ASSISTENCIA DOMICILIAR,5
2023,1,SP,São Paulo,3550308,São Paulo,3522120121872,2022-11-07,2022-12-21,355030,126 SERVICO DE FISIOTERAPIA / 001 ASSISTENCIA FISIOTERAPEUTICA EM ALTERACOES OBSTETRICAS NEON,13
2023,1,SP,São Paulo,3550308,São Paulo,3522120121872,2022-11-07,2022-12-21,355030,126 SERVICO DE FISIOTERAPIA / 001 ASSISTENCIA FISIOTERAPEUTICA EM ALTERACOES OBSTETRICAS NEON,13
2023,1,SP,São Paulo,3550308,São Paulo,3522120121872,2022-11-07,2022-12-21,355030,126 SERVICO DE FISIOTERAPIA / 001 ASSISTENCIA FISIOTERAPEUTICA EM ALTERACOES OBSTETRICAS NEON,17
2023,1,SP,São Paulo,3550308,São Paulo,3522120121872,2022-11-07,2022-12-21,355030,126 SERVICO DE FISIOTERAPIA / 001 ASSISTENCIA FISIOTERAPEUTICA EM ALTERACOES OBSTETRICAS NEON,17
2023,1,SP,São Paulo,3550308,São Paulo,3522120121872,2022-11-07,2022-12-21,355030,113 SERVICO DE ATENCAO DOMICILIAR / 001 ASSISTENCIA DOMICILIAR,5
2023,1,SP,São Paulo,3550308,São Paulo,3522120121872,2022-11-07,2022-12-21,355030,113 SERVICO DE ATENCAO DOMICILIAR / 001 ASSISTENCIA DOMICILIAR,5
2023,1,SP,São Paulo,3550308,São Paulo,3522120121872,2022-11-07,2022-12-21,355030,126 SERVICO DE FISIOTERAPIA / 001 ASSISTENCIA FISIOTERAPEUTICA EM ALTERACOES OBSTETRICAS NEON,6
2023,1,SP,São Paulo,3550308,São Paulo,3522120121872,2022-11-07,2022-12-21,355030,126 SERVICO DE FISIOTERAPIA / 001 ASSISTENCIA FISIOTERAPEUTICA EM ALTERACOES OBSTETRICAS NEON,6
2023,1,SP,São Paulo,3550308,São Paulo,3522120121894,2022-12-27,2023-01-06,355030,126 SERVICO DE FISIOTERAPIA / 001 ASSISTENCIA FISIOTERAPEUTICA EM ALTERACOES OBSTETRICAS NEON,3
2023,1,SP,São Paulo,3550308,São Paulo,3522120121894,2022-12-27,2023-01-06,355030,126 SERVICO DE FISIOTERAPIA / 001 ASSISTENCIA FISIOTERAPEUTICA EM ALTERACOES OBSTETRICAS NEON,3
2023,1,SP,São Paulo,3550308,São Paulo,3522120121916,2022-12-14,2022-12-16,355030,,0
2023,1,SP,São Paulo,3550308,São Paulo,3522120121938,2022-12-14,2022-12-20,351640,,0
2023,1,SP,São Paulo,3550308,São Paulo,3522120121950,2022-12-31,2023-01-07,354995,113 SERVICO DE ATENCAO DOMICILIAR / 001 ASSISTENCIA DOMICILIAR,4
2023,1,SP,São Paulo,3550308,São Paulo,3522120121950,2022-12-31,2023-01-07,354995,113 SERVICO DE ATENCAO DOMICILIAR / 001 ASSISTENCIA DOMICILIAR,4
2023,1,SP,São Paulo,3550308,São Paulo,3522120122015,2022-12-19,2023-01-11,355030,,10
2023,1,SP,São Paulo,3550308,São Paulo,3522120122048,2022-12-23,2023-01-13,355030,113 SERVICO DE ATENCAO DOMICILIAR / 001 ASSISTENCIA DOMICILIAR,6
2023,1,SP,São Paulo,3550308,São Paulo,3522120122048,2022-12-23,2023-01-13,355030,113 SERVICO DE ATENCAO DOMICILIAR / 001 ASSISTENCIA DOMICILIAR,6
2023,1,SP,São Paulo,3550308,São Paulo,3522120122060,2022-12-28,2022-12-31,355030,113 SERVICO DE ATENCAO DOMICILIAR / 001 ASSISTENCIA DOMICILIAR,1
2023,1,SP,São Paulo,3550308,São Paulo,3522120122060,2022-12-28,2022-12-31,355030,113 SERVICO DE ATENCAO DOMICILIAR / 001 ASSISTENCIA DOMICILIAR,1
2023,1,SP,São Paulo,3550308,São Paulo,3522120122060,2022-12-28,2022-12-31,355030,126 SERVICO DE FISIOTERAPIA / 001 ASSISTENCIA FISIOTERAPEUTICA EM ALTERACOES OBSTETRICAS NEON,2
2023,1,SP,São Paulo,3550308,São Paulo,3522120122060,2022-12-28,2022-12-31,355030,126 SERVICO DE FISIOTERAPIA / 001 ASSISTENCIA FISIOTERAPEUTICA EM ALTERACOES OBSTETRICAS NEON,2
2023,1,SP,São Paulo,3550308,São Paulo,3522120122060,2022-12-28,2022-12-31,355030,126 SERVICO DE FISIOTERAPIA / 001 ASSISTENCIA FISIOTERAPEUTICA EM ALTERACOES OBSTETRICAS NEON,1
2023,1,SP,São Paulo,3550308,São Paulo,3522120122060,2022-12-28,2022-12-31,355030,126 SERVICO DE FISIOTERAPIA / 001 ASSISTENCIA FISIOTERAPEUTICA EM ALTERACOES OBSTETRICAS NEON,1
2023,1,SP,São Paulo,3550308,São Paulo,3522120122060,2022-12-28,2022-12-31,355030,,0
2023,1,SP,São Paulo,3550308,São Paulo,3522120122070,2022-12-22,2022-12-29,355030,113 SERVICO DE ATENCAO DOMICILIAR / 001 ASSISTENCIA DOMICILIAR,3
2023,1,SP,São Paulo,3550308,São Paulo,3522120122070,2022-12-22,2022-12-29,355030,113 SERVICO DE ATENCAO DOMICILIAR / 001 ASSISTENCIA DOMICILIAR,3
2023,1,SP,São Paulo,3550308,São Paulo,3522120122103,2022-12-28,2022-12-31,352042,113 SERVICO DE ATENCAO DOMICILIAR / 001 ASSISTENCIA DOMICILIAR,1
2023,1,SP,São Paulo,3550308,São Paulo,3522120122103,2022-12-28,2022-12-31,352042,113 SERVICO DE ATENCAO DOMICILIAR / 001 ASSISTENCIA DOMICILIAR,1
2023,1,SP,São Paulo,3550308,São Paulo,3522120122136,2022-12-20,2022-12-27,351060,113 SERVICO DE ATENCAO DOMICILIAR / 001 ASSISTENCIA DOMICILIAR,7
2023,1,SP,São Paulo,3550308,São Paulo,3522120122136,2022-12-20,2022-12-27,351060,113 SERVICO DE ATENCAO DOMICILIAR / 001 ASSISTENCIA DOMICILIAR,7
2023,1,SP,São Paulo,3550308,São Paulo,3522120122136,2022-12-20,2022-12-27,351060,113 SERVICO DE ATENCAO DOMICILIAR / 001 ASSISTENCIA DOMICILIAR,2
2023,1,SP,São Paulo,3550308,São Paulo,3522120122136,2022-12-20,2022-12-27,351060,113 SERVICO DE ATENCAO DOMICILIAR / 001 ASSISTENCIA DOMICILIAR,2
2023,1,SP,São Paulo,3550308,São Paulo,3522120122213,2022-12-02,2022-12-08,351840,126 SERVICO DE FISIOTERAPIA / 005 ASSISTENCIA FISIOTERAPEUTICA NAS DISFUNCOES MUSCULO ESQUELET,2
2023,1,SP,São Paulo,3550308,São Paulo,3522120122213,2022-12-02,2022-12-08,351840,126 SERVICO DE FISIOTERAPIA / 005 ASSISTENCIA FISIOTERAPEUTICA NAS DISFUNCOES MUSCULO ESQUELET,2
2023,1,SP,São Paulo,3550308,São Paulo,3522120122279,2022-12-16,2022-12-20,355030,,0
2023,1,SP,São Paulo,3550308,São Paulo,3522120122345,2022-12-22,2022-12-30,355030,,8
2023,1,SP,São Paulo,3550308,São Paulo,3522120122356,2022-12-29,2023-01-01,350570,113 SERVICO DE ATENCAO DOMICILIAR / 001 ASSISTENCIA DOMICILIAR,1
2023,1,SP,São Paulo,3550308,São Paulo,3522120122356,2022-12-29,2023-01-01,350570,113 SERVICO DE ATENCAO DOMICILIAR / 001 ASSISTENCIA DOMICILIAR,1
2023,1,SP,São Paulo,3550308,São Paulo,3522120122356,2022-12-29,2023-01-01,350570,113 SERVICO DE ATENCAO DOMICILIAR / 001 ASSISTENCIA DOMICILIAR,1
2023,1,SP,São Paulo,3550308,São Paulo,3522120122356,2022-12-29,2023-01-01,350570,113 SERVICO DE ATENCAO DOMICILIAR / 001 ASSISTENCIA DOMICILIAR,1
2023,1,SP,São Paulo,3550308,São Paulo,3522120122389,2022-12-23,2022-12-26,355030,126 SERVICO DE FISIOTERAPIA / 001 ASSISTENCIA FISIOTERAPEUTICA EM ALTERACOES OBSTETRICAS NEON,1
2023,1,SP,São Paulo,3550308,São Paulo,3522120122389,2022-12-23,2022-12-26,355030,126 SERVICO DE FISIOTERAPIA / 001 ASSISTENCIA FISIOTERAPEUTICA EM ALTERACOES OBSTETRICAS NEON,1
2023,1,SP,São Paulo,3550308,São Paulo,3522120122422,2022-12-16,2022-12-21,355030,126 SERVICO DE FISIOTERAPIA / 001 ASSISTENCIA FISIOTERAPEUTICA EM ALTERACOES OBSTETRICAS NEON,1
2023,1,SP,São Paulo,3550308,São Paulo,3522120122422,2022-12-16,2022-12-21,355030,126 SERVICO DE FISIOTERAPIA / 001 ASSISTENCIA FISIOTERAPEUTICA EM ALTERACOES OBSTETRICAS NEON,1
2023,1,SP,São Paulo,3550308,São Paulo,3522120122433,2022-12-27,2022-12-29,355280,,0
2023,1,SP,São Paulo,3550308,São Paulo,3522120122466,2022-12-17,2022-12-18,352310,,0
2023,1,SP,São Paulo,3550308,São Paulo,3522120122477,2022-12-18,2022-12-23,352310,126 SERVICO DE FISIOTERAPIA / 001 ASSISTENCIA FISIOTERAPEUTICA EM ALTERACOES OBSTETRICAS NEON,7
2023,1,SP,São Paulo,3550308,São Paulo,3522120122477,2022-12-18,2022-12-23,352310,126 SERVICO DE FISIOTERAPIA / 001 ASSISTENCIA FISIOTERAPEUTICA EM ALTERACOES OBSTETRICAS NEON,7
2023,1,SP,São Paulo,3550308,São Paulo,3522120122565,2022-12-05,2023-01-13,355030,,1
2023,1,SP,São Paulo,3550308,São Paulo,3522120122598,2022-10-19,2022-10-25,350280,128 SERVICO DE HEMOTERAPIA / 004 MEDICINA TRANSFUSIONAL,2
2023,1,SP,São Paulo,3550308,São Paulo,3522120122598,2022-10-19,2022-10-25,350280,128 SERVICO DE HEMOTERAPIA / 004 MEDICINA TRANSFUSIONAL,2
2023,1,SP,São Paulo,3550308,São Paulo,3522120122620,2022-12-22,2022-12-25,355030,126 SERVICO DE FISIOTERAPIA / 001 ASSISTENCIA FISIOTERAPEUTICA EM ALTERACOES OBSTETRICAS NEON,2
2023,1,SP,São Paulo,3550308,São Paulo,3522120122620,2022-12-22,2022-12-25,355030,126 SERVICO DE FISIOTERAPIA / 001 ASSISTENCIA FISIOTERAPEUTICA EM ALTERACOES OBSTETRICAS NEON,2
2023,1,SP,São Paulo,3550308,São Paulo,3522120122830,2022-12-27,2023-01-09,355030,113 SERVICO DE ATENCAO DOMICILIAR / 001 ASSISTENCIA DOMICILIAR,2
2023,1,SP,São Paulo,3550308,São Paulo,3522120122830,2022-12-27,2023-01-09,355030,113 SERVICO DE ATENCAO DOMICILIAR / 001 ASSISTENCIA DOMICILIAR,2
2023,1,SP,São Paulo,3550308,São Paulo,3522120122830,2022-12-27,2023-01-09,355030,113 SERVICO DE ATENCAO DOMICILIAR / 001 ASSISTENCIA DOMICILIAR,3
2023,1,SP,São Paulo,3550308,São Paulo,3522120122830,2022-12-27,2023-01-09,355030,113 SERVICO DE ATENCAO DOMICILIAR / 001 ASSISTENCIA DOMICILIAR,3
2023,1,SP,São Paulo,3550308,São Paulo,3522120122862,2022-12-26,2022-12-30,355030,113 SERVICO DE ATENCAO DOMICILIAR / 001 ASSISTENCIA DOMICILIAR,3
2023,1,SP,São Paulo,3550308,São Paulo,3522120122862,2022-12-26,2022-12-30,355030,113 SERVICO DE ATENCAO DOMICILIAR / 001 ASSISTENCIA DOMICILIAR,3
2023,1,SP,São Paulo,3550308,São Paulo,3522120122862,2022-12-26,2022-12-30,355030,,0
2023,1,SP,São Paulo,3550308,São Paulo,3522120123050,2022-12-23,2022-12-26,355030,,0
2023,1,SP,São Paulo,3550308,São Paulo,3522120123060,2022-09-28,2022-10-03,350900,126 SERVICO DE FISIOTERAPIA / 005 ASSISTENCIA FISIOTERAPEUTICA NAS DISFUNCOES MUSCULO ESQUELET,3
2023,1,SP,São Paulo,3550308,São Paulo,3522120123060,2022-09-28,2022-10-03,350900,126 SERVICO DE FISIOTERAPIA / 005 ASSISTENCIA FISIOTERAPEUTICA NAS DISFUNCOES MUSCULO ESQUELET,3
2023,1,SP,São Paulo,3550308,São Paulo,3522120123060,2022-09-28,2022-10-03,350900,,2
2023,1,SP,São Paulo,3550308,São Paulo,3522120123060,2022-09-28,2022-10-03,350900,,3
2023,1,SP,São Paulo,3550308,São Paulo,3522120123104,2022-09-30,2022-10-05,354870,,0
2023,1,SP,São Paulo,3550308,São Paulo,3522120123104,2022-09-30,2022-10-05,354870,,4
2023,1,SP,São Paulo,3550308,São Paulo,3522120123247,2022-12-18,2022-12-22,355030,126 SERVICO DE FISIOTERAPIA / 001 ASSISTENCIA FISIOTERAPEUTICA EM ALTERACOES OBSTETRICAS NEON,2
2023,1,SP,São Paulo,3550308,São Paulo,3522120123247,2022-12-18,2022-12-22,355030,126 SERVICO DE FISIOTERAPIA / 001 ASSISTENCIA FISIOTERAPEUTICA EM ALTERACOES OBSTETRICAS NEON,2
2023,1,SP,São Paulo,3550308,São Paulo,3522120123401,2022-12-09,2023-01-12,353910,126 SERVICO DE FISIOTERAPIA / 007 ASSISTENCIA FISIOTERAPEUTICA NAS ALTERACOES EM NEUROLOGIA,2
2023,1,SP,São Paulo,3550308,São Paulo,3522120123401,2022-12-09,2023-01-12,353910,126 SERVICO DE FISIOTERAPIA / 007 ASSISTENCIA FISIOTERAPEUTICA NAS ALTERACOES EM NEUROLOGIA,2
2023,1,SP,São Paulo,3550308,São Paulo,3522120123401,2022-12-09,2023-01-12,353910,113 SERVICO DE ATENCAO DOMICILIAR / 001 ASSISTENCIA DOMICILIAR,50
2023,1,SP,São Paulo,3550308,São Paulo,3522120123401,2022-12-09,2023-01-12,353910,113 SERVICO DE ATENCAO DOMICILIAR / 001 ASSISTENCIA DOMICILIAR,50
2023,1,SP,São Paulo,3550308,São Paulo,3522120123456,2022-11-12,2022-11-17,355030,,5
2023,1,SP,São Paulo,3550308,São Paulo,3522120123632,2022-11-28,2022-12-07,355030,126 SERVICO DE FISIOTERAPIA / 002 ASSISTENCIA FISIOTERAPEUTICA EM ALTERACOES ONCOLOGICAS,3
2023,1,SP,São Paulo,3550308,São Paulo,3522120123632,2022-11-28,2022-12-07,355030,126 SERVICO DE FISIOTERAPIA / 002 ASSISTENCIA FISIOTERAPEUTICA EM ALTERACOES ONCOLOGICAS,3
2023,1,SP,São Paulo,3550308,São Paulo,3522120123709,2022-12-06,2022-12-15,351300,126 SERVICO DE FISIOTERAPIA / 005 ASSISTENCIA FISIOTERAPEUTICA NAS DISFUNCOES MUSCULO ESQUELET,5
2023,1,SP,São Paulo,3550308,São Paulo,3522120123709,2022-12-06,2022-12-15,351300,126 SERVICO DE FISIOTERAPIA / 005 ASSISTENCIA FISIOTERAPEUTICA NAS DISFUNCOES MUSCULO ESQUELET,5
2023,1,SP,São Paulo,3550308,São Paulo,3522120123720,2022-12-07,2023-01-11,355030,126 SERVICO DE FISIOTERAPIA / 002 ASSISTENCIA FISIOTERAPEUTICA EM ALTERACOES ONCOLOGICAS,7
2023,1,SP,São Paulo,3550308,São Paulo,3522120123720,2022-12-07,2023-01-11,355030,126 SERVICO DE FISIOTERAPIA / 002 ASSISTENCIA FISIOTERAPEUTICA EM ALTERACOES ONCOLOGICAS,7
2023,1,SP,São Paulo,3550308,São Paulo,3522120123720,2022-12-07,2023-01-11,355030,113 SERVICO DE ATENCAO DOMICILIAR / 001 ASSISTENCIA DOMICILIAR,12
2023,1,SP,São Paulo,3550308,São Paulo,3522120123720,2022-12-07,2023-01-11,355030,113 SERVICO DE ATENCAO DOMICILIAR / 001 ASSISTENCIA DOMICILIAR,12
2023,1,SP,São Paulo,3550308,São Paulo,3522120123786,2022-12-19,2023-01-11,355280,113 SERVICO DE ATENCAO DOMICILIAR / 001 ASSISTENCIA DOMICILIAR,8
2023,1,SP,São Paulo,3550308,São Paulo,3522120123786,2022-12-19,2023-01-11,355280,113 SERVICO DE ATENCAO DOMICILIAR / 001 ASSISTENCIA DOMICILIAR,8
2023,1,SP,São Paulo,3550308,São Paulo,3522120123820,2022-12-21,2023-01-04,355030,113 SERVICO DE ATENCAO DOMICILIAR / 001 ASSISTENCIA DOMICILIAR,6
2023,1,SP,São Paulo,3550308,São Paulo,3522120123820,2022-12-21,2023-01-04,355030,113 SERVICO DE ATENCAO DOMICILIAR / 001 ASSISTENCIA DOMICILIAR,6
2023,1,SP,São Paulo,3550308,São Paulo,3522120123820,2022-12-21,2023-01-04,355030,113 SERVICO DE ATENCAO DOMICILIAR / 001 ASSISTENCIA DOMICILIAR,1
2023,1,SP,São Paulo,3550308,São Paulo,3522120123820,2022-12-21,2023-01-04,355030,113 SERVICO DE ATENCAO DOMICILIAR / 001 ASSISTENCIA DOMICILIAR,1
2023,1,SP,São Paulo,3550308,São Paulo,3522120123863,2022-12-25,2023-01-11,355030,,1
2023,1,SP,São Paulo,3550308,São Paulo,3522120123863,2022-12-25,2023-01-11,355030,113 SERVICO DE ATENCAO DOMICILIAR / 001 ASSISTENCIA DOMICILIAR,6
2023,1,SP,São Paulo,3550308,São Paulo,3522120123863,2022-12-25,2023-01-11,355030,113 SERVICO DE ATENCAO DOMICILIAR / 001 ASSISTENCIA DOMICILIAR,6
2023,1,SP,São Paulo,3550308,São Paulo,3522120123929,2022-12-26,2023-01-10,355280,113 SERVICO DE ATENCAO DOMICILIAR / 001 ASSISTENCIA DOMICILIAR,12
2023,1,SP,São Paulo,3550308,São Paulo,3522120123929,2022-12-26,2023-01-10,355280,113 SERVICO DE ATENCAO DOMICILIAR / 001 ASSISTENCIA DOMICILIAR,12
2023,1,SP,São Paulo,3550308,São Paulo,3522120124006,2022-12-29,2023-01-03,355030,126 SERVICO DE FISIOTERAPIA / 002 ASSISTENCIA FISIOTERAPEUTICA EM ALTERACOES ONCOLOGICAS,6
2023,1,SP,São Paulo,3550308,São Paulo,3522120124006,2022-12-29,2023-01-03,355030,126 SERVICO DE FISIOTERAPIA / 002 ASSISTENCIA FISIOTERAPEUTICA EM ALTERACOES ONCOLOGICAS,6
2023,1,SP,São Paulo,3550308,São Paulo,3522120124006,2022-12-29,2023-01-03,355030,113 SERVICO DE ATENCAO DOMICILIAR / 001 ASSISTENCIA DOMICILIAR,4
2023,1,SP,São Paulo,3550308,São Paulo,3522120124006,2022-12-29,2023-01-03,355030,113 SERVICO DE ATENCAO DOMICILIAR / 001 ASSISTENCIA DOMICILIAR,4
2023,1,SP,São Paulo,3550308,São Paulo,3522120124017,2022-12-29,2023-01-03,353440,113 SERVICO DE ATENCAO DOMICILIAR / 001 ASSISTENCIA DOMICILIAR,2
2023,1,SP,São Paulo,3550308,São Paulo,3522120124017,2022-12-29,2023-01-03,353440,113 SERVICO DE ATENCAO DOMICILIAR / 001 ASSISTENCIA DOMICILIAR,2
2023,1,SP,São Paulo,3550308,São Paulo,3522120124050,2022-12-30,2023-01-01,355030,,0
2023,1,SP,São Paulo,3550308,São Paulo,3522120124072,2022-12-31,2023-01-10,355030,126 SERVICO DE FISIOTERAPIA / 007 ASSISTENCIA FISIOTERAPEUTICA NAS ALTERACOES EM NEUROLOGIA,1
2023,1,SP,São Paulo,3550308,São Paulo,3522120124072,2022-12-31,2023-01-10,355030,126 SERVICO DE FISIOTERAPIA / 007 ASSISTENCIA FISIOTERAPEUTICA NAS ALTERACOES EM NEUROLOGIA,1
2023,1,SP,São Paulo,3550308,São Paulo,3522120124127,2022-12-13,2022-12-16,355030,113 SERVICO DE ATENCAO DOMICILIAR / 001 ASSISTENCIA DOMICILIAR,1
2023,1,SP,São Paulo,3550308,São Paulo,3522120124127,2022-12-13,2022-12-16,355030,113 SERVICO DE ATENCAO DOMICILIAR / 001 ASSISTENCIA DOMICILIAR,1
2023,1,SP,São Paulo,3550308,São Paulo,3522120124138,2022-12-11,2023-01-01,355030,126 SERVICO DE FISIOTERAPIA / 004 ASSISTENCIA FISIOTERAPEUTICA CARDIOVASCULARES E PNEUMOFUNCI,7
2023,1,SP,São Paulo,3550308,São Paulo,3522120124138,2022-12-11,2023-01-01,355030,126 SERVICO DE FISIOTERAPIA / 004 ASSISTENCIA FISIOTERAPEUTICA CARDIOVASCULARES E PNEUMOFUNCI,7
2023,1,SP,São Paulo,3550308,São Paulo,3522120124138,2022-12-11,2023-01-01,355030,113 SERVICO DE ATENCAO DOMICILIAR / 001 ASSISTENCIA DOMICILIAR,5
2023,1,SP,São Paulo,3550308,São Paulo,3522120124138,2022-12-11,2023-01-01,355030,113 SERVICO DE ATENCAO DOMICILIAR / 001 ASSISTENCIA DOMICILIAR,5
2023,1,SP,São Paulo,3550308,São Paulo,3522120124138,2022-12-11,2023-01-01,355030,113 SERVICO DE ATENCAO DOMICILIAR / 001 ASSISTENCIA DOMICILIAR,13
2023,1,SP,São Paulo,3550308,São Paulo,3522120124138,2022-12-11,2023-01-01,355030,113 SERVICO DE ATENCAO DOMICILIAR / 001 ASSISTENCIA DOMICILIAR,13
2023,1,SP,São Paulo,3550308,São Paulo,3522120124138,2022-12-11,2023-01-01,355030,113 SERVICO DE ATENCAO DOMICILIAR / 001 ASSISTENCIA DOMICILIAR,2
2023,1,SP,São Paulo,3550308,São Paulo,3522120124138,2022-12-11,2023-01-01,355030,113 SERVICO DE ATENCAO DOMICILIAR / 001 ASSISTENCIA DOMICILIAR,2
2023,1,SP,São Paulo,3550308,São Paulo,3522120124150,2022-12-26,2023-01-01,351640,126 SERVICO DE FISIOTERAPIA / 004 ASSISTENCIA FISIOTERAPEUTICA CARDIOVASCULARES E PNEUMOFUNCI,8
2023,1,SP,São Paulo,3550308,São Paulo,3522120124150,2022-12-26,2023-01-01,351640,126 SERVICO DE FISIOTERAPIA / 004 ASSISTENCIA FISIOTERAPEUTICA CARDIOVASCULARES E PNEUMOFUNCI,8
2023,1,SP,São Paulo,3550308,São Paulo,3522120124150,2022-12-26,2023-01-01,351640,113 SERVICO DE ATENCAO DOMICILIAR / 001 ASSISTENCIA DOMICILIAR,7
2023,1,SP,São Paulo,3550308,São Paulo,3522120124150,2022-12-26,2023-01-01,351640,113 SERVICO DE ATENCAO DOMICILIAR / 001 ASSISTENCIA DOMICILIAR,7
2023,1,SP,São Paulo,3550308,São Paulo,3522120124171,2022-12-15,2023-01-13,355030,113 SERVICO DE ATENCAO DOMICILIAR / 001 ASSISTENCIA DOMICILIAR,23
2023,1,SP,São Paulo,3550308,São Paulo,3522120124171,2022-12-15,2023-01-13,355030,113 SERVICO DE ATENCAO DOMICILIAR / 001 ASSISTENCIA DOMICILIAR,23
2023,1,SP,São Paulo,3550308,São Paulo,3522120124171,2022-12-15,2023-01-13,355030,113 SERVICO DE ATENCAO DOMICILIAR / 001 ASSISTENCIA DOMICILIAR,22
2023,1,SP,São Paulo,3550308,São Paulo,3522120124171,2022-12-15,2023-01-13,355030,113 SERVICO DE ATENCAO DOMICILIAR / 001 ASSISTENCIA DOMICILIAR,22
2023,1,SP,São Paulo,3550308,São Paulo,3522120124182,2022-12-02,2022-12-08,355030,113 SERVICO DE ATENCAO DOMICILIAR / 001 ASSISTENCIA DOMICILIAR,4
2023,1,SP,São Paulo,3550308,São Paulo,3522120124182,2022-12-02,2022-12-08,355030,113 SERVICO DE ATENCAO DOMICILIAR / 001 ASSISTENCIA DOMICILIAR,4
2023,1,SP,São Paulo,3550308,São Paulo,3522120124193,2022-12-09,2023-01-10,355030,113 SERVICO DE ATENCAO DOMICILIAR / 001 ASSISTENCIA DOMICILIAR,47
2023,1,SP,São Paulo,3550308,São Paulo,3522120124193,2022-12-09,2023-01-10,355030,113 SERVICO DE ATENCAO DOMICILIAR / 001 ASSISTENCIA DOMICILIAR,47
2023,1,SP,São Paulo,3550308,São Paulo,3522120124215,2022-12-19,2022-12-25,355030,113 SERVICO DE ATENCAO DOMICILIAR / 001 ASSISTENCIA DOMICILIAR,2
2023,1,SP,São Paulo,3550308,São Paulo,3522120124215,2022-12-19,2022-12-25,355030,113 SERVICO DE ATENCAO DOMICILIAR / 001 ASSISTENCIA DOMICILIAR,2
2023,1,SP,São Paulo,3550308,São Paulo,3522120124226,2022-12-26,2022-12-31,355030,126 SERVICO DE FISIOTERAPIA / 002 ASSISTENCIA FISIOTERAPEUTICA EM ALTERACOES ONCOLOGICAS,15
2023,1,SP,São Paulo,3550308,São Paulo,3522120124226,2022-12-26,2022-12-31,355030,126 SERVICO DE FISIOTERAPIA / 002 ASSISTENCIA FISIOTERAPEUTICA EM ALTERACOES ONCOLOGICAS,15
2023,1,SP,São Paulo,3550308,São Paulo,3522120124270,2022-12-25,2022-12-27,355030,,0
2023,1,SP,São Paulo,3550308,São Paulo,3522120124303,2022-12-25,2023-01-15,355030,113 SERVICO DE ATENCAO DOMICILIAR / 001 ASSISTENCIA DOMICILIAR,1
2023,1,SP,São Paulo,3550308,São Paulo,3522120124303,2022-12-25,2023-01-15,355030,113 SERVICO DE ATENCAO DOMICILIAR / 001 ASSISTENCIA DOMICILIAR,1
2023,1,SP,São Paulo,3550308,São Paulo,3522120124303,2022-12-25,2023-01-15,355030,113 SERVICO DE ATENCAO DOMICILIAR / 001 ASSISTENCIA DOMICILIAR,1
2023,1,SP,São Paulo,3550308,São Paulo,3522120124303,2022-12-25,2023-01-15,355030,113 SERVICO DE ATENCAO DOMICILIAR / 001 ASSISTENCIA DOMICILIAR,1
2023,1,SP,São Paulo,3550308,São Paulo,3522120124358,2022-11-29,2022-12-10,110015,113 SERVICO DE ATENCAO DOMICILIAR / 001 ASSISTENCIA DOMICILIAR,3
2023,1,SP,São Paulo,3550308,São Paulo,3522120124358,2022-11-29,2022-12-10,110015,113 SERVICO DE ATENCAO DOMICILIAR / 001 ASSISTENCIA DOMICILIAR,3
2023,1,SP,São Paulo,3550308,São Paulo,3522120124358,2022-11-29,2022-12-10,110015,113 SERVICO DE ATENCAO DOMICILIAR / 001 ASSISTENCIA DOMICILIAR,3
2023,1,SP,São Paulo,3550308,São Paulo,3522120124358,2022-11-29,2022-12-10,110015,113 SERVICO DE ATENCAO DOMICILIAR / 001 ASSISTENCIA DOMICILIAR,3
2023,1,SP,São Paulo,3550308,São Paulo,3522120124358,2022-11-29,2022-12-10,110015,113 SERVICO DE ATENCAO DOMICILIAR / 001 ASSISTENCIA DOMICILIAR,1
2023,1,SP,São Paulo,3550308,São Paulo,3522120124358,2022-11-29,2022-12-10,110015,113 SERVICO DE ATENCAO DOMICILIAR / 001 ASSISTENCIA DOMICILIAR,1
2023,1,SP,São Paulo,3550308,São Paulo,3522120124358,2022-11-29,2022-12-10,110015,113 SERVICO DE ATENCAO DOMICILIAR / 001 ASSISTENCIA DOMICILIAR,4
2023,1,SP,São Paulo,3550308,São Paulo,3522120124358,2022-11-29,2022-12-10,110015,113 SERVICO DE ATENCAO DOMICILIAR / 001 ASSISTENCIA DOMICILIAR,4
2023,1,SP,São Paulo,3550308,São Paulo,3522120124369,2022-12-11,2022-12-15,110015,126 SERVICO DE FISIOTERAPIA / 002 ASSISTENCIA FISIOTERAPEUTICA EM ALTERACOES ONCOLOGICAS,6
2023,1,SP,São Paulo,3550308,São Paulo,3522120124369,2022-12-11,2022-12-15,110015,126 SERVICO DE FISIOTERAPIA / 002 ASSISTENCIA FISIOTERAPEUTICA EM ALTERACOES ONCOLOGICAS,6
2023,1,SP,São Paulo,3550308,São Paulo,3522120124391,2022-12-23,2022-12-28,110015,113 SERVICO DE ATENCAO DOMICILIAR / 001 ASSISTENCIA DOMICILIAR,13
2023,1,SP,São Paulo,3550308,São Paulo,3522120124391,2022-12-23,2022-12-28,110015,113 SERVICO DE ATENCAO DOMICILIAR / 001 ASSISTENCIA DOMICILIAR,13
2023,1,SP,São Paulo,3550308,São Paulo,3522120124402,2022-12-29,2023-01-10,110015,126 SERVICO DE FISIOTERAPIA / 004 ASSISTENCIA FISIOTERAPEUTICA CARDIOVASCULARES E PNEUMOFUNCI,4
2023,1,SP,São Paulo,3550308,São Paulo,3522120124402,2022-12-29,2023-01-10,110015,126 SERVICO DE FISIOTERAPIA / 004 ASSISTENCIA FISIOTERAPEUTICA CARDIOVASCULARES E PNEUMOFUNCI,4
2023,1,SP,São Paulo,3550308,São Paulo,3522120124480,2022-12-23,2022-12-28,352250,126 SERVICO DE FISIOTERAPIA / 007 ASSISTENCIA FISIOTERAPEUTICA NAS ALTERACOES EM NEUROLOGIA,8
2023,1,SP,São Paulo,3550308,São Paulo,3522120124480,2022-12-23,2022-12-28,352250,126 SERVICO DE FISIOTERAPIA / 007 ASSISTENCIA FISIOTERAPEUTICA NAS ALTERACOES EM NEUROLOGIA,8
2023,1,SP,São Paulo,3550308,São Paulo,3522120124480,2022-12-23,2022-12-28,352250,113 SERVICO DE ATENCAO DOMICILIAR / 001 ASSISTENCIA DOMICILIAR,8
2023,1,SP,São Paulo,3550308,São Paulo,3522120124480,2022-12-23,2022-12-28,352250,113 SERVICO DE ATENCAO DOMICILIAR / 001 ASSISTENCIA DOMICILIAR,8
2023,1,SP,São Paulo,3550308,São Paulo,3522120124490,2022-12-29,2023-01-06,352250,126 SERVICO DE FISIOTERAPIA / 007 ASSISTENCIA FISIOTERAPEUTICA NAS ALTERACOES EM NEUROLOGIA,5
2023,1,SP,São Paulo,3550308,São Paulo,3522120124490,2022-12-29,2023-01-06,352250,126 SERVICO DE FISIOTERAPIA / 007 ASSISTENCIA FISIOTERAPEUTICA NAS ALTERACOES EM NEUROLOGIA,5
2023,1,SP,São Paulo,3550308,São Paulo,3522120124545,2022-11-29,2022-12-08,355030,113 SERVICO DE ATENCAO DOMICILIAR / 001 ASSISTENCIA DOMICILIAR,16
2023,1,SP,São Paulo,3550308,São Paulo,3522120124545,2022-11-29,2022-12-08,355030,113 SERVICO DE ATENCAO DOMICILIAR / 001 ASSISTENCIA DOMICILIAR,16
2023,1,SP,São Paulo,3550308,São Paulo,3522120124545,2022-11-29,2022-12-08,355030,113 SERVICO DE ATENCAO DOMICILIAR / 001 ASSISTENCIA DOMICILIAR,1
2023,1,SP,São Paulo,3550308,São Paulo,3522120124545,2022-11-29,2022-12-08,355030,113 SERVICO DE ATENCAO DOMICILIAR / 001 ASSISTENCIA DOMICILIAR,1
2023,1,SP,São Paulo,3550308,São Paulo,3522120124578,2022-12-28,2023-01-02,354140,,0
2023,1,SP,São Paulo,3550308,São Paulo,3522120124589,2022-12-09,2023-01-11,355030,113 SERVICO DE ATENCAO DOMICILIAR / 001 ASSISTENCIA DOMICILIAR,27
2023,1,SP,São Paulo,3550308,São Paulo,3522120124589,2022-12-09,2023-01-11,355030,113 SERVICO DE ATENCAO DOMICILIAR / 001 ASSISTENCIA DOMICILIAR,27
2023,1,SP,São Paulo,3550308,São Paulo,3522120124589,2022-12-09,2023-01-11,355030,113 SERVICO DE ATENCAO DOMICILIAR / 001 ASSISTENCIA DOMICILIAR,4
2023,1,SP,São Paulo,3550308,São Paulo,3522120124589,2022-12-09,2023-01-11,355030,113 SERVICO DE ATENCAO DOMICILIAR / 001 ASSISTENCIA DOMICILIAR,4
2023,1,SP,São Paulo,3550308,São Paulo,3522120124589,2022-12-09,2023-01-11,355030,126 SERVICO DE FISIOTERAPIA / 002 ASSISTENCIA FISIOTERAPEUTICA EM ALTERACOES ONCOLOGICAS,48
2023,1,SP,São Paulo,3550308,São Paulo,3522120124589,2022-12-09,2023-01-11,355030,126 SERVICO DE FISIOTERAPIA / 002 ASSISTENCIA FISIOTERAPEUTICA EM ALTERACOES ONCOLOGICAS,48
2023,1,SP,São Paulo,3550308,São Paulo,3522120124666,2022-11-29,2022-12-13,355250,126 SERVICO DE FISIOTERAPIA / 004 ASSISTENCIA FISIOTERAPEUTICA CARDIOVASCULARES E PNEUMOFUNCI,21
2023,1,SP,São Paulo,3550308,São Paulo,3522120124666,2022-11-29,2022-12-13,355250,126 SERVICO DE FISIOTERAPIA / 004 ASSISTENCIA FISIOTERAPEUTICA CARDIOVASCULARES E PNEUMOFUNCI,21
2023,1,SP,São Paulo,3550308,São Paulo,3522120124666,2022-11-29,2022-12-13,355250,113 SERVICO DE ATENCAO DOMICILIAR / 001 ASSISTENCIA DOMICILIAR,1
2023,1,SP,São Paulo,3550308,São Paulo,3522120124666,2022-11-29,2022-12-13,355250,113 SERVICO DE ATENCAO DOMICILIAR / 001 ASSISTENCIA DOMICILIAR,1
2023,1,SP,São Paulo,3550308,São Paulo,3522120124743,2022-10-20,2022-10-24,355030,113 SERVICO DE ATENCAO DOMICILIAR / 001 ASSISTENCIA DOMICILIAR,9
2023,1,SP,São Paulo,3550308,São Paulo,3522120124743,2022-10-20,2022-10-24,355030,113 SERVICO DE ATENCAO DOMICILIAR / 001 ASSISTENCIA DOMICILIAR,9
2023,1,SP,São Paulo,3550308,São Paulo,3522120124754,2022-10-25,2022-11-23,355030,113 SERVICO DE ATENCAO DOMICILIAR / 001 ASSISTENCIA DOMICILIAR,15
2023,1,SP,São Paulo,3550308,São Paulo,3522120124754,2022-10-25,2022-11-23,355030,113 SERVICO DE ATENCAO DOMICILIAR / 001 ASSISTENCIA DOMICILIAR,15
2023,1,SP,São Paulo,3550308,São Paulo,3522120124809,2022-12-06,2022-12-10,355030,,0
2023,1,SP,São Paulo,3550308,São Paulo,3522120124842,2022-12-26,2023-01-02,350210,,0
2023,1,SP,São Paulo,3550308,São Paulo,3522120124886,2022-12-19,2022-12-21,350490,126 SERVICO DE FISIOTERAPIA / 001 ASSISTENCIA FISIOTERAPEUTICA EM ALTERACOES OBSTETRICAS NEON,1
2023,1,SP,São Paulo,3550308,São Paulo,3522120124886,2022-12-19,2022-12-21,350490,126 SERVICO DE FISIOTERAPIA / 001 ASSISTENCIA FISIOTERAPEUTICA EM ALTERACOES OBSTETRICAS NEON,1
2023,1,SP,São Paulo,3550308,São Paulo,3522120124919,2022-12-22,2022-12-24,354100,113 SERVICO DE ATENCAO DOMICILIAR / 001 ASSISTENCIA DOMICILIAR,2
2023,1,SP,São Paulo,3550308,São Paulo,3522120124919,2022-12-22,2022-12-24,354100,113 SERVICO DE ATENCAO DOMICILIAR / 001 ASSISTENCIA DOMICILIAR,2
2023,1,SP,São Paulo,3550308,São Paulo,3522120124930,2022-12-29,2023-01-11,355030,113 SERVICO DE ATENCAO DOMICILIAR / 001 ASSISTENCIA DOMICILIAR,1
2023,1,SP,São Paulo,3550308,São Paulo,3522120124930,2022-12-29,2023-01-11,355030,113 SERVICO DE ATENCAO DOMICILIAR / 001 ASSISTENCIA DOMICILIAR,1
2023,1,SP,São Paulo,3550308,São Paulo,3522120124930,2022-12-29,2023-01-11,355030,126 SERVICO DE FISIOTERAPIA / 007 ASSISTENCIA FISIOTERAPEUTICA NAS ALTERACOES EM NEUROLOGIA,1
2023,1,SP,São Paulo,3550308,São Paulo,3522120124930,2022-12-29,2023-01-11,355030,126 SERVICO DE FISIOTERAPIA / 007 ASSISTENCIA FISIOTERAPEUTICA NAS ALTERACOES EM NEUROLOGIA,1
2023,1,SP,São Paulo,3550308,São Paulo,3522120124930,2022-12-29,2023-01-11,355030,113 SERVICO DE ATENCAO DOMICILIAR / 001 ASSISTENCIA DOMICILIAR,37
2023,1,SP,São Paulo,3550308,São Paulo,3522120124930,2022-12-29,2023-01-11,355030,113 SERVICO DE ATENCAO DOMICILIAR / 001 ASSISTENCIA DOMICILIAR,37
2023,1,SP,São Paulo,3550308,São Paulo,3522120124952,2022-12-14,2022-12-20,350920,113 SERVICO DE ATENCAO DOMICILIAR / 001 ASSISTENCIA DOMICILIAR,16
2023,1,SP,São Paulo,3550308,São Paulo,3522120124952,2022-12-14,2022-12-20,350920,113 SERVICO DE ATENCAO DOMICILIAR / 001 ASSISTENCIA DOMICILIAR,16
2023,1,SP,São Paulo,3550308,São Paulo,3522120124974,2022-12-25,2023-01-05,350920,113 SERVICO DE ATENCAO DOMICILIAR / 001 ASSISTENCIA DOMICILIAR,1
2023,1,SP,São Paulo,3550308,São Paulo,3522120124974,2022-12-25,2023-01-05,350920,113 SERVICO DE ATENCAO DOMICILIAR / 001 ASSISTENCIA DOMICILIAR,1
2023,1,SP,São Paulo,3550308,São Paulo,3522120124985,2022-10-11,2022-10-16,355030,113 SERVICO DE ATENCAO DOMICILIAR / 001 ASSISTENCIA DOMICILIAR,5
2023,1,SP,São Paulo,3550308,São Paulo,3522120124985,2022-10-11,2022-10-16,355030,113 SERVICO DE ATENCAO DOMICILIAR / 001 ASSISTENCIA DOMICILIAR,5
2023,1,SP,São Paulo,3550308,São Paulo,3522120125084,2022-12-22,2023-01-03,350570,113 SERVICO DE ATENCAO DOMICILIAR / 001 ASSISTENCIA DOMICILIAR,6
2023,1,SP,São Paulo,3550308,São Paulo,3522120125084,2022-12-22,2023-01-03,350570,113 SERVICO DE ATENCAO DOMICILIAR / 001 ASSISTENCIA DOMICILIAR,6
2023,1,SP,São Paulo,3550308,São Paulo,3522120125084,2022-12-22,2023-01-03,350570,,0
2023,1,SP,São Paulo,3550308,São Paulo,3522120125084,2022-12-22,2023-01-03,350570,113 SERVICO DE ATENCAO DOMICILIAR / 001 ASSISTENCIA DOMICILIAR,1
2023,1,SP,São Paulo,3550308,São Paulo,3522120125084,2022-12-22,2023-01-03,350570,113 SERVICO DE ATENCAO DOMICILIAR / 001 ASSISTENCIA DOMICILIAR,1
2023,1,SP,São Paulo,3550308,São Paulo,3522120125139,2022-12-24,2023-01-04,353440,113 SERVICO DE ATENCAO DOMICILIAR / 001 ASSISTENCIA DOMICILIAR,6
2023,1,SP,São Paulo,3550308,São Paulo,3522120125139,2022-12-24,2023-01-04,353440,113 SERVICO DE ATENCAO DOMICILIAR / 001 ASSISTENCIA DOMICILIAR,6
2023,1,SP,São Paulo,3550308,São Paulo,3522120125139,2022-12-24,2023-01-04,353440,113 SERVICO DE ATENCAO DOMICILIAR / 001 ASSISTENCIA DOMICILIAR,6
2023,1,SP,São Paulo,3550308,São Paulo,3522120125139,2022-12-24,2023-01-04,353440,113 SERVICO DE ATENCAO DOMICILIAR / 001 ASSISTENCIA DOMICILIAR,6
2023,1,SP,São Paulo,3550308,São Paulo,3522120125238,2022-12-23,2022-12-30,351570,113 SERVICO DE ATENCAO DOMICILIAR / 001 ASSISTENCIA DOMICILIAR,6
2023,1,SP,São Paulo,3550308,São Paulo,3522120125238,2022-12-23,2022-12-30,351570,113 SERVICO DE ATENCAO DOMICILIAR / 001 ASSISTENCIA DOMICILIAR,6
2023,1,SP,São Paulo,3550308,São Paulo,3522120125249,2022-12-31,2023-01-05,351570,113 SERVICO DE ATENCAO DOMICILIAR / 001 ASSISTENCIA DOMICILIAR,2
2023,1,SP,São Paulo,3550308,São Paulo,3522120125249,2022-12-31,2023-01-05,351570,113 SERVICO DE ATENCAO DOMICILIAR / 001 ASSISTENCIA DOMICILIAR,2
2023,1,SP,São Paulo,3550308,São Paulo,3522120125250,2022-12-14,2022-12-15,352940,,1
2023,1,SP,São Paulo,3550308,São Paulo,3522120125250,2022-12-14,2022-12-15,352940,126 SERVICO DE FISIOTERAPIA / 005 ASSISTENCIA FISIOTERAPEUTICA NAS DISFUNCOES MUSCULO ESQUELET,1
2023,1,SP,São Paulo,3550308,São Paulo,3522120125250,2022-12-14,2022-12-15,352940,126 SERVICO DE FISIOTERAPIA / 005 ASSISTENCIA FISIOTERAPEUTICA NAS DISFUNCOES MUSCULO ESQUELET,1
2023,1,SP,São Paulo,3550308,São Paulo,3522120125436,2022-12-02,2022-12-07,355030,113 SERVICO DE ATENCAO DOMICILIAR / 001 ASSISTENCIA DOMICILIAR,6
2023,1,SP,São Paulo,3550308,São Paulo,3522120125436,2022-12-02,2022-12-07,355030,113 SERVICO DE ATENCAO DOMICILIAR / 001 ASSISTENCIA DOMICILIAR,6
2023,1,SP,São Paulo,3550308,São Paulo,3522120125469,2022-12-28,2022-12-30,355030,113 SERVICO DE ATENCAO DOMICILIAR / 001 ASSISTENCIA DOMICILIAR,1
2023,1,SP,São Paulo,3550308,São Paulo,3522120125469,2022-12-28,2022-12-30,355030,113 SERVICO DE ATENCAO DOMICILIAR / 001 ASSISTENCIA DOMICILIAR,1
2023,1,SP,São Paulo,3550308,São Paulo,3522120125469,2022-12-28,2022-12-30,355030,113 SERVICO DE ATENCAO DOMICILIAR / 001 ASSISTENCIA DOMICILIAR,1
2023,1,SP,São Paulo,3550308,São Paulo,3522120125469,2022-12-28,2022-12-30,355030,113 SERVICO DE ATENCAO DOMICILIAR / 001 ASSISTENCIA DOMICILIAR,1
2023,1,SP,São Paulo,3550308,São Paulo,3522120125469,2022-12-28,2022-12-30,355030,,0
2023,1,SP,São Paulo,3550308,São Paulo,3522120125470,2022-12-28,2023-01-01,353440,126 SERVICO DE FISIOTERAPIA / 002 ASSISTENCIA FISIOTERAPEUTICA EM ALTERACOES ONCOLOGICAS,4
2023,1,SP,São Paulo,3550308,São Paulo,3522120125470,2022-12-28,2023-01-01,353440,126 SERVICO DE FISIOTERAPIA / 002 ASSISTENCIA FISIOTERAPEUTICA EM ALTERACOES ONCOLOGICAS,4
2023,1,SP,São Paulo,3550308,São Paulo,3522120125480,2022-12-16,2022-12-26,355030,,0
2023,1,SP,São Paulo,3550308,São Paulo,3522120125513,2022-12-23,2022-12-27,355030,,0
2023,1,SP,São Paulo,3550308,São Paulo,3522120125524,2022-12-28,2023-01-07,313630,113 SERVICO DE ATENCAO DOMICILIAR / 001 ASSISTENCIA DOMICILIAR,12
2023,1,SP,São Paulo,3550308,São Paulo,3522120125524,2022-12-28,2023-01-07,313630,113 SERVICO DE ATENCAO DOMICILIAR / 001 ASSISTENCIA DOMICILIAR,12
2023,1,SP,São Paulo,3550308,São Paulo,3522120125524,2022-12-28,2023-01-07,313630,113 SERVICO DE ATENCAO DOMICILIAR / 001 ASSISTENCIA DOMICILIAR,1
2023,1,SP,São Paulo,3550308,São Paulo,3522120125524,2022-12-28,2023-01-07,313630,113 SERVICO DE ATENCAO DOMICILIAR / 001 ASSISTENCIA DOMICILIAR,1
2023,1,SP,São Paulo,3550308,São Paulo,3522120125524,2022-12-28,2023-01-07,313630,126 SERVICO DE FISIOTERAPIA / 001 ASSISTENCIA FISIOTERAPEUTICA EM ALTERACOES OBSTETRICAS NEON,5
2023,1,SP,São Paulo,3550308,São Paulo,3522120125524,2022-12-28,2023-01-07,313630,126 SERVICO DE FISIOTERAPIA / 001 ASSISTENCIA FISIOTERAPEUTICA EM ALTERACOES OBSTETRICAS NEON,5
2023,1,SP,São Paulo,3550308,São Paulo,3522120125524,2022-12-28,2023-01-07,313630,126 SERVICO DE FISIOTERAPIA / 002 ASSISTENCIA FISIOTERAPEUTICA EM ALTERACOES ONCOLOGICAS,5
2023,1,SP,São Paulo,3550308,São Paulo,3522120125524,2022-12-28,2023-01-07,313630,126 SERVICO DE FISIOTERAPIA / 002 ASSISTENCIA FISIOTERAPEUTICA EM ALTERACOES ONCOLOGICAS,5
2023,1,SP,São Paulo,3550308,São Paulo,3522120125535,2022-12-30,2023-01-04,355030,113 SERVICO DE ATENCAO DOMICILIAR / 001 ASSISTENCIA DOMICILIAR,3
2023,1,SP,São Paulo,3550308,São Paulo,3522120125535,2022-12-30,2023-01-04,355030,113 SERVICO DE ATENCAO DOMICILIAR / 001 ASSISTENCIA DOMICILIAR,3
2023,1,SP,São Paulo,3550308,São Paulo,3522120125557,2022-10-24,2022-11-07,351060,113 SERVICO DE ATENCAO DOMICILIAR / 001 ASSISTENCIA DOMICILIAR,12
2023,1,SP,São Paulo,3550308,São Paulo,3522120125557,2022-10-24,2022-11-07,351060,113 SERVICO DE ATENCAO DOMICILIAR / 001 ASSISTENCIA DOMICILIAR,12
2023,1,SP,São Paulo,3550308,São Paulo,3522120125568,2022-12-23,2022-12-24,353060,,1
2023,1,SP,São Paulo,3550308,São Paulo,3522120125612,2022-12-21,2022-12-29,355030,113 SERVICO DE ATENCAO DOMICILIAR / 001 ASSISTENCIA DOMICILIAR,4
2023,1,SP,São Paulo,3550308,São Paulo,3522120125612,2022-12-21,2022-12-29,355030,113 SERVICO DE ATENCAO DOMICILIAR / 001 ASSISTENCIA DOMICILIAR,4
2023,1,SP,São Paulo,3550308,São Paulo,3522120125623,2022-12-14,2022-12-22,355030,105 SERVICO DE ATENCAO EM NEUROLOGIA / NEUROCIRURGIA / 001 NEUROCIRURGIA DO TRAUMA E ANOMALIAS DO DE,0
2023,1,SP,São Paulo,3550308,São Paulo,3522120125623,2022-12-14,2022-12-22,355030,105 SERVICO DE ATENCAO EM NEUROLOGIA / NEUROCIRURGIA / 001 NEUROCIRURGIA DO TRAUMA E ANOMALIAS DO DE,0
2023,1,SP,São Paulo,3550308,São Paulo,3522120125656,2022-12-27,2023-01-10,351500,113 SERVICO DE ATENCAO DOMICILIAR / 001 ASSISTENCIA DOMICILIAR,8
2023,1,SP,São Paulo,3550308,São Paulo,3522120125656,2022-12-27,2023-01-10,351500,113 SERVICO DE ATENCAO DOMICILIAR / 001 ASSISTENCIA DOMICILIAR,8
2023,1,SP,São Paulo,3550308,São Paulo,3522120125678,2022-06-27,2022-10-24,355030,113 SERVICO DE ATENCAO DOMICILIAR / 001 ASSISTENCIA DOMICILIAR,70
2023,1,SP,São Paulo,3550308,São Paulo,3522120125678,2022-06-27,2022-10-24,355030,113 SERVICO DE ATENCAO DOMICILIAR / 001 ASSISTENCIA DOMICILIAR,70
2023,1,SP,São Paulo,3550308,São Paulo,3522120125678,2022-06-27,2022-10-24,355030,126 SERVICO DE FISIOTERAPIA / 002 ASSISTENCIA FISIOTERAPEUTICA EM ALTERACOES ONCOLOGICAS,3
2023,1,SP,São Paulo,3550308,São Paulo,3522120125678,2022-06-27,2022-10-24,355030,126 SERVICO DE FISIOTERAPIA / 002 ASSISTENCIA FISIOTERAPEUTICA EM ALTERACOES ONCOLOGICAS,3
2023,1,SP,São Paulo,3550308,São Paulo,3522120125678,2022-06-27,2022-10-24,355030,126 SERVICO DE FISIOTERAPIA / 002 ASSISTENCIA FISIOTERAPEUTICA EM ALTERACOES ONCOLOGICAS,52
2023,1,SP,São Paulo,3550308,São Paulo,3522120125678,2022-06-27,2022-10-24,355030,126 SERVICO DE FISIOTERAPIA / 002 ASSISTENCIA FISIOTERAPEUTICA EM ALTERACOES ONCOLOGICAS,52
2023,1,SP,São Paulo,3550308,São Paulo,3522120125678,2022-06-27,2022-10-24,355030,126 SERVICO DE FISIOTERAPIA / 007 ASSISTENCIA FISIOTERAPEUTICA NAS ALTERACOES EM NEUROLOGIA,13
2023,1,SP,São Paulo,3550308,São Paulo,3522120125678,2022-06-27,2022-10-24,355030,126 SERVICO DE FISIOTERAPIA / 007 ASSISTENCIA FISIOTERAPEUTICA NAS ALTERACOES EM NEUROLOGIA,13
2023,1,SP,São Paulo,3550308,São Paulo,3522120125689,2022-10-29,2022-11-21,355030,113 SERVICO DE ATENCAO DOMICILIAR / 001 ASSISTENCIA DOMICILIAR,77
2023,1,SP,São Paulo,3550308,São Paulo,3522120125689,2022-10-29,2022-11-21,355030,113 SERVICO DE ATENCAO DOMICILIAR / 001 ASSISTENCIA DOMICILIAR,77
2023,1,SP,São Paulo,3550308,São Paulo,3522120125689,2022-10-29,2022-11-21,355030,113 SERVICO DE ATENCAO DOMICILIAR / 001 ASSISTENCIA DOMICILIAR,15
2023,1,SP,São Paulo,3550308,São Paulo,3522120125689,2022-10-29,2022-11-21,355030,113 SERVICO DE ATENCAO DOMICILIAR / 001 ASSISTENCIA DOMICILIAR,15
2023,1,SP,São Paulo,3550308,São Paulo,3522120125690,2022-12-18,2022-12-18,355030,126 SERVICO DE FISIOTERAPIA / 002 ASSISTENCIA FISIOTERAPEUTICA EM ALTERACOES ONCOLOGICAS,2
2023,1,SP,São Paulo,3550308,São Paulo,3522120125690,2022-12-18,2022-12-18,355030,126 SERVICO DE FISIOTERAPIA / 002 ASSISTENCIA FISIOTERAPEUTICA EM ALTERACOES ONCOLOGICAS,2
2023,1,SP,São Paulo,3550308,São Paulo,3522120125711,2022-12-15,2022-12-24,350570,126 SERVICO DE FISIOTERAPIA / 007 ASSISTENCIA FISIOTERAPEUTICA NAS ALTERACOES EM NEUROLOGIA,24
2023,1,SP,São Paulo,3550308,São Paulo,3522120125711,2022-12-15,2022-12-24,350570,126 SERVICO DE FISIOTERAPIA / 007 ASSISTENCIA FISIOTERAPEUTICA NAS ALTERACOES EM NEUROLOGIA,24
2023,1,SP,São Paulo,3550308,São Paulo,3522120125711,2022-12-15,2022-12-24,350570,126 SERVICO DE FISIOTERAPIA / 002 ASSISTENCIA FISIOTERAPEUTICA EM ALTERACOES ONCOLOGICAS,2
2023,1,SP,São Paulo,3550308,São Paulo,3522120125711,2022-12-15,2022-12-24,350570,126 SERVICO DE FISIOTERAPIA / 002 ASSISTENCIA FISIOTERAPEUTICA EM ALTERACOES ONCOLOGICAS,2
2023,1,SP,São Paulo,3550308,São Paulo,3522120125722,2022-11-22,2022-12-14,350570,126 SERVICO DE FISIOTERAPIA / 007 ASSISTENCIA FISIOTERAPEUTICA NAS ALTERACOES EM NEUROLOGIA,2
2023,1,SP,São Paulo,3550308,São Paulo,3522120125722,2022-11-22,2022-12-14,350570,126 SERVICO DE FISIOTERAPIA / 007 ASSISTENCIA FISIOTERAPEUTICA NAS ALTERACOES EM NEUROLOGIA,2
2023,1,SP,São Paulo,3550308,São Paulo,3522120125722,2022-11-22,2022-12-14,350570,113 SERVICO DE ATENCAO DOMICILIAR / 001 ASSISTENCIA DOMICILIAR,43
2023,1,SP,São Paulo,3550308,São Paulo,3522120125722,2022-11-22,2022-12-14,350570,113 SERVICO DE ATENCAO DOMICILIAR / 001 ASSISTENCIA DOMICILIAR,43
2023,1,SP,São Paulo,3550308,São Paulo,3522120125722,2022-11-22,2022-12-14,350570,126 SERVICO DE FISIOTERAPIA / 002 ASSISTENCIA FISIOTERAPEUTICA EM ALTERACOES ONCOLOGICAS,15
2023,1,SP,São Paulo,3550308,São Paulo,3522120125722,2022-11-22,2022-12-14,350570,126 SERVICO DE FISIOTERAPIA / 002 ASSISTENCIA FISIOTERAPEUTICA EM ALTERACOES ONCOLOGICAS,15
2023,1,SP,São Paulo,3550308,São Paulo,3522120125766,2022-10-04,2023-01-08,355030,126 SERVICO DE FISIOTERAPIA / 007 ASSISTENCIA FISIOTERAPEUTICA NAS ALTERACOES EM NEUROLOGIA,45
2023,1,SP,São Paulo,3550308,São Paulo,3522120125766,2022-10-04,2023-01-08,355030,126 SERVICO DE FISIOTERAPIA / 007 ASSISTENCIA FISIOTERAPEUTICA NAS ALTERACOES EM NEUROLOGIA,45
2023,1,SP,São Paulo,3550308,São Paulo,3522120125766,2022-10-04,2023-01-08,355030,126 SERVICO DE FISIOTERAPIA / 007 ASSISTENCIA FISIOTERAPEUTICA NAS ALTERACOES EM NEUROLOGIA,64
2023,1,SP,São Paulo,3550308,São Paulo,3522120125766,2022-10-04,2023-01-08,355030,126 SERVICO DE FISIOTERAPIA / 007 ASSISTENCIA FISIOTERAPEUTICA NAS ALTERACOES EM NEUROLOGIA,64
2023,1,SP,São Paulo,3550308,São Paulo,3522120125766,2022-10-04,2023-01-08,355030,113 SERVICO DE ATENCAO DOMICILIAR / 001 ASSISTENCIA DOMICILIAR,39
2023,1,SP,São Paulo,3550308,São Paulo,3522120125766,2022-10-04,2023-01-08,355030,113 SERVICO DE ATENCAO DOMICILIAR / 001 ASSISTENCIA DOMICILIAR,39
2023,1,SP,São Paulo,3550308,São Paulo,3522120125766,2022-10-04,2023-01-08,355030,113 SERVICO DE ATENCAO DOMICILIAR / 001 ASSISTENCIA DOMICILIAR,1
2023,1,SP,São Paulo,3550308,São Paulo,3522120125766,2022-10-04,2023-01-08,355030,113 SERVICO DE ATENCAO DOMICILIAR / 001 ASSISTENCIA DOMICILIAR,1
2023,1,SP,São Paulo,3550308,São Paulo,3522120125799,2022-12-20,2023-01-13,355030,113 SERVICO DE ATENCAO DOMICILIAR / 001 ASSISTENCIA DOMICILIAR,6
2023,1,SP,São Paulo,3550308,São Paulo,3522120125799,2022-12-20,2023-01-13,355030,113 SERVICO DE ATENCAO DOMICILIAR / 001 ASSISTENCIA DOMICILIAR,6
2023,1,SP,São Paulo,3550308,São Paulo,3522120125800,2022-10-05,2022-12-12,355030,113 SERVICO DE ATENCAO DOMICILIAR / 001 ASSISTENCIA DOMICILIAR,17
2023,1,SP,São Paulo,3550308,São Paulo,3522120125800,2022-10-05,2022-12-12,355030,113 SERVICO DE ATENCAO DOMICILIAR / 001 ASSISTENCIA DOMICILIAR,17
2023,1,SP,São Paulo,3550308,São Paulo,3522120125810,2022-10-20,2022-10-31,355030,126 SERVICO DE FISIOTERAPIA / 002 ASSISTENCIA FISIOTERAPEUTICA EM ALTERACOES ONCOLOGICAS,48
2023,1,SP,São Paulo,3550308,São Paulo,3522120125810,2022-10-20,2022-10-31,355030,126 SERVICO DE FISIOTERAPIA / 002 ASSISTENCIA FISIOTERAPEUTICA EM ALTERACOES ONCOLOGICAS,48
2023,1,SP,São Paulo,3550308,São Paulo,3522120125821,2022-11-01,2022-11-16,355030,113 SERVICO DE ATENCAO DOMICILIAR / 001 ASSISTENCIA DOMICILIAR,65
2023,1,SP,São Paulo,3550308,São Paulo,3522120125821,2022-11-01,2022-11-16,355030,113 SERVICO DE ATENCAO DOMICILIAR / 001 ASSISTENCIA DOMICILIAR,65
2023,1,SP,São Paulo,3550308,São Paulo,3522120125821,2022-11-01,2022-11-16,355030,128 SERVICO DE HEMOTERAPIA / 004 MEDICINA TRANSFUSIONAL,2
2023,1,SP,São Paulo,3550308,São Paulo,3522120125821,2022-11-01,2022-11-16,355030,128 SERVICO DE HEMOTERAPIA / 004 MEDICINA TRANSFUSIONAL,2
2023,1,SP,São Paulo,3550308,São Paulo,3522120125832,2022-11-17,2022-12-09,355030,,9
2023,1,SP,São Paulo,3550308,São Paulo,3522120125843,2022-12-10,2022-12-13,355030,113 SERVICO DE ATENCAO DOMICILIAR / 001 ASSISTENCIA DOMICILIAR,8
2023,1,SP,São Paulo,3550308,São Paulo,3522120125843,2022-12-10,2022-12-13,355030,113 SERVICO DE ATENCAO DOMICILIAR / 001 ASSISTENCIA DOMICILIAR,8
2023,1,SP,São Paulo,3550308,São Paulo,3522120125843,2022-12-10,2022-12-13,355030,,2
2023,1,SP,São Paulo,3550308,São Paulo,3522120125854,2022-12-14,2023-01-04,355030,126 SERVICO DE FISIOTERAPIA / 002 ASSISTENCIA FISIOTERAPEUTICA EM ALTERACOES ONCOLOGICAS,76
2023,1,SP,São Paulo,3550308,São Paulo,3522120125854,2022-12-14,2023-01-04,355030,126 SERVICO DE FISIOTERAPIA / 002 ASSISTENCIA FISIOTERAPEUTICA EM ALTERACOES ONCOLOGICAS,76
2023,1,SP,São Paulo,3550308,São Paulo,3522120125854,2022-12-14,2023-01-04,355030,113 SERVICO DE ATENCAO DOMICILIAR / 001 ASSISTENCIA DOMICILIAR,2
2023,1,SP,São Paulo,3550308,São Paulo,3522120125854,2022-12-14,2023-01-04,355030,113 SERVICO DE ATENCAO DOMICILIAR / 001 ASSISTENCIA DOMICILIAR,2
2023,1,SP,São Paulo,3550308,São Paulo,3522120125865,2022-10-02,2022-10-19,355030,126 SERVICO DE FISIOTERAPIA / 007 ASSISTENCIA FISIOTERAPEUTICA NAS ALTERACOES EM NEUROLOGIA,51
2023,1,SP,São Paulo,3550308,São Paulo,3522120125865,2022-10-02,2022-10-19,355030,126 SERVICO DE FISIOTERAPIA / 007 ASSISTENCIA FISIOTERAPEUTICA NAS ALTERACOES EM NEUROLOGIA,51
2023,1,SP,São Paulo,3550308,São Paulo,3522120125865,2022-10-02,2022-10-19,355030,126 SERVICO DE FISIOTERAPIA / 002 ASSISTENCIA FISIOTERAPEUTICA EM ALTERACOES ONCOLOGICAS,72
2023,1,SP,São Paulo,3550308,São Paulo,3522120125865,2022-10-02,2022-10-19,355030,126 SERVICO DE FISIOTERAPIA / 002 ASSISTENCIA FISIOTERAPEUTICA EM ALTERACOES ONCOLOGICAS,72
2023,1,SP,São Paulo,3550308,São Paulo,3522120125865,2022-10-02,2022-10-19,355030,128 SERVICO DE HEMOTERAPIA / 004 MEDICINA TRANSFUSIONAL,7
2023,1,SP,São Paulo,3550308,São Paulo,3522120125865,2022-10-02,2022-10-19,355030,128 SERVICO DE HEMOTERAPIA / 004 MEDICINA TRANSFUSIONAL,7
2023,1,SP,São Paulo,3550308,São Paulo,3522120125876,2022-09-27,2022-10-10,354870,,0
2023,1,SP,São Paulo,3550308,São Paulo,3522120125876,2022-09-27,2022-10-10,354870,,0
2023,1,SP,São Paulo,3550308,São Paulo,3522120125931,2022-10-01,2022-10-10,351300,113 SERVICO DE ATENCAO DOMICILIAR / 001 ASSISTENCIA DOMICILIAR,11
2023,1,SP,São Paulo,3550308,São Paulo,3522120125931,2022-10-01,2022-10-10,351300,113 SERVICO DE ATENCAO DOMICILIAR / 001 ASSISTENCIA DOMICILIAR,11
2023,1,SP,São Paulo,3550308,São Paulo,3522120125942,2022-11-02,2022-11-03,355030,126 SERVICO DE FISIOTERAPIA / 002 ASSISTENCIA FISIOTERAPEUTICA EM ALTERACOES ONCOLOGICAS,8
2023,1,SP,São Paulo,3550308,São Paulo,3522120125942,2022-11-02,2022-11-03,355030,126 SERVICO DE FISIOTERAPIA / 002 ASSISTENCIA FISIOTERAPEUTICA EM ALTERACOES ONCOLOGICAS,8
2023,1,SP,São Paulo,3550308,São Paulo,3522120125975,2022-10-03,2022-10-18,355030,,0
2023,1,SP,São Paulo,3550308,São Paulo,3522120125975,2022-10-03,2022-10-18,355030,,0
2023,1,SP,São Paulo,3550308,São Paulo,3522120125986,2022-10-19,2022-11-01,355030,126 SERVICO DE FISIOTERAPIA / 002 ASSISTENCIA FISIOTERAPEUTICA EM ALTERACOES ONCOLOGICAS,52
2023,1,SP,São Paulo,3550308,São Paulo,3522120125986,2022-10-19,2022-11-01,355030,126 SERVICO DE FISIOTERAPIA / 002 ASSISTENCIA FISIOTERAPEUTICA EM ALTERACOES ONCOLOGICAS,52
2023,1,SP,São Paulo,3550308,São Paulo,3522120125986,2022-10-19,2022-11-01,355030,126 SERVICO DE FISIOTERAPIA / 007 ASSISTENCIA FISIOTERAPEUTICA NAS ALTERACOES EM NEUROLOGIA,3
2023,1,SP,São Paulo,3550308,São Paulo,3522120125986,2022-10-19,2022-11-01,355030,126 SERVICO DE FISIOTERAPIA / 007 ASSISTENCIA FISIOTERAPEUTICA NAS ALTERACOES EM NEUROLOGIA,3
2023,1,SP,São Paulo,3550308,São Paulo,3522120126008,2022-10-11,2022-10-14,355030,,3
2023,1,SP,São Paulo,3550308,São Paulo,3522120126020,2022-10-07,2022-10-31,355030,113 SERVICO DE ATENCAO DOMICILIAR / 001 ASSISTENCIA DOMICILIAR,6
2023,1,SP,São Paulo,3550308,São Paulo,3522120126020,2022-10-07,2022-10-31,355030,113 SERVICO DE ATENCAO DOMICILIAR / 001 ASSISTENCIA DOMICILIAR,6
2023,1,SP,São Paulo,3550308,São Paulo,3522120126020,2022-10-07,2022-10-31,355030,105 SERVICO DE ATENCAO EM NEUROLOGIA / NEUROCIRURGIA / 007 TRATAMENTO ENDOVASCULAR,0
2023,1,SP,São Paulo,3550308,São Paulo,3522120126020,2022-10-07,2022-10-31,355030,105 SERVICO DE ATENCAO EM NEUROLOGIA / NEUROCIRURGIA / 007 TRATAMENTO ENDOVASCULAR,0
2023,1,SP,São Paulo,3550308,São Paulo,3522120126030,2022-10-08,2022-10-09,351060,,0
2023,1,SP,São Paulo,3550308,São Paulo,3522120126041,2022-10-10,2022-10-11,351060,126 SERVICO DE FISIOTERAPIA / 002 ASSISTENCIA FISIOTERAPEUTICA EM ALTERACOES ONCOLOGICAS,1
2023,1,SP,São Paulo,3550308,São Paulo,3522120126041,2022-10-10,2022-10-11,351060,126 SERVICO DE FISIOTERAPIA / 002 ASSISTENCIA FISIOTERAPEUTICA EM ALTERACOES ONCOLOGICAS,1
2023,1,SP,São Paulo,3550308,São Paulo,3522120126173,2022-10-21,2022-11-19,351060,,0
2023,1,SP,São Paulo,3550308,São Paulo,3522120126173,2022-10-21,2022-11-19,351060,113 SERVICO DE ATENCAO DOMICILIAR / 001 ASSISTENCIA DOMICILIAR,1
2023,1,SP,São Paulo,3550308,São Paulo,3522120126173,2022-10-21,2022-11-19,351060,113 SERVICO DE ATENCAO DOMICILIAR / 001 ASSISTENCIA DOMICILIAR,1
2023,1,SP,São Paulo,3550308,São Paulo,3522120126195,2022-12-06,2022-12-28,355030,113 SERVICO DE ATENCAO DOMICILIAR / 001 ASSISTENCIA DOMICILIAR,22
2023,1,SP,São Paulo,3550308,São Paulo,3522120126195,2022-12-06,2022-12-28,355030,113 SERVICO DE ATENCAO DOMICILIAR / 001 ASSISTENCIA DOMICILIAR,22
2023,1,SP,São Paulo,3550308,São Paulo,3522120126206,2022-12-29,2023-01-03,355030,113 SERVICO DE ATENCAO DOMICILIAR / 001 ASSISTENCIA DOMICILIAR,1
2023,1,SP,São Paulo,3550308,São Paulo,3522120126206,2022-12-29,2023-01-03,355030,113 SERVICO DE ATENCAO DOMICILIAR / 001 ASSISTENCIA DOMICILIAR,1
2023,1,SP,São Paulo,3550308,São Paulo,3522120126206,2022-12-29,2023-01-03,355030,113 SERVICO DE ATENCAO DOMICILIAR / 001 ASSISTENCIA DOMICILIAR,7
2023,1,SP,São Paulo,3550308,São Paulo,3522120126206,2022-12-29,2023-01-03,355030,113 SERVICO DE ATENCAO DOMICILIAR / 001 ASSISTENCIA DOMICILIAR,7
2023,1,SP,São Paulo,3550308,São Paulo,3522120126228,2022-10-25,2022-11-03,355030,113 SERVICO DE ATENCAO DOMICILIAR / 001 ASSISTENCIA DOMICILIAR,12
2023,1,SP,São Paulo,3550308,São Paulo,3522120126228,2022-10-25,2022-11-03,355030,113 SERVICO DE ATENCAO DOMICILIAR / 001 ASSISTENCIA DOMICILIAR,12
2023,1,SP,São Paulo,3550308,São Paulo,3522120126228,2022-10-25,2022-11-03,355030,113 SERVICO DE ATENCAO DOMICILIAR / 001 ASSISTENCIA DOMICILIAR,12
2023,1,SP,São Paulo,3550308,São Paulo,3522120126228,2022-10-25,2022-11-03,355030,113 SERVICO DE ATENCAO DOMICILIAR / 001 ASSISTENCIA DOMICILIAR,12
2023,1,SP,São Paulo,3550308,São Paulo,3522120126228,2022-10-25,2022-11-03,355030,113 SERVICO DE ATENCAO DOMICILIAR / 001 ASSISTENCIA DOMICILIAR,2
2023,1,SP,São Paulo,3550308,São Paulo,3522120126228,2022-10-25,2022-11-03,355030,113 SERVICO DE ATENCAO DOMICILIAR / 001 ASSISTENCIA DOMICILIAR,2
2023,1,SP,São Paulo,3550308,São Paulo,3522120126228,2022-10-25,2022-11-03,355030,113 SERVICO DE ATENCAO DOMICILIAR / 001 ASSISTENCIA DOMICILIAR,2
2023,1,SP,São Paulo,3550308,São Paulo,3522120126228,2022-10-25,2022-11-03,355030,113 SERVICO DE ATENCAO DOMICILIAR / 001 ASSISTENCIA DOMICILIAR,2
2023,1,SP,São Paulo,3550308,São Paulo,3522120126272,2022-11-05,2022-11-12,353440,113 SERVICO DE ATENCAO DOMICILIAR / 001 ASSISTENCIA DOMICILIAR,21
2023,1,SP,São Paulo,3550308,São Paulo,3522120126272,2022-11-05,2022-11-12,353440,113 SERVICO DE ATENCAO DOMICILIAR / 001 ASSISTENCIA DOMICILIAR,21
2023,1,SP,São Paulo,3550308,São Paulo,3522120126283,2022-12-12,2022-12-15,353440,113 SERVICO DE ATENCAO DOMICILIAR / 001 ASSISTENCIA DOMICILIAR,8
2023,1,SP,São Paulo,3550308,São Paulo,3522120126283,2022-12-12,2022-12-15,353440,113 SERVICO DE ATENCAO DOMICILIAR / 001 ASSISTENCIA DOMICILIAR,8
2023,1,SP,São Paulo,3550308,São Paulo,3522120126294,2022-11-13,2022-12-11,353440,113 SERVICO DE ATENCAO DOMICILIAR / 001 ASSISTENCIA DOMICILIAR,3
2023,1,SP,São Paulo,3550308,São Paulo,3522120126294,2022-11-13,2022-12-11,353440,113 SERVICO DE ATENCAO DOMICILIAR / 001 ASSISTENCIA DOMICILIAR,3
2023,1,SP,São Paulo,3550308,São Paulo,3522120126294,2022-11-13,2022-12-11,353440,126 SERVICO DE FISIOTERAPIA / 007 ASSISTENCIA FISIOTERAPEUTICA NAS ALTERACOES EM NEUROLOGIA,17
2023,1,SP,São Paulo,3550308,São Paulo,3522120126294,2022-11-13,2022-12-11,353440,126 SERVICO DE FISIOTERAPIA / 007 ASSISTENCIA FISIOTERAPEUTICA NAS ALTERACOES EM NEUROLOGIA,17
2023,1,SP,São Paulo,3550308,São Paulo,3522120126360,2022-11-16,2022-12-08,353910,113 SERVICO DE ATENCAO DOMICILIAR / 001 ASSISTENCIA DOMICILIAR,11
2023,1,SP,São Paulo,3550308,São Paulo,3522120126360,2022-11-16,2022-12-08,353910,113 SERVICO DE ATENCAO DOMICILIAR / 001 ASSISTENCIA DOMICILIAR,11
2023,1,SP,São Paulo,3550308,São Paulo,3522120126393,2022-12-14,2023-01-06,355030,113 SERVICO DE ATENCAO DOMICILIAR / 001 ASSISTENCIA DOMICILIAR,5
2023,1,SP,São Paulo,3550308,São Paulo,3522120126393,2022-12-14,2023-01-06,355030,113 SERVICO DE ATENCAO DOMICILIAR / 001 ASSISTENCIA DOMICILIAR,5
2023,1,SP,São Paulo,3550308,São Paulo,3522120126426,2022-12-30,2023-01-03,355030,126 SERVICO DE FISIOTERAPIA / 004 ASSISTENCIA FISIOTERAPEUTICA CARDIOVASCULARES E PNEUMOFUNCI,7
2023,1,SP,São Paulo,3550308,São Paulo,3522120126426,2022-12-30,2023-01-03,355030,126 SERVICO DE FISIOTERAPIA / 004 ASSISTENCIA FISIOTERAPEUTICA CARDIOVASCULARES E PNEUMOFUNCI,7
2023,1,SP,São Paulo,3550308,São Paulo,3522120126481,2022-11-24,2022-11-27,355030,113 SERVICO DE ATENCAO DOMICILIAR / 001 ASSISTENCIA DOMICILIAR,10
2023,1,SP,São Paulo,3550308,São Paulo,3522120126481,2022-11-24,2022-11-27,355030,113 SERVICO DE ATENCAO DOMICILIAR / 001 ASSISTENCIA DOMICILIAR,10
2023,1,SP,São Paulo,3550308,São Paulo,3522120126503,2022-12-03,2022-12-12,355030,126 SERVICO DE FISIOTERAPIA / 007 ASSISTENCIA FISIOTERAPEUTICA NAS ALTERACOES EM NEUROLOGIA,19
2023,1,SP,São Paulo,3550308,São Paulo,3522120126503,2022-12-03,2022-12-12,355030,126 SERVICO DE FISIOTERAPIA / 007 ASSISTENCIA FISIOTERAPEUTICA NAS ALTERACOES EM NEUROLOGIA,19
2023,1,SP,São Paulo,3550308,São Paulo,3522120126514,2022-12-13,2022-12-16,355030,113 SERVICO DE ATENCAO DOMICILIAR / 001 ASSISTENCIA DOMICILIAR,1
2023,1,SP,São Paulo,3550308,São Paulo,3522120126514,2022-12-13,2022-12-16,355030,113 SERVICO DE ATENCAO DOMICILIAR / 001 ASSISTENCIA DOMICILIAR,1
2023,1,SP,São Paulo,3550308,São Paulo,3522120126525,2022-12-17,2022-12-22,355030,126 SERVICO DE FISIOTERAPIA / 005 ASSISTENCIA FISIOTERAPEUTICA NAS DISFUNCOES MUSCULO ESQUELET,2
2023,1,SP,São Paulo,3550308,São Paulo,3522120126525,2022-12-17,2022-12-22,355030,126 SERVICO DE FISIOTERAPIA / 005 ASSISTENCIA FISIOTERAPEUTICA NAS DISFUNCOES MUSCULO ESQUELET,2
2023,1,SP,São Paulo,3550308,São Paulo,3522120126547,2022-12-26,2023-01-02,350570,113 SERVICO DE ATENCAO DOMICILIAR / 001 ASSISTENCIA DOMICILIAR,4
2023,1,SP,São Paulo,3550308,São Paulo,3522120126547,2022-12-26,2023-01-02,350570,113 SERVICO DE ATENCAO DOMICILIAR / 001 ASSISTENCIA DOMICILIAR,4
2023,1,SP,São Paulo,3550308,São Paulo,3522120126570,2022-12-06,2022-12-19,355280,126 SERVICO DE FISIOTERAPIA / 007 ASSISTENCIA FISIOTERAPEUTICA NAS ALTERACOES EM NEUROLOGIA,23
2023,1,SP,São Paulo,3550308,São Paulo,3522120126570,2022-12-06,2022-12-19,355280,126 SERVICO DE FISIOTERAPIA / 007 ASSISTENCIA FISIOTERAPEUTICA NAS ALTERACOES EM NEUROLOGIA,23
2023,1,SP,São Paulo,3550308,São Paulo,3522120126570,2022-12-06,2022-12-19,355280,113 SERVICO DE ATENCAO DOMICILIAR / 001 ASSISTENCIA DOMICILIAR,17
2023,1,SP,São Paulo,3550308,São Paulo,3522120126570,2022-12-06,2022-12-19,355280,113 SERVICO DE ATENCAO DOMICILIAR / 001 ASSISTENCIA DOMICILIAR,17
2023,1,SP,São Paulo,3550308,São Paulo,3522120126613,2022-12-21,2022-12-26,355280,113 SERVICO DE ATENCAO DOMICILIAR / 001 ASSISTENCIA DOMICILIAR,8
2023,1,SP,São Paulo,3550308,São Paulo,3522120126613,2022-12-21,2022-12-26,355280,113 SERVICO DE ATENCAO DOMICILIAR / 001 ASSISTENCIA DOMICILIAR,8
2023,1,SP,São Paulo,3550308,São Paulo,3522120126613,2022-12-21,2022-12-26,355280,113 SERVICO DE ATENCAO DOMICILIAR / 001 ASSISTENCIA DOMICILIAR,8
2023,1,SP,São Paulo,3550308,São Paulo,3522120126613,2022-12-21,2022-12-26,355280,113 SERVICO DE ATENCAO DOMICILIAR / 001 ASSISTENCIA DOMICILIAR,8
2023,1,SP,São Paulo,3550308,São Paulo,3522120126624,2022-12-27,2022-12-30,355280,113 SERVICO DE ATENCAO DOMICILIAR / 001 ASSISTENCIA DOMICILIAR,9
2023,1,SP,São Paulo,3550308,São Paulo,3522120126624,2022-12-27,2022-12-30,355280,113 SERVICO DE ATENCAO DOMICILIAR / 001 ASSISTENCIA DOMICILIAR,9
2023,1,SP,São Paulo,3550308,São Paulo,3522120126624,2022-12-27,2022-12-30,355280,,0
2023,1,SP,São Paulo,3550308,São Paulo,3522120126679,2022-12-13,2022-12-15,355030,113 SERVICO DE ATENCAO DOMICILIAR / 001 ASSISTENCIA DOMICILIAR,8
2023,1,SP,São Paulo,3550308,São Paulo,3522120126679,2022-12-13,2022-12-15,355030,113 SERVICO DE ATENCAO DOMICILIAR / 001 ASSISTENCIA DOMICILIAR,8
2023,1,SP,São Paulo,3550308,São Paulo,3522120126712,2022-12-15,2022-12-28,355030,113 SERVICO DE ATENCAO DOMICILIAR / 001 ASSISTENCIA DOMICILIAR,1
2023,1,SP,São Paulo,3550308,São Paulo,3522120126712,2022-12-15,2022-12-28,355030,113 SERVICO DE ATENCAO DOMICILIAR / 001 ASSISTENCIA DOMICILIAR,1
2023,1,SP,São Paulo,3550308,São Paulo,3522120126734,2022-12-23,2023-01-02,355030,,1
2023,1,SP,São Paulo,3550308,São Paulo,3522120126734,2022-12-23,2023-01-02,355030,126 SERVICO DE FISIOTERAPIA / 007 ASSISTENCIA FISIOTERAPEUTICA NAS ALTERACOES EM NEUROLOGIA,6
2023,1,SP,São Paulo,3550308,São Paulo,3522120126734,2022-12-23,2023-01-02,355030,126 SERVICO DE FISIOTERAPIA / 007 ASSISTENCIA FISIOTERAPEUTICA NAS ALTERACOES EM NEUROLOGIA,6
2023,1,SP,São Paulo,3550308,São Paulo,3522120126789,2022-12-21,2022-12-28,355030,113 SERVICO DE ATENCAO DOMICILIAR / 001 ASSISTENCIA DOMICILIAR,6
2023,1,SP,São Paulo,3550308,São Paulo,3522120126789,2022-12-21,2022-12-28,355030,113 SERVICO DE ATENCAO DOMICILIAR / 001 ASSISTENCIA DOMICILIAR,6
2023,1,SP,São Paulo,3550308,São Paulo,3522120126790,2022-12-29,2023-01-04,355030,113 SERVICO DE ATENCAO DOMICILIAR / 001 ASSISTENCIA DOMICILIAR,6
2023,1,SP,São Paulo,3550308,São Paulo,3522120126790,2022-12-29,2023-01-04,355030,113 SERVICO DE ATENCAO DOMICILIAR / 001 ASSISTENCIA DOMICILIAR,6
2023,1,SP,São Paulo,3550308,São Paulo,3522120126790,2022-12-29,2023-01-04,355030,113 SERVICO DE ATENCAO DOMICILIAR / 001 ASSISTENCIA DOMICILIAR,7
2023,1,SP,São Paulo,3550308,São Paulo,3522120126790,2022-12-29,2023-01-04,355030,113 SERVICO DE ATENCAO DOMICILIAR / 001 ASSISTENCIA DOMICILIAR,7
2023,1,SP,São Paulo,3550308,São Paulo,3522120126800,2022-12-15,2022-12-26,354730,113 SERVICO DE ATENCAO DOMICILIAR / 001 ASSISTENCIA DOMICILIAR,10
2023,1,SP,São Paulo,3550308,São Paulo,3522120126800,2022-12-15,2022-12-26,354730,113 SERVICO DE ATENCAO DOMICILIAR / 001 ASSISTENCIA DOMICILIAR,10
2023,1,SP,São Paulo,3550308,São Paulo,3522120126822,2022-12-16,2022-12-30,355030,113 SERVICO DE ATENCAO DOMICILIAR / 001 ASSISTENCIA DOMICILIAR,6
2023,1,SP,São Paulo,3550308,São Paulo,3522120126822,2022-12-16,2022-12-30,355030,113 SERVICO DE ATENCAO DOMICILIAR / 001 ASSISTENCIA DOMICILIAR,6
2023,1,SP,São Paulo,3550308,São Paulo,3522120126833,2022-12-31,2023-01-04,355030,113 SERVICO DE ATENCAO DOMICILIAR / 001 ASSISTENCIA DOMICILIAR,3
2023,1,SP,São Paulo,3550308,São Paulo,3522120126833,2022-12-31,2023-01-04,355030,113 SERVICO DE ATENCAO DOMICILIAR / 001 ASSISTENCIA DOMICILIAR,3
2023,1,SP,São Paulo,3550308,São Paulo,3522120126833,2022-12-31,2023-01-04,355030,113 SERVICO DE ATENCAO DOMICILIAR / 001 ASSISTENCIA DOMICILIAR,3
2023,1,SP,São Paulo,3550308,São Paulo,3522120126833,2022-12-31,2023-01-04,355030,113 SERVICO DE ATENCAO DOMICILIAR / 001 ASSISTENCIA DOMICILIAR,3
2023,1,SP,São Paulo,3550308,São Paulo,3522120126899,2022-12-26,2023-01-02,352250,113 SERVICO DE ATENCAO DOMICILIAR / 001 ASSISTENCIA DOMICILIAR,2
2023,1,SP,São Paulo,3550308,São Paulo,3522120126899,2022-12-26,2023-01-02,352250,113 SERVICO DE ATENCAO DOMICILIAR / 001 ASSISTENCIA DOMICILIAR,2
2023,1,SP,São Paulo,3550308,São Paulo,3522120126965,2022-12-23,2022-12-29,355030,126 SERVICO DE FISIOTERAPIA / 002 ASSISTENCIA FISIOTERAPEUTICA EM ALTERACOES ONCOLOGICAS,11
2023,1,SP,São Paulo,3550308,São Paulo,3522120126965,2022-12-23,2022-12-29,355030,126 SERVICO DE FISIOTERAPIA / 002 ASSISTENCIA FISIOTERAPEUTICA EM ALTERACOES ONCOLOGICAS,11
2023,1,SP,São Paulo,3550308,São Paulo,3522120126965,2022-12-23,2022-12-29,355030,113 SERVICO DE ATENCAO DOMICILIAR / 001 ASSISTENCIA DOMICILIAR,7
2023,1,SP,São Paulo,3550308,São Paulo,3522120126965,2022-12-23,2022-12-29,355030,113 SERVICO DE ATENCAO DOMICILIAR / 001 ASSISTENCIA DOMICILIAR,7
2023,1,SP,São Paulo,3550308,São Paulo,3522120126976,2022-12-30,2023-01-09,355030,,0
2023,1,SP,São Paulo,3550308,São Paulo,3522120126976,2022-12-30,2023-01-09,355030,126 SERVICO DE FISIOTERAPIA / 007 ASSISTENCIA FISIOTERAPEUTICA NAS ALTERACOES EM NEUROLOGIA,6
2023,1,SP,São Paulo,3550308,São Paulo,3522120126976,2022-12-30,2023-01-09,355030,126 SERVICO DE FISIOTERAPIA / 007 ASSISTENCIA FISIOTERAPEUTICA NAS ALTERACOES EM NEUROLOGIA,6
2023,1,SP,São Paulo,3550308,São Paulo,3522120127009,2022-12-26,2023-01-03,351880,113 SERVICO DE ATENCAO DOMICILIAR / 001 ASSISTENCIA DOMICILIAR,5
2023,1,SP,São Paulo,3550308,São Paulo,3522120127009,2022-12-26,2023-01-03,351880,113 SERVICO DE ATENCAO DOMICILIAR / 001 ASSISTENCIA DOMICILIAR,5
2023,1,SP,São Paulo,3550308,São Paulo,3522120127009,2022-12-26,2023-01-03,351880,113 SERVICO DE ATENCAO DOMICILIAR / 001 ASSISTENCIA DOMICILIAR,9
2023,1,SP,São Paulo,3550308,São Paulo,3522120127009,2022-12-26,2023-01-03,351880,113 SERVICO DE ATENCAO DOMICILIAR / 001 ASSISTENCIA DOMICILIAR,9
2023,1,SP,São Paulo,3550308,São Paulo,3522120127031,2022-12-29,2023-01-03,355030,132 SERVICO DE ONCOLOGIA / 005 ONCOLOGIA CIRURGICA,0
2023,1,SP,São Paulo,3550308,São Paulo,3522120127031,2022-12-29,2023-01-03,355030,132 SERVICO DE ONCOLOGIA / 005 ONCOLOGIA CIRURGICA,0
2023,1,SP,São Paulo,3550308,São Paulo,3522120127042,2022-12-29,2022-12-30,355030,128 SERVICO DE HEMOTERAPIA / 004 MEDICINA TRANSFUSIONAL,1
2023,1,SP,São Paulo,3550308,São Paulo,3522120127042,2022-12-29,2022-12-30,355030,128 SERVICO DE HEMOTERAPIA / 004 MEDICINA TRANSFUSIONAL,1
2023,1,SP,São Paulo,3550308,São Paulo,3522120127042,2022-12-29,2022-12-30,355030,113 SERVICO DE ATENCAO DOMICILIAR / 001 ASSISTENCIA DOMICILIAR,1
2023,1,SP,São Paulo,3550308,São Paulo,3522120127042,2022-12-29,2022-12-30,355030,113 SERVICO DE ATENCAO DOMICILIAR / 001 ASSISTENCIA DOMICILIAR,1
2023,1,SP,São Paulo,3550308,São Paulo,3522120127185,2022-12-27,2023-01-20,355030,,0
2023,1,SP,São Paulo,3550308,São Paulo,3522120127340,2022-12-30,2023-01-31,355030,,0
2023,1,SP,São Paulo,3550308,São Paulo,3522120127471,2022-12-20,2023-01-27,355030,,0
2023,1,SP,São Paulo,3550308,São Paulo,3522120127471,2022-12-20,2023-01-27,355030,,0
2023,1,SP,São Paulo,3550308,São Paulo,3522120127482,2022-12-26,2023-01-31,355030,,0
2023,1,SP,São Paulo,3550308,São Paulo,3522120127592,2022-12-28,2023-01-20,353440,,0
2023,1,SP,São Paulo,3547809,Santo André,3522120156082,2022-08-17,2022-08-30,354410,,0
2023,1,SP,São Paulo,3547809,Santo André,3522120164464,2022-11-19,2022-11-19,354780,149 TRANSPLANTE / 015 ACOES PARA DOACAO E CAPTACAO DE ORGAOS E TECIDOS,0
2023,1,SP,São Paulo,3547809,Santo André,3522120164464,2022-11-19,2022-11-19,354780,149 TRANSPLANTE / 015 ACOES PARA DOACAO E CAPTACAO DE ORGAOS E TECIDOS,0
2023,1,SP,São Paulo,3547809,Santo André,3522120164464,2022-11-19,2022-11-19,354780,149 TRANSPLANTE / 015 ACOES PARA DOACAO E CAPTACAO DE ORGAOS E TECIDOS,0
2023,1,SP,São Paulo,3547809,Santo André,3522120164464,2022-11-19,2022-11-19,354780,149 TRANSPLANTE / 015 ACOES PARA DOACAO E CAPTACAO DE ORGAOS E TECIDOS,0
2023,1,SP,São Paulo,3547809,Santo André,3522120164475,2022-11-18,2022-11-18,354870,149 TRANSPLANTE / 015 ACOES PARA DOACAO E CAPTACAO DE ORGAOS E TECIDOS,0
2023,1,SP,São Paulo,3547809,Santo André,3522120164475,2022-11-18,2022-11-18,354870,149 TRANSPLANTE / 015 ACOES PARA DOACAO E CAPTACAO DE ORGAOS E TECIDOS,0
2023,1,SP,São Paulo,3547809,Santo André,3522120164475,2022-11-18,2022-11-18,354870,149 TRANSPLANTE / 015 ACOES PARA DOACAO E CAPTACAO DE ORGAOS E TECIDOS,0
2023,1,SP,São Paulo,3547809,Santo André,3522120164475,2022-11-18,2022-11-18,354870,149 TRANSPLANTE / 015 ACOES PARA DOACAO E CAPTACAO DE ORGAOS E TECIDOS,0
2023,1,SP,São Paulo,3550308,São Paulo,3522120171603,2022-10-17,2023-01-31,355030,,0
2023,1,SP,São Paulo,3550308,São Paulo,3522120177411,2022-08-08,2022-10-02,355030,128 SERVICO DE HEMOTERAPIA / 004 MEDICINA TRANSFUSIONAL,2
2023,1,SP,São Paulo,3550308,São Paulo,3522120177411,2022-08-08,2022-10-02,355030,128 SERVICO DE HEMOTERAPIA / 004 MEDICINA TRANSFUSIONAL,2
2023,1,SP,São Paulo,3550308,São Paulo,3522120178632,2022-08-31,2022-10-10,316695,,3
2023,1,SP,São Paulo,3550308,São Paulo,3522120180986,2022-09-17,2022-10-16,353060,,3
2023,1,SP,São Paulo,3550308,São Paulo,3522120183604,2022-10-05,2022-11-11,354730,,1
2023,1,SP,São Paulo,3550308,São Paulo,3522120183615,2022-10-25,2022-11-23,354870,,2
2023,1,SP,São Paulo,3550308,São Paulo,3522120183615,2022-10-25,2022-11-23,354870,,0
2023,1,SP,São Paulo,3550308,São Paulo,3522120183615,2022-10-25,2022-11-23,354870,,1
2023,1,SP,São Paulo,3522208,Itapecerica da Serra,3522120206836,2022-10-08,2023-01-14,355030,128 SERVICO DE HEMOTERAPIA / 004 MEDICINA TRANSFUSIONAL,1
2023,1,SP,São Paulo,3522208,Itapecerica da Serra,3522120206836,2022-10-08,2023-01-14,355030,128 SERVICO DE HEMOTERAPIA / 004 MEDICINA TRANSFUSIONAL,1
2023,1,SP,São Paulo,3522208,Itapecerica da Serra,3522120206836,2022-10-08,2023-01-14,355030,,0
2023,1,SP,São Paulo,3522208,Itapecerica da Serra,3522120206836,2022-10-08,2023-01-14,355030,,30
2023,1,SP,São Paulo,3530607,Mogi das Cruzes,3522120235634,2022-10-21,2022-11-20,353060,,3
2023,1,SP,São Paulo,3530607,Mogi das Cruzes,3522120235634,2022-10-21,2022-11-20,353060,,2
2023,1,SP,São Paulo,3530607,Mogi das Cruzes,3522120235634,2022-10-21,2022-11-20,353060,126 SERVICO DE FISIOTERAPIA / 004 ASSISTENCIA FISIOTERAPEUTICA CARDIOVASCULARES E PNEUMOFUNCI,1
2023,1,SP,São Paulo,3530607,Mogi das Cruzes,3522120235634,2022-10-21,2022-11-20,353060,126 SERVICO DE FISIOTERAPIA / 004 ASSISTENCIA FISIOTERAPEUTICA CARDIOVASCULARES E PNEUMOFUNCI,1
2023,1,SP,São Paulo,3530607,Mogi das Cruzes,3522120235634,2022-10-21,2022-11-20,353060,,7
2023,1,SP,São Paulo,3530607,Mogi das Cruzes,3522120235634,2022-10-21,2022-11-20,353060,126 SERVICO DE FISIOTERAPIA / 004 ASSISTENCIA FISIOTERAPEUTICA CARDIOVASCULARES E PNEUMOFUNCI,1
2023,1,SP,São Paulo,3530607,Mogi das Cruzes,3522120235634,2022-10-21,2022-11-20,353060,126 SERVICO DE FISIOTERAPIA / 004 ASSISTENCIA FISIOTERAPEUTICA CARDIOVASCULARES E PNEUMOFUNCI,1
2023,1,SP,São Paulo,3530607,Mogi das Cruzes,3522120235634,2022-10-21,2022-11-20,353060,126 SERVICO DE FISIOTERAPIA / 007 ASSISTENCIA FISIOTERAPEUTICA NAS ALTERACOES EM NEUROLOGIA,10
2023,1,SP,São Paulo,3530607,Mogi das Cruzes,3522120235634,2022-10-21,2022-11-20,353060,126 SERVICO DE FISIOTERAPIA / 007 ASSISTENCIA FISIOTERAPEUTICA NAS ALTERACOES EM NEUROLOGIA,10
2023,1,SP,São Paulo,3530607,Mogi das Cruzes,3522120235634,2022-10-21,2022-11-20,353060,,1
2023,1,SP,São Paulo,3530607,Mogi das Cruzes,3522120235634,2022-10-21,2022-11-20,353060,,2
2023,1,SP,São Paulo,3530607,Mogi das Cruzes,3522120235634,2022-10-21,2022-11-20,353060,,3
2023,1,SP,São Paulo,3530607,Mogi das Cruzes,3522120235634,2022-10-21,2022-11-20,353060,,3
2023,1,SP,São Paulo,3530607,Mogi das Cruzes,3522120235634,2022-10-21,2022-11-20,353060,126 SERVICO DE FISIOTERAPIA / 007 ASSISTENCIA FISIOTERAPEUTICA NAS ALTERACOES EM NEUROLOGIA,3
2023,1,SP,São Paulo,3530607,Mogi das Cruzes,3522120235634,2022-10-21,2022-11-20,353060,126 SERVICO DE FISIOTERAPIA / 007 ASSISTENCIA FISIOTERAPEUTICA NAS ALTERACOES EM NEUROLOGIA,3
2023,1,SP,São Paulo,3530607,Mogi das Cruzes,3522120235634,2022-10-21,2022-11-20,353060,,10
2023,1,SP,São Paulo,3530607,Mogi das Cruzes,3522120235634,2022-10-21,2022-11-20,353060,,9
2023,1,SP,São Paulo,3530607,Mogi das Cruzes,3522120235634,2022-10-21,2022-11-20,353060,,1
2023,1,SP,São Paulo,3530607,Mogi das Cruzes,3522120235634,2022-10-21,2022-11-20,353060,,1
2023,1,SP,São Paulo,3530607,Mogi das Cruzes,3522120235634,2022-10-21,2022-11-20,353060,,1
2023,1,SP,São Paulo,3530607,Mogi das Cruzes,3522120235634,2022-10-21,2022-11-20,353060,,1
2023,1,SP,São Paulo,3530607,Mogi das Cruzes,3522120235634,2022-10-21,2022-11-20,353060,,1
2023,1,SP,São Paulo,3530607,Mogi das Cruzes,3522120235634,2022-10-21,2022-11-20,353060,,5
2023,1,SP,São Paulo,3530607,Mogi das Cruzes,3522120235634,2022-10-21,2022-11-20,353060,126 SERVICO DE FISIOTERAPIA / 007 ASSISTENCIA FISIOTERAPEUTICA NAS ALTERACOES EM NEUROLOGIA,2
2023,1,SP,São Paulo,3530607,Mogi das Cruzes,3522120235634,2022-10-21,2022-11-20,353060,126 SERVICO DE FISIOTERAPIA / 007 ASSISTENCIA FISIOTERAPEUTICA NAS ALTERACOES EM NEUROLOGIA,2
2023,1,SP,São Paulo,3530607,Mogi das Cruzes,3522120235634,2022-10-21,2022-11-20,353060,126 SERVICO DE FISIOTERAPIA / 007 ASSISTENCIA FISIOTERAPEUTICA NAS ALTERACOES EM NEUROLOGIA,4
2023,1,SP,São Paulo,3530607,Mogi das Cruzes,3522120235634,2022-10-21,2022-11-20,353060,126 SERVICO DE FISIOTERAPIA / 007 ASSISTENCIA FISIOTERAPEUTICA NAS ALTERACOES EM NEUROLOGIA,4
2023,1,SP,São Paulo,3530607,Mogi das Cruzes,3522120235634,2022-10-21,2022-11-20,353060,,1
2023,1,SP,São Paulo,3530607,Mogi das Cruzes,3522120235634,2022-10-21,2022-11-20,353060,,1
2023,1,SP,São Paulo,3530607,Mogi das Cruzes,3522120235634,2022-10-21,2022-11-20,353060,,1
2023,1,SP,São Paulo,3530607,Mogi das Cruzes,3522120235634,2022-10-21,2022-11-20,353060,,1
2023,1,SP,São Paulo,3530607,Mogi das Cruzes,3522120235634,2022-10-21,2022-11-20,353060,,1
2023,1,SP,São Paulo,3550308,São Paulo,3522120249593,2022-10-29,2022-11-03,355030,,0
2023,1,SP,São Paulo,3550308,São Paulo,3522120249593,2022-10-29,2022-11-03,355030,,0
2023,1,SP,São Paulo,3522208,Itapecerica da Serra,3522120251518,2022-10-27,2022-11-27,352220,,26
2023,1,SP,São Paulo,3550308,São Paulo,3522120255324,2022-10-11,2022-11-06,355030,,0
2023,1,SP,São Paulo,3550308,São Paulo,3522120277380,2022-11-09,2022-12-23,355030,128 SERVICO DE HEMOTERAPIA / 004 MEDICINA TRANSFUSIONAL,1
2023,1,SP,São Paulo,3550308,São Paulo,3522120277380,2022-11-09,2022-12-23,355030,128 SERVICO DE HEMOTERAPIA / 004 MEDICINA TRANSFUSIONAL,1
2023,1,SP,São Paulo,3550308,São Paulo,3522120277380,2022-11-09,2022-12-23,355030,,0
2023,1,SP,São Paulo,3550308,São Paulo,3522120280954,2022-11-18,2023-01-16,355030,,0
2023,1,SP,São Paulo,3550308,São Paulo,3522120280954,2022-11-18,2023-01-16,355030,128 SERVICO DE HEMOTERAPIA / 004 MEDICINA TRANSFUSIONAL,1
2023,1,SP,São Paulo,3550308,São Paulo,3522120280954,2022-11-18,2023-01-16,355030,128 SERVICO DE HEMOTERAPIA / 004 MEDICINA TRANSFUSIONAL,1
2023,1,SP,São Paulo,3513801,Diadema,3522120287114,2022-11-03,2023-01-01,354780,,1
2023,1,SP,São Paulo,3513801,Diadema,3522120287114,2022-11-03,2023-01-01,354780,,1
2023,1,SP,São Paulo,3513801,Diadema,3522120287114,2022-11-03,2023-01-01,354780,,31
2023,1,SP,São Paulo,3513801,Diadema,3522120287114,2022-11-03,2023-01-01,354780,,1
2023,1,SP,São Paulo,3513801,Diadema,3522120287114,2022-11-03,2023-01-01,354780,,1
2023,1,SP,São Paulo,3513801,Diadema,3522120287114,2022-11-03,2023-01-01,354780,,0
2023,1,SP,São Paulo,3513801,Diadema,3522120287114,2022-11-03,2023-01-01,354780,,1
2023,1,SP,São Paulo,3513801,Diadema,3522120287114,2022-11-03,2023-01-01,354780,,1
2023,1,SP,São Paulo,3513801,Diadema,3522120287114,2022-11-03,2023-01-01,354780,,1
2023,1,SP,São Paulo,3513801,Diadema,3522120287114,2022-11-03,2023-01-01,354780,,1
2023,1,SP,São Paulo,3513801,Diadema,3522120287114,2022-11-03,2023-01-01,354780,,1
2023,1,SP,São Paulo,3513801,Diadema,3522120287114,2022-11-03,2023-01-01,354780,,1
2023,1,SP,São Paulo,3513801,Diadema,3522120287114,2022-11-03,2023-01-01,354780,,14
2023,1,SP,São Paulo,3513801,Diadema,3522120287114,2022-11-03,2023-01-01,354780,,1
2023,1,SP,São Paulo,3513801,Diadema,3522120287114,2022-11-03,2023-01-01,354780,,1
2023,1,SP,São Paulo,3513801,Diadema,3522120287114,2022-11-03,2023-01-01,354780,,1
2023,1,SP,São Paulo,3513801,Diadema,3522120287114,2022-11-03,2023-01-01,354780,,1
2023,1,SP,São Paulo,3513801,Diadema,3522120287114,2022-11-03,2023-01-01,354780,,1
2023,1,SP,São Paulo,3513801,Diadema,3522120287114,2022-11-03,2023-01-01,354780,,1
2023,1,SP,São Paulo,3513801,Diadema,3522120287114,2022-11-03,2023-01-01,354780,,1
2023,1,SP,São Paulo,3513801,Diadema,3522120287114,2022-11-03,2023-01-01,354780,,1
2023,1,SP,São Paulo,3513801,Diadema,3522120287114,2022-11-03,2023-01-01,354780,,1
2023,1,SP,São Paulo,3513801,Diadema,3522120287114,2022-11-03,2023-01-01,354780,,0
2023,1,SP,São Paulo,3513801,Diadema,3522120287114,2022-11-03,2023-01-01,354780,128 SERVICO DE HEMOTERAPIA / 004 MEDICINA TRANSFUSIONAL,2
2023,1,SP,São Paulo,3513801,Diadema,3522120287114,2022-11-03,2023-01-01,354780,128 SERVICO DE HEMOTERAPIA / 004 MEDICINA TRANSFUSIONAL,2
2023,1,SP,São Paulo,3513801,Diadema,3522120287114,2022-11-03,2023-01-01,354780,,1
2023,1,SP,São Paulo,3513801,Diadema,3522120287114,2022-11-03,2023-01-01,354780,,1
2023,1,SP,São Paulo,3513801,Diadema,3522120287114,2022-11-03,2023-01-01,354780,,1
2023,1,SP,São Paulo,3513801,Diadema,3522120287114,2022-11-03,2023-01-01,354780,,1
2023,1,SP,São Paulo,3513801,Diadema,3522120287114,2022-11-03,2023-01-01,354780,128 SERVICO DE HEMOTERAPIA / 004 MEDICINA TRANSFUSIONAL,3
2023,1,SP,São Paulo,3513801,Diadema,3522120287114,2022-11-03,2023-01-01,354780,128 SERVICO DE HEMOTERAPIA / 004 MEDICINA TRANSFUSIONAL,3
2023,1,SP,São Paulo,3513801,Diadema,3522120287114,2022-11-03,2023-01-01,354780,,1
2023,1,SP,São Paulo,3513801,Diadema,3522120287334,2022-11-03,2023-01-01,351380,,0
2023,1,SP,São Paulo,3513801,Diadema,3522120287334,2022-11-03,2023-01-01,351380,,1
2023,1,SP,São Paulo,3513801,Diadema,3522120287334,2022-11-03,2023-01-01,351380,,0
2023,1,SP,São Paulo,3513801,Diadema,3522120287334,2022-11-03,2023-01-01,351380,,3
2023,1,SP,São Paulo,3513801,Diadema,3522120287334,2022-11-03,2023-01-01,351380,135 SERVICO DE REABILITACAO / 003 REABILITACAO FISICA,6
2023,1,SP,São Paulo,3513801,Diadema,3522120287334,2022-11-03,2023-01-01,351380,135 SERVICO DE REABILITACAO / 003 REABILITACAO FISICA,6
2023,1,SP,São Paulo,3513801,Diadema,3522120291822,2022-11-16,2023-01-04,351380,,1
2023,1,SP,São Paulo,3513801,Diadema,3522120291822,2022-11-16,2023-01-04,351380,126 SERVICO DE FISIOTERAPIA / 001 ASSISTENCIA FISIOTERAPEUTICA EM ALTERACOES OBSTETRICAS NEON,16
2023,1,SP,São Paulo,3513801,Diadema,3522120291822,2022-11-16,2023-01-04,351380,126 SERVICO DE FISIOTERAPIA / 001 ASSISTENCIA FISIOTERAPEUTICA EM ALTERACOES OBSTETRICAS NEON,16
2023,1,SP,São Paulo,3513801,Diadema,3522120291822,2022-11-16,2023-01-04,351380,,1
2023,1,SP,São Paulo,3513801,Diadema,3522120291822,2022-11-16,2023-01-04,351380,126 SERVICO DE FISIOTERAPIA / 001 ASSISTENCIA FISIOTERAPEUTICA EM ALTERACOES OBSTETRICAS NEON,1
2023,1,SP,São Paulo,3513801,Diadema,3522120291822,2022-11-16,2023-01-04,351380,126 SERVICO DE FISIOTERAPIA / 001 ASSISTENCIA FISIOTERAPEUTICA EM ALTERACOES OBSTETRICAS NEON,1
2023,1,SP,São Paulo,3513801,Diadema,3522120291822,2022-11-16,2023-01-04,351380,,1
2023,1,SP,São Paulo,3513801,Diadema,3522120291822,2022-11-16,2023-01-04,351380,,1
2023,1,SP,São Paulo,3513801,Diadema,3522120291822,2022-11-16,2023-01-04,351380,135 SERVICO DE REABILITACAO / 003 REABILITACAO FISICA,1
2023,1,SP,São Paulo,3513801,Diadema,3522120291822,2022-11-16,2023-01-04,351380,135 SERVICO DE REABILITACAO / 003 REABILITACAO FISICA,1
2023,1,SP,São Paulo,3513801,Diadema,3522120291822,2022-11-16,2023-01-04,351380,,1
2023,1,SP,São Paulo,3513801,Diadema,3522120291822,2022-11-16,2023-01-04,351380,126 SERVICO DE FISIOTERAPIA / 001 ASSISTENCIA FISIOTERAPEUTICA EM ALTERACOES OBSTETRICAS NEON,21
2023,1,SP,São Paulo,3513801,Diadema,3522120291822,2022-11-16,2023-01-04,351380,126 SERVICO DE FISIOTERAPIA / 001 ASSISTENCIA FISIOTERAPEUTICA EM ALTERACOES OBSTETRICAS NEON,21
2023,1,SP,São Paulo,3513801,Diadema,3522120291822,2022-11-16,2023-01-04,351380,,1
2023,1,SP,São Paulo,3513801,Diadema,3522120291822,2022-11-16,2023-01-04,351380,,1
2023,1,SP,São Paulo,3513801,Diadema,3522120291822,2022-11-16,2023-01-04,351380,135 SERVICO DE REABILITACAO / 003 REABILITACAO FISICA,1
2023,1,SP,São Paulo,3513801,Diadema,3522120291822,2022-11-16,2023-01-04,351380,135 SERVICO DE REABILITACAO / 003 REABILITACAO FISICA,1
2023,1,SP,São Paulo,3513801,Diadema,3522120291822,2022-11-16,2023-01-04,351380,,1
2023,1,SP,São Paulo,3513801,Diadema,3522120291822,2022-11-16,2023-01-04,351380,,1
2023,1,SP,São Paulo,3513801,Diadema,3522120291822,2022-11-16,2023-01-04,351380,126 SERVICO DE FISIOTERAPIA / 001 ASSISTENCIA FISIOTERAPEUTICA EM ALTERACOES OBSTETRICAS NEON,1
2023,1,SP,São Paulo,3513801,Diadema,3522120291822,2022-11-16,2023-01-04,351380,126 SERVICO DE FISIOTERAPIA / 001 ASSISTENCIA FISIOTERAPEUTICA EM ALTERACOES OBSTETRICAS NEON,1
2023,1,SP,São Paulo,3513801,Diadema,3522120291822,2022-11-16,2023-01-04,351380,,1
2023,1,SP,São Paulo,3513801,Diadema,3522120291822,2022-11-16,2023-01-04,351380,135 SERVICO DE REABILITACAO / 003 REABILITACAO FISICA,1
2023,1,SP,São Paulo,3513801,Diadema,3522120291822,2022-11-16,2023-01-04,351380,135 SERVICO DE REABILITACAO / 003 REABILITACAO FISICA,1
2023,1,SP,São Paulo,3513801,Diadema,3522120291822,2022-11-16,2023-01-04,351380,135 SERVICO DE REABILITACAO / 003 REABILITACAO FISICA,1
2023,1,SP,São Paulo,3513801,Diadema,3522120291822,2022-11-16,2023-01-04,351380,135 SERVICO DE REABILITACAO / 003 REABILITACAO FISICA,1
2023,1,SP,São Paulo,3513801,Diadema,3522120293978,2022-11-22,2023-01-18,351380,126 SERVICO DE FISIOTERAPIA / 001 ASSISTENCIA FISIOTERAPEUTICA EM ALTERACOES OBSTETRICAS NEON,1
2023,1,SP,São Paulo,3513801,Diadema,3522120293978,2022-11-22,2023-01-18,351380,126 SERVICO DE FISIOTERAPIA / 001 ASSISTENCIA FISIOTERAPEUTICA EM ALTERACOES OBSTETRICAS NEON,1
2023,1,SP,São Paulo,3513801,Diadema,3522120293978,2022-11-22,2023-01-18,351380,126 SERVICO DE FISIOTERAPIA / 001 ASSISTENCIA FISIOTERAPEUTICA EM ALTERACOES OBSTETRICAS NEON,1
2023,1,SP,São Paulo,3513801,Diadema,3522120293978,2022-11-22,2023-01-18,351380,126 SERVICO DE FISIOTERAPIA / 001 ASSISTENCIA FISIOTERAPEUTICA EM ALTERACOES OBSTETRICAS NEON,1
2023,1,SP,São Paulo,3513801,Diadema,3522120293978,2022-11-22,2023-01-18,351380,,7
2023,1,SP,São Paulo,3513801,Diadema,3522120293978,2022-11-22,2023-01-18,351380,,1
2023,1,SP,São Paulo,3513801,Diadema,3522120293978,2022-11-22,2023-01-18,351380,135 SERVICO DE REABILITACAO / 003 REABILITACAO FISICA,1
2023,1,SP,São Paulo,3513801,Diadema,3522120293978,2022-11-22,2023-01-18,351380,135 SERVICO DE REABILITACAO / 003 REABILITACAO FISICA,1
2023,1,SP,São Paulo,3513801,Diadema,3522120293978,2022-11-22,2023-01-18,351380,,1
2023,1,SP,São Paulo,3513801,Diadema,3522120293978,2022-11-22,2023-01-18,351380,135 SERVICO DE REABILITACAO / 003 REABILITACAO FISICA,1
2023,1,SP,São Paulo,3513801,Diadema,3522120293978,2022-11-22,2023-01-18,351380,135 SERVICO DE REABILITACAO / 003 REABILITACAO FISICA,1
2023,1,SP,São Paulo,3513801,Diadema,3522120293978,2022-11-22,2023-01-18,351380,135 SERVICO DE REABILITACAO / 003 REABILITACAO FISICA,1
2023,1,SP,São Paulo,3513801,Diadema,3522120293978,2022-11-22,2023-01-18,351380,135 SERVICO DE REABILITACAO / 003 REABILITACAO FISICA,1
2023,1,SP,São Paulo,3513801,Diadema,3522120293978,2022-11-22,2023-01-18,351380,135 SERVICO DE REABILITACAO / 003 REABILITACAO FISICA,1
2023,1,SP,São Paulo,3513801,Diadema,3522120293978,2022-11-22,2023-01-18,351380,135 SERVICO DE REABILITACAO / 003 REABILITACAO FISICA,1
2023,1,SP,São Paulo,3513801,Diadema,3522120293978,2022-11-22,2023-01-18,351380,,1
2023,1,SP,São Paulo,3513801,Diadema,3522120293978,2022-11-22,2023-01-18,351380,135 SERVICO DE REABILITACAO / 003 REABILITACAO FISICA,1
2023,1,SP,São Paulo,3513801,Diadema,3522120293978,2022-11-22,2023-01-18,351380,135 SERVICO DE REABILITACAO / 003 REABILITACAO FISICA,1
2023,1,SP,São Paulo,3513801,Diadema,3522120293978,2022-11-22,2023-01-18,351380,,1
2023,1,SP,São Paulo,3513801,Diadema,3522120293978,2022-11-22,2023-01-18,351380,126 SERVICO DE FISIOTERAPIA / 001 ASSISTENCIA FISIOTERAPEUTICA EM ALTERACOES OBSTETRICAS NEON,1
2023,1,SP,São Paulo,3513801,Diadema,3522120293978,2022-11-22,2023-01-18,351380,126 SERVICO DE FISIOTERAPIA / 001 ASSISTENCIA FISIOTERAPEUTICA EM ALTERACOES OBSTETRICAS NEON,1
2023,1,SP,São Paulo,3513801,Diadema,3522120293978,2022-11-22,2023-01-18,351380,,1
2023,1,SP,São Paulo,3513801,Diadema,3522120294385,2022-11-23,2023-01-06,351380,,1
2023,1,SP,São Paulo,3513801,Diadema,3522120294385,2022-11-23,2023-01-06,351380,,1
2023,1,SP,São Paulo,3513801,Diadema,3522120294385,2022-11-23,2023-01-06,351380,,1
2023,1,SP,São Paulo,3513801,Diadema,3522120294385,2022-11-23,2023-01-06,351380,,1
2023,1,SP,São Paulo,3513801,Diadema,3522120294385,2022-11-23,2023-01-06,351380,,1
2023,1,SP,São Paulo,3513801,Diadema,3522120294385,2022-11-23,2023-01-06,351380,,1
2023,1,SP,São Paulo,3513801,Diadema,3522120294385,2022-11-23,2023-01-06,351380,,1
2023,1,SP,São Paulo,3513801,Diadema,3522120294385,2022-11-23,2023-01-06,351380,,0
2023,1,SP,São Paulo,3513801,Diadema,3522120294385,2022-11-23,2023-01-06,351380,135 SERVICO DE REABILITACAO / 003 REABILITACAO FISICA,3
2023,1,SP,São Paulo,3513801,Diadema,3522120294385,2022-11-23,2023-01-06,351380,135 SERVICO DE REABILITACAO / 003 REABILITACAO FISICA,3
2023,1,SP,São Paulo,3513801,Diadema,3522120294385,2022-11-23,2023-01-06,351380,,1
2023,1,SP,São Paulo,3513801,Diadema,3522120294385,2022-11-23,2023-01-06,351380,,1
2023,1,SP,São Paulo,3513801,Diadema,3522120294385,2022-11-23,2023-01-06,351380,,1
2023,1,SP,São Paulo,3513801,Diadema,3522120294385,2022-11-23,2023-01-06,351380,,1
2023,1,SP,São Paulo,3513801,Diadema,3522120294385,2022-11-23,2023-01-06,351380,,1
2023,1,SP,São Paulo,3513801,Diadema,3522120294385,2022-11-23,2023-01-06,351380,,0
2023,1,SP,São Paulo,3513801,Diadema,3522120294385,2022-11-23,2023-01-06,351380,,1
2023,1,SP,São Paulo,3513801,Diadema,3522120294385,2022-11-23,2023-01-06,351380,,1
2023,1,SP,São Paulo,3513801,Diadema,3522120294385,2022-11-23,2023-01-06,351380,,1
2023,1,SP,São Paulo,3513801,Diadema,3522120295111,2022-11-26,2022-12-19,351380,,1
2023,1,SP,São Paulo,3513801,Diadema,3522120295111,2022-11-26,2022-12-19,351380,,1
2023,1,SP,São Paulo,3513801,Diadema,3522120295111,2022-11-26,2022-12-19,351380,,1
2023,1,SP,São Paulo,3513801,Diadema,3522120295111,2022-11-26,2022-12-19,351380,,1
2023,1,SP,São Paulo,3513801,Diadema,3522120295111,2022-11-26,2022-12-19,351380,,1
2023,1,SP,São Paulo,3513801,Diadema,3522120295111,2022-11-26,2022-12-19,351380,,1
2023,1,SP,São Paulo,3513801,Diadema,3522120295111,2022-11-26,2022-12-19,351380,,1
2023,1,SP,São Paulo,3513801,Diadema,3522120295111,2022-11-26,2022-12-19,351380,,1
2023,1,SP,São Paulo,3513801,Diadema,3522120296563,2022-11-21,2022-12-07,354880,,1
2023,1,SP,São Paulo,3513801,Diadema,3522120296563,2022-11-21,2022-12-07,354880,155 SERVICO DE TRAUMATOLOGIA E ORTOPEDIA / 003 SERVICO DE TRAUMATOLOGIA E ORTOPEDIA DE URGENCIA,0
2023,1,SP,São Paulo,3513801,Diadema,3522120296563,2022-11-21,2022-12-07,354880,155 SERVICO DE TRAUMATOLOGIA E ORTOPEDIA / 003 SERVICO DE TRAUMATOLOGIA E ORTOPEDIA DE URGENCIA,0
2023,1,SP,São Paulo,3513801,Diadema,3522120296563,2022-11-21,2022-12-07,354880,,1
2023,1,SP,São Paulo,3513801,Diadema,3522120296563,2022-11-21,2022-12-07,354880,,1
2023,1,SP,São Paulo,3513801,Diadema,3522120296563,2022-11-21,2022-12-07,354880,,1
2023,1,SP,São Paulo,3513801,Diadema,3522120296563,2022-11-21,2022-12-07,354880,,1
2023,1,SP,São Paulo,3513801,Diadema,3522120296563,2022-11-21,2022-12-07,354880,,1
2023,1,SP,São Paulo,3513801,Diadema,3522120296563,2022-11-21,2022-12-07,354880,,1
2023,1,SP,São Paulo,3513801,Diadema,3522120296563,2022-11-21,2022-12-07,354880,,1
2023,1,SP,São Paulo,3513801,Diadema,3522120296662,2022-11-26,2023-01-24,351380,,1
2023,1,SP,São Paulo,3513801,Diadema,3522120296662,2022-11-26,2023-01-24,351380,,1
2023,1,SP,São Paulo,3513801,Diadema,3522120296662,2022-11-26,2023-01-24,351380,,1
2023,1,SP,São Paulo,3513801,Diadema,3522120296662,2022-11-26,2023-01-24,351380,,1
2023,1,SP,São Paulo,3513801,Diadema,3522120296662,2022-11-26,2023-01-24,351380,,1
2023,1,SP,São Paulo,3513801,Diadema,3522120296662,2022-11-26,2023-01-24,351380,,1
2023,1,SP,São Paulo,3513801,Diadema,3522120296662,2022-11-26,2023-01-24,351380,,1
2023,1,SP,São Paulo,3513801,Diadema,3522120296662,2022-11-26,2023-01-24,351380,,1
2023,1,SP,São Paulo,3513801,Diadema,3522120296662,2022-11-26,2023-01-24,351380,155 SERVICO DE TRAUMATOLOGIA E ORTOPEDIA / 003 SERVICO DE TRAUMATOLOGIA E ORTOPEDIA DE URGENCIA,0
2023,1,SP,São Paulo,3513801,Diadema,3522120296662,2022-11-26,2023-01-24,351380,155 SERVICO DE TRAUMATOLOGIA E ORTOPEDIA / 003 SERVICO DE TRAUMATOLOGIA E ORTOPEDIA DE URGENCIA,0
2023,1,SP,São Paulo,3513801,Diadema,3522120296662,2022-11-26,2023-01-24,351380,,1
2023,1,SP,São Paulo,3513801,Diadema,3522120296662,2022-11-26,2023-01-24,351380,,1
2023,1,SP,São Paulo,3513801,Diadema,3522120296662,2022-11-26,2023-01-24,351380,,1
2023,1,SP,São Paulo,3513801,Diadema,3522120296662,2022-11-26,2023-01-24,351380,,1
2023,1,SP,São Paulo,3513801,Diadema,3522120296662,2022-11-26,2023-01-24,351380,,1
2023,1,SP,São Paulo,3513801,Diadema,3522120296662,2022-11-26,2023-01-24,351380,,1
2023,1,SP,São Paulo,3513801,Diadema,3522120296662,2022-11-26,2023-01-24,351380,,1
2023,1,SP,São Paulo,3513801,Diadema,3522120296662,2022-11-26,2023-01-24,351380,,1
2023,1,SP,São Paulo,3513801,Diadema,3522120296662,2022-11-26,2023-01-24,351380,,1
2023,1,SP,São Paulo,3513801,Diadema,3522120296662,2022-11-26,2023-01-24,351380,,1
2023,1,SP,São Paulo,3513801,Diadema,3522120296662,2022-11-26,2023-01-24,351380,,1
2023,1,SP,São Paulo,3513801,Diadema,3522120296662,2022-11-26,2023-01-24,351380,,1
2023,1,SP,São Paulo,3513801,Diadema,3522120296662,2022-11-26,2023-01-24,351380,,1
2023,1,SP,São Paulo,3513801,Diadema,3522120296662,2022-11-26,2023-01-24,351380,,1
2023,1,SP,São Paulo,3513801,Diadema,3522120296662,2022-11-26,2023-01-24,351380,,1
2023,1,SP,São Paulo,3513801,Diadema,3522120296662,2022-11-26,2023-01-24,351380,,1
2023,1,SP,São Paulo,3513801,Diadema,3522120296761,2022-11-22,2023-01-07,351380,,1
2023,1,SP,São Paulo,3513801,Diadema,3522120296761,2022-11-22,2023-01-07,351380,,1
2023,1,SP,São Paulo,3513801,Diadema,3522120296761,2022-11-22,2023-01-07,351380,,1
2023,1,SP,São Paulo,3513801,Diadema,3522120296761,2022-11-22,2023-01-07,351380,,1
2023,1,SP,São Paulo,3513801,Diadema,3522120296761,2022-11-22,2023-01-07,351380,,1
2023,1,SP,São Paulo,3513801,Diadema,3522120296761,2022-11-22,2023-01-07,351380,,1
2023,1,SP,São Paulo,3513801,Diadema,3522120296761,2022-11-22,2023-01-07,351380,,1
2023,1,SP,São Paulo,3513801,Diadema,3522120296761,2022-11-22,2023-01-07,351380,,1
2023,1,SP,São Paulo,3513801,Diadema,3522120296761,2022-11-22,2023-01-07,351380,,1
2023,1,SP,São Paulo,3513801,Diadema,3522120296761,2022-11-22,2023-01-07,351380,,1
2023,1,SP,São Paulo,3513801,Diadema,3522120296761,2022-11-22,2023-01-07,351380,,1
2023,1,SP,São Paulo,3513801,Diadema,3522120296761,2022-11-22,2023-01-07,351380,,1
2023,1,SP,São Paulo,3513801,Diadema,3522120296761,2022-11-22,2023-01-07,351380,,1
2023,1,SP,São Paulo,3513801,Diadema,3522120296860,2022-11-30,2022-12-02,351380,,1
2023,1,SP,São Paulo,3513801,Diadema,3522120296860,2022-11-30,2022-12-02,351380,,1
2023,1,SP,São Paulo,3513801,Diadema,3522120296860,2022-11-30,2022-12-02,351380,,0
2023,1,SP,São Paulo,3513801,Diadema,3522120296860,2022-11-30,2022-12-02,351380,,1
2023,1,SP,São Paulo,3513801,Diadema,3522120297070,2022-12-01,2022-12-02,350920,,0
2023,1,SP,São Paulo,3513801,Diadema,3522120297949,2022-12-03,2022-12-13,351380,,1
2023,1,SP,São Paulo,3513801,Diadema,3522120297949,2022-12-03,2022-12-13,351380,,1
2023,1,SP,São Paulo,3513801,Diadema,3522120297949,2022-12-03,2022-12-13,351380,,1
2023,1,SP,São Paulo,3513801,Diadema,3522120297949,2022-12-03,2022-12-13,351380,,1
2023,1,SP,São Paulo,3513801,Diadema,3522120297949,2022-12-03,2022-12-13,351380,,1
2023,1,SP,São Paulo,3513801,Diadema,3522120297949,2022-12-03,2022-12-13,351380,135 SERVICO DE REABILITACAO / 003 REABILITACAO FISICA,1
2023,1,SP,São Paulo,3513801,Diadema,3522120297949,2022-12-03,2022-12-13,351380,135 SERVICO DE REABILITACAO / 003 REABILITACAO FISICA,1
2023,1,SP,São Paulo,3513801,Diadema,3522120297949,2022-12-03,2022-12-13,351380,135 SERVICO DE REABILITACAO / 003 REABILITACAO FISICA,1
2023,1,SP,São Paulo,3513801,Diadema,3522120297949,2022-12-03,2022-12-13,351380,135 SERVICO DE REABILITACAO / 003 REABILITACAO FISICA,1
2023,1,SP,São Paulo,3513801,Diadema,3522120297949,2022-12-03,2022-12-13,351380,,1
2023,1,SP,São Paulo,3513801,Diadema,3522120297971,2022-12-03,2023-01-06,351380,,1
2023,1,SP,São Paulo,3513801,Diadema,3522120297971,2022-12-03,2023-01-06,351380,,1
2023,1,SP,São Paulo,3513801,Diadema,3522120297971,2022-12-03,2023-01-06,351380,,6
2023,1,SP,São Paulo,3513801,Diadema,3522120297971,2022-12-03,2023-01-06,351380,126 SERVICO DE FISIOTERAPIA / 001 ASSISTENCIA FISIOTERAPEUTICA EM ALTERACOES OBSTETRICAS NEON,22
2023,1,SP,São Paulo,3513801,Diadema,3522120297971,2022-12-03,2023-01-06,351380,126 SERVICO DE FISIOTERAPIA / 001 ASSISTENCIA FISIOTERAPEUTICA EM ALTERACOES OBSTETRICAS NEON,22
2023,1,SP,São Paulo,3513801,Diadema,3522120297971,2022-12-03,2023-01-06,351380,,1
2023,1,SP,São Paulo,3513801,Diadema,3522120297971,2022-12-03,2023-01-06,351380,,1
2023,1,SP,São Paulo,3513801,Diadema,3522120297971,2022-12-03,2023-01-06,351380,,13
2023,1,SP,São Paulo,3513801,Diadema,3522120297971,2022-12-03,2023-01-06,351380,,1
2023,1,SP,São Paulo,3513801,Diadema,3522120297971,2022-12-03,2023-01-06,351380,,1
2023,1,SP,São Paulo,3513801,Diadema,3522120297971,2022-12-03,2023-01-06,351380,,1
2023,1,SP,São Paulo,3513801,Diadema,3522120297971,2022-12-03,2023-01-06,351380,,1
2023,1,SP,São Paulo,3513801,Diadema,3522120297971,2022-12-03,2023-01-06,351380,,1
2023,1,SP,São Paulo,3513801,Diadema,3522120297971,2022-12-03,2023-01-06,351380,,1
2023,1,SP,São Paulo,3513801,Diadema,3522120297971,2022-12-03,2023-01-06,351380,,1
2023,1,SP,São Paulo,3513801,Diadema,3522120297971,2022-12-03,2023-01-06,351380,,1
2023,1,SP,São Paulo,3513801,Diadema,3522120298026,2022-12-04,2023-01-19,354880,,1
2023,1,SP,São Paulo,3513801,Diadema,3522120298026,2022-12-04,2023-01-19,354880,,1
2023,1,SP,São Paulo,3513801,Diadema,3522120298026,2022-12-04,2023-01-19,354880,,1
2023,1,SP,São Paulo,3513801,Diadema,3522120298026,2022-12-04,2023-01-19,354880,,1
2023,1,SP,São Paulo,3513801,Diadema,3522120298026,2022-12-04,2023-01-19,354880,,1
2023,1,SP,São Paulo,3513801,Diadema,3522120298026,2022-12-04,2023-01-19,354880,,1
2023,1,SP,São Paulo,3513801,Diadema,3522120298268,2022-12-04,2022-12-09,351380,,1
2023,1,SP,São Paulo,3513801,Diadema,3522120298268,2022-12-04,2022-12-09,351380,,1
2023,1,SP,São Paulo,3513801,Diadema,3522120298609,2022-12-17,2023-01-09,351380,135 SERVICO DE REABILITACAO / 003 REABILITACAO FISICA,1
2023,1,SP,São Paulo,3513801,Diadema,3522120298609,2022-12-17,2023-01-09,351380,135 SERVICO DE REABILITACAO / 003 REABILITACAO FISICA,1
2023,1,SP,São Paulo,3513801,Diadema,3522120298609,2022-12-17,2023-01-09,351380,,1
2023,1,SP,São Paulo,3513801,Diadema,3522120298609,2022-12-17,2023-01-09,351380,,1
2023,1,SP,São Paulo,3513801,Diadema,3522120298609,2022-12-17,2023-01-09,351380,,1
2023,1,SP,São Paulo,3513801,Diadema,3522120298609,2022-12-17,2023-01-09,351380,,1
2023,1,SP,São Paulo,3513801,Diadema,3522120298609,2022-12-17,2023-01-09,351380,,1
2023,1,SP,São Paulo,3513801,Diadema,3522120298609,2022-12-17,2023-01-09,351380,,1
2023,1,SP,São Paulo,3513801,Diadema,3522120298609,2022-12-17,2023-01-09,351380,,1
2023,1,SP,São Paulo,3513801,Diadema,3522120298642,2022-12-18,2023-01-03,351380,,2
2023,1,SP,São Paulo,3513801,Diadema,3522120298642,2022-12-18,2023-01-03,351380,135 SERVICO DE REABILITACAO / 003 REABILITACAO FISICA,3
2023,1,SP,São Paulo,3513801,Diadema,3522120298642,2022-12-18,2023-01-03,351380,135 SERVICO DE REABILITACAO / 003 REABILITACAO FISICA,3
2023,1,SP,São Paulo,3513801,Diadema,3522120298642,2022-12-18,2023-01-03,351380,,1
2023,1,SP,São Paulo,3513801,Diadema,3522120298642,2022-12-18,2023-01-03,351380,135 SERVICO DE REABILITACAO / 003 REABILITACAO FISICA,27
2023,1,SP,São Paulo,3513801,Diadema,3522120298642,2022-12-18,2023-01-03,351380,135 SERVICO DE REABILITACAO / 003 REABILITACAO FISICA,27
2023,1,SP,São Paulo,3513801,Diadema,3522120298917,2022-12-05,2022-12-16,351380,,1
2023,1,SP,São Paulo,3513801,Diadema,3522120298917,2022-12-05,2022-12-16,351380,,1
2023,1,SP,São Paulo,3513801,Diadema,3522120298917,2022-12-05,2022-12-16,351380,,1
2023,1,SP,São Paulo,3513801,Diadema,3522120298917,2022-12-05,2022-12-16,351380,,1
2023,1,SP,São Paulo,3513801,Diadema,3522120298917,2022-12-05,2022-12-16,351380,,1
2023,1,SP,São Paulo,3513801,Diadema,3522120299434,2022-12-05,2023-01-22,351500,,1
2023,1,SP,São Paulo,3513801,Diadema,3522120299434,2022-12-05,2023-01-22,351500,,1
2023,1,SP,São Paulo,3513801,Diadema,3522120299434,2022-12-05,2023-01-22,351500,,1
2023,1,SP,São Paulo,3513801,Diadema,3522120299434,2022-12-05,2023-01-22,351500,,1
2023,1,SP,São Paulo,3513801,Diadema,3522120299434,2022-12-05,2023-01-22,351500,,1
2023,1,SP,São Paulo,3513801,Diadema,3522120299434,2022-12-05,2023-01-22,351500,,1
2023,1,SP,São Paulo,3513801,Diadema,3522120299434,2022-12-05,2023-01-22,351500,,1
2023,1,SP,São Paulo,3513801,Diadema,3522120299434,2022-12-05,2023-01-22,351500,,1
2023,1,SP,São Paulo,3513801,Diadema,3522120299434,2022-12-05,2023-01-22,351500,,1
2023,1,SP,São Paulo,3513801,Diadema,3522120299434,2022-12-05,2023-01-22,351500,,1
2023,1,SP,São Paulo,3513801,Diadema,3522120299434,2022-12-05,2023-01-22,351500,,1
2023,1,SP,São Paulo,3513801,Diadema,3522120299434,2022-12-05,2023-01-22,351500,,1
2023,1,SP,São Paulo,3513801,Diadema,3522120299434,2022-12-05,2023-01-22,351500,,1
2023,1,SP,São Paulo,3513801,Diadema,3522120299434,2022-12-05,2023-01-22,351500,,1
2023,1,SP,São Paulo,3513801,Diadema,3522120299434,2022-12-05,2023-01-22,351500,,1
2023,1,SP,São Paulo,3513801,Diadema,3522120299434,2022-12-05,2023-01-22,351500,,1
2023,1,SP,São Paulo,3513801,Diadema,3522120299434,2022-12-05,2023-01-22,351500,,1
2023,1,SP,São Paulo,3513801,Diadema,3522120299434,2022-12-05,2023-01-22,351500,,1
2023,1,SP,São Paulo,3513801,Diadema,3522120299434,2022-12-05,2023-01-22,351500,,1
2023,1,SP,São Paulo,3513801,Diadema,3522120299434,2022-12-05,2023-01-22,351500,,1
2023,1,SP,São Paulo,3513801,Diadema,3522120299434,2022-12-05,2023-01-22,351500,,1
2023,1,SP,São Paulo,3513801,Diadema,3522120299434,2022-12-05,2023-01-22,351500,135 SERVICO DE REABILITACAO / 003 REABILITACAO FISICA,1
2023,1,SP,São Paulo,3513801,Diadema,3522120299434,2022-12-05,2023-01-22,351500,135 SERVICO DE REABILITACAO / 003 REABILITACAO FISICA,1
2023,1,SP,São Paulo,3513801,Diadema,3522120299434,2022-12-05,2023-01-22,351500,,1
2023,1,SP,São Paulo,3513801,Diadema,3522120299434,2022-12-05,2023-01-22,351500,,1
2023,1,SP,São Paulo,3513801,Diadema,3522120299434,2022-12-05,2023-01-22,351500,,1
2023,1,SP,São Paulo,3513801,Diadema,3522120299930,2022-12-08,2023-01-03,354780,135 SERVICO DE REABILITACAO / 003 REABILITACAO FISICA,18
2023,1,SP,São Paulo,3513801,Diadema,3522120299930,2022-12-08,2023-01-03,354780,135 SERVICO DE REABILITACAO / 003 REABILITACAO FISICA,18
2023,1,SP,São Paulo,3513801,Diadema,3522120299930,2022-12-08,2023-01-03,354780,,1
2023,1,SP,São Paulo,3513801,Diadema,3522120299930,2022-12-08,2023-01-03,354780,,1
2023,1,SP,São Paulo,3513801,Diadema,3522120299930,2022-12-08,2023-01-03,354780,,1
2023,1,SP,São Paulo,3513801,Diadema,3522120299930,2022-12-08,2023-01-03,354780,,1
2023,1,SP,São Paulo,3513801,Diadema,3522120299951,2022-12-08,2022-12-14,355030,,1
2023,1,SP,São Paulo,3513801,Diadema,3522120299951,2022-12-08,2022-12-14,355030,,1
2023,1,SP,São Paulo,3513801,Diadema,3522120299951,2022-12-08,2022-12-14,355030,,1
2023,1,SP,São Paulo,3513801,Diadema,3522120299951,2022-12-08,2022-12-14,355030,,1
2023,1,SP,São Paulo,3513801,Diadema,3522120300006,2022-12-08,2022-12-10,355030,,1
2023,1,SP,São Paulo,3513801,Diadema,3522120300006,2022-12-08,2022-12-10,355030,,0
2023,1,SP,São Paulo,3513801,Diadema,3522120300006,2022-12-08,2022-12-10,355030,,1
2023,1,SP,São Paulo,3513801,Diadema,3522120300743,2022-12-11,2023-01-20,351380,,1
2023,1,SP,São Paulo,3513801,Diadema,3522120300743,2022-12-11,2023-01-20,351380,,1
2023,1,SP,São Paulo,3513801,Diadema,3522120300743,2022-12-11,2023-01-20,351380,,1
2023,1,SP,São Paulo,3513801,Diadema,3522120300743,2022-12-11,2023-01-20,351380,135 SERVICO DE REABILITACAO / 003 REABILITACAO FISICA,1
2023,1,SP,São Paulo,3513801,Diadema,3522120300743,2022-12-11,2023-01-20,351380,135 SERVICO DE REABILITACAO / 003 REABILITACAO FISICA,1
2023,1,SP,São Paulo,3513801,Diadema,3522120300743,2022-12-11,2023-01-20,351380,,1
2023,1,SP,São Paulo,3513801,Diadema,3522120300743,2022-12-11,2023-01-20,351380,,1
2023,1,SP,São Paulo,3513801,Diadema,3522120300743,2022-12-11,2023-01-20,351380,135 SERVICO DE REABILITACAO / 003 REABILITACAO FISICA,1
2023,1,SP,São Paulo,3513801,Diadema,3522120300743,2022-12-11,2023-01-20,351380,135 SERVICO DE REABILITACAO / 003 REABILITACAO FISICA,1
2023,1,SP,São Paulo,3513801,Diadema,3522120300743,2022-12-11,2023-01-20,351380,,1
2023,1,SP,São Paulo,3513801,Diadema,3522120300743,2022-12-11,2023-01-20,351380,,1
2023,1,SP,São Paulo,3513801,Diadema,3522120300743,2022-12-11,2023-01-20,351380,135 SERVICO DE REABILITACAO / 003 REABILITACAO FISICA,1
2023,1,SP,São Paulo,3513801,Diadema,3522120300743,2022-12-11,2023-01-20,351380,135 SERVICO DE REABILITACAO / 003 REABILITACAO FISICA,1
2023,1,SP,São Paulo,3513801,Diadema,3522120300743,2022-12-11,2023-01-20,351380,,1
2023,1,SP,São Paulo,3513801,Diadema,3522120300743,2022-12-11,2023-01-20,351380,,1
2023,1,SP,São Paulo,3513801,Diadema,3522120300743,2022-12-11,2023-01-20,351380,135 SERVICO DE REABILITACAO / 003 REABILITACAO FISICA,1
2023,1,SP,São Paulo,3513801,Diadema,3522120300743,2022-12-11,2023-01-20,351380,135 SERVICO DE REABILITACAO / 003 REABILITACAO FISICA,1
2023,1,SP,São Paulo,3513801,Diadema,3522120300743,2022-12-11,2023-01-20,351380,,1
2023,1,SP,São Paulo,3513801,Diadema,3522120300743,2022-12-11,2023-01-20,351380,,1
2023,1,SP,São Paulo,3513801,Diadema,3522120300743,2022-12-11,2023-01-20,351380,,1
2023,1,SP,São Paulo,3513801,Diadema,3522120300743,2022-12-11,2023-01-20,351380,135 SERVICO DE REABILITACAO / 003 REABILITACAO FISICA,1
2023,1,SP,São Paulo,3513801,Diadema,3522120300743,2022-12-11,2023-01-20,351380,135 SERVICO DE REABILITACAO / 003 REABILITACAO FISICA,1
2023,1,SP,São Paulo,3513801,Diadema,3522120300743,2022-12-11,2023-01-20,351380,135 SERVICO DE REABILITACAO / 003 REABILITACAO FISICA,1
2023,1,SP,São Paulo,3513801,Diadema,3522120300743,2022-12-11,2023-01-20,351380,135 SERVICO DE REABILITACAO / 003 REABILITACAO FISICA,1
2023,1,SP,São Paulo,3513801,Diadema,3522120300743,2022-12-11,2023-01-20,351380,,1
2023,1,SP,São Paulo,3513801,Diadema,3522120300743,2022-12-11,2023-01-20,351380,,1
2023,1,SP,São Paulo,3513801,Diadema,3522120300743,2022-12-11,2023-01-20,351380,135 SERVICO DE REABILITACAO / 003 REABILITACAO FISICA,1
2023,1,SP,São Paulo,3513801,Diadema,3522120300743,2022-12-11,2023-01-20,351380,135 SERVICO DE REABILITACAO / 003 REABILITACAO FISICA,1
2023,1,SP,São Paulo,3513801,Diadema,3522120300743,2022-12-11,2023-01-20,351380,,1
2023,1,SP,São Paulo,3513801,Diadema,3522120300743,2022-12-11,2023-01-20,351380,,1
2023,1,SP,São Paulo,3513801,Diadema,3522120300743,2022-12-11,2023-01-20,351380,135 SERVICO DE REABILITACAO / 003 REABILITACAO FISICA,1
2023,1,SP,São Paulo,3513801,Diadema,3522120300743,2022-12-11,2023-01-20,351380,135 SERVICO DE REABILITACAO / 003 REABILITACAO FISICA,1
2023,1,SP,São Paulo,3513801,Diadema,3522120300963,2022-12-11,2023-01-30,354330,,1
2023,1,SP,São Paulo,3513801,Diadema,3522120300963,2022-12-11,2023-01-30,354330,,1
2023,1,SP,São Paulo,3513801,Diadema,3522120300963,2022-12-11,2023-01-30,354330,,1
2023,1,SP,São Paulo,3513801,Diadema,3522120300963,2022-12-11,2023-01-30,354330,,1
2023,1,SP,São Paulo,3513801,Diadema,3522120300963,2022-12-11,2023-01-30,354330,135 SERVICO DE REABILITACAO / 003 REABILITACAO FISICA,42
2023,1,SP,São Paulo,3513801,Diadema,3522120300963,2022-12-11,2023-01-30,354330,135 SERVICO DE REABILITACAO / 003 REABILITACAO FISICA,42
2023,1,SP,São Paulo,3513801,Diadema,3522120300963,2022-12-11,2023-01-30,354330,,1
2023,1,SP,São Paulo,3513801,Diadema,3522120300963,2022-12-11,2023-01-30,354330,,1
2023,1,SP,São Paulo,3513801,Diadema,3522120300963,2022-12-11,2023-01-30,354330,,1
2023,1,SP,São Paulo,3513801,Diadema,3522120300963,2022-12-11,2023-01-30,354330,,1
2023,1,SP,São Paulo,3513801,Diadema,3522120300963,2022-12-11,2023-01-30,354330,,1
2023,1,SP,São Paulo,3513801,Diadema,3522120300963,2022-12-11,2023-01-30,354330,,1
2023,1,SP,São Paulo,3513801,Diadema,3522120300963,2022-12-11,2023-01-30,354330,,1
2023,1,SP,São Paulo,3513801,Diadema,3522120300963,2022-12-11,2023-01-30,354330,,1
2023,1,SP,São Paulo,3513801,Diadema,3522120301139,2022-12-12,2022-12-13,351380,,0
2023,1,SP,São Paulo,3513801,Diadema,3522120301315,2022-12-12,2023-01-02,351380,,1
2023,1,SP,São Paulo,3513801,Diadema,3522120301315,2022-12-12,2023-01-02,351380,,1
2023,1,SP,São Paulo,3513801,Diadema,3522120301315,2022-12-12,2023-01-02,351380,,1
2023,1,SP,São Paulo,3513801,Diadema,3522120301315,2022-12-12,2023-01-02,351380,,1
2023,1,SP,São Paulo,3513801,Diadema,3522120301315,2022-12-12,2023-01-02,351380,,1
2023,1,SP,São Paulo,3513801,Diadema,3522120301315,2022-12-12,2023-01-02,351380,,0
2023,1,SP,São Paulo,3513801,Diadema,3522120301315,2022-12-12,2023-01-02,351380,,1
2023,1,SP,São Paulo,3513801,Diadema,3522120301315,2022-12-12,2023-01-02,351380,,1
2023,1,SP,São Paulo,3513801,Diadema,3522120301315,2022-12-12,2023-01-02,351380,,1
2023,1,SP,São Paulo,3513801,Diadema,3522120301315,2022-12-12,2023-01-02,351380,,1
2023,1,SP,São Paulo,3513801,Diadema,3522120301470,2022-12-12,2023-01-06,352940,,1
2023,1,SP,São Paulo,3513801,Diadema,3522120301470,2022-12-12,2023-01-06,352940,,3
2023,1,SP,São Paulo,3513801,Diadema,3522120301470,2022-12-12,2023-01-06,352940,,1
2023,1,SP,São Paulo,3513801,Diadema,3522120301612,2022-12-13,2023-01-31,351380,135 SERVICO DE REABILITACAO / 003 REABILITACAO FISICA,72
2023,1,SP,São Paulo,3513801,Diadema,3522120301612,2022-12-13,2023-01-31,351380,135 SERVICO DE REABILITACAO / 003 REABILITACAO FISICA,72
2023,1,SP,São Paulo,3513801,Diadema,3522120302118,2022-12-14,2022-12-20,354870,,1
2023,1,SP,São Paulo,3513801,Diadema,3522120302118,2022-12-14,2022-12-20,354870,,1
2023,1,SP,São Paulo,3513801,Diadema,3522120302118,2022-12-14,2022-12-20,354870,,1
2023,1,SP,São Paulo,3513801,Diadema,3522120302118,2022-12-14,2022-12-20,354870,,1
2023,1,SP,São Paulo,3513801,Diadema,3522120302118,2022-12-14,2022-12-20,354870,,1
2023,1,SP,São Paulo,3513801,Diadema,3522120302239,2022-12-14,2022-12-29,354730,,1
2023,1,SP,São Paulo,3513801,Diadema,3522120302239,2022-12-14,2022-12-29,354730,,1
2023,1,SP,São Paulo,3513801,Diadema,3522120302239,2022-12-14,2022-12-29,354730,,1
2023,1,SP,São Paulo,3513801,Diadema,3522120302239,2022-12-14,2022-12-29,354730,,1
2023,1,SP,São Paulo,3513801,Diadema,3522120302239,2022-12-14,2022-12-29,354730,,1
2023,1,SP,São Paulo,3513801,Diadema,3522120302239,2022-12-14,2022-12-29,354730,,1
2023,1,SP,São Paulo,3513801,Diadema,3522120302239,2022-12-14,2022-12-29,354730,,1
2023,1,SP,São Paulo,3513801,Diadema,3522120302426,2022-12-15,2023-01-25,354780,135 SERVICO DE REABILITACAO / 003 REABILITACAO FISICA,1
2023,1,SP,São Paulo,3513801,Diadema,3522120302426,2022-12-15,2023-01-25,354780,135 SERVICO DE REABILITACAO / 003 REABILITACAO FISICA,1
2023,1,SP,São Paulo,3513801,Diadema,3522120302426,2022-12-15,2023-01-25,354780,,1
2023,1,SP,São Paulo,3513801,Diadema,3522120302426,2022-12-15,2023-01-25,354780,,1
2023,1,SP,São Paulo,3513801,Diadema,3522120302426,2022-12-15,2023-01-25,354780,,1
2023,1,SP,São Paulo,3513801,Diadema,3522120302426,2022-12-15,2023-01-25,354780,,1
2023,1,SP,São Paulo,3513801,Diadema,3522120302426,2022-12-15,2023-01-25,354780,,1
2023,1,SP,São Paulo,3513801,Diadema,3522120302426,2022-12-15,2023-01-25,354780,,1
2023,1,SP,São Paulo,3513801,Diadema,3522120302426,2022-12-15,2023-01-25,354780,,1
2023,1,SP,São Paulo,3513801,Diadema,3522120302426,2022-12-15,2023-01-25,354780,,1
2023,1,SP,São Paulo,3513801,Diadema,3522120302426,2022-12-15,2023-01-25,354780,,1
2023,1,SP,São Paulo,3513801,Diadema,3522120302426,2022-12-15,2023-01-25,354780,,1
2023,1,SP,São Paulo,3513801,Diadema,3522120302426,2022-12-15,2023-01-25,354780,,1
2023,1,SP,São Paulo,3513801,Diadema,3522120302426,2022-12-15,2023-01-25,354780,,1
2023,1,SP,São Paulo,3513801,Diadema,3522120302426,2022-12-15,2023-01-25,354780,,1
2023,1,SP,São Paulo,3513801,Diadema,3522120302426,2022-12-15,2023-01-25,354780,135 SERVICO DE REABILITACAO / 003 REABILITACAO FISICA,1
2023,1,SP,São Paulo,3513801,Diadema,3522120302426,2022-12-15,2023-01-25,354780,135 SERVICO DE REABILITACAO / 003 REABILITACAO FISICA,1
2023,1,SP,São Paulo,3513801,Diadema,3522120302426,2022-12-15,2023-01-25,354780,,1
2023,1,SP,São Paulo,3513801,Diadema,3522120302426,2022-12-15,2023-01-25,354780,,1
2023,1,SP,São Paulo,3513801,Diadema,3522120302426,2022-12-15,2023-01-25,354780,135 SERVICO DE REABILITACAO / 003 REABILITACAO FISICA,1
2023,1,SP,São Paulo,3513801,Diadema,3522120302426,2022-12-15,2023-01-25,354780,135 SERVICO DE REABILITACAO / 003 REABILITACAO FISICA,1
2023,1,SP,São Paulo,3513801,Diadema,3522120302602,2022-12-15,2023-01-03,355030,,1
2023,1,SP,São Paulo,3513801,Diadema,3522120302602,2022-12-15,2023-01-03,355030,135 SERVICO DE REABILITACAO / 003 REABILITACAO FISICA,1
2023,1,SP,São Paulo,3513801,Diadema,3522120302602,2022-12-15,2023-01-03,355030,135 SERVICO DE REABILITACAO / 003 REABILITACAO FISICA,1
2023,1,SP,São Paulo,3513801,Diadema,3522120302602,2022-12-15,2023-01-03,355030,,1
2023,1,SP,São Paulo,3513801,Diadema,3522120302602,2022-12-15,2023-01-03,355030,,1
2023,1,SP,São Paulo,3513801,Diadema,3522120302602,2022-12-15,2023-01-03,355030,,1
2023,1,SP,São Paulo,3513801,Diadema,3522120302602,2022-12-15,2023-01-03,355030,135 SERVICO DE REABILITACAO / 003 REABILITACAO FISICA,1
2023,1,SP,São Paulo,3513801,Diadema,3522120302602,2022-12-15,2023-01-03,355030,135 SERVICO DE REABILITACAO / 003 REABILITACAO FISICA,1
2023,1,SP,São Paulo,3513801,Diadema,3522120302602,2022-12-15,2023-01-03,355030,,1
2023,1,SP,São Paulo,3513801,Diadema,3522120302602,2022-12-15,2023-01-03,355030,,1
2023,1,SP,São Paulo,3513801,Diadema,3522120302602,2022-12-15,2023-01-03,355030,,0
2023,1,SP,São Paulo,3513801,Diadema,3522120302602,2022-12-15,2023-01-03,355030,135 SERVICO DE REABILITACAO / 003 REABILITACAO FISICA,1
2023,1,SP,São Paulo,3513801,Diadema,3522120302602,2022-12-15,2023-01-03,355030,135 SERVICO DE REABILITACAO / 003 REABILITACAO FISICA,1
2023,1,SP,São Paulo,3513801,Diadema,3522120302602,2022-12-15,2023-01-03,355030,135 SERVICO DE REABILITACAO / 003 REABILITACAO FISICA,1
2023,1,SP,São Paulo,3513801,Diadema,3522120302602,2022-12-15,2023-01-03,355030,135 SERVICO DE REABILITACAO / 003 REABILITACAO FISICA,1
2023,1,SP,São Paulo,3513801,Diadema,3522120302602,2022-12-15,2023-01-03,355030,,1
2023,1,SP,São Paulo,3513801,Diadema,3522120302602,2022-12-15,2023-01-03,355030,,1
2023,1,SP,São Paulo,3513801,Diadema,3522120302646,2022-12-15,2022-12-17,354330,,1
2023,1,SP,São Paulo,3513801,Diadema,3522120302646,2022-12-15,2022-12-17,354330,,0
2023,1,SP,São Paulo,3513801,Diadema,3522120302646,2022-12-15,2022-12-17,354330,,1
2023,1,SP,São Paulo,3513801,Diadema,3522120302657,2022-12-15,2022-12-17,355030,,1
2023,1,SP,São Paulo,3513801,Diadema,3522120302745,2022-12-15,2023-01-11,350900,,13
2023,1,SP,São Paulo,3513801,Diadema,3522120302987,2022-12-16,2023-01-18,353060,,1
2023,1,SP,São Paulo,3513801,Diadema,3522120302987,2022-12-16,2023-01-18,353060,,1
2023,1,SP,São Paulo,3513801,Diadema,3522120302987,2022-12-16,2023-01-18,353060,126 SERVICO DE FISIOTERAPIA / 001 ASSISTENCIA FISIOTERAPEUTICA EM ALTERACOES OBSTETRICAS NEON,1
2023,1,SP,São Paulo,3513801,Diadema,3522120302987,2022-12-16,2023-01-18,353060,126 SERVICO DE FISIOTERAPIA / 001 ASSISTENCIA FISIOTERAPEUTICA EM ALTERACOES OBSTETRICAS NEON,1
2023,1,SP,São Paulo,3513801,Diadema,3522120302987,2022-12-16,2023-01-18,353060,,1
2023,1,SP,São Paulo,3513801,Diadema,3522120302987,2022-12-16,2023-01-18,353060,,1
2023,1,SP,São Paulo,3513801,Diadema,3522120302987,2022-12-16,2023-01-18,353060,,1
2023,1,SP,São Paulo,3513801,Diadema,3522120302987,2022-12-16,2023-01-18,353060,135 SERVICO DE REABILITACAO / 003 REABILITACAO FISICA,1
2023,1,SP,São Paulo,3513801,Diadema,3522120302987,2022-12-16,2023-01-18,353060,135 SERVICO DE REABILITACAO / 003 REABILITACAO FISICA,1
2023,1,SP,São Paulo,3513801,Diadema,3522120302987,2022-12-16,2023-01-18,353060,,1
2023,1,SP,São Paulo,3513801,Diadema,3522120302987,2022-12-16,2023-01-18,353060,,1
2023,1,SP,São Paulo,3513801,Diadema,3522120302998,2022-12-16,2023-01-18,353060,,1
2023,1,SP,São Paulo,3513801,Diadema,3522120302998,2022-12-16,2023-01-18,353060,,1
2023,1,SP,São Paulo,3513801,Diadema,3522120302998,2022-12-16,2023-01-18,353060,,1
2023,1,SP,São Paulo,3513801,Diadema,3522120302998,2022-12-16,2023-01-18,353060,,1
2023,1,SP,São Paulo,3513801,Diadema,3522120302998,2022-12-16,2023-01-18,353060,,1
2023,1,SP,São Paulo,3513801,Diadema,3522120302998,2022-12-16,2023-01-18,353060,,1
2023,1,SP,São Paulo,3513801,Diadema,3522120302998,2022-12-16,2023-01-18,353060,,1
2023,1,SP,São Paulo,3513801,Diadema,3522120302998,2022-12-16,2023-01-18,353060,,1
2023,1,SP,São Paulo,3513801,Diadema,3522120302998,2022-12-16,2023-01-18,353060,,1
2023,1,SP,São Paulo,3513801,Diadema,3522120302998,2022-12-16,2023-01-18,353060,,1
2023,1,SP,São Paulo,3513801,Diadema,3522120302998,2022-12-16,2023-01-18,353060,,1
2023,1,SP,São Paulo,3513801,Diadema,3522120302998,2022-12-16,2023-01-18,353060,,1
2023,1,SP,São Paulo,3513801,Diadema,3522120302998,2022-12-16,2023-01-18,353060,,1
2023,1,SP,São Paulo,3513801,Diadema,3522120303031,2022-12-16,2023-01-31,351380,128 SERVICO DE HEMOTERAPIA / 004 MEDICINA TRANSFUSIONAL,1
2023,1,SP,São Paulo,3513801,Diadema,3522120303031,2022-12-16,2023-01-31,351380,128 SERVICO DE HEMOTERAPIA / 004 MEDICINA TRANSFUSIONAL,1
2023,1,SP,São Paulo,3513801,Diadema,3522120303031,2022-12-16,2023-01-31,351380,,1
2023,1,SP,São Paulo,3513801,Diadema,3522120303031,2022-12-16,2023-01-31,351380,,1
2023,1,SP,São Paulo,3513801,Diadema,3522120303031,2022-12-16,2023-01-31,351380,,9
2023,1,SP,São Paulo,3513801,Diadema,3522120303031,2022-12-16,2023-01-31,351380,128 SERVICO DE HEMOTERAPIA / 004 MEDICINA TRANSFUSIONAL,1
2023,1,SP,São Paulo,3513801,Diadema,3522120303031,2022-12-16,2023-01-31,351380,128 SERVICO DE HEMOTERAPIA / 004 MEDICINA TRANSFUSIONAL,1
2023,1,SP,São Paulo,3513801,Diadema,3522120303053,2022-12-16,2023-01-05,351380,135 SERVICO DE REABILITACAO / 003 REABILITACAO FISICA,1
2023,1,SP,São Paulo,3513801,Diadema,3522120303053,2022-12-16,2023-01-05,351380,135 SERVICO DE REABILITACAO / 003 REABILITACAO FISICA,1
2023,1,SP,São Paulo,3513801,Diadema,3522120303053,2022-12-16,2023-01-05,351380,135 SERVICO DE REABILITACAO / 003 REABILITACAO FISICA,1
2023,1,SP,São Paulo,3513801,Diadema,3522120303053,2022-12-16,2023-01-05,351380,135 SERVICO DE REABILITACAO / 003 REABILITACAO FISICA,1
2023,1,SP,São Paulo,3513801,Diadema,3522120303053,2022-12-16,2023-01-05,351380,135 SERVICO DE REABILITACAO / 003 REABILITACAO FISICA,1
2023,1,SP,São Paulo,3513801,Diadema,3522120303053,2022-12-16,2023-01-05,351380,135 SERVICO DE REABILITACAO / 003 REABILITACAO FISICA,1
2023,1,SP,São Paulo,3513801,Diadema,3522120303053,2022-12-16,2023-01-05,351380,135 SERVICO DE REABILITACAO / 003 REABILITACAO FISICA,1
2023,1,SP,São Paulo,3513801,Diadema,3522120303053,2022-12-16,2023-01-05,351380,135 SERVICO DE REABILITACAO / 003 REABILITACAO FISICA,1
2023,1,SP,São Paulo,3513801,Diadema,3522120303053,2022-12-16,2023-01-05,351380,,1
2023,1,SP,São Paulo,3513801,Diadema,3522120303053,2022-12-16,2023-01-05,351380,135 SERVICO DE REABILITACAO / 003 REABILITACAO FISICA,1
2023,1,SP,São Paulo,3513801,Diadema,3522120303053,2022-12-16,2023-01-05,351380,135 SERVICO DE REABILITACAO / 003 REABILITACAO FISICA,1
2023,1,SP,São Paulo,3513801,Diadema,3522120303119,2022-12-16,2023-01-09,355030,135 SERVICO DE REABILITACAO / 003 REABILITACAO FISICA,1
2023,1,SP,São Paulo,3513801,Diadema,3522120303119,2022-12-16,2023-01-09,355030,135 SERVICO DE REABILITACAO / 003 REABILITACAO FISICA,1
2023,1,SP,São Paulo,3513801,Diadema,3522120303119,2022-12-16,2023-01-09,355030,135 SERVICO DE REABILITACAO / 003 REABILITACAO FISICA,1
2023,1,SP,São Paulo,3513801,Diadema,3522120303119,2022-12-16,2023-01-09,355030,135 SERVICO DE REABILITACAO / 003 REABILITACAO FISICA,1
2023,1,SP,São Paulo,3513801,Diadema,3522120303119,2022-12-16,2023-01-09,355030,135 SERVICO DE REABILITACAO / 003 REABILITACAO FISICA,1
2023,1,SP,São Paulo,3513801,Diadema,3522120303119,2022-12-16,2023-01-09,355030,135 SERVICO DE REABILITACAO / 003 REABILITACAO FISICA,1
2023,1,SP,São Paulo,3513801,Diadema,3522120303119,2022-12-16,2023-01-09,355030,135 SERVICO DE REABILITACAO / 003 REABILITACAO FISICA,1
2023,1,SP,São Paulo,3513801,Diadema,3522120303119,2022-12-16,2023-01-09,355030,135 SERVICO DE REABILITACAO / 003 REABILITACAO FISICA,1
2023,1,SP,São Paulo,3513801,Diadema,3522120303119,2022-12-16,2023-01-09,355030,135 SERVICO DE REABILITACAO / 003 REABILITACAO FISICA,1
2023,1,SP,São Paulo,3513801,Diadema,3522120303119,2022-12-16,2023-01-09,355030,135 SERVICO DE REABILITACAO / 003 REABILITACAO FISICA,1
2023,1,SP,São Paulo,3513801,Diadema,3522120303119,2022-12-16,2023-01-09,355030,135 SERVICO DE REABILITACAO / 003 REABILITACAO FISICA,1
2023,1,SP,São Paulo,3513801,Diadema,3522120303119,2022-12-16,2023-01-09,355030,135 SERVICO DE REABILITACAO / 003 REABILITACAO FISICA,1
2023,1,SP,São Paulo,3513801,Diadema,3522120303119,2022-12-16,2023-01-09,355030,135 SERVICO DE REABILITACAO / 003 REABILITACAO FISICA,1
2023,1,SP,São Paulo,3513801,Diadema,3522120303119,2022-12-16,2023-01-09,355030,135 SERVICO DE REABILITACAO / 003 REABILITACAO FISICA,1
2023,1,SP,São Paulo,3513801,Diadema,3522120303119,2022-12-16,2023-01-09,355030,135 SERVICO DE REABILITACAO / 003 REABILITACAO FISICA,1
2023,1,SP,São Paulo,3513801,Diadema,3522120303119,2022-12-16,2023-01-09,355030,135 SERVICO DE REABILITACAO / 003 REABILITACAO FISICA,1
2023,1,SP,São Paulo,3513801,Diadema,3522120303119,2022-12-16,2023-01-09,355030,,0
2023,1,SP,São Paulo,3513801,Diadema,3522120303119,2022-12-16,2023-01-09,355030,135 SERVICO DE REABILITACAO / 003 REABILITACAO FISICA,1
2023,1,SP,São Paulo,3513801,Diadema,3522120303119,2022-12-16,2023-01-09,355030,135 SERVICO DE REABILITACAO / 003 REABILITACAO FISICA,1
2023,1,SP,São Paulo,3513801,Diadema,3522120303119,2022-12-16,2023-01-09,355030,135 SERVICO DE REABILITACAO / 003 REABILITACAO FISICA,1
2023,1,SP,São Paulo,3513801,Diadema,3522120303119,2022-12-16,2023-01-09,355030,135 SERVICO DE REABILITACAO / 003 REABILITACAO FISICA,1
2023,1,SP,São Paulo,3513801,Diadema,3522120303119,2022-12-16,2023-01-09,355030,135 SERVICO DE REABILITACAO / 003 REABILITACAO FISICA,1
2023,1,SP,São Paulo,3513801,Diadema,3522120303119,2022-12-16,2023-01-09,355030,135 SERVICO DE REABILITACAO / 003 REABILITACAO FISICA,1
2023,1,SP,São Paulo,3513801,Diadema,3522120303119,2022-12-16,2023-01-09,355030,135 SERVICO DE REABILITACAO / 003 REABILITACAO FISICA,1
2023,1,SP,São Paulo,3513801,Diadema,3522120303119,2022-12-16,2023-01-09,355030,135 SERVICO DE REABILITACAO / 003 REABILITACAO FISICA,1
2023,1,SP,São Paulo,3513801,Diadema,3522120303119,2022-12-16,2023-01-09,355030,135 SERVICO DE REABILITACAO / 003 REABILITACAO FISICA,1
2023,1,SP,São Paulo,3513801,Diadema,3522120303119,2022-12-16,2023-01-09,355030,135 SERVICO DE REABILITACAO / 003 REABILITACAO FISICA,1
2023,1,SP,São Paulo,3513801,Diadema,3522120303174,2022-12-17,2023-01-05,352940,,1
2023,1,SP,São Paulo,3513801,Diadema,3522120303174,2022-12-17,2023-01-05,352940,,1
2023,1,SP,São Paulo,3513801,Diadema,3522120303174,2022-12-17,2023-01-05,352940,,1
2023,1,SP,São Paulo,3513801,Diadema,3522120303174,2022-12-17,2023-01-05,352940,,1
2023,1,SP,São Paulo,3513801,Diadema,3522120303174,2022-12-17,2023-01-05,352940,,1
2023,1,SP,São Paulo,3513801,Diadema,3522120303174,2022-12-17,2023-01-05,352940,,1
2023,1,SP,São Paulo,3513801,Diadema,3522120303174,2022-12-17,2023-01-05,352940,135 SERVICO DE REABILITACAO / 003 REABILITACAO FISICA,16
2023,1,SP,São Paulo,3513801,Diadema,3522120303174,2022-12-17,2023-01-05,352940,135 SERVICO DE REABILITACAO / 003 REABILITACAO FISICA,16
2023,1,SP,São Paulo,3513801,Diadema,3522120303262,2022-12-17,2023-01-06,351380,,1
2023,1,SP,São Paulo,3513801,Diadema,3522120303262,2022-12-17,2023-01-06,351380,,1
2023,1,SP,São Paulo,3513801,Diadema,3522120303262,2022-12-17,2023-01-06,351380,,1
2023,1,SP,São Paulo,3513801,Diadema,3522120303262,2022-12-17,2023-01-06,351380,,1
2023,1,SP,São Paulo,3513801,Diadema,3522120303262,2022-12-17,2023-01-06,351380,,1
2023,1,SP,São Paulo,3513801,Diadema,3522120303262,2022-12-17,2023-01-06,351380,,1
2023,1,SP,São Paulo,3513801,Diadema,3522120303262,2022-12-17,2023-01-06,351380,,1
2023,1,SP,São Paulo,3513801,Diadema,3522120303328,2022-12-18,2023-01-20,352940,,1
2023,1,SP,São Paulo,3513801,Diadema,3522120303328,2022-12-18,2023-01-20,352940,135 SERVICO DE REABILITACAO / 003 REABILITACAO FISICA,1
2023,1,SP,São Paulo,3513801,Diadema,3522120303328,2022-12-18,2023-01-20,352940,135 SERVICO DE REABILITACAO / 003 REABILITACAO FISICA,1
2023,1,SP,São Paulo,3513801,Diadema,3522120303328,2022-12-18,2023-01-20,352940,135 SERVICO DE REABILITACAO / 003 REABILITACAO FISICA,1
2023,1,SP,São Paulo,3513801,Diadema,3522120303328,2022-12-18,2023-01-20,352940,135 SERVICO DE REABILITACAO / 003 REABILITACAO FISICA,1
2023,1,SP,São Paulo,3513801,Diadema,3522120303328,2022-12-18,2023-01-20,352940,,1
2023,1,SP,São Paulo,3513801,Diadema,3522120303328,2022-12-18,2023-01-20,352940,,1
2023,1,SP,São Paulo,3513801,Diadema,3522120303328,2022-12-18,2023-01-20,352940,,1
2023,1,SP,São Paulo,3513801,Diadema,3522120303328,2022-12-18,2023-01-20,352940,135 SERVICO DE REABILITACAO / 003 REABILITACAO FISICA,1
2023,1,SP,São Paulo,3513801,Diadema,3522120303328,2022-12-18,2023-01-20,352940,135 SERVICO DE REABILITACAO / 003 REABILITACAO FISICA,1
2023,1,SP,São Paulo,3513801,Diadema,3522120303328,2022-12-18,2023-01-20,352940,135 SERVICO DE REABILITACAO / 003 REABILITACAO FISICA,1
2023,1,SP,São Paulo,3513801,Diadema,3522120303328,2022-12-18,2023-01-20,352940,135 SERVICO DE REABILITACAO / 003 REABILITACAO FISICA,1
2023,1,SP,São Paulo,3513801,Diadema,3522120303328,2022-12-18,2023-01-20,352940,,1
2023,1,SP,São Paulo,3513801,Diadema,3522120303328,2022-12-18,2023-01-20,352940,135 SERVICO DE REABILITACAO / 003 REABILITACAO FISICA,1
2023,1,SP,São Paulo,3513801,Diadema,3522120303328,2022-12-18,2023-01-20,352940,135 SERVICO DE REABILITACAO / 003 REABILITACAO FISICA,1
2023,1,SP,São Paulo,3513801,Diadema,3522120303328,2022-12-18,2023-01-20,352940,135 SERVICO DE REABILITACAO / 003 REABILITACAO FISICA,1
2023,1,SP,São Paulo,3513801,Diadema,3522120303328,2022-12-18,2023-01-20,352940,135 SERVICO DE REABILITACAO / 003 REABILITACAO FISICA,1
2023,1,SP,São Paulo,3513801,Diadema,3522120303328,2022-12-18,2023-01-20,352940,,1
2023,1,SP,São Paulo,3513801,Diadema,3522120303328,2022-12-18,2023-01-20,352940,135 SERVICO DE REABILITACAO / 003 REABILITACAO FISICA,1
2023,1,SP,São Paulo,3513801,Diadema,3522120303328,2022-12-18,2023-01-20,352940,135 SERVICO DE REABILITACAO / 003 REABILITACAO FISICA,1
2023,1,SP,São Paulo,3513801,Diadema,3522120303328,2022-12-18,2023-01-20,352940,,1
2023,1,SP,São Paulo,3513801,Diadema,3522120303328,2022-12-18,2023-01-20,352940,135 SERVICO DE REABILITACAO / 003 REABILITACAO FISICA,1
2023,1,SP,São Paulo,3513801,Diadema,3522120303328,2022-12-18,2023-01-20,352940,135 SERVICO DE REABILITACAO / 003 REABILITACAO FISICA,1
2023,1,SP,São Paulo,3513801,Diadema,3522120303328,2022-12-18,2023-01-20,352940,135 SERVICO DE REABILITACAO / 003 REABILITACAO FISICA,1
2023,1,SP,São Paulo,3513801,Diadema,3522120303328,2022-12-18,2023-01-20,352940,135 SERVICO DE REABILITACAO / 003 REABILITACAO FISICA,1
2023,1,SP,São Paulo,3513801,Diadema,3522120303350,2022-12-18,2023-01-09,354330,,1
2023,1,SP,São Paulo,3513801,Diadema,3522120303350,2022-12-18,2023-01-09,354330,135 SERVICO DE REABILITACAO / 003 REABILITACAO FISICA,1
2023,1,SP,São Paulo,3513801,Diadema,3522120303350,2022-12-18,2023-01-09,354330,135 SERVICO DE REABILITACAO / 003 REABILITACAO FISICA,1
2023,1,SP,São Paulo,3513801,Diadema,3522120303350,2022-12-18,2023-01-09,354330,,1
2023,1,SP,São Paulo,3513801,Diadema,3522120303350,2022-12-18,2023-01-09,354330,128 SERVICO DE HEMOTERAPIA / 004 MEDICINA TRANSFUSIONAL,1
2023,1,SP,São Paulo,3513801,Diadema,3522120303350,2022-12-18,2023-01-09,354330,128 SERVICO DE HEMOTERAPIA / 004 MEDICINA TRANSFUSIONAL,1
2023,1,SP,São Paulo,3513801,Diadema,3522120303350,2022-12-18,2023-01-09,354330,,1
2023,1,SP,São Paulo,3513801,Diadema,3522120303350,2022-12-18,2023-01-09,354330,135 SERVICO DE REABILITACAO / 003 REABILITACAO FISICA,1
2023,1,SP,São Paulo,3513801,Diadema,3522120303350,2022-12-18,2023-01-09,354330,135 SERVICO DE REABILITACAO / 003 REABILITACAO FISICA,1
2023,1,SP,São Paulo,3513801,Diadema,3522120303350,2022-12-18,2023-01-09,354330,,1
2023,1,SP,São Paulo,3513801,Diadema,3522120303350,2022-12-18,2023-01-09,354330,135 SERVICO DE REABILITACAO / 003 REABILITACAO FISICA,1
2023,1,SP,São Paulo,3513801,Diadema,3522120303350,2022-12-18,2023-01-09,354330,135 SERVICO DE REABILITACAO / 003 REABILITACAO FISICA,1
2023,1,SP,São Paulo,3513801,Diadema,3522120303350,2022-12-18,2023-01-09,354330,135 SERVICO DE REABILITACAO / 003 REABILITACAO FISICA,1
2023,1,SP,São Paulo,3513801,Diadema,3522120303350,2022-12-18,2023-01-09,354330,135 SERVICO DE REABILITACAO / 003 REABILITACAO FISICA,1
2023,1,SP,São Paulo,3513801,Diadema,3522120303493,2022-12-18,2022-12-19,351830,,1
2023,1,SP,São Paulo,3513801,Diadema,3522120303493,2022-12-18,2022-12-19,351830,,1
2023,1,SP,São Paulo,3513801,Diadema,3522120304087,2022-12-19,2023-01-20,351380,,1
2023,1,SP,São Paulo,3513801,Diadema,3522120304087,2022-12-19,2023-01-20,351380,,1
2023,1,SP,São Paulo,3513801,Diadema,3522120304087,2022-12-19,2023-01-20,351380,,1
2023,1,SP,São Paulo,3513801,Diadema,3522120304087,2022-12-19,2023-01-20,351380,,1
2023,1,SP,São Paulo,3513801,Diadema,3522120304087,2022-12-19,2023-01-20,351380,,1
2023,1,SP,São Paulo,3513801,Diadema,3522120304087,2022-12-19,2023-01-20,351380,,1
2023,1,SP,São Paulo,3513801,Diadema,3522120304087,2022-12-19,2023-01-20,351380,,1
2023,1,SP,São Paulo,3513801,Diadema,3522120304087,2022-12-19,2023-01-20,351380,,1
2023,1,SP,São Paulo,3513801,Diadema,3522120304087,2022-12-19,2023-01-20,351380,,1
2023,1,SP,São Paulo,3513801,Diadema,3522120304087,2022-12-19,2023-01-20,351380,,1
2023,1,SP,São Paulo,3513801,Diadema,3522120304087,2022-12-19,2023-01-20,351380,,1
2023,1,SP,São Paulo,3513801,Diadema,3522120304087,2022-12-19,2023-01-20,351380,,1
2023,1,SP,São Paulo,3513801,Diadema,3522120304087,2022-12-19,2023-01-20,351380,,1
2023,1,SP,São Paulo,3513801,Diadema,3522120304087,2022-12-19,2023-01-20,351380,,1
2023,1,SP,São Paulo,3513801,Diadema,3522120304087,2022-12-19,2023-01-20,351380,,1
2023,1,SP,São Paulo,3550308,São Paulo,3522120330256,2022-10-20,2022-11-03,350490,,0
2023,1,SP,São Paulo,3530607,Mogi das Cruzes,3522120335371,2022-11-06,2022-12-06,355250,,1
2023,1,SP,São Paulo,3530607,Mogi das Cruzes,3522120335371,2022-11-06,2022-12-06,355250,,4
2023,1,SP,São Paulo,3530607,Mogi das Cruzes,3522120335371,2022-11-06,2022-12-06,355250,,1
2023,1,SP,São Paulo,3530607,Mogi das Cruzes,3522120335371,2022-11-06,2022-12-06,355250,132 SERVICO DE ONCOLOGIA / 005 ONCOLOGIA CIRURGICA,0
2023,1,SP,São Paulo,3530607,Mogi das Cruzes,3522120335371,2022-11-06,2022-12-06,355250,132 SERVICO DE ONCOLOGIA / 005 ONCOLOGIA CIRURGICA,0
2023,1,SP,São Paulo,3530607,Mogi das Cruzes,3522120335371,2022-11-06,2022-12-06,355250,126 SERVICO DE FISIOTERAPIA / 004 ASSISTENCIA FISIOTERAPEUTICA CARDIOVASCULARES E PNEUMOFUNCI,2
2023,1,SP,São Paulo,3530607,Mogi das Cruzes,3522120335371,2022-11-06,2022-12-06,355250,126 SERVICO DE FISIOTERAPIA / 004 ASSISTENCIA FISIOTERAPEUTICA CARDIOVASCULARES E PNEUMOFUNCI,2
2023,1,SP,São Paulo,3530607,Mogi das Cruzes,3522120335371,2022-11-06,2022-12-06,355250,,2
2023,1,SP,São Paulo,3530607,Mogi das Cruzes,3522120335371,2022-11-06,2022-12-06,355250,,2
2023,1,SP,São Paulo,3530607,Mogi das Cruzes,3522120335371,2022-11-06,2022-12-06,355250,126 SERVICO DE FISIOTERAPIA / 004 ASSISTENCIA FISIOTERAPEUTICA CARDIOVASCULARES E PNEUMOFUNCI,2
2023,1,SP,São Paulo,3530607,Mogi das Cruzes,3522120335371,2022-11-06,2022-12-06,355250,126 SERVICO DE FISIOTERAPIA / 004 ASSISTENCIA FISIOTERAPEUTICA CARDIOVASCULARES E PNEUMOFUNCI,2
2023,1,SP,São Paulo,3530607,Mogi das Cruzes,3522120335371,2022-11-06,2022-12-06,355250,,5
2023,1,SP,São Paulo,3530607,Mogi das Cruzes,3522120335371,2022-11-06,2022-12-06,355250,,2
2023,1,SP,São Paulo,3530607,Mogi das Cruzes,3522120335371,2022-11-06,2022-12-06,355250,,1
2023,1,SP,São Paulo,3530607,Mogi das Cruzes,3522120335371,2022-11-06,2022-12-06,355250,126 SERVICO DE FISIOTERAPIA / 007 ASSISTENCIA FISIOTERAPEUTICA NAS ALTERACOES EM NEUROLOGIA,2
2023,1,SP,São Paulo,3530607,Mogi das Cruzes,3522120335371,2022-11-06,2022-12-06,355250,126 SERVICO DE FISIOTERAPIA / 007 ASSISTENCIA FISIOTERAPEUTICA NAS ALTERACOES EM NEUROLOGIA,2
2023,1,SP,São Paulo,3530607,Mogi das Cruzes,3522120335371,2022-11-06,2022-12-06,355250,126 SERVICO DE FISIOTERAPIA / 004 ASSISTENCIA FISIOTERAPEUTICA CARDIOVASCULARES E PNEUMOFUNCI,1
2023,1,SP,São Paulo,3530607,Mogi das Cruzes,3522120335371,2022-11-06,2022-12-06,355250,126 SERVICO DE FISIOTERAPIA / 004 ASSISTENCIA FISIOTERAPEUTICA CARDIOVASCULARES E PNEUMOFUNCI,1
2023,1,SP,São Paulo,3530607,Mogi das Cruzes,3522120335371,2022-11-06,2022-12-06,355250,132 SERVICO DE ONCOLOGIA / 005 ONCOLOGIA CIRURGICA,0
2023,1,SP,São Paulo,3530607,Mogi das Cruzes,3522120335371,2022-11-06,2022-12-06,355250,132 SERVICO DE ONCOLOGIA / 005 ONCOLOGIA CIRURGICA,0
2023,1,SP,São Paulo,3530607,Mogi das Cruzes,3522120335371,2022-11-06,2022-12-06,355250,,2
2023,1,SP,São Paulo,3530607,Mogi das Cruzes,3522120335371,2022-11-06,2022-12-06,355250,,1
2023,1,SP,São Paulo,3530607,Mogi das Cruzes,3522120335371,2022-11-06,2022-12-06,355250,126 SERVICO DE FISIOTERAPIA / 007 ASSISTENCIA FISIOTERAPEUTICA NAS ALTERACOES EM NEUROLOGIA,1
2023,1,SP,São Paulo,3530607,Mogi das Cruzes,3522120335371,2022-11-06,2022-12-06,355250,126 SERVICO DE FISIOTERAPIA / 007 ASSISTENCIA FISIOTERAPEUTICA NAS ALTERACOES EM NEUROLOGIA,1
2023,1,SP,São Paulo,3530607,Mogi das Cruzes,3522120335371,2022-11-06,2022-12-06,355250,,1
2023,1,SP,São Paulo,3530607,Mogi das Cruzes,3522120335371,2022-11-06,2022-12-06,355250,,2
2023,1,SP,São Paulo,3530607,Mogi das Cruzes,3522120335371,2022-11-06,2022-12-06,355250,132 SERVICO DE ONCOLOGIA / 005 ONCOLOGIA CIRURGICA,0
2023,1,SP,São Paulo,3530607,Mogi das Cruzes,3522120335371,2022-11-06,2022-12-06,355250,132 SERVICO DE ONCOLOGIA / 005 ONCOLOGIA CIRURGICA,0
2023,1,SP,São Paulo,3530607,Mogi das Cruzes,3522120335371,2022-11-06,2022-12-06,355250,,2
2023,1,SP,São Paulo,3530607,Mogi das Cruzes,3522120335371,2022-11-06,2022-12-06,355250,126 SERVICO DE FISIOTERAPIA / 007 ASSISTENCIA FISIOTERAPEUTICA NAS ALTERACOES EM NEUROLOGIA,4
2023,1,SP,São Paulo,3530607,Mogi das Cruzes,3522120335371,2022-11-06,2022-12-06,355250,126 SERVICO DE FISIOTERAPIA / 007 ASSISTENCIA FISIOTERAPEUTICA NAS ALTERACOES EM NEUROLOGIA,4
2023,1,SP,São Paulo,3530607,Mogi das Cruzes,3522120335371,2022-11-06,2022-12-06,355250,126 SERVICO DE FISIOTERAPIA / 004 ASSISTENCIA FISIOTERAPEUTICA CARDIOVASCULARES E PNEUMOFUNCI,1
2023,1,SP,São Paulo,3530607,Mogi das Cruzes,3522120335371,2022-11-06,2022-12-06,355250,126 SERVICO DE FISIOTERAPIA / 004 ASSISTENCIA FISIOTERAPEUTICA CARDIOVASCULARES E PNEUMOFUNCI,1
2023,1,SP,São Paulo,3530607,Mogi das Cruzes,3522120335371,2022-11-06,2022-12-06,355250,126 SERVICO DE FISIOTERAPIA / 007 ASSISTENCIA FISIOTERAPEUTICA NAS ALTERACOES EM NEUROLOGIA,1
2023,1,SP,São Paulo,3530607,Mogi das Cruzes,3522120335371,2022-11-06,2022-12-06,355250,126 SERVICO DE FISIOTERAPIA / 007 ASSISTENCIA FISIOTERAPEUTICA NAS ALTERACOES EM NEUROLOGIA,1
2023,1,SP,São Paulo,3530607,Mogi das Cruzes,3522120335371,2022-11-06,2022-12-06,355250,,1
2023,1,SP,São Paulo,3530607,Mogi das Cruzes,3522120335371,2022-11-06,2022-12-06,355250,,1
2023,1,SP,São Paulo,3530607,Mogi das Cruzes,3522120335371,2022-11-06,2022-12-06,355250,,6
2023,1,SP,São Paulo,3530607,Mogi das Cruzes,3522120335371,2022-11-06,2022-12-06,355250,126 SERVICO DE FISIOTERAPIA / 007 ASSISTENCIA FISIOTERAPEUTICA NAS ALTERACOES EM NEUROLOGIA,2
2023,1,SP,São Paulo,3530607,Mogi das Cruzes,3522120335371,2022-11-06,2022-12-06,355250,126 SERVICO DE FISIOTERAPIA / 007 ASSISTENCIA FISIOTERAPEUTICA NAS ALTERACOES EM NEUROLOGIA,2
2023,1,SP,São Paulo,3530607,Mogi das Cruzes,3522120335371,2022-11-06,2022-12-06,355250,126 SERVICO DE FISIOTERAPIA / 004 ASSISTENCIA FISIOTERAPEUTICA CARDIOVASCULARES E PNEUMOFUNCI,2
2023,1,SP,São Paulo,3530607,Mogi das Cruzes,3522120335371,2022-11-06,2022-12-06,355250,126 SERVICO DE FISIOTERAPIA / 004 ASSISTENCIA FISIOTERAPEUTICA CARDIOVASCULARES E PNEUMOFUNCI,2
2023,1,SP,São Paulo,3530607,Mogi das Cruzes,3522120335371,2022-11-06,2022-12-06,355250,,3
2023,1,SP,São Paulo,3530607,Mogi das Cruzes,3522120335371,2022-11-06,2022-12-06,355250,,1
2023,1,SP,São Paulo,3530607,Mogi das Cruzes,3522120335371,2022-11-06,2022-12-06,355250,126 SERVICO DE FISIOTERAPIA / 004 ASSISTENCIA FISIOTERAPEUTICA CARDIOVASCULARES E PNEUMOFUNCI,1
2023,1,SP,São Paulo,3530607,Mogi das Cruzes,3522120335371,2022-11-06,2022-12-06,355250,126 SERVICO DE FISIOTERAPIA / 004 ASSISTENCIA FISIOTERAPEUTICA CARDIOVASCULARES E PNEUMOFUNCI,1
2023,1,SP,São Paulo,3530607,Mogi das Cruzes,3522120335371,2022-11-06,2022-12-06,355250,126 SERVICO DE FISIOTERAPIA / 007 ASSISTENCIA FISIOTERAPEUTICA NAS ALTERACOES EM NEUROLOGIA,4
2023,1,SP,São Paulo,3530607,Mogi das Cruzes,3522120335371,2022-11-06,2022-12-06,355250,126 SERVICO DE FISIOTERAPIA / 007 ASSISTENCIA FISIOTERAPEUTICA NAS ALTERACOES EM NEUROLOGIA,4
2023,1,SP,São Paulo,3530607,Mogi das Cruzes,3522120335371,2022-11-06,2022-12-06,355250,,2
2023,1,SP,São Paulo,3530607,Mogi das Cruzes,3522120335371,2022-11-06,2022-12-06,355250,,3
2023,1,SP,São Paulo,3530607,Mogi das Cruzes,3522120335371,2022-11-06,2022-12-06,355250,,1
2023,1,SP,São Paulo,3530607,Mogi das Cruzes,3522120335459,2022-11-06,2022-12-03,353060,126 SERVICO DE FISIOTERAPIA / 004 ASSISTENCIA FISIOTERAPEUTICA CARDIOVASCULARES E PNEUMOFUNCI,2
2023,1,SP,São Paulo,3530607,Mogi das Cruzes,3522120335459,2022-11-06,2022-12-03,353060,126 SERVICO DE FISIOTERAPIA / 004 ASSISTENCIA FISIOTERAPEUTICA CARDIOVASCULARES E PNEUMOFUNCI,2
2023,1,SP,São Paulo,3530607,Mogi das Cruzes,3522120335459,2022-11-06,2022-12-03,353060,,2
2023,1,SP,São Paulo,3530607,Mogi das Cruzes,3522120335459,2022-11-06,2022-12-03,353060,,1
2023,1,SP,São Paulo,3530607,Mogi das Cruzes,3522120335459,2022-11-06,2022-12-03,353060,,2
2023,1,SP,São Paulo,3530607,Mogi das Cruzes,3522120335459,2022-11-06,2022-12-03,353060,,6
2023,1,SP,São Paulo,3530607,Mogi das Cruzes,3522120335459,2022-11-06,2022-12-03,353060,,2
2023,1,SP,São Paulo,3530607,Mogi das Cruzes,3522120335459,2022-11-06,2022-12-03,353060,,1
2023,1,SP,São Paulo,3530607,Mogi das Cruzes,3522120335459,2022-11-06,2022-12-03,353060,,6
2023,1,SP,São Paulo,3530607,Mogi das Cruzes,3522120335459,2022-11-06,2022-12-03,353060,,1
2023,1,SP,São Paulo,3530607,Mogi das Cruzes,3522120335459,2022-11-06,2022-12-03,353060,,2
2023,1,SP,São Paulo,3530607,Mogi das Cruzes,3522120335459,2022-11-06,2022-12-03,353060,,1
2023,1,SP,São Paulo,3530607,Mogi das Cruzes,3522120335459,2022-11-06,2022-12-03,353060,,5
2023,1,SP,São Paulo,3530607,Mogi das Cruzes,3522120335459,2022-11-06,2022-12-03,353060,,2
2023,1,SP,São Paulo,3530607,Mogi das Cruzes,3522120335459,2022-11-06,2022-12-03,353060,126 SERVICO DE FISIOTERAPIA / 004 ASSISTENCIA FISIOTERAPEUTICA CARDIOVASCULARES E PNEUMOFUNCI,2
2023,1,SP,São Paulo,3530607,Mogi das Cruzes,3522120335459,2022-11-06,2022-12-03,353060,126 SERVICO DE FISIOTERAPIA / 004 ASSISTENCIA FISIOTERAPEUTICA CARDIOVASCULARES E PNEUMOFUNCI,2
2023,1,SP,São Paulo,3530607,Mogi das Cruzes,3522120335459,2022-11-06,2022-12-03,353060,,1
2023,1,SP,São Paulo,3530607,Mogi das Cruzes,3522120335459,2022-11-06,2022-12-03,353060,,5
2023,1,SP,São Paulo,3530607,Mogi das Cruzes,3522120335459,2022-11-06,2022-12-03,353060,126 SERVICO DE FISIOTERAPIA / 007 ASSISTENCIA FISIOTERAPEUTICA NAS ALTERACOES EM NEUROLOGIA,6
2023,1,SP,São Paulo,3530607,Mogi das Cruzes,3522120335459,2022-11-06,2022-12-03,353060,126 SERVICO DE FISIOTERAPIA / 007 ASSISTENCIA FISIOTERAPEUTICA NAS ALTERACOES EM NEUROLOGIA,6
2023,1,SP,São Paulo,3530607,Mogi das Cruzes,3522120335459,2022-11-06,2022-12-03,353060,126 SERVICO DE FISIOTERAPIA / 004 ASSISTENCIA FISIOTERAPEUTICA CARDIOVASCULARES E PNEUMOFUNCI,1
2023,1,SP,São Paulo,3530607,Mogi das Cruzes,3522120335459,2022-11-06,2022-12-03,353060,126 SERVICO DE FISIOTERAPIA / 004 ASSISTENCIA FISIOTERAPEUTICA CARDIOVASCULARES E PNEUMOFUNCI,1
2023,1,SP,São Paulo,3530607,Mogi das Cruzes,3522120335459,2022-11-06,2022-12-03,353060,,2
2023,1,SP,São Paulo,3530607,Mogi das Cruzes,3522120335459,2022-11-06,2022-12-03,353060,,6
2023,1,SP,São Paulo,3530607,Mogi das Cruzes,3522120335459,2022-11-06,2022-12-03,353060,,2
2023,1,SP,São Paulo,3530607,Mogi das Cruzes,3522120335459,2022-11-06,2022-12-03,353060,,2
2023,1,SP,São Paulo,3530607,Mogi das Cruzes,3522120335459,2022-11-06,2022-12-03,353060,,2
2023,1,SP,São Paulo,3530607,Mogi das Cruzes,3522120335569,2022-11-04,2022-12-04,353060,,1
2023,1,SP,São Paulo,3530607,Mogi das Cruzes,3522120335569,2022-11-04,2022-12-04,353060,,2
2023,1,SP,São Paulo,3530607,Mogi das Cruzes,3522120335569,2022-11-04,2022-12-04,353060,,1
2023,1,SP,São Paulo,3530607,Mogi das Cruzes,3522120335569,2022-11-04,2022-12-04,353060,,13
2023,1,SP,São Paulo,3530607,Mogi das Cruzes,3522120335569,2022-11-04,2022-12-04,353060,,1
2023,1,SP,São Paulo,3530607,Mogi das Cruzes,3522120335569,2022-11-04,2022-12-04,353060,,31
2023,1,SP,São Paulo,3530607,Mogi das Cruzes,3522120335569,2022-11-04,2022-12-04,353060,,1
2023,1,SP,São Paulo,3530607,Mogi das Cruzes,3522120335569,2022-11-04,2022-12-04,353060,,4
2023,1,SP,São Paulo,3530607,Mogi das Cruzes,3522120335569,2022-11-04,2022-12-04,353060,126 SERVICO DE FISIOTERAPIA / 007 ASSISTENCIA FISIOTERAPEUTICA NAS ALTERACOES EM NEUROLOGIA,12
2023,1,SP,São Paulo,3530607,Mogi das Cruzes,3522120335569,2022-11-04,2022-12-04,353060,126 SERVICO DE FISIOTERAPIA / 007 ASSISTENCIA FISIOTERAPEUTICA NAS ALTERACOES EM NEUROLOGIA,12
2023,1,SP,São Paulo,3530607,Mogi das Cruzes,3522120335569,2022-11-04,2022-12-04,353060,126 SERVICO DE FISIOTERAPIA / 007 ASSISTENCIA FISIOTERAPEUTICA NAS ALTERACOES EM NEUROLOGIA,16
2023,1,SP,São Paulo,3530607,Mogi das Cruzes,3522120335569,2022-11-04,2022-12-04,353060,126 SERVICO DE FISIOTERAPIA / 007 ASSISTENCIA FISIOTERAPEUTICA NAS ALTERACOES EM NEUROLOGIA,16
2023,1,SP,São Paulo,3530607,Mogi das Cruzes,3522120335569,2022-11-04,2022-12-04,353060,,1
2023,1,SP,São Paulo,3530607,Mogi das Cruzes,3522120335569,2022-11-04,2022-12-04,353060,126 SERVICO DE FISIOTERAPIA / 007 ASSISTENCIA FISIOTERAPEUTICA NAS ALTERACOES EM NEUROLOGIA,1
2023,1,SP,São Paulo,3530607,Mogi das Cruzes,3522120335569,2022-11-04,2022-12-04,353060,126 SERVICO DE FISIOTERAPIA / 007 ASSISTENCIA FISIOTERAPEUTICA NAS ALTERACOES EM NEUROLOGIA,1
2023,1,SP,São Paulo,3530607,Mogi das Cruzes,3522120335569,2022-11-04,2022-12-04,353060,126 SERVICO DE FISIOTERAPIA / 007 ASSISTENCIA FISIOTERAPEUTICA NAS ALTERACOES EM NEUROLOGIA,2
2023,1,SP,São Paulo,3530607,Mogi das Cruzes,3522120335569,2022-11-04,2022-12-04,353060,126 SERVICO DE FISIOTERAPIA / 007 ASSISTENCIA FISIOTERAPEUTICA NAS ALTERACOES EM NEUROLOGIA,2
2023,1,SP,São Paulo,3530607,Mogi das Cruzes,3522120335569,2022-11-04,2022-12-04,353060,126 SERVICO DE FISIOTERAPIA / 007 ASSISTENCIA FISIOTERAPEUTICA NAS ALTERACOES EM NEUROLOGIA,9
2023,1,SP,São Paulo,3530607,Mogi das Cruzes,3522120335569,2022-11-04,2022-12-04,353060,126 SERVICO DE FISIOTERAPIA / 007 ASSISTENCIA FISIOTERAPEUTICA NAS ALTERACOES EM NEUROLOGIA,9
2023,1,SP,São Paulo,3530607,Mogi das Cruzes,3522120335569,2022-11-04,2022-12-04,353060,126 SERVICO DE FISIOTERAPIA / 007 ASSISTENCIA FISIOTERAPEUTICA NAS ALTERACOES EM NEUROLOGIA,13
2023,1,SP,São Paulo,3530607,Mogi das Cruzes,3522120335569,2022-11-04,2022-12-04,353060,126 SERVICO DE FISIOTERAPIA / 007 ASSISTENCIA FISIOTERAPEUTICA NAS ALTERACOES EM NEUROLOGIA,13
2023,1,SP,São Paulo,3530607,Mogi das Cruzes,3522120335569,2022-11-04,2022-12-04,353060,126 SERVICO DE FISIOTERAPIA / 007 ASSISTENCIA FISIOTERAPEUTICA NAS ALTERACOES EM NEUROLOGIA,5
2023,1,SP,São Paulo,3530607,Mogi das Cruzes,3522120335569,2022-11-04,2022-12-04,353060,126 SERVICO DE FISIOTERAPIA / 007 ASSISTENCIA FISIOTERAPEUTICA NAS ALTERACOES EM NEUROLOGIA,5
2023,1,SP,São Paulo,3530607,Mogi das Cruzes,3522120335569,2022-11-04,2022-12-04,353060,,2
2023,1,SP,São Paulo,3530607,Mogi das Cruzes,3522120335569,2022-11-04,2022-12-04,353060,,16
2023,1,SP,São Paulo,3552809,Taboão da Serra,3522120337230,2022-10-29,2023-01-23,351500,,5
2023,1,SP,São Paulo,3552809,Taboão da Serra,3522120337230,2022-10-29,2023-01-23,351500,,3
2023,1,SP,São Paulo,3552809,Taboão da Serra,3522120337230,2022-10-29,2023-01-23,351500,,2
2023,1,SP,São Paulo,3552809,Taboão da Serra,3522120339540,2022-11-03,2023-01-04,351500,,1
2023,1,SP,São Paulo,3552809,Taboão da Serra,3522120339540,2022-11-03,2023-01-04,351500,,1
2023,1,SP,São Paulo,3552809,Taboão da Serra,3522120342323,2023-01-26,2023-01-27,355280,,1
2023,1,SP,São Paulo,3552809,Taboão da Serra,3522120342323,2023-01-26,2023-01-27,355280,,0
2023,1,SP,São Paulo,3552809,Taboão da Serra,3522120344963,2022-11-15,2022-12-26,355280,,2
2023,1,SP,São Paulo,3552809,Taboão da Serra,3522120344963,2022-11-15,2022-12-26,355280,,1
2023,1,SP,São Paulo,3552809,Taboão da Serra,3522120344963,2022-11-15,2022-12-26,355280,,1
2023,1,SP,São Paulo,3552809,Taboão da Serra,3522120345030,2022-11-16,2023-01-08,351500,,0
2023,1,SP,São Paulo,3552809,Taboão da Serra,3522120346118,2022-11-17,2023-01-05,351500,,2
2023,1,SP,São Paulo,3552809,Taboão da Serra,3522120346789,2022-11-19,2023-01-10,351500,,2
2023,1,SP,São Paulo,3552809,Taboão da Serra,3522120346789,2022-11-19,2023-01-10,351500,,1
2023,1,SP,São Paulo,3552809,Taboão da Serra,3522120349847,2022-11-27,2023-01-27,351060,,1
2023,1,SP,São Paulo,3552809,Taboão da Serra,3522120349847,2022-11-27,2023-01-27,351060,,1
2023,1,SP,São Paulo,3552809,Taboão da Serra,3522120349847,2022-11-27,2023-01-27,351060,,17
2023,1,SP,São Paulo,3552809,Taboão da Serra,3522120349847,2022-11-27,2023-01-27,351060,,1
2023,1,SP,São Paulo,3552809,Taboão da Serra,3522120349847,2022-11-27,2023-01-27,351060,,1
2023,1,SP,São Paulo,3552809,Taboão da Serra,3522120352289,2022-11-24,2023-01-04,355280,,0
2023,1,SP,São Paulo,3552809,Taboão da Serra,3522120352993,2022-12-02,2023-01-15,351500,,3
2023,1,SP,São Paulo,3552809,Taboão da Serra,3522120353719,2022-12-04,2022-12-20,355280,,0
2023,1,SP,São Paulo,3552809,Taboão da Serra,3522120353719,2022-12-04,2022-12-20,355280,,0
2023,1,SP,São Paulo,3552809,Taboão da Serra,3522120354918,2022-12-07,2022-12-21,353440,,1
2023,1,SP,São Paulo,3530607,Mogi das Cruzes,3522120356106,2022-11-04,2022-11-21,355250,,1
2023,1,SP,São Paulo,3530607,Mogi das Cruzes,3522120356106,2022-11-04,2022-11-21,355250,126 SERVICO DE FISIOTERAPIA / 004 ASSISTENCIA FISIOTERAPEUTICA CARDIOVASCULARES E PNEUMOFUNCI,2
2023,1,SP,São Paulo,3530607,Mogi das Cruzes,3522120356106,2022-11-04,2022-11-21,355250,126 SERVICO DE FISIOTERAPIA / 004 ASSISTENCIA FISIOTERAPEUTICA CARDIOVASCULARES E PNEUMOFUNCI,2
2023,1,SP,São Paulo,3530607,Mogi das Cruzes,3522120356106,2022-11-04,2022-11-21,355250,126 SERVICO DE FISIOTERAPIA / 004 ASSISTENCIA FISIOTERAPEUTICA CARDIOVASCULARES E PNEUMOFUNCI,2
2023,1,SP,São Paulo,3530607,Mogi das Cruzes,3522120356106,2022-11-04,2022-11-21,355250,126 SERVICO DE FISIOTERAPIA / 004 ASSISTENCIA FISIOTERAPEUTICA CARDIOVASCULARES E PNEUMOFUNCI,2
2023,1,SP,São Paulo,3530607,Mogi das Cruzes,3522120356106,2022-11-04,2022-11-21,355250,,4
2023,1,SP,São Paulo,3530607,Mogi das Cruzes,3522120356106,2022-11-04,2022-11-21,355250,126 SERVICO DE FISIOTERAPIA / 004 ASSISTENCIA FISIOTERAPEUTICA CARDIOVASCULARES E PNEUMOFUNCI,2
2023,1,SP,São Paulo,3530607,Mogi das Cruzes,3522120356106,2022-11-04,2022-11-21,355250,126 SERVICO DE FISIOTERAPIA / 004 ASSISTENCIA FISIOTERAPEUTICA CARDIOVASCULARES E PNEUMOFUNCI,2
2023,1,SP,São Paulo,3530607,Mogi das Cruzes,3522120356106,2022-11-04,2022-11-21,355250,126 SERVICO DE FISIOTERAPIA / 004 ASSISTENCIA FISIOTERAPEUTICA CARDIOVASCULARES E PNEUMOFUNCI,3
2023,1,SP,São Paulo,3530607,Mogi das Cruzes,3522120356106,2022-11-04,2022-11-21,355250,126 SERVICO DE FISIOTERAPIA / 004 ASSISTENCIA FISIOTERAPEUTICA CARDIOVASCULARES E PNEUMOFUNCI,3
2023,1,SP,São Paulo,3530607,Mogi das Cruzes,3522120356106,2022-11-04,2022-11-21,355250,126 SERVICO DE FISIOTERAPIA / 004 ASSISTENCIA FISIOTERAPEUTICA CARDIOVASCULARES E PNEUMOFUNCI,3
2023,1,SP,São Paulo,3530607,Mogi das Cruzes,3522120356106,2022-11-04,2022-11-21,355250,126 SERVICO DE FISIOTERAPIA / 004 ASSISTENCIA FISIOTERAPEUTICA CARDIOVASCULARES E PNEUMOFUNCI,3
2023,1,SP,São Paulo,3530607,Mogi das Cruzes,3522120356106,2022-11-04,2022-11-21,355250,126 SERVICO DE FISIOTERAPIA / 004 ASSISTENCIA FISIOTERAPEUTICA CARDIOVASCULARES E PNEUMOFUNCI,1
2023,1,SP,São Paulo,3530607,Mogi das Cruzes,3522120356106,2022-11-04,2022-11-21,355250,126 SERVICO DE FISIOTERAPIA / 004 ASSISTENCIA FISIOTERAPEUTICA CARDIOVASCULARES E PNEUMOFUNCI,1
2023,1,SP,São Paulo,3530607,Mogi das Cruzes,3522120356106,2022-11-04,2022-11-21,355250,,3
2023,1,SP,São Paulo,3530607,Mogi das Cruzes,3522120356106,2022-11-04,2022-11-21,355250,,1
2023,1,SP,São Paulo,3530607,Mogi das Cruzes,3522120356106,2022-11-04,2022-11-21,355250,,3
2023,1,SP,São Paulo,3530607,Mogi das Cruzes,3522120356106,2022-11-04,2022-11-21,355250,,1
2023,1,SP,São Paulo,3530607,Mogi das Cruzes,3522120356106,2022-11-04,2022-11-21,355250,,1
2023,1,SP,São Paulo,3530607,Mogi das Cruzes,3522120356106,2022-11-04,2022-11-21,355250,,2
2023,1,SP,São Paulo,3530607,Mogi das Cruzes,3522120356106,2022-11-04,2022-11-21,355250,,1
2023,1,SP,São Paulo,3530607,Mogi das Cruzes,3522120356106,2022-11-04,2022-11-21,355250,,3
2023,1,SP,São Paulo,3530607,Mogi das Cruzes,3522120356106,2022-11-04,2022-11-21,355250,,1
2023,1,SP,São Paulo,3550308,São Paulo,3522120357734,2022-11-04,2022-11-07,355030,,0
2023,1,SP,São Paulo,3530607,Mogi das Cruzes,3522120361529,2022-11-08,2022-12-08,353060,,1
2023,1,SP,São Paulo,3530607,Mogi das Cruzes,3522120361529,2022-11-08,2022-12-08,353060,,4
2023,1,SP,São Paulo,3530607,Mogi das Cruzes,3522120361529,2022-11-08,2022-12-08,353060,,3
2023,1,SP,São Paulo,3530607,Mogi das Cruzes,3522120361529,2022-11-08,2022-12-08,353060,,10
2023,1,SP,São Paulo,3530607,Mogi das Cruzes,3522120361529,2022-11-08,2022-12-08,353060,,3
2023,1,SP,São Paulo,3530607,Mogi das Cruzes,3522120361529,2022-11-08,2022-12-08,353060,,1
2023,1,SP,São Paulo,3530607,Mogi das Cruzes,3522120361529,2022-11-08,2022-12-08,353060,,1
2023,1,SP,São Paulo,3530607,Mogi das Cruzes,3522120361529,2022-11-08,2022-12-08,353060,,1
2023,1,SP,São Paulo,3530607,Mogi das Cruzes,3522120361529,2022-11-08,2022-12-08,353060,,4
2023,1,SP,São Paulo,3530607,Mogi das Cruzes,3522120361529,2022-11-08,2022-12-08,353060,,1
2023,1,SP,São Paulo,3530607,Mogi das Cruzes,3522120361529,2022-11-08,2022-12-08,353060,,1
2023,1,SP,São Paulo,3530607,Mogi das Cruzes,3522120361529,2022-11-08,2022-12-08,353060,,7
2023,1,SP,São Paulo,3530607,Mogi das Cruzes,3522120361529,2022-11-08,2022-12-08,353060,,2
2023,1,SP,São Paulo,3530607,Mogi das Cruzes,3522120361529,2022-11-08,2022-12-08,353060,,2
2023,1,SP,São Paulo,3530607,Mogi das Cruzes,3522120361529,2022-11-08,2022-12-08,353060,126 SERVICO DE FISIOTERAPIA / 007 ASSISTENCIA FISIOTERAPEUTICA NAS ALTERACOES EM NEUROLOGIA,5
2023,1,SP,São Paulo,3530607,Mogi das Cruzes,3522120361529,2022-11-08,2022-12-08,353060,126 SERVICO DE FISIOTERAPIA / 007 ASSISTENCIA FISIOTERAPEUTICA NAS ALTERACOES EM NEUROLOGIA,5
2023,1,SP,São Paulo,3530607,Mogi das Cruzes,3522120361529,2022-11-08,2022-12-08,353060,,5
2023,1,SP,São Paulo,3530607,Mogi das Cruzes,3522120361529,2022-11-08,2022-12-08,353060,,1
2023,1,SP,São Paulo,3530607,Mogi das Cruzes,3522120361529,2022-11-08,2022-12-08,353060,,1
2023,1,SP,São Paulo,3530607,Mogi das Cruzes,3522120361529,2022-11-08,2022-12-08,353060,,5
2023,1,SP,São Paulo,3530607,Mogi das Cruzes,3522120361529,2022-11-08,2022-12-08,353060,,1
2023,1,SP,São Paulo,3530607,Mogi das Cruzes,3522120361529,2022-11-08,2022-12-08,353060,,1
2023,1,SP,São Paulo,3530607,Mogi das Cruzes,3522120361529,2022-11-08,2022-12-08,353060,,4
2023,1,SP,São Paulo,3530607,Mogi das Cruzes,3522120361529,2022-11-08,2022-12-08,353060,126 SERVICO DE FISIOTERAPIA / 007 ASSISTENCIA FISIOTERAPEUTICA NAS ALTERACOES EM NEUROLOGIA,3
2023,1,SP,São Paulo,3530607,Mogi das Cruzes,3522120361529,2022-11-08,2022-12-08,353060,126 SERVICO DE FISIOTERAPIA / 007 ASSISTENCIA FISIOTERAPEUTICA NAS ALTERACOES EM NEUROLOGIA,3
2023,1,SP,São Paulo,3530607,Mogi das Cruzes,3522120361782,2022-11-08,2022-12-22,353060,,21
2023,1,SP,São Paulo,3530607,Mogi das Cruzes,3522120361782,2022-11-08,2022-12-22,353060,126 SERVICO DE FISIOTERAPIA / 004 ASSISTENCIA FISIOTERAPEUTICA CARDIOVASCULARES E PNEUMOFUNCI,3
2023,1,SP,São Paulo,3530607,Mogi das Cruzes,3522120361782,2022-11-08,2022-12-22,353060,126 SERVICO DE FISIOTERAPIA / 004 ASSISTENCIA FISIOTERAPEUTICA CARDIOVASCULARES E PNEUMOFUNCI,3
2023,1,SP,São Paulo,3530607,Mogi das Cruzes,3522120361782,2022-11-08,2022-12-22,353060,,1
2023,1,SP,São Paulo,3530607,Mogi das Cruzes,3522120361782,2022-11-08,2022-12-22,353060,,1
2023,1,SP,São Paulo,3530607,Mogi das Cruzes,3522120361782,2022-11-08,2022-12-22,353060,,9
2023,1,SP,São Paulo,3530607,Mogi das Cruzes,3522120361782,2022-11-08,2022-12-22,353060,,3
2023,1,SP,São Paulo,3530607,Mogi das Cruzes,3522120361782,2022-11-08,2022-12-22,353060,,2
2023,1,SP,São Paulo,3530607,Mogi das Cruzes,3522120361782,2022-11-08,2022-12-22,353060,,4
2023,1,SP,São Paulo,3530607,Mogi das Cruzes,3522120361782,2022-11-08,2022-12-22,353060,126 SERVICO DE FISIOTERAPIA / 004 ASSISTENCIA FISIOTERAPEUTICA CARDIOVASCULARES E PNEUMOFUNCI,6
2023,1,SP,São Paulo,3530607,Mogi das Cruzes,3522120361782,2022-11-08,2022-12-22,353060,126 SERVICO DE FISIOTERAPIA / 004 ASSISTENCIA FISIOTERAPEUTICA CARDIOVASCULARES E PNEUMOFUNCI,6
2023,1,SP,São Paulo,3530607,Mogi das Cruzes,3522120361782,2022-11-08,2022-12-22,353060,126 SERVICO DE FISIOTERAPIA / 004 ASSISTENCIA FISIOTERAPEUTICA CARDIOVASCULARES E PNEUMOFUNCI,1
2023,1,SP,São Paulo,3530607,Mogi das Cruzes,3522120361782,2022-11-08,2022-12-22,353060,126 SERVICO DE FISIOTERAPIA / 004 ASSISTENCIA FISIOTERAPEUTICA CARDIOVASCULARES E PNEUMOFUNCI,1
2023,1,SP,São Paulo,3530607,Mogi das Cruzes,3522120361782,2022-11-08,2022-12-22,353060,,2
2023,1,SP,São Paulo,3530607,Mogi das Cruzes,3522120361782,2022-11-08,2022-12-22,353060,128 SERVICO DE HEMOTERAPIA / 004 MEDICINA TRANSFUSIONAL,6
2023,1,SP,São Paulo,3530607,Mogi das Cruzes,3522120361782,2022-11-08,2022-12-22,353060,128 SERVICO DE HEMOTERAPIA / 004 MEDICINA TRANSFUSIONAL,6
2023,1,SP,São Paulo,3530607,Mogi das Cruzes,3522120361782,2022-11-08,2022-12-22,353060,126 SERVICO DE FISIOTERAPIA / 004 ASSISTENCIA FISIOTERAPEUTICA CARDIOVASCULARES E PNEUMOFUNCI,2
2023,1,SP,São Paulo,3530607,Mogi das Cruzes,3522120361782,2022-11-08,2022-12-22,353060,126 SERVICO DE FISIOTERAPIA / 004 ASSISTENCIA FISIOTERAPEUTICA CARDIOVASCULARES E PNEUMOFUNCI,2
2023,1,SP,São Paulo,3530607,Mogi das Cruzes,3522120361782,2022-11-08,2022-12-22,353060,,1
2023,1,SP,São Paulo,3530607,Mogi das Cruzes,3522120361782,2022-11-08,2022-12-22,353060,,1
2023,1,SP,São Paulo,3530607,Mogi das Cruzes,3522120361782,2022-11-08,2022-12-22,353060,126 SERVICO DE FISIOTERAPIA / 004 ASSISTENCIA FISIOTERAPEUTICA CARDIOVASCULARES E PNEUMOFUNCI,2
2023,1,SP,São Paulo,3530607,Mogi das Cruzes,3522120361782,2022-11-08,2022-12-22,353060,126 SERVICO DE FISIOTERAPIA / 004 ASSISTENCIA FISIOTERAPEUTICA CARDIOVASCULARES E PNEUMOFUNCI,2
2023,1,SP,São Paulo,3530607,Mogi das Cruzes,3522120361782,2022-11-08,2022-12-22,353060,,1
2023,1,SP,São Paulo,3530607,Mogi das Cruzes,3522120361782,2022-11-08,2022-12-22,353060,126 SERVICO DE FISIOTERAPIA / 007 ASSISTENCIA FISIOTERAPEUTICA NAS ALTERACOES EM NEUROLOGIA,8
2023,1,SP,São Paulo,3530607,Mogi das Cruzes,3522120361782,2022-11-08,2022-12-22,353060,126 SERVICO DE FISIOTERAPIA / 007 ASSISTENCIA FISIOTERAPEUTICA NAS ALTERACOES EM NEUROLOGIA,8
2023,1,SP,São Paulo,3530607,Mogi das Cruzes,3522120361782,2022-11-08,2022-12-22,353060,126 SERVICO DE FISIOTERAPIA / 004 ASSISTENCIA FISIOTERAPEUTICA CARDIOVASCULARES E PNEUMOFUNCI,1
2023,1,SP,São Paulo,3530607,Mogi das Cruzes,3522120361782,2022-11-08,2022-12-22,353060,126 SERVICO DE FISIOTERAPIA / 004 ASSISTENCIA FISIOTERAPEUTICA CARDIOVASCULARES E PNEUMOFUNCI,1
2023,1,SP,São Paulo,3530607,Mogi das Cruzes,3522120361782,2022-11-08,2022-12-22,353060,126 SERVICO DE FISIOTERAPIA / 007 ASSISTENCIA FISIOTERAPEUTICA NAS ALTERACOES EM NEUROLOGIA,1
2023,1,SP,São Paulo,3530607,Mogi das Cruzes,3522120361782,2022-11-08,2022-12-22,353060,126 SERVICO DE FISIOTERAPIA / 007 ASSISTENCIA FISIOTERAPEUTICA NAS ALTERACOES EM NEUROLOGIA,1
2023,1,SP,São Paulo,3530607,Mogi das Cruzes,3522120361782,2022-11-08,2022-12-22,353060,126 SERVICO DE FISIOTERAPIA / 007 ASSISTENCIA FISIOTERAPEUTICA NAS ALTERACOES EM NEUROLOGIA,1
2023,1,SP,São Paulo,3530607,Mogi das Cruzes,3522120361782,2022-11-08,2022-12-22,353060,126 SERVICO DE FISIOTERAPIA / 007 ASSISTENCIA FISIOTERAPEUTICA NAS ALTERACOES EM NEUROLOGIA,1
2023,1,SP,São Paulo,3530607,Mogi das Cruzes,3522120361782,2022-11-08,2022-12-22,353060,,3
2023,1,SP,São Paulo,3530607,Mogi das Cruzes,3522120361782,2022-11-08,2022-12-22,353060,,1
2023,1,SP,São Paulo,3530607,Mogi das Cruzes,3522120361782,2022-11-08,2022-12-22,353060,126 SERVICO DE FISIOTERAPIA / 004 ASSISTENCIA FISIOTERAPEUTICA CARDIOVASCULARES E PNEUMOFUNCI,2
2023,1,SP,São Paulo,3530607,Mogi das Cruzes,3522120361782,2022-11-08,2022-12-22,353060,126 SERVICO DE FISIOTERAPIA / 004 ASSISTENCIA FISIOTERAPEUTICA CARDIOVASCULARES E PNEUMOFUNCI,2
2023,1,SP,São Paulo,3530607,Mogi das Cruzes,3522120361782,2022-11-08,2022-12-22,353060,,8
2023,1,SP,São Paulo,3550308,São Paulo,3522120363740,2022-11-05,2023-01-04,355030,,1
2023,1,SP,São Paulo,3510609,Carapicuíba,3522120365632,2022-12-31,2022-12-31,351060,,0
2023,1,SP,São Paulo,3516309,Francisco Morato,3522120373761,2022-11-01,2023-01-02,351630,,30
2023,1,SP,São Paulo,3516309,Francisco Morato,3522120373761,2022-11-01,2023-01-02,351630,128 SERVICO DE HEMOTERAPIA / 004 MEDICINA TRANSFUSIONAL,2
2023,1,SP,São Paulo,3516309,Francisco Morato,3522120373761,2022-11-01,2023-01-02,351630,128 SERVICO DE HEMOTERAPIA / 004 MEDICINA TRANSFUSIONAL,2
2023,1,SP,São Paulo,3516309,Francisco Morato,3522120374960,2022-11-14,2022-12-06,351630,,16
2023,1,SP,São Paulo,3516309,Francisco Morato,3522120376621,2022-11-30,2023-01-06,350900,,31
2023,1,SP,São Paulo,3515707,Ferraz de Vasconcelos,3522120382044,2022-11-04,2022-11-11,355030,,1
2023,1,SP,São Paulo,3515707,Ferraz de Vasconcelos,3522120382044,2022-11-04,2022-11-11,355030,,3
2023,1,SP,São Paulo,3515707,Ferraz de Vasconcelos,3522120383530,2022-10-28,2022-11-04,351570,,3
2023,1,SP,São Paulo,3515707,Ferraz de Vasconcelos,3522120383837,2022-11-16,2022-11-20,351570,,2
2023,1,SP,São Paulo,3515707,Ferraz de Vasconcelos,3522120383837,2022-11-16,2022-11-20,351570,,2
2023,1,SP,São Paulo,3513009,Cotia,3522120389898,2022-10-15,2022-11-14,351300,,5
2023,1,SP,São Paulo,3513009,Cotia,3522120393220,2022-11-23,2023-01-17,351300,,16
2023,1,SP,São Paulo,3513009,Cotia,3522120396795,2022-12-03,2022-12-04,351300,,1
2023,1,SP,São Paulo,3513009,Cotia,3522120396905,2022-11-12,2022-12-03,351300,,3
2023,1,SP,São Paulo,3513009,Cotia,3522120396905,2022-11-12,2022-12-03,351300,,0
2023,1,SP,São Paulo,3513009,Cotia,3522120396905,2022-11-12,2022-12-03,351300,,2
2023,1,SP,São Paulo,3513009,Cotia,3522120397114,2022-12-03,2022-12-04,351300,,1
2023,1,SP,São Paulo,3513009,Cotia,3522120397114,2022-12-03,2022-12-04,351300,,0
2023,1,SP,São Paulo,3513009,Cotia,3522120397477,2022-12-03,2022-12-06,351300,,0
2023,1,SP,São Paulo,3513009,Cotia,3522120397532,2022-12-02,2022-12-05,355645,,0
2023,1,SP,São Paulo,3513009,Cotia,3522120397587,2022-12-03,2023-01-16,351300,128 SERVICO DE HEMOTERAPIA / 004 MEDICINA TRANSFUSIONAL,1
2023,1,SP,São Paulo,3513009,Cotia,3522120397587,2022-12-03,2023-01-16,351300,128 SERVICO DE HEMOTERAPIA / 004 MEDICINA TRANSFUSIONAL,1
2023,1,SP,São Paulo,3513009,Cotia,3522120398050,2022-12-02,2022-12-07,351300,,3
2023,1,SP,São Paulo,3513009,Cotia,3522120398291,2022-12-06,2022-12-07,355060,,0
2023,1,SP,São Paulo,3513009,Cotia,3522120398720,2022-12-03,2022-12-08,351300,,0
2023,1,SP,São Paulo,3530607,Mogi das Cruzes,3522120407531,2022-11-11,2022-12-27,353060,,2
2023,1,SP,São Paulo,3530607,Mogi das Cruzes,3522120407531,2022-11-11,2022-12-27,353060,,2
2023,1,SP,São Paulo,3530607,Mogi das Cruzes,3522120407531,2022-11-11,2022-12-27,353060,,2
2023,1,SP,São Paulo,3530607,Mogi das Cruzes,3522120407531,2022-11-11,2022-12-27,353060,,1
2023,1,SP,São Paulo,3530607,Mogi das Cruzes,3522120407531,2022-11-11,2022-12-27,353060,,7
2023,1,SP,São Paulo,3530607,Mogi das Cruzes,3522120407531,2022-11-11,2022-12-27,353060,,14
2023,1,SP,São Paulo,3530607,Mogi das Cruzes,3522120407531,2022-11-11,2022-12-27,353060,,1
2023,1,SP,São Paulo,3530607,Mogi das Cruzes,3522120407531,2022-11-11,2022-12-27,353060,,1
2023,1,SP,São Paulo,3530607,Mogi das Cruzes,3522120407531,2022-11-11,2022-12-27,353060,,5
2023,1,SP,São Paulo,3530607,Mogi das Cruzes,3522120407531,2022-11-11,2022-12-27,353060,,4
2023,1,SP,São Paulo,3530607,Mogi das Cruzes,3522120407531,2022-11-11,2022-12-27,353060,128 SERVICO DE HEMOTERAPIA / 004 MEDICINA TRANSFUSIONAL,3
2023,1,SP,São Paulo,3530607,Mogi das Cruzes,3522120407531,2022-11-11,2022-12-27,353060,128 SERVICO DE HEMOTERAPIA / 004 MEDICINA TRANSFUSIONAL,3
2023,1,SP,São Paulo,3530607,Mogi das Cruzes,3522120407531,2022-11-11,2022-12-27,353060,,1
2023,1,SP,São Paulo,3530607,Mogi das Cruzes,3522120407597,2022-11-11,2022-12-08,353060,,2
2023,1,SP,São Paulo,3530607,Mogi das Cruzes,3522120407597,2022-11-11,2022-12-08,353060,,1
2023,1,SP,São Paulo,3530607,Mogi das Cruzes,3522120407597,2022-11-11,2022-12-08,353060,,1
2023,1,SP,São Paulo,3530607,Mogi das Cruzes,3522120407597,2022-11-11,2022-12-08,353060,126 SERVICO DE FISIOTERAPIA / 004 ASSISTENCIA FISIOTERAPEUTICA CARDIOVASCULARES E PNEUMOFUNCI,1
2023,1,SP,São Paulo,3530607,Mogi das Cruzes,3522120407597,2022-11-11,2022-12-08,353060,126 SERVICO DE FISIOTERAPIA / 004 ASSISTENCIA FISIOTERAPEUTICA CARDIOVASCULARES E PNEUMOFUNCI,1
2023,1,SP,São Paulo,3530607,Mogi das Cruzes,3522120407597,2022-11-11,2022-12-08,353060,126 SERVICO DE FISIOTERAPIA / 007 ASSISTENCIA FISIOTERAPEUTICA NAS ALTERACOES EM NEUROLOGIA,2
2023,1,SP,São Paulo,3530607,Mogi das Cruzes,3522120407597,2022-11-11,2022-12-08,353060,126 SERVICO DE FISIOTERAPIA / 007 ASSISTENCIA FISIOTERAPEUTICA NAS ALTERACOES EM NEUROLOGIA,2
2023,1,SP,São Paulo,3530607,Mogi das Cruzes,3522120407597,2022-11-11,2022-12-08,353060,,3
2023,1,SP,São Paulo,3530607,Mogi das Cruzes,3522120407597,2022-11-11,2022-12-08,353060,,3
2023,1,SP,São Paulo,3530607,Mogi das Cruzes,3522120407597,2022-11-11,2022-12-08,353060,126 SERVICO DE FISIOTERAPIA / 004 ASSISTENCIA FISIOTERAPEUTICA CARDIOVASCULARES E PNEUMOFUNCI,2
2023,1,SP,São Paulo,3530607,Mogi das Cruzes,3522120407597,2022-11-11,2022-12-08,353060,126 SERVICO DE FISIOTERAPIA / 004 ASSISTENCIA FISIOTERAPEUTICA CARDIOVASCULARES E PNEUMOFUNCI,2
2023,1,SP,São Paulo,3530607,Mogi das Cruzes,3522120407597,2022-11-11,2022-12-08,353060,,1
2023,1,SP,São Paulo,3530607,Mogi das Cruzes,3522120407597,2022-11-11,2022-12-08,353060,,8
2023,1,SP,São Paulo,3530607,Mogi das Cruzes,3522120407597,2022-11-11,2022-12-08,353060,,1
2023,1,SP,São Paulo,3530607,Mogi das Cruzes,3522120407597,2022-11-11,2022-12-08,353060,126 SERVICO DE FISIOTERAPIA / 004 ASSISTENCIA FISIOTERAPEUTICA CARDIOVASCULARES E PNEUMOFUNCI,1
2023,1,SP,São Paulo,3530607,Mogi das Cruzes,3522120407597,2022-11-11,2022-12-08,353060,126 SERVICO DE FISIOTERAPIA / 004 ASSISTENCIA FISIOTERAPEUTICA CARDIOVASCULARES E PNEUMOFUNCI,1
2023,1,SP,São Paulo,3530607,Mogi das Cruzes,3522120407597,2022-11-11,2022-12-08,353060,,1
2023,1,SP,São Paulo,3530607,Mogi das Cruzes,3522120407597,2022-11-11,2022-12-08,353060,,1
2023,1,SP,São Paulo,3530607,Mogi das Cruzes,3522120407597,2022-11-11,2022-12-08,353060,126 SERVICO DE FISIOTERAPIA / 007 ASSISTENCIA FISIOTERAPEUTICA NAS ALTERACOES EM NEUROLOGIA,3
2023,1,SP,São Paulo,3530607,Mogi das Cruzes,3522120407597,2022-11-11,2022-12-08,353060,126 SERVICO DE FISIOTERAPIA / 007 ASSISTENCIA FISIOTERAPEUTICA NAS ALTERACOES EM NEUROLOGIA,3
2023,1,SP,São Paulo,3530607,Mogi das Cruzes,3522120407597,2022-11-11,2022-12-08,353060,,1
2023,1,SP,São Paulo,3530607,Mogi das Cruzes,3522120407597,2022-11-11,2022-12-08,353060,,2
2023,1,SP,São Paulo,3530607,Mogi das Cruzes,3522120407597,2022-11-11,2022-12-08,353060,126 SERVICO DE FISIOTERAPIA / 004 ASSISTENCIA FISIOTERAPEUTICA CARDIOVASCULARES E PNEUMOFUNCI,1
2023,1,SP,São Paulo,3530607,Mogi das Cruzes,3522120407597,2022-11-11,2022-12-08,353060,126 SERVICO DE FISIOTERAPIA / 004 ASSISTENCIA FISIOTERAPEUTICA CARDIOVASCULARES E PNEUMOFUNCI,1
2023,1,SP,São Paulo,3530607,Mogi das Cruzes,3522120407597,2022-11-11,2022-12-08,353060,,4
2023,1,SP,São Paulo,3530607,Mogi das Cruzes,3522120407597,2022-11-11,2022-12-08,353060,,5
2023,1,SP,São Paulo,3530607,Mogi das Cruzes,3522120407597,2022-11-11,2022-12-08,353060,,1
2023,1,SP,São Paulo,3530607,Mogi das Cruzes,3522120407597,2022-11-11,2022-12-08,353060,,2
2023,1,SP,São Paulo,3530607,Mogi das Cruzes,3522120407597,2022-11-11,2022-12-08,353060,,3
2023,1,SP,São Paulo,3530607,Mogi das Cruzes,3522120407597,2022-11-11,2022-12-08,353060,126 SERVICO DE FISIOTERAPIA / 004 ASSISTENCIA FISIOTERAPEUTICA CARDIOVASCULARES E PNEUMOFUNCI,3
2023,1,SP,São Paulo,3530607,Mogi das Cruzes,3522120407597,2022-11-11,2022-12-08,353060,126 SERVICO DE FISIOTERAPIA / 004 ASSISTENCIA FISIOTERAPEUTICA CARDIOVASCULARES E PNEUMOFUNCI,3
2023,1,SP,São Paulo,3530607,Mogi das Cruzes,3522120407597,2022-11-11,2022-12-08,353060,126 SERVICO DE FISIOTERAPIA / 007 ASSISTENCIA FISIOTERAPEUTICA NAS ALTERACOES EM NEUROLOGIA,1
2023,1,SP,São Paulo,3530607,Mogi das Cruzes,3522120407597,2022-11-11,2022-12-08,353060,126 SERVICO DE FISIOTERAPIA / 007 ASSISTENCIA FISIOTERAPEUTICA NAS ALTERACOES EM NEUROLOGIA,1
2023,1,SP,São Paulo,3530607,Mogi das Cruzes,3522120407597,2022-11-11,2022-12-08,353060,126 SERVICO DE FISIOTERAPIA / 004 ASSISTENCIA FISIOTERAPEUTICA CARDIOVASCULARES E PNEUMOFUNCI,1
2023,1,SP,São Paulo,3530607,Mogi das Cruzes,3522120407597,2022-11-11,2022-12-08,353060,126 SERVICO DE FISIOTERAPIA / 004 ASSISTENCIA FISIOTERAPEUTICA CARDIOVASCULARES E PNEUMOFUNCI,1
2023,1,SP,São Paulo,3530607,Mogi das Cruzes,3522120407597,2022-11-11,2022-12-08,353060,126 SERVICO DE FISIOTERAPIA / 007 ASSISTENCIA FISIOTERAPEUTICA NAS ALTERACOES EM NEUROLOGIA,1
2023,1,SP,São Paulo,3530607,Mogi das Cruzes,3522120407597,2022-11-11,2022-12-08,353060,126 SERVICO DE FISIOTERAPIA / 007 ASSISTENCIA FISIOTERAPEUTICA NAS ALTERACOES EM NEUROLOGIA,1
2023,1,SP,São Paulo,3530607,Mogi das Cruzes,3522120407773,2022-11-12,2022-11-30,353060,126 SERVICO DE FISIOTERAPIA / 004 ASSISTENCIA FISIOTERAPEUTICA CARDIOVASCULARES E PNEUMOFUNCI,1
2023,1,SP,São Paulo,3530607,Mogi das Cruzes,3522120407773,2022-11-12,2022-11-30,353060,126 SERVICO DE FISIOTERAPIA / 004 ASSISTENCIA FISIOTERAPEUTICA CARDIOVASCULARES E PNEUMOFUNCI,1
2023,1,SP,São Paulo,3530607,Mogi das Cruzes,3522120407773,2022-11-12,2022-11-30,353060,,4
2023,1,SP,São Paulo,3530607,Mogi das Cruzes,3522120407773,2022-11-12,2022-11-30,353060,,1
2023,1,SP,São Paulo,3530607,Mogi das Cruzes,3522120407773,2022-11-12,2022-11-30,353060,,0
2023,1,SP,São Paulo,3530607,Mogi das Cruzes,3522120407773,2022-11-12,2022-11-30,353060,,2
2023,1,SP,São Paulo,3530607,Mogi das Cruzes,3522120407773,2022-11-12,2022-11-30,353060,128 SERVICO DE HEMOTERAPIA / 004 MEDICINA TRANSFUSIONAL,2
2023,1,SP,São Paulo,3530607,Mogi das Cruzes,3522120407773,2022-11-12,2022-11-30,353060,128 SERVICO DE HEMOTERAPIA / 004 MEDICINA TRANSFUSIONAL,2
2023,1,SP,São Paulo,3530607,Mogi das Cruzes,3522120407773,2022-11-12,2022-11-30,353060,,1
2023,1,SP,São Paulo,3530607,Mogi das Cruzes,3522120407773,2022-11-12,2022-11-30,353060,,1
2023,1,SP,São Paulo,3530607,Mogi das Cruzes,3522120407773,2022-11-12,2022-11-30,353060,,3
2023,1,SP,São Paulo,3530607,Mogi das Cruzes,3522120407773,2022-11-12,2022-11-30,353060,,1
2023,1,SP,São Paulo,3530607,Mogi das Cruzes,3522120407773,2022-11-12,2022-11-30,353060,,4
2023,1,SP,São Paulo,3530607,Mogi das Cruzes,3522120407773,2022-11-12,2022-11-30,353060,,1
2023,1,SP,São Paulo,3530607,Mogi das Cruzes,3522120407905,2022-11-12,2022-12-12,353060,,1
2023,1,SP,São Paulo,3530607,Mogi das Cruzes,3522120407905,2022-11-12,2022-12-12,353060,126 SERVICO DE FISIOTERAPIA / 004 ASSISTENCIA FISIOTERAPEUTICA CARDIOVASCULARES E PNEUMOFUNCI,3
2023,1,SP,São Paulo,3530607,Mogi das Cruzes,3522120407905,2022-11-12,2022-12-12,353060,126 SERVICO DE FISIOTERAPIA / 004 ASSISTENCIA FISIOTERAPEUTICA CARDIOVASCULARES E PNEUMOFUNCI,3
2023,1,SP,São Paulo,3530607,Mogi das Cruzes,3522120407905,2022-11-12,2022-12-12,353060,,5
2023,1,SP,São Paulo,3530607,Mogi das Cruzes,3522120407905,2022-11-12,2022-12-12,353060,,2
2023,1,SP,São Paulo,3530607,Mogi das Cruzes,3522120407905,2022-11-12,2022-12-12,353060,,2
2023,1,SP,São Paulo,3530607,Mogi das Cruzes,3522120407905,2022-11-12,2022-12-12,353060,,1
2023,1,SP,São Paulo,3530607,Mogi das Cruzes,3522120407905,2022-11-12,2022-12-12,353060,,2
2023,1,SP,São Paulo,3530607,Mogi das Cruzes,3522120407905,2022-11-12,2022-12-12,353060,126 SERVICO DE FISIOTERAPIA / 004 ASSISTENCIA FISIOTERAPEUTICA CARDIOVASCULARES E PNEUMOFUNCI,1
2023,1,SP,São Paulo,3530607,Mogi das Cruzes,3522120407905,2022-11-12,2022-12-12,353060,126 SERVICO DE FISIOTERAPIA / 004 ASSISTENCIA FISIOTERAPEUTICA CARDIOVASCULARES E PNEUMOFUNCI,1
2023,1,SP,São Paulo,3530607,Mogi das Cruzes,3522120407905,2022-11-12,2022-12-12,353060,,2
2023,1,SP,São Paulo,3530607,Mogi das Cruzes,3522120407905,2022-11-12,2022-12-12,353060,126 SERVICO DE FISIOTERAPIA / 004 ASSISTENCIA FISIOTERAPEUTICA CARDIOVASCULARES E PNEUMOFUNCI,1
2023,1,SP,São Paulo,3530607,Mogi das Cruzes,3522120407905,2022-11-12,2022-12-12,353060,126 SERVICO DE FISIOTERAPIA / 004 ASSISTENCIA FISIOTERAPEUTICA CARDIOVASCULARES E PNEUMOFUNCI,1
2023,1,SP,São Paulo,3530607,Mogi das Cruzes,3522120407905,2022-11-12,2022-12-12,353060,126 SERVICO DE FISIOTERAPIA / 004 ASSISTENCIA FISIOTERAPEUTICA CARDIOVASCULARES E PNEUMOFUNCI,2
2023,1,SP,São Paulo,3530607,Mogi das Cruzes,3522120407905,2022-11-12,2022-12-12,353060,126 SERVICO DE FISIOTERAPIA / 004 ASSISTENCIA FISIOTERAPEUTICA CARDIOVASCULARES E PNEUMOFUNCI,2
2023,1,SP,São Paulo,3530607,Mogi das Cruzes,3522120407905,2022-11-12,2022-12-12,353060,,5
2023,1,SP,São Paulo,3530607,Mogi das Cruzes,3522120407905,2022-11-12,2022-12-12,353060,,1
2023,1,SP,São Paulo,3530607,Mogi das Cruzes,3522120407905,2022-11-12,2022-12-12,353060,,1
2023,1,SP,São Paulo,3530607,Mogi das Cruzes,3522120407905,2022-11-12,2022-12-12,353060,,3
2023,1,SP,São Paulo,3550308,São Paulo,3522120408455,2022-09-20,2022-10-08,355030,,10
2023,1,SP,São Paulo,3522208,Itapecerica da Serra,3522120410017,2022-11-09,2023-01-09,352220,128 SERVICO DE HEMOTERAPIA / 004 MEDICINA TRANSFUSIONAL,1
2023,1,SP,São Paulo,3522208,Itapecerica da Serra,3522120410017,2022-11-09,2023-01-09,352220,128 SERVICO DE HEMOTERAPIA / 004 MEDICINA TRANSFUSIONAL,1
2023,1,SP,São Paulo,3530607,Mogi das Cruzes,3522120413812,2022-11-14,2022-12-13,353060,,5
2023,1,SP,São Paulo,3530607,Mogi das Cruzes,3522120413812,2022-11-14,2022-12-13,353060,,8
2023,1,SP,São Paulo,3530607,Mogi das Cruzes,3522120413812,2022-11-14,2022-12-13,353060,,1
2023,1,SP,São Paulo,3530607,Mogi das Cruzes,3522120413812,2022-11-14,2022-12-13,353060,,6
2023,1,SP,São Paulo,3530607,Mogi das Cruzes,3522120413812,2022-11-14,2022-12-13,353060,126 SERVICO DE FISIOTERAPIA / 007 ASSISTENCIA FISIOTERAPEUTICA NAS ALTERACOES EM NEUROLOGIA,8
2023,1,SP,São Paulo,3530607,Mogi das Cruzes,3522120413812,2022-11-14,2022-12-13,353060,126 SERVICO DE FISIOTERAPIA / 007 ASSISTENCIA FISIOTERAPEUTICA NAS ALTERACOES EM NEUROLOGIA,8
2023,1,SP,São Paulo,3530607,Mogi das Cruzes,3522120413812,2022-11-14,2022-12-13,353060,126 SERVICO DE FISIOTERAPIA / 004 ASSISTENCIA FISIOTERAPEUTICA CARDIOVASCULARES E PNEUMOFUNCI,1
2023,1,SP,São Paulo,3530607,Mogi das Cruzes,3522120413812,2022-11-14,2022-12-13,353060,126 SERVICO DE FISIOTERAPIA / 004 ASSISTENCIA FISIOTERAPEUTICA CARDIOVASCULARES E PNEUMOFUNCI,1
2023,1,SP,São Paulo,3530607,Mogi das Cruzes,3522120413812,2022-11-14,2022-12-13,353060,,1
2023,1,SP,São Paulo,3530607,Mogi das Cruzes,3522120413812,2022-11-14,2022-12-13,353060,,13
2023,1,SP,São Paulo,3530607,Mogi das Cruzes,3522120413812,2022-11-14,2022-12-13,353060,,13
2023,1,SP,São Paulo,3530607,Mogi das Cruzes,3522120413812,2022-11-14,2022-12-13,353060,128 SERVICO DE HEMOTERAPIA / 004 MEDICINA TRANSFUSIONAL,1
2023,1,SP,São Paulo,3530607,Mogi das Cruzes,3522120413812,2022-11-14,2022-12-13,353060,128 SERVICO DE HEMOTERAPIA / 004 MEDICINA TRANSFUSIONAL,1
2023,1,SP,São Paulo,3530607,Mogi das Cruzes,3522120413812,2022-11-14,2022-12-13,353060,,3
2023,1,SP,São Paulo,3530607,Mogi das Cruzes,3522120413812,2022-11-14,2022-12-13,353060,126 SERVICO DE FISIOTERAPIA / 004 ASSISTENCIA FISIOTERAPEUTICA CARDIOVASCULARES E PNEUMOFUNCI,2
2023,1,SP,São Paulo,3530607,Mogi das Cruzes,3522120413812,2022-11-14,2022-12-13,353060,126 SERVICO DE FISIOTERAPIA / 004 ASSISTENCIA FISIOTERAPEUTICA CARDIOVASCULARES E PNEUMOFUNCI,2
2023,1,SP,São Paulo,3530607,Mogi das Cruzes,3522120413812,2022-11-14,2022-12-13,353060,126 SERVICO DE FISIOTERAPIA / 007 ASSISTENCIA FISIOTERAPEUTICA NAS ALTERACOES EM NEUROLOGIA,8
2023,1,SP,São Paulo,3530607,Mogi das Cruzes,3522120413812,2022-11-14,2022-12-13,353060,126 SERVICO DE FISIOTERAPIA / 007 ASSISTENCIA FISIOTERAPEUTICA NAS ALTERACOES EM NEUROLOGIA,8
2023,1,SP,São Paulo,3530607,Mogi das Cruzes,3522120413812,2022-11-14,2022-12-13,353060,,3
2023,1,SP,São Paulo,3530607,Mogi das Cruzes,3522120413812,2022-11-14,2022-12-13,353060,,6
2023,1,SP,São Paulo,3530607,Mogi das Cruzes,3522120413812,2022-11-14,2022-12-13,353060,128 SERVICO DE HEMOTERAPIA / 004 MEDICINA TRANSFUSIONAL,2
2023,1,SP,São Paulo,3530607,Mogi das Cruzes,3522120413812,2022-11-14,2022-12-13,353060,128 SERVICO DE HEMOTERAPIA / 004 MEDICINA TRANSFUSIONAL,2
2023,1,SP,São Paulo,3530607,Mogi das Cruzes,3522120414076,2022-11-14,2022-12-14,353060,126 SERVICO DE FISIOTERAPIA / 007 ASSISTENCIA FISIOTERAPEUTICA NAS ALTERACOES EM NEUROLOGIA,4
2023,1,SP,São Paulo,3530607,Mogi das Cruzes,3522120414076,2022-11-14,2022-12-14,353060,126 SERVICO DE FISIOTERAPIA / 007 ASSISTENCIA FISIOTERAPEUTICA NAS ALTERACOES EM NEUROLOGIA,4
2023,1,SP,São Paulo,3530607,Mogi das Cruzes,3522120414076,2022-11-14,2022-12-14,353060,126 SERVICO DE FISIOTERAPIA / 007 ASSISTENCIA FISIOTERAPEUTICA NAS ALTERACOES EM NEUROLOGIA,1
2023,1,SP,São Paulo,3530607,Mogi das Cruzes,3522120414076,2022-11-14,2022-12-14,353060,126 SERVICO DE FISIOTERAPIA / 007 ASSISTENCIA FISIOTERAPEUTICA NAS ALTERACOES EM NEUROLOGIA,1
2023,1,SP,São Paulo,3530607,Mogi das Cruzes,3522120414076,2022-11-14,2022-12-14,353060,,1
2023,1,SP,São Paulo,3530607,Mogi das Cruzes,3522120414076,2022-11-14,2022-12-14,353060,,4
2023,1,SP,São Paulo,3530607,Mogi das Cruzes,3522120414076,2022-11-14,2022-12-14,353060,,1
2023,1,SP,São Paulo,3530607,Mogi das Cruzes,3522120414076,2022-11-14,2022-12-14,353060,126 SERVICO DE FISIOTERAPIA / 007 ASSISTENCIA FISIOTERAPEUTICA NAS ALTERACOES EM NEUROLOGIA,1
2023,1,SP,São Paulo,3530607,Mogi das Cruzes,3522120414076,2022-11-14,2022-12-14,353060,126 SERVICO DE FISIOTERAPIA / 007 ASSISTENCIA FISIOTERAPEUTICA NAS ALTERACOES EM NEUROLOGIA,1
2023,1,SP,São Paulo,3530607,Mogi das Cruzes,3522120414076,2022-11-14,2022-12-14,353060,,3
2023,1,SP,São Paulo,3530607,Mogi das Cruzes,3522120414076,2022-11-14,2022-12-14,353060,,1
2023,1,SP,São Paulo,3530607,Mogi das Cruzes,3522120414076,2022-11-14,2022-12-14,353060,,4
2023,1,SP,São Paulo,3530607,Mogi das Cruzes,3522120414076,2022-11-14,2022-12-14,353060,,2
2023,1,SP,São Paulo,3530607,Mogi das Cruzes,3522120414076,2022-11-14,2022-12-14,353060,126 SERVICO DE FISIOTERAPIA / 007 ASSISTENCIA FISIOTERAPEUTICA NAS ALTERACOES EM NEUROLOGIA,8
2023,1,SP,São Paulo,3530607,Mogi das Cruzes,3522120414076,2022-11-14,2022-12-14,353060,126 SERVICO DE FISIOTERAPIA / 007 ASSISTENCIA FISIOTERAPEUTICA NAS ALTERACOES EM NEUROLOGIA,8
2023,1,SP,São Paulo,3530607,Mogi das Cruzes,3522120414076,2022-11-14,2022-12-14,353060,,1
