mes,id_municipio,id_municipio_estabelecimento_aih_nome,id_aih,data_entrada_internacao,data_saida_iternacao,id_municipio_paciente,tipo_servico,quantidade_procedimentos,tempo_permanencia_dias,pib,quantidade_total,quantidade_sus,procedimentos_por_leito
5,3550308,São Paulo,3508100996268,2008-01-01,2023-05-31,355030,,0,5629,828980747000,19.2972972972973,10.716216216216216,0.0
5,3550308,São Paulo,3508100996565,2008-01-01,2023-05-31,355030,,0,5629,828980747000,19.2972972972973,10.716216216216216,0.0
5,3550308,São Paulo,3508100996928,2008-01-01,2023-05-31,355030,,0,5629,828980747000,19.2972972972973,10.716216216216216,0.0
5,3550308,São Paulo,3508100998160,2008-01-01,2023-05-31,355030,,0,5629,828980747000,19.2972972972973,10.716216216216216,0.0
5,3550308,São Paulo,3508101018598,2008-01-01,2023-05-31,355030,,0,5629,828980747000,19.2972972972973,10.716216216216216,0.0
5,3550308,São Paulo,3508101018610,2008-01-01,2023-05-31,355030,,0,5629,828980747000,19.2972972972973,10.716216216216216,0.0
5,3550308,São Paulo,3508101033580,2008-01-01,2023-05-31,355030,,0,5629,828980747000,19.2972972972973,10.716216216216216,0.0
5,3550308,São Paulo,3508101033635,2008-01-01,2023-05-31,355030,,0,5629,828980747000,19.2972972972973,10.716216216216216,0.0
5,3550308,São Paulo,3508101033921,2008-01-01,2023-05-31,355030,,0,5629,828980747000,19.2972972972973,10.716216216216216,0.0
5,3550308,São Paulo,3508101034207,2008-01-01,2023-05-31,355030,,0,5629,828980747000,19.2972972972973,10.716216216216216,0.0
5,3550308,São Paulo,3508101034262,2008-01-01,2023-05-31,355030,,0,5629,828980747000,19.2972972972973,10.716216216216216,0.0
5,3550308,São Paulo,3508101034405,2008-01-01,2023-05-31,355030,,0,5629,828980747000,19.2972972972973,10.716216216216216,0.0
5,3550308,São Paulo,3508101034450,2008-01-01,2023-05-31,355030,,0,5629,828980747000,19.2972972972973,10.716216216216216,0.0
5,3550308,São Paulo,3508101034560,2008-01-01,2023-05-31,355030,,0,5629,828980747000,19.2972972972973,10.716216216216216,0.0
5,3550308,São Paulo,3508101034570,2008-01-01,2023-05-31,355030,,0,5629,828980747000,19.2972972972973,10.716216216216216,0.0
5,3550308,São Paulo,3508101034670,2008-01-01,2023-05-31,355030,,0,5629,828980747000,19.2972972972973,10.716216216216216,0.0
5,3550308,São Paulo,3508101034780,2008-01-01,2023-05-31,355030,,0,5629,828980747000,19.2972972972973,10.716216216216216,0.0
5,3555000,Tupã,3508102990678,2008-01-01,2023-05-31,355030,,0,5629,2213337000,11.0,10.0,0.0
5,3555000,Tupã,3508102990843,2008-01-01,2023-05-31,352900,,0,5629,2213337000,11.0,10.0,0.0
5,3555000,Tupã,3508102990876,2008-01-01,2023-05-31,353010,,0,5629,2213337000,11.0,10.0,0.0
5,3555000,Tupã,3508102990898,2008-01-01,2023-05-31,355030,,0,5629,2213337000,11.0,10.0,0.0
5,3555000,Tupã,3508102991294,2008-01-01,2023-05-31,355030,,0,5629,2213337000,11.0,10.0,0.0
5,3555000,Tupã,3508102991382,2008-01-01,2023-05-31,355030,,0,5629,2213337000,11.0,10.0,0.0
5,3555000,Tupã,3508102991393,2008-01-01,2023-05-31,355030,,0,5629,2213337000,11.0,10.0,0.0
5,3555000,Tupã,3508102992218,2008-01-01,2023-05-31,351630,,0,5629,2213337000,11.0,10.0,0.0
5,3555000,Tupã,3508102992306,2008-01-01,2023-05-31,355430,,0,5629,2213337000,11.0,10.0,0.0
5,3555000,Tupã,3508102992471,2008-01-01,2023-05-31,355030,,0,5629,2213337000,11.0,10.0,0.0
5,3555000,Tupã,3508102992493,2008-01-01,2023-05-31,355500,,0,5629,2213337000,11.0,10.0,0.0
5,3555000,Tupã,3508102992526,2008-01-01,2023-05-31,355030,,0,5629,2213337000,11.0,10.0,0.0
5,3555000,Tupã,3508102992570,2008-01-01,2023-05-31,355500,,0,5629,2213337000,11.0,10.0,0.0
5,3555000,Tupã,3508102992647,2008-01-01,2023-05-31,351860,,0,5629,2213337000,11.0,10.0,0.0
5,3555000,Tupã,3508102992780,2008-01-01,2023-05-31,352900,,0,5629,2213337000,11.0,10.0,0.0
5,3555000,Tupã,3508102992812,2008-01-01,2023-05-31,355030,,0,5629,2213337000,11.0,10.0,0.0
5,3555000,Tupã,3508102992823,2008-01-01,2023-05-31,355030,,0,5629,2213337000,11.0,10.0,0.0
5,3555000,Tupã,3508102993010,2008-01-01,2023-05-31,355030,,0,5629,2213337000,11.0,10.0,0.0
5,3555000,Tupã,3508102993131,2008-01-01,2023-05-31,355500,,0,5629,2213337000,11.0,10.0,0.0
5,3555000,Tupã,3508102993263,2008-01-01,2023-05-31,351260,,0,5629,2213337000,11.0,10.0,0.0
5,3555000,Tupã,3508102993318,2008-01-01,2023-05-31,353010,,0,5629,2213337000,11.0,10.0,0.0
5,3555000,Tupã,3508102993483,2008-01-01,2023-05-31,350580,,0,5629,2213337000,11.0,10.0,0.0
5,3530805,Mogi Mirim,3508103540711,2008-01-01,2023-05-31,353080,,0,5629,6313564000,8.0,8.0,0.0
5,3530805,Mogi Mirim,3508103540920,2008-01-01,2023-05-31,353080,,0,5629,6313564000,8.0,8.0,0.0
5,3511102,Catanduva,3508103679476,2008-01-01,2023-05-31,351110,,0,5629,5218361000,7.666666666666667,4.333333333333333,0.0
5,3505500,Barretos,3508119103247,2008-11-07,2023-05-31,350550,,0,5318,5903516000,9.0,6.5,0.0
5,3555000,Tupã,3509104108598,2009-01-24,2023-05-31,350780,,0,5240,2213337000,11.0,10.0,0.0
5,3550308,São Paulo,3510120348141,2010-11-01,2023-05-31,355030,,0,4594,828980747000,19.2972972972973,10.716216216216216,0.0
5,3555000,Tupã,3511120019430,2011-09-03,2023-05-31,351470,,0,4288,2213337000,11.0,10.0,0.0
5,3555000,Tupã,3511124348677,2011-11-10,2023-05-31,353460,,0,4220,2213337000,11.0,10.0,0.0
5,3550308,São Paulo,3512106110711,2012-06-01,2023-05-31,355030,,0,4016,828980747000,19.2972972972973,10.716216216216216,0.0
5,3555000,Tupã,3512113145761,2012-06-19,2023-05-31,355660,,0,3998,2213337000,11.0,10.0,0.0
5,3555000,Tupã,3512115577300,2012-07-25,2023-05-31,350580,,0,3962,2213337000,11.0,10.0,0.0
5,3555000,Tupã,3513116843687,2013-09-07,2023-05-31,355500,,0,3553,2213337000,11.0,10.0,0.0
5,3503307,Araras,3513121639863,2013-10-01,2023-05-31,500270,,0,3529,6942567000,6.0,3.3333333333333335,0.0
5,3505500,Barretos,3514120433912,2014-11-01,2023-05-31,350550,,0,3133,5903516000,9.0,6.5,0.0
5,3555000,Tupã,3515101293726,2015-01-25,2023-05-31,350010,,0,3048,2213337000,11.0,10.0,0.0
5,3548708,São Bernardo do Campo,3516114962668,2016-12-01,2023-05-31,354870,,2,2372,58277014000,11.25,10.25,0.17777777777777778
5,3555000,Tupã,3517101771711,2017-02-15,2023-05-31,355030,,0,2296,2213337000,11.0,10.0,0.0
5,3555000,Tupã,3517101771722,2017-02-15,2023-05-31,412410,,0,2296,2213337000,11.0,10.0,0.0
5,3555000,Tupã,3517101773031,2017-04-12,2023-05-31,351820,,0,2240,2213337000,11.0,10.0,0.0
5,3555000,Tupã,3517101776298,2017-08-10,2023-05-31,355500,,0,2120,2213337000,11.0,10.0,0.0
5,3550308,São Paulo,3517108280774,2017-03-01,2023-05-31,355030,,0,2282,828980747000,19.2972972972973,10.716216216216216,0.0
5,3550308,São Paulo,3517121502620,2017-10-04,2023-05-31,355030,,0,2065,828980747000,19.2972972972973,10.716216216216216,0.0
5,3555000,Tupã,3518106175716,2018-03-27,2023-05-31,352080,,0,1891,2213337000,11.0,10.0,0.0
5,3555000,Tupã,3518106177212,2018-10-21,2023-05-31,350900,,0,1683,2213337000,11.0,10.0,0.0
5,3555000,Tupã,3518106177730,2018-12-20,2023-05-31,355500,,0,1623,2213337000,11.0,10.0,0.0
5,3548708,São Bernardo do Campo,3518124040200,2018-09-14,2023-05-03,354870,,0,1692,58277014000,11.25,10.25,0.0
5,3549904,São José dos Campos,3518134814700,2018-12-09,2023-05-31,352440,,0,1634,45208808000,16.0,13.75,0.0
5,3550308,São Paulo,3519101507779,2019-01-01,2023-05-31,355030,,0,1611,828980747000,19.2972972972973,10.716216216216216,0.0
5,3550308,São Paulo,3519101507890,2019-01-01,2023-05-31,355030,,0,1611,828980747000,19.2972972972973,10.716216216216216,0.0
5,3550308,São Paulo,3519101507988,2019-01-01,2023-05-31,355030,,0,1611,828980747000,19.2972972972973,10.716216216216216,0.0
5,3550308,São Paulo,3519101508010,2019-01-01,2023-05-31,355030,,0,1611,828980747000,19.2972972972973,10.716216216216216,0.0
5,3550308,São Paulo,3519101508076,2019-01-01,2023-05-31,355030,,0,1611,828980747000,19.2972972972973,10.716216216216216,0.0
5,3550308,São Paulo,3519101508153,2019-01-01,2023-05-31,355030,,0,1611,828980747000,19.2972972972973,10.716216216216216,0.0
5,3505500,Barretos,3519101841739,2019-11-01,2023-05-31,350550,,0,1307,5903516000,9.0,6.5,0.0
5,3555000,Tupã,3519103455538,2019-04-29,2023-05-31,354440,,0,1493,2213337000,11.0,10.0,0.0
5,3548708,São Bernardo do Campo,3519107921868,2019-08-20,2023-05-31,354870,,3,1380,58277014000,11.25,10.25,0.26666666666666666
5,3548708,São Bernardo do Campo,3519107921989,2019-10-11,2023-05-31,354870,,0,1328,58277014000,11.25,10.25,0.0
5,3550308,São Paulo,3519117001125,2019-08-07,2023-05-31,355030,,0,1393,828980747000,19.2972972972973,10.716216216216216,0.0
5,3525300,Jaú,3519117767396,2019-08-01,2023-05-31,352530,,0,1399,5582395000,18.0,10.0,0.0
5,3525300,Jaú,3519117768530,2019-08-01,2023-04-30,352530,,0,1368,5582395000,18.0,10.0,0.0
5,3525300,Jaú,3519117768870,2019-08-01,2023-04-30,350680,,0,1368,5582395000,18.0,10.0,0.0
5,3525300,Jaú,3519117768947,2019-08-01,2023-04-30,350600,,0,1368,5582395000,18.0,10.0,0.0
5,3525300,Jaú,3519117769123,2019-08-01,2023-05-31,350600,,0,1399,5582395000,18.0,10.0,0.0
5,3525300,Jaú,3519117769255,2019-08-01,2023-04-30,350070,,0,1368,5582395000,18.0,10.0,0.0
5,3525300,Jaú,3519117769255,2019-08-01,2023-05-31,350070,,0,1399,5582395000,18.0,10.0,0.0
5,3525300,Jaú,3519117769552,2019-08-01,2023-05-31,352530,,0,1399,5582395000,18.0,10.0,0.0
5,3525300,Jaú,3519117769904,2019-08-01,2023-05-31,350600,,0,1399,5582395000,18.0,10.0,0.0
5,3529005,Marília,3519123321615,2019-08-01,2023-05-31,352900,,0,1399,9756006000,14.333333333333334,12.666666666666666,0.0
5,3550308,São Paulo,3520101855567,2020-01-07,2023-05-31,355030,,0,1240,828980747000,19.2972972972973,10.716216216216216,0.0
5,3543402,Ribeirão Preto,3520109749717,2020-04-01,2023-05-31,354340,,0,1155,39955306000,10.6,7.5,0.0
5,3550308,São Paulo,3520116045017,2020-07-13,2023-05-31,355030,,0,1052,828980747000,19.2972972972973,10.716216216216216,0.0
5,3549904,São José dos Campos,3520126858457,2020-12-26,2023-05-31,354990,,0,886,45208808000,16.0,13.75,0.0
5,3505500,Barretos,3521102074149,2021-10-01,2023-05-31,350550,,0,607,5903516000,9.0,6.5,0.0
5,3555000,Tupã,3521103611575,2021-08-21,2023-05-31,350600,,0,648,2213337000,11.0,10.0,0.0
5,3555000,Tupã,3521103611620,2021-09-08,2023-05-31,352600,,0,630,2213337000,11.0,10.0,0.0
5,3555000,Tupã,3521103611861,2021-11-22,2023-05-31,355700,,0,555,2213337000,11.0,10.0,0.0
5,3548708,São Bernardo do Campo,3521108128440,2021-07-16,2023-05-30,354870,,1,683,58277014000,11.25,10.25,0.08888888888888889
5,3525300,Jaú,3521110822450,2021-04-09,2023-04-30,353670,,0,751,5582395000,18.0,10.0,0.0
5,3550308,São Paulo,3521114334551,2021-06-10,2023-05-31,355030,,0,720,828980747000,19.2972972972973,10.716216216216216,0.0
5,3550308,São Paulo,3521114349203,2021-06-01,2023-05-31,355030,,0,729,828980747000,19.2972972972973,10.716216216216216,0.0
5,3543402,Ribeirão Preto,3521115418777,2021-05-20,2023-05-31,354340,,1,741,39955306000,10.6,7.5,0.09433962264150944
5,3525300,Jaú,3522100206757,2022-02-09,2023-05-31,350600,,0,476,5582395000,18.0,10.0,0.0
5,3505500,Barretos,3522102105874,2022-06-01,2023-05-31,350550,,0,364,5903516000,9.0,6.5,0.0
5,3555000,Tupã,3522103623093,2022-03-02,2023-05-31,355500,,0,455,2213337000,11.0,10.0,0.0
5,3555000,Tupã,3522103623104,2022-03-03,2023-05-31,355500,,0,454,2213337000,11.0,10.0,0.0
5,3550308,São Paulo,3522104654300,2023-03-15,2023-03-16,355030,,1,1,828980747000,19.2972972972973,10.716216216216216,0.05182072829131652
5,3530805,Mogi Mirim,3522108327518,2022-11-30,2022-12-09,353080,,1,9,6313564000,8.0,8.0,0.125
5,3530805,Mogi Mirim,3522108327518,2022-11-30,2022-12-09,353080,,8,9,6313564000,8.0,8.0,1.0
5,3548708,São Bernardo do Campo,3522108429543,2022-05-24,2023-05-31,354870,126 SERVICO DE FISIOTERAPIA / 002 ASSISTENCIA FISIOTERAPEUTICA EM ALTERACOES ONCOLOGICAS,5,372,58277014000,11.25,10.25,0.4444444444444444
5,3548708,São Bernardo do Campo,3522108429543,2022-05-24,2023-05-31,354870,126 SERVICO DE FISIOTERAPIA / 007 ASSISTENCIA FISIOTERAPEUTICA NAS ALTERACOES EM NEUROLOGIA,5,372,58277014000,11.25,10.25,0.4444444444444444
5,3548708,São Bernardo do Campo,3522108429675,2022-07-05,2023-05-31,354870,,0,330,58277014000,11.25,10.25,0.0
5,3548708,São Bernardo do Campo,3522108429741,2022-07-29,2023-05-31,354870,126 SERVICO DE FISIOTERAPIA / 007 ASSISTENCIA FISIOTERAPEUTICA NAS ALTERACOES EM NEUROLOGIA,5,306,58277014000,11.25,10.25,0.4444444444444444
5,3548708,São Bernardo do Campo,3522108429741,2022-07-29,2023-05-31,354870,,8,306,58277014000,11.25,10.25,0.7111111111111111
5,3550308,São Paulo,3522111341947,2022-07-05,2023-05-31,355030,,0,330,828980747000,19.2972972972973,10.716216216216216,0.0
5,3500709,Agudos,3522117576131,2023-05-03,2023-05-04,350070,,0,1,2638623000,6.0,5.0,0.0
5,3545803,Santa Bárbara d'Oeste,3522117657620,2023-05-27,2023-05-27,354580,,0,0,7825507000,13.5,10.0,0.0
5,3513801,Diadema,3522120300567,2022-12-10,2023-01-03,351380,,1,24,18484356000,1.5,1.0,0.6666666666666666
5,3513801,Diadema,3522120300567,2022-12-10,2023-01-03,351380,135 SERVICO DE REABILITACAO / 003 REABILITACAO FISICA,1,24,18484356000,1.5,1.0,0.6666666666666666
5,3550308,São Paulo,3522120480505,2022-12-20,2023-01-03,351060,126 SERVICO DE FISIOTERAPIA / 004 ASSISTENCIA FISIOTERAPEUTICA CARDIOVASCULARES E PNEUMOFUNCI,9,14,828980747000,19.2972972972973,10.716216216216216,0.4663865546218487
5,3550308,São Paulo,3522120480505,2022-12-20,2023-01-03,351060,113 SERVICO DE ATENCAO DOMICILIAR / 001 ASSISTENCIA DOMICILIAR,2,14,828980747000,19.2972972972973,10.716216216216216,0.10364145658263305
5,3550308,São Paulo,3522120480505,2022-12-20,2023-01-03,351060,126 SERVICO DE FISIOTERAPIA / 002 ASSISTENCIA FISIOTERAPEUTICA EM ALTERACOES ONCOLOGICAS,8,14,828980747000,19.2972972972973,10.716216216216216,0.4145658263305322
5,3550308,São Paulo,3522120480505,2022-12-20,2023-01-03,351060,113 SERVICO DE ATENCAO DOMICILIAR / 001 ASSISTENCIA DOMICILIAR,8,14,828980747000,19.2972972972973,10.716216216216216,0.4145658263305322
5,3550308,São Paulo,3522120480593,2022-12-03,2023-03-22,355030,113 SERVICO DE ATENCAO DOMICILIAR / 001 ASSISTENCIA DOMICILIAR,1,109,828980747000,19.2972972972973,10.716216216216216,0.05182072829131652
5,3550308,São Paulo,3522120480637,2022-11-23,2023-03-14,355030,113 SERVICO DE ATENCAO DOMICILIAR / 001 ASSISTENCIA DOMICILIAR,14,111,828980747000,19.2972972972973,10.716216216216216,0.7254901960784313
5,3550308,São Paulo,3522120480637,2022-11-23,2023-03-14,355030,113 SERVICO DE ATENCAO DOMICILIAR / 001 ASSISTENCIA DOMICILIAR,69,111,828980747000,19.2972972972973,10.716216216216216,3.57563025210084
5,3550308,São Paulo,3522120480637,2022-11-23,2023-03-14,355030,113 SERVICO DE ATENCAO DOMICILIAR / 001 ASSISTENCIA DOMICILIAR,41,111,828980747000,19.2972972972973,10.716216216216216,2.1246498599439776
5,3550308,São Paulo,3522120480637,2022-11-23,2023-03-14,355030,126 SERVICO DE FISIOTERAPIA / 002 ASSISTENCIA FISIOTERAPEUTICA EM ALTERACOES ONCOLOGICAS,43,111,828980747000,19.2972972972973,10.716216216216216,2.2282913165266107
5,3550308,São Paulo,3522120480637,2022-11-23,2023-03-14,355030,126 SERVICO DE FISIOTERAPIA / 007 ASSISTENCIA FISIOTERAPEUTICA NAS ALTERACOES EM NEUROLOGIA,13,111,828980747000,19.2972972972973,10.716216216216216,0.6736694677871148
5,3550308,São Paulo,3522120480637,2022-11-23,2023-03-14,355030,126 SERVICO DE FISIOTERAPIA / 007 ASSISTENCIA FISIOTERAPEUTICA NAS ALTERACOES EM NEUROLOGIA,41,111,828980747000,19.2972972972973,10.716216216216216,2.1246498599439776
5,3550308,São Paulo,3522120480637,2022-11-23,2023-03-14,355030,126 SERVICO DE FISIOTERAPIA / 002 ASSISTENCIA FISIOTERAPEUTICA EM ALTERACOES ONCOLOGICAS,59,111,828980747000,19.2972972972973,10.716216216216216,3.057422969187675
5,3550308,São Paulo,3522120480637,2022-11-23,2023-03-14,355030,113 SERVICO DE ATENCAO DOMICILIAR / 001 ASSISTENCIA DOMICILIAR,6,111,828980747000,19.2972972972973,10.716216216216216,0.31092436974789917
5,3550308,São Paulo,3522120542446,2022-11-10,2023-05-31,355030,,0,202,828980747000,19.2972972972973,10.716216216216216,0.0
5,3530607,Mogi das Cruzes,3522120950062,2022-12-21,2023-01-04,353060,,1,14,19604517000,13.0,4.0,0.07692307692307693
5,3530607,Mogi das Cruzes,3522120950062,2022-12-21,2023-01-04,353060,126 SERVICO DE FISIOTERAPIA / 007 ASSISTENCIA FISIOTERAPEUTICA NAS ALTERACOES EM NEUROLOGIA,2,14,19604517000,13.0,4.0,0.15384615384615385
5,3530607,Mogi das Cruzes,3522120950062,2022-12-21,2023-01-04,353060,,3,14,19604517000,13.0,4.0,0.23076923076923078
5,3530607,Mogi das Cruzes,3522120950062,2022-12-21,2023-01-04,353060,,5,14,19604517000,13.0,4.0,0.38461538461538464
5,3530607,Mogi das Cruzes,3522120950062,2022-12-21,2023-01-04,353060,,2,14,19604517000,13.0,4.0,0.15384615384615385
5,3550308,São Paulo,3522120985163,2022-12-20,2022-12-20,355030,,0,0,828980747000,19.2972972972973,10.716216216216216,0.0
5,3550308,São Paulo,3522120985174,2022-12-22,2022-12-22,355030,,1,0,828980747000,19.2972972972973,10.716216216216216,0.05182072829131652
5,3530607,Mogi das Cruzes,3522121012256,2022-12-31,2023-01-12,350660,,1,12,19604517000,13.0,4.0,0.07692307692307693
5,3530607,Mogi das Cruzes,3522121012256,2022-12-31,2023-01-12,350660,,5,12,19604517000,13.0,4.0,0.38461538461538464
5,3530607,Mogi das Cruzes,3522121012256,2022-12-31,2023-01-12,350660,,2,12,19604517000,13.0,4.0,0.15384615384615385
5,3530607,Mogi das Cruzes,3522121012256,2022-12-31,2023-01-12,350660,128 SERVICO DE HEMOTERAPIA / 004 MEDICINA TRANSFUSIONAL,2,12,19604517000,13.0,4.0,0.15384615384615385
5,3530607,Mogi das Cruzes,3522121012256,2022-12-31,2023-01-12,350660,,3,12,19604517000,13.0,4.0,0.23076923076923078
5,3530607,Mogi das Cruzes,3522121012256,2022-12-31,2023-01-12,350660,,6,12,19604517000,13.0,4.0,0.46153846153846156
5,3530607,Mogi das Cruzes,3522121012256,2022-12-31,2023-01-12,350660,,7,12,19604517000,13.0,4.0,0.5384615384615384
5,3530607,Mogi das Cruzes,3522121012355,2022-12-31,2023-01-25,355030,,2,25,19604517000,13.0,4.0,0.15384615384615385
5,3530607,Mogi das Cruzes,3522121012355,2022-12-31,2023-01-25,355030,126 SERVICO DE FISIOTERAPIA / 007 ASSISTENCIA FISIOTERAPEUTICA NAS ALTERACOES EM NEUROLOGIA,1,25,19604517000,13.0,4.0,0.07692307692307693
5,3530607,Mogi das Cruzes,3522121012355,2022-12-31,2023-01-25,355030,,0,25,19604517000,13.0,4.0,0.0
5,3530607,Mogi das Cruzes,3522121012355,2022-12-31,2023-01-25,355030,,7,25,19604517000,13.0,4.0,0.5384615384615384
5,3530607,Mogi das Cruzes,3522121012355,2022-12-31,2023-01-25,355030,,8,25,19604517000,13.0,4.0,0.6153846153846154
5,3530607,Mogi das Cruzes,3522121012355,2022-12-31,2023-01-25,355030,126 SERVICO DE FISIOTERAPIA / 007 ASSISTENCIA FISIOTERAPEUTICA NAS ALTERACOES EM NEUROLOGIA,4,25,19604517000,13.0,4.0,0.3076923076923077
5,3530607,Mogi das Cruzes,3522121012355,2022-12-31,2023-01-25,355030,126 SERVICO DE FISIOTERAPIA / 007 ASSISTENCIA FISIOTERAPEUTICA NAS ALTERACOES EM NEUROLOGIA,2,25,19604517000,13.0,4.0,0.15384615384615385
5,3530607,Mogi das Cruzes,3522121012355,2022-12-31,2023-01-25,355030,,4,25,19604517000,13.0,4.0,0.3076923076923077
5,3530607,Mogi das Cruzes,3522121012355,2022-12-31,2023-01-25,355030,,1,25,19604517000,13.0,4.0,0.07692307692307693
5,3551702,Sertãozinho,3522122588578,2023-05-04,2023-05-05,355170,,0,1,7109022000,4.5,1.0,0.0
5,3506003,Bauru,3522124891714,2022-12-24,2023-02-26,350830,,1,64,16721368000,6.75,5.25,0.14814814814814814
5,3506003,Bauru,3522124891714,2022-12-24,2023-02-26,350830,,0,64,16721368000,6.75,5.25,0.0
5,3506003,Bauru,3522124892484,2022-12-24,2023-04-10,350600,,13,107,16721368000,6.75,5.25,1.9259259259259258
5,3506003,Bauru,3522124892484,2022-12-24,2023-04-10,350600,,6,107,16721368000,6.75,5.25,0.8888888888888888
5,3506003,Bauru,3522124892484,2022-12-24,2023-04-10,350600,,4,107,16721368000,6.75,5.25,0.5925925925925926
5,3525300,Jaú,3522125387198,2023-05-30,2023-05-31,352530,,0,1,5582395000,18.0,10.0,0.0
5,3536208,Pariquera-Açu,3522125886224,2022-10-26,2023-05-19,354260,128 SERVICO DE HEMOTERAPIA / 004 MEDICINA TRANSFUSIONAL,1,205,586024000,7.0,7.0,0.14285714285714285
5,3536208,Pariquera-Açu,3522125886224,2022-10-26,2023-05-19,354260,,3,205,586024000,7.0,7.0,0.42857142857142855
5,3536208,Pariquera-Açu,3522125886224,2022-10-26,2023-05-19,354260,128 SERVICO DE HEMOTERAPIA / 004 MEDICINA TRANSFUSIONAL,2,205,586024000,7.0,7.0,0.2857142857142857
5,3550308,São Paulo,3522126318250,2022-11-10,2023-02-16,355030,,0,98,828980747000,19.2972972972973,10.716216216216216,0.0
5,3550308,São Paulo,3522126318250,2022-11-10,2023-02-16,355030,,2,98,828980747000,19.2972972972973,10.716216216216216,0.10364145658263305
5,3550308,São Paulo,3522126318250,2022-11-10,2023-02-16,355030,,1,98,828980747000,19.2972972972973,10.716216216216216,0.05182072829131652
5,3550308,São Paulo,3522126318250,2022-11-10,2023-02-16,355030,,10,98,828980747000,19.2972972972973,10.716216216216216,0.5182072829131652
5,3550308,São Paulo,3522126318250,2022-11-10,2023-02-16,355030,,6,98,828980747000,19.2972972972973,10.716216216216216,0.31092436974789917
5,3550308,São Paulo,3522126318250,2022-11-10,2023-02-16,355030,,3,98,828980747000,19.2972972972973,10.716216216216216,0.15546218487394958
5,3550308,São Paulo,3522126630220,2022-12-16,2023-05-08,355030,,6,143,828980747000,19.2972972972973,10.716216216216216,0.31092436974789917
5,3550308,São Paulo,3522126630220,2022-12-16,2023-05-08,355030,,24,143,828980747000,19.2972972972973,10.716216216216216,1.2436974789915967
5,3551702,Sertãozinho,3522126858217,2023-05-22,2023-05-23,355170,,0,1,7109022000,4.5,1.0,0.0
5,3518800,Guarulhos,3522128123833,2022-12-31,2023-03-06,351880,,1,65,77376425000,20.8,17.8,0.04807692307692307
5,3518800,Guarulhos,3522128123833,2022-12-31,2023-03-06,351880,126 SERVICO DE FISIOTERAPIA / 004 ASSISTENCIA FISIOTERAPEUTICA CARDIOVASCULARES E PNEUMOFUNCI,30,65,77376425000,20.8,17.8,1.4423076923076923
5,3504503,Avaré,3522128423297,2022-11-30,2022-12-02,352860,,0,2,3278922000,17.0,12.0,0.0
5,3504503,Avaré,3522128423320,2022-11-29,2022-12-01,350450,,0,2,3278922000,17.0,12.0,0.0
5,3504503,Avaré,3522128423352,2022-11-30,2022-12-01,500270,,0,1,3278922000,17.0,12.0,0.0
5,3504503,Avaré,3522128423396,2022-11-29,2022-12-03,350450,,0,4,3278922000,17.0,12.0,0.0
5,3504503,Avaré,3522128423429,2022-11-30,2022-12-02,355300,,0,2,3278922000,17.0,12.0,0.0
5,3504503,Avaré,3522128423583,2022-11-30,2022-12-01,350450,,0,1,3278922000,17.0,12.0,0.0
5,3504503,Avaré,3522128423715,2022-11-24,2022-12-03,350450,128 SERVICO DE HEMOTERAPIA / 004 MEDICINA TRANSFUSIONAL,2,9,3278922000,17.0,12.0,0.11764705882352941
5,3504503,Avaré,3522128423715,2022-11-24,2022-12-03,350450,,0,9,3278922000,17.0,12.0,0.0
5,3504503,Avaré,3522128423760,2022-12-04,2022-12-07,350450,,0,3,3278922000,17.0,12.0,0.0
5,3504503,Avaré,3522128423770,2022-12-04,2022-12-07,351925,,0,3,3278922000,17.0,12.0,0.0
5,3504503,Avaré,3522128423781,2022-12-05,2022-12-07,350450,,0,2,3278922000,17.0,12.0,0.0
5,3504503,Avaré,3522128423792,2022-12-07,2022-12-07,352180,,0,0,3278922000,17.0,12.0,0.0
5,3504503,Avaré,3522128423902,2022-12-03,2022-12-07,350450,,0,4,3278922000,17.0,12.0,0.0
5,3504503,Avaré,3522128423968,2022-12-01,2022-12-07,352180,,0,6,3278922000,17.0,12.0,0.0
5,3504503,Avaré,3522128424200,2022-11-28,2022-12-01,350450,,0,3,3278922000,17.0,12.0,0.0
5,3504503,Avaré,3522128424200,2022-11-28,2022-12-01,350450,,4,3,3278922000,17.0,12.0,0.23529411764705882
5,3504503,Avaré,3522128424310,2022-12-06,2022-12-08,350450,,2,2,3278922000,17.0,12.0,0.11764705882352941
5,3504503,Avaré,3522128424364,2022-12-05,2022-12-07,350310,,0,2,3278922000,17.0,12.0,0.0
5,3504503,Avaré,3522128424397,2022-12-02,2022-12-05,350450,,0,3,3278922000,17.0,12.0,0.0
5,3504503,Avaré,3522128424419,2022-11-29,2022-12-01,350450,,0,2,3278922000,17.0,12.0,0.0
5,3504503,Avaré,3522128424420,2022-12-01,2022-12-05,350450,,0,4,3278922000,17.0,12.0,0.0
5,3504503,Avaré,3522128424452,2022-12-02,2022-12-04,352860,,0,2,3278922000,17.0,12.0,0.0
5,3504503,Avaré,3522128424452,2022-12-02,2022-12-04,352860,,1,2,3278922000,17.0,12.0,0.058823529411764705
5,3504503,Avaré,3522128424496,2022-11-29,2022-12-02,352860,,0,3,3278922000,17.0,12.0,0.0
5,3504503,Avaré,3522128424507,2022-11-30,2022-12-01,350450,,0,1,3278922000,17.0,12.0,0.0
5,3504503,Avaré,3522128424530,2022-12-05,2022-12-09,350450,,2,4,3278922000,17.0,12.0,0.11764705882352941
5,3504503,Avaré,3522128424650,2022-10-11,2022-12-03,350450,,80,53,3278922000,17.0,12.0,4.705882352941177
5,3504503,Avaré,3522128424672,2022-12-09,2022-12-11,352860,,0,2,3278922000,17.0,12.0,0.0
5,3504503,Avaré,3522128424694,2022-12-09,2022-12-11,350450,,2,2,3278922000,17.0,12.0,0.11764705882352941
5,3504503,Avaré,3522128424694,2022-12-09,2022-12-11,350450,,0,2,3278922000,17.0,12.0,0.0
5,3504503,Avaré,3522128424716,2022-12-09,2022-12-11,350450,,0,2,3278922000,17.0,12.0,0.0
5,3504503,Avaré,3522128424750,2022-12-01,2022-12-10,350450,,0,9,3278922000,17.0,12.0,0.0
5,3504503,Avaré,3522128424760,2022-12-09,2022-12-10,350450,,0,1,3278922000,17.0,12.0,0.0
5,3504503,Avaré,3522128424782,2022-12-09,2022-12-11,350055,,0,2,3278922000,17.0,12.0,0.0
5,3504503,Avaré,3522128424793,2022-12-10,2022-12-11,350310,,1,1,3278922000,17.0,12.0,0.058823529411764705
5,3504503,Avaré,3522128424815,2022-12-08,2022-12-10,351140,,0,2,3278922000,17.0,12.0,0.0
5,3504503,Avaré,3522128424848,2022-11-26,2022-12-08,350450,,0,12,3278922000,17.0,12.0,0.0
5,3504503,Avaré,3522128424859,2022-12-07,2022-12-09,350450,,0,2,3278922000,17.0,12.0,0.0
5,3504503,Avaré,3522128424881,2022-12-08,2022-12-09,350450,,2,1,3278922000,17.0,12.0,0.11764705882352941
5,3504503,Avaré,3522128425112,2022-12-12,2022-12-12,350450,,0,0,3278922000,17.0,12.0,0.0
5,3504503,Avaré,3522128425321,2022-11-16,2022-12-11,350055,,19,25,3278922000,17.0,12.0,1.1176470588235294
5,3504503,Avaré,3522128425321,2022-11-16,2022-12-11,350055,,0,25,3278922000,17.0,12.0,0.0
5,3504503,Avaré,3522128425365,2022-11-29,2022-12-10,351260,,0,11,3278922000,17.0,12.0,0.0
5,3504503,Avaré,3522128425376,2022-11-25,2022-12-09,350450,,0,14,3278922000,17.0,12.0,0.0
5,3504503,Avaré,3522128425376,2022-11-25,2022-12-09,350450,,7,14,3278922000,17.0,12.0,0.4117647058823529
5,3504503,Avaré,3522128425387,2022-12-01,2022-12-07,351925,,0,6,3278922000,17.0,12.0,0.0
5,3504503,Avaré,3522128425398,2022-12-07,2022-12-08,351540,,0,1,3278922000,17.0,12.0,0.0
5,3504503,Avaré,3522128425409,2022-12-05,2022-12-08,351925,,0,3,3278922000,17.0,12.0,0.0
5,3504503,Avaré,3522128425410,2022-12-07,2022-12-08,353580,,0,1,3278922000,17.0,12.0,0.0
5,3504503,Avaré,3522128425420,2022-12-07,2022-12-08,353880,,0,1,3278922000,17.0,12.0,0.0
5,3504503,Avaré,3522128425464,2022-12-05,2022-12-05,353580,,0,0,3278922000,17.0,12.0,0.0
5,3504503,Avaré,3522128425508,2022-12-01,2022-12-06,350450,,0,5,3278922000,17.0,12.0,0.0
5,3504503,Avaré,3522128425530,2022-12-04,2022-12-14,350450,,0,10,3278922000,17.0,12.0,0.0
5,3504503,Avaré,3522128425541,2022-12-11,2022-12-13,350450,,0,2,3278922000,17.0,12.0,0.0
5,3504503,Avaré,3522128425585,2022-11-25,2022-12-01,350450,,0,6,3278922000,17.0,12.0,0.0
5,3504503,Avaré,3522128425629,2022-12-12,2022-12-14,352180,,0,2,3278922000,17.0,12.0,0.0
5,3504503,Avaré,3522128425651,2022-12-07,2022-12-13,350450,,0,6,3278922000,17.0,12.0,0.0
5,3504503,Avaré,3522128425706,2022-12-05,2022-12-05,350450,,0,0,3278922000,17.0,12.0,0.0
5,3504503,Avaré,3522128425728,2022-12-10,2022-12-10,350450,,0,0,3278922000,17.0,12.0,0.0
5,3504503,Avaré,3522128425739,2022-12-12,2022-12-12,350450,,0,0,3278922000,17.0,12.0,0.0
5,3504503,Avaré,3522128425761,2022-12-12,2022-12-12,352180,,0,0,3278922000,17.0,12.0,0.0
5,3504503,Avaré,3522128425772,2022-12-11,2022-12-12,350450,,0,1,3278922000,17.0,12.0,0.0
5,3504503,Avaré,3522128425805,2022-12-14,2022-12-14,353580,,0,0,3278922000,17.0,12.0,0.0
5,3504503,Avaré,3522128425838,2022-09-23,2022-12-12,350450,,19,80,3278922000,17.0,12.0,1.1176470588235294
5,3504503,Avaré,3522128425850,2022-11-29,2022-12-06,350450,128 SERVICO DE HEMOTERAPIA / 004 MEDICINA TRANSFUSIONAL,5,7,3278922000,17.0,12.0,0.29411764705882354
5,3504503,Avaré,3522128425904,2022-12-08,2022-12-09,351925,,0,1,3278922000,17.0,12.0,0.0
5,3504503,Avaré,3522128425904,2022-12-08,2022-12-09,351925,,1,1,3278922000,17.0,12.0,0.058823529411764705
5,3504503,Avaré,3522128425915,2022-12-05,2022-12-08,350450,,0,3,3278922000,17.0,12.0,0.0
5,3504503,Avaré,3522128425959,2022-12-01,2022-12-03,350450,,0,2,3278922000,17.0,12.0,0.0
5,3504503,Avaré,3522128426058,2022-12-01,2022-12-03,350055,,0,2,3278922000,17.0,12.0,0.0
5,3504503,Avaré,3522128426091,2022-12-23,2022-12-25,350450,,0,2,3278922000,17.0,12.0,0.0
5,3504503,Avaré,3522128426113,2022-12-22,2022-12-25,350450,,0,3,3278922000,17.0,12.0,0.0
5,3504503,Avaré,3522128426146,2022-12-21,2022-12-23,351925,,0,2,3278922000,17.0,12.0,0.0
5,3504503,Avaré,3522128426157,2022-12-21,2022-12-23,350450,,0,2,3278922000,17.0,12.0,0.0
5,3505500,Barretos,3522128521560,2022-11-24,2023-01-09,350550,,4,46,5903516000,9.0,6.5,0.4444444444444444
5,3505500,Barretos,3522128531295,2022-12-08,2022-12-10,350550,,0,2,5903516000,9.0,6.5,0.0
5,3505500,Barretos,3522128531779,2022-12-05,2022-12-15,350550,,1,10,5903516000,9.0,6.5,0.1111111111111111
5,3505500,Barretos,3522128531779,2022-12-05,2022-12-15,350550,,0,10,5903516000,9.0,6.5,0.0
5,3505500,Barretos,3522128532483,2022-12-05,2022-12-24,351740,,6,19,5903516000,9.0,6.5,0.6666666666666666
5,3505500,Barretos,3522128533077,2022-12-01,2022-12-02,350550,,0,1,5903516000,9.0,6.5,0.0
5,3505500,Barretos,3522128533396,2022-12-08,2022-12-19,350550,,0,11,5903516000,9.0,6.5,0.0
5,3505500,Barretos,3522128533440,2022-12-06,2022-12-11,351200,,0,5,5903516000,9.0,6.5,0.0
5,3505500,Barretos,3522128533528,2022-12-23,2023-01-19,353150,,0,27,5903516000,9.0,6.5,0.0
5,3505500,Barretos,3522128533528,2022-12-23,2023-01-19,353150,,15,27,5903516000,9.0,6.5,1.6666666666666667
5,3505500,Barretos,3522128533528,2022-12-23,2023-01-19,353150,,1,27,5903516000,9.0,6.5,0.1111111111111111
5,3505500,Barretos,3522128533693,2022-12-12,2022-12-23,351210,,0,11,5903516000,9.0,6.5,0.0
5,3505500,Barretos,3522128533693,2022-12-12,2022-12-23,351210,,1,11,5903516000,9.0,6.5,0.1111111111111111
5,3505500,Barretos,3522128533726,2022-12-12,2023-01-04,355680,,1,23,5903516000,9.0,6.5,0.1111111111111111
5,3505500,Barretos,3522128533726,2022-12-12,2023-01-04,355680,,2,23,5903516000,9.0,6.5,0.2222222222222222
5,3505500,Barretos,3522128533726,2022-12-12,2023-01-04,355680,,7,23,5903516000,9.0,6.5,0.7777777777777778
5,3505500,Barretos,3522128533814,2022-12-12,2022-12-14,350550,,1,2,5903516000,9.0,6.5,0.1111111111111111
5,3505500,Barretos,3522128533814,2022-12-12,2022-12-14,350550,,2,2,5903516000,9.0,6.5,0.2222222222222222
5,3505500,Barretos,3522128533902,2022-12-12,2022-12-17,350550,,1,5,5903516000,9.0,6.5,0.1111111111111111
5,3505500,Barretos,3522128534386,2022-12-14,2022-12-18,350550,,0,4,5903516000,9.0,6.5,0.0
5,3505500,Barretos,3522128534628,2022-12-14,2022-12-18,350550,,1,4,5903516000,9.0,6.5,0.1111111111111111
5,3505500,Barretos,3522128534628,2022-12-14,2022-12-18,350550,,0,4,5903516000,9.0,6.5,0.0
5,3550308,São Paulo,3522130378547,2022-12-20,2023-01-10,355030,,3,21,828980747000,19.2972972972973,10.716216216216216,0.15546218487394958
5,3550308,São Paulo,3522130378547,2022-12-20,2023-01-10,355030,,2,21,828980747000,19.2972972972973,10.716216216216216,0.10364145658263305
5,3550308,São Paulo,3522130379680,2022-12-31,2023-02-09,355030,,0,40,828980747000,19.2972972972973,10.716216216216216,0.0
5,3550308,São Paulo,3522130379680,2022-12-31,2023-02-09,355030,,1,40,828980747000,19.2972972972973,10.716216216216216,0.05182072829131652
5,3550308,São Paulo,3522130379680,2022-12-31,2023-02-09,355030,,2,40,828980747000,19.2972972972973,10.716216216216216,0.10364145658263305
5,3550308,São Paulo,3522130380263,2022-12-29,2023-03-12,355030,,2,73,828980747000,19.2972972972973,10.716216216216216,0.10364145658263305
5,3550308,São Paulo,3522130380263,2022-12-29,2023-03-12,355030,,1,73,828980747000,19.2972972972973,10.716216216216216,0.05182072829131652
5,3550308,São Paulo,3522130380263,2022-12-29,2023-03-12,355030,,3,73,828980747000,19.2972972972973,10.716216216216216,0.15546218487394958
5,3550308,São Paulo,3522130394266,2022-12-23,2023-02-16,355030,,1,55,828980747000,19.2972972972973,10.716216216216216,0.05182072829131652
5,3550308,São Paulo,3522130394266,2022-12-23,2023-02-16,355030,,0,55,828980747000,19.2972972972973,10.716216216216216,0.0
5,3550308,São Paulo,3522130394266,2022-12-23,2023-02-16,355030,,2,55,828980747000,19.2972972972973,10.716216216216216,0.10364145658263305
5,3550308,São Paulo,3522130395289,2022-12-11,2023-02-01,355030,,4,52,828980747000,19.2972972972973,10.716216216216216,0.2072829131652661
5,3550308,São Paulo,3522130395289,2022-12-11,2023-02-01,355030,,9,52,828980747000,19.2972972972973,10.716216216216216,0.4663865546218487
5,3550308,São Paulo,3522130395289,2022-12-11,2023-02-01,355030,,1,52,828980747000,19.2972972972973,10.716216216216216,0.05182072829131652
5,3550308,São Paulo,3522130395289,2022-12-11,2023-02-01,355030,,3,52,828980747000,19.2972972972973,10.716216216216216,0.15546218487394958
5,3550308,São Paulo,3522130395289,2022-12-11,2023-02-01,355030,,7,52,828980747000,19.2972972972973,10.716216216216216,0.3627450980392157
5,3550308,São Paulo,3522130395289,2022-12-11,2023-02-01,355030,,2,52,828980747000,19.2972972972973,10.716216216216216,0.10364145658263305
5,3550308,São Paulo,3522130395300,2022-10-31,2023-02-17,355030,,3,109,828980747000,19.2972972972973,10.716216216216216,0.15546218487394958
5,3550308,São Paulo,3522130395300,2022-10-31,2023-02-17,355030,,2,109,828980747000,19.2972972972973,10.716216216216216,0.10364145658263305
5,3550308,São Paulo,3522130395300,2022-10-31,2023-02-17,355030,,1,109,828980747000,19.2972972972973,10.716216216216216,0.05182072829131652
5,3550308,São Paulo,3522130395300,2022-10-31,2023-02-17,355030,,4,109,828980747000,19.2972972972973,10.716216216216216,0.2072829131652661
5,3548500,Santos,3522130981908,2022-12-30,2023-01-03,354100,,0,4,24090173000,7.1,2.0,0.0
5,3504503,Avaré,3522131267820,2022-12-22,2022-12-24,350450,,0,2,3278922000,17.0,12.0,0.0
5,3504503,Avaré,3522131267897,2022-12-21,2022-12-23,350450,,0,2,3278922000,17.0,12.0,0.0
5,3504503,Avaré,3522131267920,2022-12-20,2022-12-24,350450,,0,4,3278922000,17.0,12.0,0.0
5,3504503,Avaré,3522131267920,2022-12-20,2022-12-24,350450,,4,4,3278922000,17.0,12.0,0.23529411764705882
5,3504503,Avaré,3522131267930,2022-12-21,2022-12-24,355300,,0,3,3278922000,17.0,12.0,0.0
5,3504503,Avaré,3522131267974,2022-12-24,2022-12-25,355380,,0,1,3278922000,17.0,12.0,0.0
5,3504503,Avaré,3522131267985,2022-12-22,2022-12-25,350450,,0,3,3278922000,17.0,12.0,0.0
5,3504503,Avaré,3522131268040,2022-11-29,2022-12-02,352860,,0,3,3278922000,17.0,12.0,0.0
5,3504503,Avaré,3522131268073,2022-11-29,2022-12-01,350450,,0,2,3278922000,17.0,12.0,0.0
5,3504503,Avaré,3522131268106,2022-12-05,2022-12-06,355380,,0,1,3278922000,17.0,12.0,0.0
5,3504503,Avaré,3522131268140,2022-11-24,2022-12-20,351925,,7,26,3278922000,17.0,12.0,0.4117647058823529
5,3504503,Avaré,3522131268216,2022-12-20,2022-12-22,350450,,0,2,3278922000,17.0,12.0,0.0
5,3504503,Avaré,3522131268250,2022-12-17,2022-12-18,352180,,0,1,3278922000,17.0,12.0,0.0
5,3504503,Avaré,3522131268326,2022-12-15,2022-12-20,353580,,0,5,3278922000,17.0,12.0,0.0
5,3504503,Avaré,3522131268337,2022-12-13,2022-12-20,353580,,0,7,3278922000,17.0,12.0,0.0
5,3504503,Avaré,3522131268348,2022-12-19,2022-12-20,350450,,0,1,3278922000,17.0,12.0,0.0
5,3504503,Avaré,3522131268360,2022-12-05,2022-12-09,351540,,0,4,3278922000,17.0,12.0,0.0
5,3504503,Avaré,3522131268370,2022-12-08,2022-12-12,351140,,0,4,3278922000,17.0,12.0,0.0
5,3504503,Avaré,3522131268392,2022-12-01,2022-12-15,352840,,30,14,3278922000,17.0,12.0,1.7647058823529411
5,3504503,Avaré,3522131268392,2022-12-01,2022-12-15,352840,,0,14,3278922000,17.0,12.0,0.0
5,3504503,Avaré,3522131268414,2022-11-29,2022-12-01,350450,,0,2,3278922000,17.0,12.0,0.0
5,3504503,Avaré,3522131268458,2022-12-19,2022-12-21,350450,,0,2,3278922000,17.0,12.0,0.0
5,3504503,Avaré,3522131268469,2022-12-20,2022-12-21,351925,,1,1,3278922000,17.0,12.0,0.058823529411764705
5,3504503,Avaré,3522131268469,2022-12-20,2022-12-21,351925,,0,1,3278922000,17.0,12.0,0.0
5,3504503,Avaré,3522131268480,2022-12-19,2022-12-21,350450,,0,2,3278922000,17.0,12.0,0.0
5,3504503,Avaré,3522131268513,2022-12-19,2022-12-21,350450,,0,2,3278922000,17.0,12.0,0.0
5,3504503,Avaré,3522131268524,2022-12-19,2022-12-21,350450,,0,2,3278922000,17.0,12.0,0.0
5,3504503,Avaré,3522131268535,2022-12-19,2022-12-21,350450,,0,2,3278922000,17.0,12.0,0.0
5,3504503,Avaré,3522131268546,2022-12-19,2022-12-21,350450,,0,2,3278922000,17.0,12.0,0.0
5,3504503,Avaré,3522131268568,2022-12-19,2022-12-21,350450,,0,2,3278922000,17.0,12.0,0.0
5,3504503,Avaré,3522131268579,2022-12-19,2022-12-21,350450,,0,2,3278922000,17.0,12.0,0.0
5,3504503,Avaré,3522131268590,2022-12-20,2022-12-21,350450,,0,1,3278922000,17.0,12.0,0.0
5,3504503,Avaré,3522131268601,2022-12-10,2022-12-21,351540,,0,11,3278922000,17.0,12.0,0.0
5,3504503,Avaré,3522131268634,2022-12-17,2022-12-21,350450,,0,4,3278922000,17.0,12.0,0.0
5,3504503,Avaré,3522131268689,2022-12-21,2022-12-21,353580,,0,0,3278922000,17.0,12.0,0.0
5,3504503,Avaré,3522131268777,2022-12-27,2022-12-27,350450,,0,0,3278922000,17.0,12.0,0.0
5,3504503,Avaré,3522131268788,2022-12-22,2022-12-27,355380,,0,5,3278922000,17.0,12.0,0.0
5,3504503,Avaré,3522131268843,2022-12-17,2022-12-25,352860,,0,8,3278922000,17.0,12.0,0.0
5,3504503,Avaré,3522131268854,2022-12-21,2022-12-25,355300,,0,4,3278922000,17.0,12.0,0.0
5,3504503,Avaré,3522131268920,2022-11-08,2022-12-30,353880,,0,52,3278922000,17.0,12.0,0.0
5,3504503,Avaré,3522131269063,2022-12-27,2022-12-30,351140,,0,3,3278922000,17.0,12.0,0.0
5,3504503,Avaré,3522131269184,2022-12-06,2022-12-10,350450,,0,4,3278922000,17.0,12.0,0.0
5,3504503,Avaré,3522131269250,2022-11-28,2022-12-09,353580,,1,11,3278922000,17.0,12.0,0.058823529411764705
5,3504503,Avaré,3522131269283,2022-12-12,2022-12-13,350450,,0,1,3278922000,17.0,12.0,0.0
5,3504503,Avaré,3522131269305,2022-12-14,2022-12-15,353580,,0,1,3278922000,17.0,12.0,0.0
5,3504503,Avaré,3522131269338,2022-12-03,2022-12-14,353880,,0,11,3278922000,17.0,12.0,0.0
5,3504503,Avaré,3522131269349,2022-12-12,2022-12-14,350450,,0,2,3278922000,17.0,12.0,0.0
5,3504503,Avaré,3522131269350,2022-12-13,2022-12-14,350450,,0,1,3278922000,17.0,12.0,0.0
5,3504503,Avaré,3522131269393,2022-12-13,2022-12-15,350450,,0,2,3278922000,17.0,12.0,0.0
5,3504503,Avaré,3522131269404,2022-12-14,2022-12-15,352860,,0,1,3278922000,17.0,12.0,0.0
5,3504503,Avaré,3522131269426,2022-12-14,2022-12-15,353880,,0,1,3278922000,17.0,12.0,0.0
5,3504503,Avaré,3522131269448,2022-12-28,2022-12-29,350450,,0,1,3278922000,17.0,12.0,0.0
5,3504503,Avaré,3522131269459,2022-12-28,2022-12-29,350450,,0,1,3278922000,17.0,12.0,0.0
5,3504503,Avaré,3522131269460,2022-12-28,2022-12-29,350450,,0,1,3278922000,17.0,12.0,0.0
5,3504503,Avaré,3522131269481,2022-12-28,2022-12-29,350450,,1,1,3278922000,17.0,12.0,0.058823529411764705
5,3504503,Avaré,3522131269503,2022-12-29,2022-12-29,350055,,0,0,3278922000,17.0,12.0,0.0
5,3504503,Avaré,3522131269570,2022-12-26,2022-12-26,352680,,0,0,3278922000,17.0,12.0,0.0
5,3504503,Avaré,3522131269580,2022-12-14,2022-12-28,350450,,0,14,3278922000,17.0,12.0,0.0
5,3504503,Avaré,3522131269591,2022-12-05,2022-12-28,350450,,0,23,3278922000,17.0,12.0,0.0
5,3504503,Avaré,3522131269624,2022-12-26,2022-12-28,350450,,2,2,3278922000,17.0,12.0,0.11764705882352941
5,3504503,Avaré,3522131269624,2022-12-26,2022-12-28,350450,,0,2,3278922000,17.0,12.0,0.0
5,3504503,Avaré,3522131269701,2022-12-18,2022-12-19,350055,,0,1,3278922000,17.0,12.0,0.0
5,3504503,Avaré,3522131269723,2022-12-26,2022-12-28,352280,,0,2,3278922000,17.0,12.0,0.0
5,3504503,Avaré,3522131269734,2022-12-26,2022-12-28,351540,,0,2,3278922000,17.0,12.0,0.0
5,3504503,Avaré,3522131269734,2022-12-26,2022-12-28,351540,,1,2,3278922000,17.0,12.0,0.058823529411764705
5,3504503,Avaré,3522131269745,2022-12-28,2022-12-28,350450,,0,0,3278922000,17.0,12.0,0.0
5,3504503,Avaré,3522131269767,2022-12-24,2022-12-30,351260,,0,6,3278922000,17.0,12.0,0.0
5,3504503,Avaré,3522131269767,2022-12-24,2022-12-30,351260,,1,6,3278922000,17.0,12.0,0.058823529411764705
5,3504503,Avaré,3522131269778,2022-12-26,2022-12-31,355380,,0,5,3278922000,17.0,12.0,0.0
5,3504503,Avaré,3522131269789,2022-12-30,2022-12-31,350500,,0,1,3278922000,17.0,12.0,0.0
5,3504503,Avaré,3522131269811,2022-12-28,2022-12-30,350450,,0,2,3278922000,17.0,12.0,0.0
5,3504503,Avaré,3522131269866,2022-12-30,2022-12-31,350450,,0,1,3278922000,17.0,12.0,0.0
5,3504503,Avaré,3522131269943,2022-12-26,2022-12-27,350450,,0,1,3278922000,17.0,12.0,0.0
5,3504503,Avaré,3522131269976,2022-12-26,2022-12-26,350450,,0,0,3278922000,17.0,12.0,0.0
5,3504503,Avaré,3522131270064,2022-12-25,2022-12-27,350450,,2,2,3278922000,17.0,12.0,0.11764705882352941
5,3504503,Avaré,3522131270064,2022-12-25,2022-12-27,350450,,0,2,3278922000,17.0,12.0,0.0
5,3504503,Avaré,3522131270075,2022-12-26,2022-12-27,350450,,0,1,3278922000,17.0,12.0,0.0
5,3504503,Avaré,3522131270097,2022-12-25,2022-12-26,352860,,0,1,3278922000,17.0,12.0,0.0
5,3504503,Avaré,3522131270108,2022-12-24,2022-12-26,350450,,0,2,3278922000,17.0,12.0,0.0
5,3504503,Avaré,3522131270120,2022-12-23,2022-12-26,350450,,0,3,3278922000,17.0,12.0,0.0
5,3504503,Avaré,3522131270130,2022-12-24,2022-12-26,350450,,0,2,3278922000,17.0,12.0,0.0
5,3504503,Avaré,3522131270130,2022-12-24,2022-12-26,350450,,2,2,3278922000,17.0,12.0,0.11764705882352941
5,3504503,Avaré,3522131270152,2022-12-11,2022-12-12,353880,,1,1,3278922000,17.0,12.0,0.058823529411764705
5,3504503,Avaré,3522131270174,2022-12-20,2022-12-22,350450,,2,2,3278922000,17.0,12.0,0.11764705882352941
5,3504503,Avaré,3522131270207,2022-12-11,2022-12-25,351540,,0,14,3278922000,17.0,12.0,0.0
5,3504503,Avaré,3522131270218,2022-12-13,2022-12-25,352280,,0,12,3278922000,17.0,12.0,0.0
5,3504503,Avaré,3522131270240,2022-12-17,2022-12-18,350450,,0,1,3278922000,17.0,12.0,0.0
5,3504503,Avaré,3522131270449,2022-12-01,2022-12-06,351905,128 SERVICO DE HEMOTERAPIA / 004 MEDICINA TRANSFUSIONAL,2,5,3278922000,17.0,12.0,0.11764705882352941
5,3504503,Avaré,3522131270449,2022-12-01,2022-12-06,351905,,0,5,3278922000,17.0,12.0,0.0
5,3504503,Avaré,3522131270526,2022-12-14,2022-12-15,350450,,0,1,3278922000,17.0,12.0,0.0
5,3504503,Avaré,3522131270603,2022-12-07,2022-12-09,352860,,2,2,3278922000,17.0,12.0,0.11764705882352941
5,3504503,Avaré,3522131270603,2022-12-07,2022-12-09,352860,,0,2,3278922000,17.0,12.0,0.0
5,3504503,Avaré,3522131270636,2022-12-20,2022-12-20,350450,,0,0,3278922000,17.0,12.0,0.0
5,3504503,Avaré,3522131270790,2022-12-22,2022-12-29,350450,,0,7,3278922000,17.0,12.0,0.0
5,3504503,Avaré,3522131270922,2022-12-14,2022-12-19,350450,,0,5,3278922000,17.0,12.0,0.0
5,3504503,Avaré,3522131270955,2022-12-15,2022-12-19,352180,,4,4,3278922000,17.0,12.0,0.23529411764705882
5,3504503,Avaré,3522131270988,2022-12-17,2022-12-19,350310,,0,2,3278922000,17.0,12.0,0.0
5,3504503,Avaré,3522131271120,2022-12-17,2022-12-18,350450,,0,1,3278922000,17.0,12.0,0.0
5,3504503,Avaré,3522131271142,2022-12-15,2022-12-17,350450,,0,2,3278922000,17.0,12.0,0.0
5,3504503,Avaré,3522131271153,2022-12-16,2022-12-17,350450,,0,1,3278922000,17.0,12.0,0.0
5,3504503,Avaré,3522131271175,2022-12-15,2022-12-17,350450,,0,2,3278922000,17.0,12.0,0.0
5,3504503,Avaré,3522131271186,2022-12-16,2022-12-17,352180,,1,1,3278922000,17.0,12.0,0.058823529411764705
5,3504503,Avaré,3522131271208,2022-12-14,2022-12-16,350450,,0,2,3278922000,17.0,12.0,0.0
5,3504503,Avaré,3522131271219,2022-12-16,2022-12-18,350450,,0,2,3278922000,17.0,12.0,0.0
5,3504503,Avaré,3522131271263,2022-12-17,2022-12-17,350450,,0,0,3278922000,17.0,12.0,0.0
5,3504503,Avaré,3522131271285,2022-12-06,2022-12-07,355380,,0,1,3278922000,17.0,12.0,0.0
5,3504503,Avaré,3522131271307,2022-12-04,2022-12-04,355380,,0,0,3278922000,17.0,12.0,0.0
5,3504503,Avaré,3522131271318,2022-11-19,2022-12-07,351140,,0,18,3278922000,17.0,12.0,0.0
5,3504503,Avaré,3522131271318,2022-11-19,2022-12-07,351140,,33,18,3278922000,17.0,12.0,1.9411764705882353
5,3504503,Avaré,3522131271373,2022-12-06,2022-12-10,352180,,0,4,3278922000,17.0,12.0,0.0
5,3504503,Avaré,3522131271384,2022-12-12,2022-12-14,350450,,2,2,3278922000,17.0,12.0,0.11764705882352941
5,3504503,Avaré,3522131271703,2022-12-18,2022-12-26,350450,,0,8,3278922000,17.0,12.0,0.0
5,3504503,Avaré,3522131271714,2022-12-22,2022-12-29,350450,,3,7,3278922000,17.0,12.0,0.17647058823529413
5,3504503,Avaré,3522131271747,2022-12-07,2022-12-15,351905,,0,8,3278922000,17.0,12.0,0.0
5,3504503,Avaré,3522131271880,2022-12-26,2022-12-27,352860,,0,1,3278922000,17.0,12.0,0.0
5,3504503,Avaré,3522131271890,2022-12-26,2022-12-28,350450,,0,2,3278922000,17.0,12.0,0.0
5,3504503,Avaré,3522131271890,2022-12-26,2022-12-28,350450,,1,2,3278922000,17.0,12.0,0.058823529411764705
5,3504503,Avaré,3522131271901,2022-12-23,2022-12-27,350450,,0,4,3278922000,17.0,12.0,0.0
5,3504503,Avaré,3522131271923,2022-12-23,2022-12-24,350450,,0,1,3278922000,17.0,12.0,0.0
5,3504503,Avaré,3522131271967,2022-12-12,2022-12-24,350450,,0,12,3278922000,17.0,12.0,0.0
5,3504503,Avaré,3522131272033,2022-12-23,2022-12-24,351140,,1,1,3278922000,17.0,12.0,0.058823529411764705
5,3504503,Avaré,3522131272308,2022-12-08,2022-12-21,351925,,5,13,3278922000,17.0,12.0,0.29411764705882354
5,3504503,Avaré,3522131272330,2022-11-28,2022-12-03,350450,128 SERVICO DE HEMOTERAPIA / 004 MEDICINA TRANSFUSIONAL,1,5,3278922000,17.0,12.0,0.058823529411764705
5,3504503,Avaré,3522131272330,2022-11-28,2022-12-03,350450,,14,5,3278922000,17.0,12.0,0.8235294117647058
5,3504503,Avaré,3522131272418,2022-12-04,2022-12-15,355380,128 SERVICO DE HEMOTERAPIA / 004 MEDICINA TRANSFUSIONAL,5,11,3278922000,17.0,12.0,0.29411764705882354
5,3504503,Avaré,3522131272550,2022-12-27,2022-12-30,352180,,0,3,3278922000,17.0,12.0,0.0
5,3504503,Avaré,3522131272594,2022-12-12,2022-12-15,350450,,0,3,3278922000,17.0,12.0,0.0
5,3504503,Avaré,3522131272605,2022-12-15,2022-12-21,350450,,0,6,3278922000,17.0,12.0,0.0
5,3504503,Avaré,3522131272616,2022-12-20,2022-12-29,353580,,1,9,3278922000,17.0,12.0,0.058823529411764705
5,3504503,Avaré,3522131272671,2022-12-26,2022-12-30,350310,,0,4,3278922000,17.0,12.0,0.0
5,3504503,Avaré,3522131272682,2022-12-30,2022-12-30,355300,,0,0,3278922000,17.0,12.0,0.0
5,3504503,Avaré,3522131273265,2022-12-19,2022-12-20,352860,,0,1,3278922000,17.0,12.0,0.0
5,3504503,Avaré,3522131273298,2022-12-07,2022-12-09,350450,,10,2,3278922000,17.0,12.0,0.5882352941176471
5,3550605,São Roque,3522131334030,2022-12-14,2022-12-20,352840,,1,6,3450779000,16.0,16.0,0.0625
5,3550605,São Roque,3522131334030,2022-12-14,2022-12-20,352840,,2,6,3450779000,16.0,16.0,0.125
5,3550605,São Roque,3522131334030,2022-12-14,2022-12-20,352840,,0,6,3450779000,16.0,16.0,0.0
5,3550605,São Roque,3522131334326,2022-12-08,2022-12-17,355060,126 SERVICO DE FISIOTERAPIA / 007 ASSISTENCIA FISIOTERAPEUTICA NAS ALTERACOES EM NEUROLOGIA,2,9,3450779000,16.0,16.0,0.125
5,3550605,São Roque,3522131334326,2022-12-08,2022-12-17,355060,,1,9,3450779000,16.0,16.0,0.0625
5,3550605,São Roque,3522131334326,2022-12-08,2022-12-17,355060,126 SERVICO DE FISIOTERAPIA / 007 ASSISTENCIA FISIOTERAPEUTICA NAS ALTERACOES EM NEUROLOGIA,3,9,3450779000,16.0,16.0,0.1875
5,3550605,São Roque,3522131337725,2022-12-09,2022-12-13,355060,,1,4,3450779000,16.0,16.0,0.0625
5,3551702,Sertãozinho,3522131433205,2023-05-21,2023-05-25,355170,,0,4,7109022000,4.5,1.0,0.0
5,3551702,Sertãozinho,3522131433205,2023-05-21,2023-05-25,355170,,7,4,7109022000,4.5,1.0,1.5555555555555556
5,3551702,Sertãozinho,3522131434525,2023-05-16,2023-05-19,355170,,0,3,7109022000,4.5,1.0,0.0
5,3505500,Barretos,3522131526540,2022-12-20,2022-12-22,351740,,0,2,5903516000,9.0,6.5,0.0
5,3505500,Barretos,3522131526991,2022-12-20,2022-12-22,350550,,0,2,5903516000,9.0,6.5,0.0
5,3505500,Barretos,3522131526991,2022-12-20,2022-12-22,350550,,2,2,5903516000,9.0,6.5,0.2222222222222222
5,3505500,Barretos,3522131529488,2022-11-29,2022-12-07,350550,,1,8,5903516000,9.0,6.5,0.1111111111111111
5,3505500,Barretos,3522131529488,2022-11-29,2022-12-07,350550,,3,8,5903516000,9.0,6.5,0.3333333333333333
5,3505500,Barretos,3522131529499,2022-12-01,2022-12-14,352420,,1,13,5903516000,9.0,6.5,0.1111111111111111
5,3505500,Barretos,3522131530929,2022-12-29,2022-12-31,351210,,0,2,5903516000,9.0,6.5,0.0
5,3505500,Barretos,3522131531237,2022-12-30,2023-01-07,351740,,2,8,5903516000,9.0,6.5,0.2222222222222222
5,3505500,Barretos,3522131531237,2022-12-30,2023-01-07,351740,,0,8,5903516000,9.0,6.5,0.0
5,3505500,Barretos,3522131531787,2022-12-23,2022-12-25,353390,,1,2,5903516000,9.0,6.5,0.1111111111111111
5,3509502,Campinas,3522132312204,2022-12-22,2023-04-06,350950,,0,105,72946910000,24.285714285714285,11.142857142857142,0.0
5,3520442,Ilha Solteira,3523100062086,2023-01-20,2023-01-22,352044,,0,2,706075000,13.0,6.0,0.0
5,3529302,Matão,3523100092215,2023-02-25,2023-03-21,352930,115 SERVICO DE ATENCAO PSICOSSOCIAL / 003 SERVICO HOSPITALAR PARA ATENCAO A SAUDE MENTAL,0,24,5356571000,13.0,12.0,0.0
5,3529302,Matão,3523100092215,2023-02-25,2023-03-21,352930,,4,24,5356571000,13.0,12.0,0.3076923076923077
5,3529302,Matão,3523100095042,2023-04-04,2023-04-04,352930,,0,0,5356571000,13.0,12.0,0.0
5,3529302,Matão,3523100095977,2023-04-04,2023-04-04,352930,,0,0,5356571000,13.0,12.0,0.0
5,3529302,Matão,3523100096142,2023-04-15,2023-04-17,353290,,0,2,5356571000,13.0,12.0,0.0
5,3529302,Matão,3523100097682,2023-04-28,2023-04-29,352930,,0,1,5356571000,13.0,12.0,0.0
5,3529302,Matão,3523100097759,2023-04-27,2023-04-29,351400,,0,2,5356571000,13.0,12.0,0.0
5,3529302,Matão,3523100098221,2023-04-18,2023-04-20,351960,,0,2,5356571000,13.0,12.0,0.0
5,3529302,Matão,3523100098474,2023-04-10,2023-04-19,352930,,1,9,5356571000,13.0,12.0,0.07692307692307693
5,3529302,Matão,3523100098639,2023-05-01,2023-05-03,354650,,0,2,5356571000,13.0,12.0,0.0
5,3529302,Matão,3523100098661,2023-05-03,2023-05-07,352930,,5,4,5356571000,13.0,12.0,0.38461538461538464
5,3529302,Matão,3523100098672,2023-05-03,2023-05-10,352930,,7,7,5356571000,13.0,12.0,0.5384615384615384
5,3529302,Matão,3523100098683,2023-05-01,2023-05-11,352930,,5,10,5356571000,13.0,12.0,0.38461538461538464
5,3529302,Matão,3523100098694,2023-05-01,2023-05-04,352930,,0,3,5356571000,13.0,12.0,0.0
5,3529302,Matão,3523100098694,2023-05-01,2023-05-04,352930,,3,3,5356571000,13.0,12.0,0.23076923076923078
5,3529302,Matão,3523100098716,2023-05-01,2023-05-05,351960,,4,4,5356571000,13.0,12.0,0.3076923076923077
5,3529302,Matão,3523100098738,2023-05-01,2023-05-07,352930,,7,6,5356571000,13.0,12.0,0.5384615384615384
5,3529302,Matão,3523100098760,2023-05-01,2023-05-02,351400,,1,1,5356571000,13.0,12.0,0.07692307692307693
5,3529302,Matão,3523100098793,2023-05-03,2023-05-05,355270,,0,2,5356571000,13.0,12.0,0.0
5,3529302,Matão,3523100098804,2023-05-01,2023-05-02,352930,,0,1,5356571000,13.0,12.0,0.0
5,3529302,Matão,3523100098804,2023-05-01,2023-05-02,352930,,1,1,5356571000,13.0,12.0,0.07692307692307693
5,3529302,Matão,3523100098815,2023-05-02,2023-05-06,355370,,0,4,5356571000,13.0,12.0,0.0
5,3529302,Matão,3523100098848,2023-04-19,2023-05-03,351400,,2,14,5356571000,13.0,12.0,0.15384615384615385
5,3529302,Matão,3523100098870,2023-04-15,2023-05-06,352930,,1,21,5356571000,13.0,12.0,0.07692307692307693
5,3529302,Matão,3523100098881,2023-04-18,2023-05-02,352930,,1,14,5356571000,13.0,12.0,0.07692307692307693
5,3529302,Matão,3523100098903,2023-03-26,2023-05-03,352930,,0,38,5356571000,13.0,12.0,0.0
5,3529302,Matão,3523100098914,2023-05-02,2023-05-03,350740,,0,1,5356571000,13.0,12.0,0.0
5,3529302,Matão,3523100098947,2023-04-23,2023-05-03,351960,,0,10,5356571000,13.0,12.0,0.0
5,3529302,Matão,3523100098980,2023-05-02,2023-05-05,354890,,3,3,5356571000,13.0,12.0,0.23076923076923078
5,3529302,Matão,3523100099002,2023-04-26,2023-05-12,352930,,0,16,5356571000,13.0,12.0,0.0
5,3529302,Matão,3523100099013,2023-05-02,2023-05-05,352930,,0,3,5356571000,13.0,12.0,0.0
5,3529302,Matão,3523100099024,2023-05-01,2023-05-04,352930,,0,3,5356571000,13.0,12.0,0.0
5,3529302,Matão,3523100099035,2023-05-01,2023-05-08,352930,,0,7,5356571000,13.0,12.0,0.0
5,3529302,Matão,3523100099080,2023-05-02,2023-05-02,352930,,0,0,5356571000,13.0,12.0,0.0
5,3529302,Matão,3523100099112,2023-05-02,2023-05-04,352930,,0,2,5356571000,13.0,12.0,0.0
5,3529302,Matão,3523100099123,2023-05-02,2023-05-04,352930,,0,2,5356571000,13.0,12.0,0.0
5,3529302,Matão,3523100099134,2023-05-02,2023-05-03,352930,,0,1,5356571000,13.0,12.0,0.0
5,3529302,Matão,3523100099211,2023-05-04,2023-05-06,351400,,2,2,5356571000,13.0,12.0,0.15384615384615385
5,3529302,Matão,3523100099233,2023-05-06,2023-05-15,352930,128 SERVICO DE HEMOTERAPIA / 004 MEDICINA TRANSFUSIONAL,1,9,5356571000,13.0,12.0,0.07692307692307693
5,3529302,Matão,3523100099255,2023-05-04,2023-05-06,355270,,0,2,5356571000,13.0,12.0,0.0
5,3529302,Matão,3523100099266,2023-05-06,2023-05-08,351960,,0,2,5356571000,13.0,12.0,0.0
5,3529302,Matão,3523100099288,2023-05-05,2023-05-06,352930,,0,1,5356571000,13.0,12.0,0.0
5,3529302,Matão,3523100099321,2023-05-05,2023-05-12,352930,,0,7,5356571000,13.0,12.0,0.0
5,3529302,Matão,3523100099321,2023-05-05,2023-05-12,352930,,7,7,5356571000,13.0,12.0,0.5384615384615384
5,3529302,Matão,3523100099354,2023-05-05,2023-05-08,355370,,0,3,5356571000,13.0,12.0,0.0
5,3529302,Matão,3523100099365,2023-05-05,2023-05-08,352930,,0,3,5356571000,13.0,12.0,0.0
5,3529302,Matão,3523100099376,2023-05-07,2023-05-09,352930,,0,2,5356571000,13.0,12.0,0.0
5,3529302,Matão,3523100099398,2023-05-02,2023-05-03,352930,,0,1,5356571000,13.0,12.0,0.0
5,3529302,Matão,3523100099409,2023-05-07,2023-05-09,352930,,0,2,5356571000,13.0,12.0,0.0
5,3529302,Matão,3523100099464,2023-05-07,2023-05-10,352930,,0,3,5356571000,13.0,12.0,0.0
5,3529302,Matão,3523100099475,2023-05-07,2023-05-07,350320,,1,0,5356571000,13.0,12.0,0.07692307692307693
5,3529302,Matão,3523100099497,2023-05-08,2023-05-10,352930,,2,2,5356571000,13.0,12.0,0.15384615384615385
5,3529302,Matão,3523100099520,2023-05-08,2023-05-09,355370,,0,1,5356571000,13.0,12.0,0.0
5,3529302,Matão,3523100099552,2023-04-27,2023-05-11,350740,128 SERVICO DE HEMOTERAPIA / 004 MEDICINA TRANSFUSIONAL,2,14,5356571000,13.0,12.0,0.15384615384615385
5,3529302,Matão,3523100099552,2023-04-27,2023-05-11,350740,,0,14,5356571000,13.0,12.0,0.0
5,3529302,Matão,3523100099552,2023-04-27,2023-05-11,350740,128 SERVICO DE HEMOTERAPIA / 004 MEDICINA TRANSFUSIONAL,1,14,5356571000,13.0,12.0,0.07692307692307693
5,3529302,Matão,3523100099574,2023-04-24,2023-05-25,352930,,0,31,5356571000,13.0,12.0,0.0
5,3529302,Matão,3523100099585,2023-04-24,2023-05-02,352930,,0,8,5356571000,13.0,12.0,0.0
5,3529302,Matão,3523100099585,2023-04-24,2023-05-02,352930,,3,8,5356571000,13.0,12.0,0.23076923076923078
5,3529302,Matão,3523100099596,2023-04-26,2023-05-05,352930,,1,9,5356571000,13.0,12.0,0.07692307692307693
5,3529302,Matão,3523100099596,2023-04-26,2023-05-05,352930,,4,9,5356571000,13.0,12.0,0.3076923076923077
5,3529302,Matão,3523100099739,2023-04-29,2023-05-05,352930,,4,6,5356571000,13.0,12.0,0.3076923076923077
5,3529302,Matão,3523100099740,2023-04-29,2023-05-01,352930,,0,2,5356571000,13.0,12.0,0.0
5,3529302,Matão,3523100099805,2023-04-30,2023-05-03,351960,,2,3,5356571000,13.0,12.0,0.15384615384615385
5,3529302,Matão,3523100099827,2023-04-30,2023-05-03,352930,,0,3,5356571000,13.0,12.0,0.0
5,3529302,Matão,3523100099850,2023-05-08,2023-05-11,351400,,0,3,5356571000,13.0,12.0,0.0
5,3529302,Matão,3523100099915,2023-05-07,2023-05-29,351960,,5,22,5356571000,13.0,12.0,0.38461538461538464
5,3529302,Matão,3523100099926,2023-05-08,2023-05-16,351400,,0,8,5356571000,13.0,12.0,0.0
5,3529302,Matão,3523100099960,2023-05-09,2023-05-18,355370,,0,9,5356571000,13.0,12.0,0.0
5,3529302,Matão,3523100099960,2023-05-09,2023-05-18,355370,,9,9,5356571000,13.0,12.0,0.6923076923076923
5,3529302,Matão,3523100099992,2023-05-09,2023-05-13,352930,,0,4,5356571000,13.0,12.0,0.0
5,3529302,Matão,3523100100003,2023-05-09,2023-05-11,351400,,0,2,5356571000,13.0,12.0,0.0
5,3529302,Matão,3523100100036,2023-05-09,2023-05-11,352930,,0,2,5356571000,13.0,12.0,0.0
5,3529302,Matão,3523100100047,2023-05-01,2023-05-04,352930,,3,3,5356571000,13.0,12.0,0.23076923076923078
5,3529302,Matão,3523100100047,2023-05-01,2023-05-04,352930,,0,3,5356571000,13.0,12.0,0.0
5,3529302,Matão,3523100100070,2023-05-06,2023-05-21,355370,,6,15,5356571000,13.0,12.0,0.46153846153846156
5,3529302,Matão,3523100100102,2023-05-03,2023-05-03,352930,,0,0,5356571000,13.0,12.0,0.0
5,3529302,Matão,3523100100124,2023-05-08,2023-05-11,351960,,0,3,5356571000,13.0,12.0,0.0
5,3529302,Matão,3523100100168,2023-05-12,2023-05-13,355370,,0,1,5356571000,13.0,12.0,0.0
5,3529302,Matão,3523100100180,2023-05-12,2023-05-13,352930,,0,1,5356571000,13.0,12.0,0.0
5,3529302,Matão,3523100100190,2023-05-11,2023-05-17,352930,,0,6,5356571000,13.0,12.0,0.0
5,3529302,Matão,3523100100223,2023-05-11,2023-05-15,352930,,4,4,5356571000,13.0,12.0,0.3076923076923077
5,3529302,Matão,3523100100267,2023-05-11,2023-05-16,352930,,0,5,5356571000,13.0,12.0,0.0
5,3529302,Matão,3523100100300,2023-05-11,2023-05-11,352930,,0,0,5356571000,13.0,12.0,0.0
5,3529302,Matão,3523100100355,2023-05-11,2023-05-12,351400,,0,1,5356571000,13.0,12.0,0.0
5,3529302,Matão,3523100100366,2023-05-11,2023-05-15,351010,,0,4,5356571000,13.0,12.0,0.0
5,3529302,Matão,3523100100388,2023-05-10,2023-05-12,352930,,0,2,5356571000,13.0,12.0,0.0
5,3529302,Matão,3523100100410,2023-05-10,2023-05-22,352930,,12,12,5356571000,13.0,12.0,0.9230769230769231
5,3529302,Matão,3523100100432,2023-03-31,2023-04-01,352930,,0,1,5356571000,13.0,12.0,0.0
5,3529302,Matão,3523100100476,2023-05-07,2023-05-11,352930,,0,4,5356571000,13.0,12.0,0.0
5,3529302,Matão,3523100100498,2023-05-10,2023-05-12,350320,,0,2,5356571000,13.0,12.0,0.0
5,3529302,Matão,3523100100510,2023-05-03,2023-05-06,352930,,0,3,5356571000,13.0,12.0,0.0
5,3529302,Matão,3523100100575,2023-05-11,2023-05-15,350740,,0,4,5356571000,13.0,12.0,0.0
5,3529302,Matão,3523100100586,2023-05-12,2023-05-13,352930,,0,1,5356571000,13.0,12.0,0.0
5,3529302,Matão,3523100100620,2023-05-11,2023-05-12,352930,,1,1,5356571000,13.0,12.0,0.07692307692307693
5,3529302,Matão,3523100100652,2023-05-12,2023-05-22,350740,,10,10,5356571000,13.0,12.0,0.7692307692307693
5,3529302,Matão,3523100100707,2023-05-02,2023-05-03,352930,,0,1,5356571000,13.0,12.0,0.0
5,3529302,Matão,3523100100718,2023-04-25,2023-05-24,352930,128 SERVICO DE HEMOTERAPIA / 004 MEDICINA TRANSFUSIONAL,1,29,5356571000,13.0,12.0,0.07692307692307693
5,3529302,Matão,3523100100740,2023-05-14,2023-05-23,352930,,0,9,5356571000,13.0,12.0,0.0
5,3529302,Matão,3523100100751,2023-05-14,2023-05-18,352930,,0,4,5356571000,13.0,12.0,0.0
5,3529302,Matão,3523100100817,2023-05-13,2023-05-14,352930,,0,1,5356571000,13.0,12.0,0.0
5,3529302,Matão,3523100100840,2023-05-09,2023-05-11,352930,,0,2,5356571000,13.0,12.0,0.0
5,3529302,Matão,3523100100840,2023-05-09,2023-05-11,352930,128 SERVICO DE HEMOTERAPIA / 004 MEDICINA TRANSFUSIONAL,2,2,5356571000,13.0,12.0,0.15384615384615385
5,3529302,Matão,3523100100850,2023-03-20,2023-05-15,355370,,1,56,5356571000,13.0,12.0,0.07692307692307693
5,3529302,Matão,3523100100850,2023-03-20,2023-05-15,355370,128 SERVICO DE HEMOTERAPIA / 004 MEDICINA TRANSFUSIONAL,2,56,5356571000,13.0,12.0,0.15384615384615385
5,3529302,Matão,3523100100872,2023-05-03,2023-05-05,351960,128 SERVICO DE HEMOTERAPIA / 004 MEDICINA TRANSFUSIONAL,1,2,5356571000,13.0,12.0,0.07692307692307693
5,3529302,Matão,3523100100905,2023-03-27,2023-04-30,355030,,1,34,5356571000,13.0,12.0,0.07692307692307693
5,3529302,Matão,3523100100905,2023-03-27,2023-04-30,355030,,0,34,5356571000,13.0,12.0,0.0
5,3529302,Matão,3523100100905,2023-03-27,2023-04-30,355030,128 SERVICO DE HEMOTERAPIA / 004 MEDICINA TRANSFUSIONAL,1,34,5356571000,13.0,12.0,0.07692307692307693
5,3529302,Matão,3523100100971,2023-05-05,2023-05-05,352930,,0,0,5356571000,13.0,12.0,0.0
5,3529302,Matão,3523100100982,2023-05-08,2023-05-08,352930,,0,0,5356571000,13.0,12.0,0.0
5,3529302,Matão,3523100100993,2023-05-15,2023-05-17,352930,,0,2,5356571000,13.0,12.0,0.0
5,3529302,Matão,3523100101026,2023-05-04,2023-05-10,350740,,0,6,5356571000,13.0,12.0,0.0
5,3529302,Matão,3523100101037,2023-05-15,2023-05-17,352930,,0,2,5356571000,13.0,12.0,0.0
5,3529302,Matão,3523100101048,2023-05-15,2023-05-19,352930,,4,4,5356571000,13.0,12.0,0.3076923076923077
5,3529302,Matão,3523100101059,2023-05-15,2023-05-15,352930,,0,0,5356571000,13.0,12.0,0.0
5,3529302,Matão,3523100101060,2023-05-15,2023-05-18,355370,,3,3,5356571000,13.0,12.0,0.23076923076923078
5,3529302,Matão,3523100101125,2023-05-15,2023-05-17,354650,,0,2,5356571000,13.0,12.0,0.0
5,3529302,Matão,3523100101202,2023-05-16,2023-05-25,355370,,0,9,5356571000,13.0,12.0,0.0
5,3529302,Matão,3523100101323,2023-05-16,2023-05-17,352930,,0,1,5356571000,13.0,12.0,0.0
5,3529302,Matão,3523100101356,2023-05-16,2023-05-17,355370,,0,1,5356571000,13.0,12.0,0.0
5,3529302,Matão,3523100101367,2023-05-16,2023-05-17,352930,,0,1,5356571000,13.0,12.0,0.0
5,3529302,Matão,3523100101378,2023-05-15,2023-05-24,351960,,0,9,5356571000,13.0,12.0,0.0
5,3529302,Matão,3523100101422,2023-04-23,2023-04-25,351960,,0,2,5356571000,13.0,12.0,0.0
5,3529302,Matão,3523100101576,2023-05-20,2023-05-21,352930,,0,1,5356571000,13.0,12.0,0.0
5,3529302,Matão,3523100101631,2023-05-17,2023-05-19,351960,,0,2,5356571000,13.0,12.0,0.0
5,3529302,Matão,3523100101697,2023-05-17,2023-05-20,352930,,0,3,5356571000,13.0,12.0,0.0
5,3529302,Matão,3523100101752,2023-05-17,2023-05-24,352930,,0,7,5356571000,13.0,12.0,0.0
5,3529302,Matão,3523100101807,2023-05-17,2023-05-19,352930,,0,2,5356571000,13.0,12.0,0.0
5,3529302,Matão,3523100101895,2023-05-22,2023-05-22,352930,,0,0,5356571000,13.0,12.0,0.0
5,3529302,Matão,3523100101906,2023-05-09,2023-05-16,351400,,0,7,5356571000,13.0,12.0,0.0
5,3529302,Matão,3523100101939,2023-05-12,2023-05-12,352930,,1,0,5356571000,13.0,12.0,0.07692307692307693
5,3529302,Matão,3523100101940,2023-05-19,2023-05-21,352930,,0,2,5356571000,13.0,12.0,0.0
5,3529302,Matão,3523100101972,2023-05-19,2023-05-19,352930,,0,0,5356571000,13.0,12.0,0.0
5,3529302,Matão,3523100102027,2023-05-19,2023-05-20,352930,,0,1,5356571000,13.0,12.0,0.0
5,3529302,Matão,3523100102049,2023-05-19,2023-05-27,351960,,0,8,5356571000,13.0,12.0,0.0
5,3529302,Matão,3523100102060,2023-05-19,2023-05-20,355370,,0,1,5356571000,13.0,12.0,0.0
5,3529302,Matão,3523100102071,2023-05-18,2023-05-19,350740,,0,1,5356571000,13.0,12.0,0.0
5,3529302,Matão,3523100102093,2023-05-18,2023-05-19,352270,,0,1,5356571000,13.0,12.0,0.0
5,3529302,Matão,3523100102115,2023-05-18,2023-05-20,352930,,0,2,5356571000,13.0,12.0,0.0
5,3529302,Matão,3523100102137,2023-05-18,2023-05-24,352930,,0,6,5356571000,13.0,12.0,0.0
5,3529302,Matão,3523100102159,2023-05-18,2023-05-20,352930,,2,2,5356571000,13.0,12.0,0.15384615384615385
5,3529302,Matão,3523100102170,2023-05-18,2023-05-23,352930,,0,5,5356571000,13.0,12.0,0.0
5,3529302,Matão,3523100102269,2023-05-22,2023-05-23,352930,,0,1,5356571000,13.0,12.0,0.0
5,3529302,Matão,3523100102280,2023-05-22,2023-05-24,351400,,0,2,5356571000,13.0,12.0,0.0
5,3529302,Matão,3523100102291,2023-05-22,2023-05-23,351400,,0,1,5356571000,13.0,12.0,0.0
5,3529302,Matão,3523100102302,2023-05-22,2023-05-23,353290,,0,1,5356571000,13.0,12.0,0.0
5,3529302,Matão,3523100102357,2023-05-22,2023-05-24,351400,,0,2,5356571000,13.0,12.0,0.0
5,3529302,Matão,3523100102478,2023-05-21,2023-05-24,352930,,0,3,5356571000,13.0,12.0,0.0
5,3529302,Matão,3523100102588,2023-05-26,2023-05-26,352930,,0,0,5356571000,13.0,12.0,0.0
5,3529302,Matão,3523100102600,2023-05-08,2023-05-14,353205,,0,6,5356571000,13.0,12.0,0.0
5,3529302,Matão,3523100102600,2023-05-08,2023-05-14,353205,128 SERVICO DE HEMOTERAPIA / 004 MEDICINA TRANSFUSIONAL,2,6,5356571000,13.0,12.0,0.15384615384615385
5,3529302,Matão,3523100102632,2023-05-23,2023-05-23,351400,,0,0,5356571000,13.0,12.0,0.0
5,3529302,Matão,3523100102687,2023-05-21,2023-05-24,351960,,0,3,5356571000,13.0,12.0,0.0
5,3529302,Matão,3523100102710,2023-05-23,2023-05-25,352930,,0,2,5356571000,13.0,12.0,0.0
5,3529302,Matão,3523100102720,2023-05-23,2023-05-25,352930,,0,2,5356571000,13.0,12.0,0.0
5,3529302,Matão,3523100102753,2023-05-23,2023-05-25,351960,,0,2,5356571000,13.0,12.0,0.0
5,3529302,Matão,3523100102764,2023-05-23,2023-05-25,355370,,0,2,5356571000,13.0,12.0,0.0
5,3529302,Matão,3523100102775,2023-05-23,2023-05-25,352930,,0,2,5356571000,13.0,12.0,0.0
5,3529302,Matão,3523100102786,2023-05-23,2023-05-25,352930,,0,2,5356571000,13.0,12.0,0.0
5,3529302,Matão,3523100102797,2023-05-22,2023-05-30,351400,,0,8,5356571000,13.0,12.0,0.0
5,3529302,Matão,3523100102907,2023-05-29,2023-05-31,352930,,0,2,5356571000,13.0,12.0,0.0
5,3529302,Matão,3523100102918,2023-05-29,2023-05-30,352930,,0,1,5356571000,13.0,12.0,0.0
5,3529302,Matão,3523100102929,2023-05-29,2023-05-31,355370,,0,2,5356571000,13.0,12.0,0.0
5,3529302,Matão,3523100102951,2023-05-29,2023-05-30,352930,,0,1,5356571000,13.0,12.0,0.0
5,3529302,Matão,3523100102973,2023-05-28,2023-05-30,351400,,0,2,5356571000,13.0,12.0,0.0
5,3529302,Matão,3523100102984,2023-05-27,2023-05-29,352930,,0,2,5356571000,13.0,12.0,0.0
5,3529302,Matão,3523100103006,2023-05-27,2023-05-29,352930,,0,2,5356571000,13.0,12.0,0.0
5,3529302,Matão,3523100103028,2023-05-25,2023-05-29,352930,,4,4,5356571000,13.0,12.0,0.3076923076923077
5,3529302,Matão,3523100103105,2023-05-25,2023-05-27,352930,,0,2,5356571000,13.0,12.0,0.0
5,3529302,Matão,3523100103138,2023-04-14,2023-04-15,352930,,0,1,5356571000,13.0,12.0,0.0
5,3529302,Matão,3523100103204,2023-05-24,2023-05-26,351400,,0,2,5356571000,13.0,12.0,0.0
5,3529302,Matão,3523100103215,2023-05-24,2023-05-26,351400,,0,2,5356571000,13.0,12.0,0.0
5,3529302,Matão,3523100103270,2023-05-25,2023-05-26,352270,116 SERVICO DE ATENCAO CARDIOVASCULAR / CARDIOLOGIA / 005 CARDIOLOGIA INTERVENCIONISTA (HEMODINAMICA,0,1,5356571000,13.0,12.0,0.0
5,3529302,Matão,3523100103292,2023-04-27,2023-05-06,351400,,0,9,5356571000,13.0,12.0,0.0
5,3529302,Matão,3523100103303,2023-05-25,2023-05-27,351400,,0,2,5356571000,13.0,12.0,0.0
5,3529302,Matão,3523100103314,2023-05-25,2023-05-27,352930,,2,2,5356571000,13.0,12.0,0.15384615384615385
5,3529302,Matão,3523100103369,2023-05-25,2023-05-27,352930,,0,2,5356571000,13.0,12.0,0.0
5,3529302,Matão,3523100103380,2023-05-26,2023-05-27,351400,,0,1,5356571000,13.0,12.0,0.0
5,3529302,Matão,3523100103391,2023-05-26,2023-05-27,352930,,0,1,5356571000,13.0,12.0,0.0
5,3529302,Matão,3523100103446,2023-05-26,2023-05-31,350740,116 SERVICO DE ATENCAO CARDIOVASCULAR / CARDIOLOGIA / 005 CARDIOLOGIA INTERVENCIONISTA (HEMODINAMICA,0,5,5356571000,13.0,12.0,0.0
5,3529302,Matão,3523100103480,2023-05-24,2023-05-28,352930,,0,4,5356571000,13.0,12.0,0.0
5,3529302,Matão,3523100103490,2023-05-22,2023-05-30,352930,,0,8,5356571000,13.0,12.0,0.0
5,3529302,Matão,3523100103523,2023-05-24,2023-05-29,352930,,0,5,5356571000,13.0,12.0,0.0
5,3529302,Matão,3523100103545,2023-05-26,2023-05-28,352930,,0,2,5356571000,13.0,12.0,0.0
5,3529302,Matão,3523100103578,2023-05-29,2023-05-31,352930,,0,2,5356571000,13.0,12.0,0.0
5,3529302,Matão,3523100103633,2023-05-30,2023-05-31,352930,,0,1,5356571000,13.0,12.0,0.0
5,3529302,Matão,3523100103644,2023-05-30,2023-05-30,352930,,0,0,5356571000,13.0,12.0,0.0
5,3529302,Matão,3523100103710,2023-05-31,2023-05-31,352930,,0,0,5356571000,13.0,12.0,0.0
5,3522109,Itanhaém,3523100114204,2023-01-11,2023-04-01,353760,,1,80,2369275000,6.0,6.0,0.16666666666666666
5,3522109,Itanhaém,3523100114204,2023-01-11,2023-04-01,353760,,2,80,2369275000,6.0,6.0,0.3333333333333333
5,3522109,Itanhaém,3523100114204,2023-01-11,2023-04-01,353760,,3,80,2369275000,6.0,6.0,0.5
5,3522109,Itanhaém,3523100123125,2023-02-04,2023-04-03,354600,,3,58,2369275000,6.0,6.0,0.5
5,3522109,Itanhaém,3523100123125,2023-02-04,2023-04-03,354600,,0,58,2369275000,6.0,6.0,0.0
5,3522109,Itanhaém,3523100129340,2023-02-25,2023-04-03,353760,,0,37,2369275000,6.0,6.0,0.0
5,3522109,Itanhaém,3523100129340,2023-02-25,2023-04-03,353760,,2,37,2369275000,6.0,6.0,0.3333333333333333
5,3522109,Itanhaém,3523100129340,2023-02-25,2023-04-03,353760,,1,37,2369275000,6.0,6.0,0.16666666666666666
5,3522109,Itanhaém,3523100132190,2023-03-03,2023-04-06,352210,,2,34,2369275000,6.0,6.0,0.3333333333333333
5,3522109,Itanhaém,3523100132190,2023-03-03,2023-04-06,352210,,7,34,2369275000,6.0,6.0,1.1666666666666667
5,3522109,Itanhaém,3523100132190,2023-03-03,2023-04-06,352210,,0,34,2369275000,6.0,6.0,0.0
5,3522109,Itanhaém,3523100134312,2023-03-11,2023-03-22,352210,,1,11,2369275000,6.0,6.0,0.16666666666666666
5,3522109,Itanhaém,3523100135159,2023-03-14,2023-04-06,352210,,3,23,2369275000,6.0,6.0,0.5
5,3522109,Itanhaém,3523100135423,2023-03-14,2023-05-01,353760,,1,48,2369275000,6.0,6.0,0.16666666666666666
5,3522109,Itanhaém,3523100135423,2023-03-14,2023-05-01,353760,,2,48,2369275000,6.0,6.0,0.3333333333333333
5,3522109,Itanhaém,3523100136358,2023-03-16,2023-05-01,352210,,1,46,2369275000,6.0,6.0,0.16666666666666666
5,3518701,Guarujá,3523100136600,2023-03-17,2023-05-05,354100,,2,49,10494252000,19.5,19.0,0.10256410256410256
5,3522109,Itanhaém,3523100136963,2023-03-16,2023-05-09,353110,,1,54,2369275000,6.0,6.0,0.16666666666666666
5,3522109,Itanhaém,3523100136963,2023-03-16,2023-05-09,353110,,4,54,2369275000,6.0,6.0,0.6666666666666666
5,3522109,Itanhaém,3523100136963,2023-03-16,2023-05-09,353110,,2,54,2369275000,6.0,6.0,0.3333333333333333
5,3522109,Itanhaém,3523100136963,2023-03-16,2023-05-09,353110,,3,54,2369275000,6.0,6.0,0.5
5,3522109,Itanhaém,3523100137590,2023-03-20,2023-04-04,353110,,1,15,2369275000,6.0,6.0,0.16666666666666666
5,3522109,Itanhaém,3523100137909,2023-03-18,2023-04-01,352210,,1,14,2369275000,6.0,6.0,0.16666666666666666
5,3522109,Itanhaém,3523100137909,2023-03-18,2023-04-01,352210,,0,14,2369275000,6.0,6.0,0.0
5,3522109,Itanhaém,3523100137920,2023-03-19,2023-04-01,352210,,1,13,2369275000,6.0,6.0,0.16666666666666666
5,3522109,Itanhaém,3523100138019,2023-03-17,2023-04-23,352210,,1,37,2369275000,6.0,6.0,0.16666666666666666
5,3522109,Itanhaém,3523100138019,2023-03-17,2023-04-23,352210,,0,37,2369275000,6.0,6.0,0.0
5,3522109,Itanhaém,3523100138426,2023-03-19,2023-04-04,352210,,2,16,2369275000,6.0,6.0,0.3333333333333333
5,3522109,Itanhaém,3523100138426,2023-03-19,2023-04-04,352210,,1,16,2369275000,6.0,6.0,0.16666666666666666
5,3522109,Itanhaém,3523100138437,2023-03-17,2023-04-12,353110,,1,26,2369275000,6.0,6.0,0.16666666666666666
5,3518701,Guarujá,3523100138932,2023-03-22,2023-05-10,354850,,2,49,10494252000,19.5,19.0,0.10256410256410256
5,3522109,Itanhaém,3523100139031,2023-03-22,2023-04-07,352210,,1,16,2369275000,6.0,6.0,0.16666666666666666
5,3522109,Itanhaém,3523100139856,2023-03-23,2023-04-19,353110,,1,27,2369275000,6.0,6.0,0.16666666666666666
5,3505500,Barretos,3523100154926,2023-02-22,2023-04-30,350550,,0,67,5903516000,9.0,6.5,0.0
5,3506003,Bauru,3523100163341,2023-01-03,2023-04-22,353670,,2,109,16721368000,6.75,5.25,0.2962962962962963
5,3506003,Bauru,3523100164210,2023-01-03,2023-04-26,350600,,12,113,16721368000,6.75,5.25,1.7777777777777777
5,3506003,Bauru,3523100164210,2023-01-03,2023-04-26,350600,,8,113,16721368000,6.75,5.25,1.1851851851851851
5,3525300,Jaú,3523100167279,2023-01-07,2023-04-06,352980,,0,89,5582395000,18.0,10.0,0.0
5,3506003,Bauru,3523100177399,2023-01-13,2023-03-23,354870,,3,69,16721368000,6.75,5.25,0.4444444444444444
5,3506003,Bauru,3523100177399,2023-01-13,2023-03-23,354870,,1,69,16721368000,6.75,5.25,0.14814814814814814
5,3506003,Bauru,3523100192832,2023-01-23,2023-04-11,350070,,9,78,16721368000,6.75,5.25,1.3333333333333333
5,3506003,Bauru,3523100192832,2023-01-23,2023-04-11,350070,,14,78,16721368000,6.75,5.25,2.074074074074074
5,3506003,Bauru,3523100192832,2023-01-23,2023-04-11,350070,,5,78,16721368000,6.75,5.25,0.7407407407407407
5,3506003,Bauru,3523100192832,2023-01-23,2023-04-11,350070,,4,78,16721368000,6.75,5.25,0.5925925925925926
5,3506003,Bauru,3523100206153,2023-01-31,2023-04-07,350600,,2,66,16721368000,6.75,5.25,0.2962962962962963
5,3507605,Bragança Paulista,3523100228791,2023-02-24,2023-03-31,355210,126 SERVICO DE FISIOTERAPIA / 007 ASSISTENCIA FISIOTERAPEUTICA NAS ALTERACOES EM NEUROLOGIA,2,35,7954300000,20.0,11.5,0.1
5,3507605,Bragança Paulista,3523100228934,2023-02-23,2023-03-05,353860,128 SERVICO DE HEMOTERAPIA / 004 MEDICINA TRANSFUSIONAL,1,10,7954300000,20.0,11.5,0.05
5,3507605,Bragança Paulista,3523100229836,2023-02-27,2023-03-28,350760,128 SERVICO DE HEMOTERAPIA / 004 MEDICINA TRANSFUSIONAL,2,29,7954300000,20.0,11.5,0.1
5,3507605,Bragança Paulista,3523100235039,2023-03-09,2023-04-04,350760,126 SERVICO DE FISIOTERAPIA / 007 ASSISTENCIA FISIOTERAPEUTICA NAS ALTERACOES EM NEUROLOGIA,1,26,7954300000,20.0,11.5,0.05
5,3507605,Bragança Paulista,3523100235567,2023-03-28,2023-04-07,350410,128 SERVICO DE HEMOTERAPIA / 004 MEDICINA TRANSFUSIONAL,2,10,7954300000,20.0,11.5,0.1
5,3507605,Bragança Paulista,3523100235589,2023-03-11,2023-03-27,350410,126 SERVICO DE FISIOTERAPIA / 007 ASSISTENCIA FISIOTERAPEUTICA NAS ALTERACOES EM NEUROLOGIA,3,16,7954300000,20.0,11.5,0.15
5,3507605,Bragança Paulista,3523100236942,2023-03-17,2023-03-31,353680,,0,14,7954300000,20.0,11.5,0.0
5,3507605,Bragança Paulista,3523100236975,2023-03-16,2023-04-11,350760,,0,26,7954300000,20.0,11.5,0.0
5,3507605,Bragança Paulista,3523100236975,2023-03-16,2023-04-11,350760,126 SERVICO DE FISIOTERAPIA / 004 ASSISTENCIA FISIOTERAPEUTICA CARDIOVASCULARES E PNEUMOFUNCI,4,26,7954300000,20.0,11.5,0.2
5,3507605,Bragança Paulista,3523100238691,2023-03-21,2023-03-27,355650,132 SERVICO DE ONCOLOGIA / 005 ONCOLOGIA CIRURGICA,0,6,7954300000,20.0,11.5,0.0
5,3507605,Bragança Paulista,3523100239186,2023-02-26,2023-02-26,353860,,0,0,7954300000,20.0,11.5,0.0
5,3507605,Bragança Paulista,3523100239340,2023-03-24,2023-03-31,352730,,3,7,7954300000,20.0,11.5,0.15
5,3507605,Bragança Paulista,3523100239340,2023-03-24,2023-03-31,352730,126 SERVICO DE FISIOTERAPIA / 004 ASSISTENCIA FISIOTERAPEUTICA CARDIOVASCULARES E PNEUMOFUNCI,2,7,7954300000,20.0,11.5,0.1
5,3507605,Bragança Paulista,3523100239340,2023-03-24,2023-03-31,352730,,0,7,7954300000,20.0,11.5,0.0
5,3507605,Bragança Paulista,3523100239395,2023-03-24,2023-03-24,355495,,0,0,7954300000,20.0,11.5,0.0
5,3516200,Franca,3523100256434,2023-01-28,2023-02-21,352410,128 SERVICO DE HEMOTERAPIA / 004 MEDICINA TRANSFUSIONAL,2,24,11276086000,11.5,8.25,0.17391304347826086
5,3516200,Franca,3523100269953,2023-02-19,2023-03-30,351620,128 SERVICO DE HEMOTERAPIA / 004 MEDICINA TRANSFUSIONAL,2,39,11276086000,11.5,8.25,0.17391304347826086
5,3516200,Franca,3523100270107,2023-02-20,2023-03-26,351620,140 SERVICO DE URGENCIA E EMERGENCIA / 006 PRONTO ATENDIMENTO CLINICO,0,34,11276086000,11.5,8.25,0.0
5,3516200,Franca,3523100270107,2023-02-20,2023-03-26,351620,,0,34,11276086000,11.5,8.25,0.0
5,3516200,Franca,3523100277510,2023-03-04,2023-03-31,351620,128 SERVICO DE HEMOTERAPIA / 004 MEDICINA TRANSFUSIONAL,2,27,11276086000,11.5,8.25,0.17391304347826086
5,3516200,Franca,3523100277510,2023-03-04,2023-03-31,351620,,27,27,11276086000,11.5,8.25,2.347826086956522
5,3516200,Franca,3523100277510,2023-03-04,2023-03-31,351620,,7,27,11276086000,11.5,8.25,0.6086956521739131
5,3516200,Franca,3523100277510,2023-03-04,2023-03-31,351620,,0,27,11276086000,11.5,8.25,0.0
5,3516200,Franca,3523100279215,2023-03-07,2023-04-04,351620,,0,28,11276086000,11.5,8.25,0.0
5,3516200,Franca,3523100282801,2023-02-09,2023-03-08,351620,,9,27,11276086000,11.5,8.25,0.782608695652174
5,3516200,Franca,3523100283087,2023-03-14,2023-04-01,351620,,0,18,11276086000,11.5,8.25,0.0
5,3516200,Franca,3523100283087,2023-03-14,2023-04-01,351620,128 SERVICO DE HEMOTERAPIA / 004 MEDICINA TRANSFUSIONAL,1,18,11276086000,11.5,8.25,0.08695652173913043
5,3516200,Franca,3523100288180,2023-03-20,2023-04-07,353700,,0,18,11276086000,11.5,8.25,0.0
5,3538709,Piracicaba,3523100345633,2023-03-24,2023-05-22,353870,,59,59,34555724000,6.333333333333333,4.0,9.31578947368421
5,3538709,Piracicaba,3523100347613,2023-03-31,2023-05-12,353870,,42,42,34555724000,6.333333333333333,4.0,6.631578947368421
5,3541406,Presidente Prudente,3523100371747,2023-02-28,2023-04-04,354770,,1,35,9242189000,7.75,6.0,0.12903225806451613
5,3541406,Presidente Prudente,3523100371747,2023-02-28,2023-04-04,354770,,60,35,9242189000,7.75,6.0,7.741935483870968
5,3541406,Presidente Prudente,3523100373485,2023-03-03,2023-03-09,354140,,0,6,9242189000,7.75,6.0,0.0
5,3541406,Presidente Prudente,3523100378700,2023-03-16,2023-04-11,354140,,3,26,9242189000,7.75,6.0,0.3870967741935484
5,3541406,Presidente Prudente,3523100378700,2023-03-16,2023-04-11,354140,,0,26,9242189000,7.75,6.0,0.0
5,3541406,Presidente Prudente,3523100378700,2023-03-16,2023-04-11,354140,,34,26,9242189000,7.75,6.0,4.387096774193548
5,3542602,Registro,3523100396090,2023-04-01,2023-04-10,411320,126 SERVICO DE FISIOTERAPIA / 004 ASSISTENCIA FISIOTERAPEUTICA CARDIOVASCULARES E PNEUMOFUNCI,6,9,2357409000,10.0,8.0,0.6
5,3542602,Registro,3523100396090,2023-04-01,2023-04-10,411320,,1,9,2357409000,10.0,8.0,0.1
5,3542602,Registro,3523100396090,2023-04-01,2023-04-10,411320,,5,9,2357409000,10.0,8.0,0.5
5,3542602,Registro,3523100397245,2023-04-10,2023-04-20,411320,,0,10,2357409000,10.0,8.0,0.0
5,3542602,Registro,3523100397971,2023-03-20,2023-04-13,352210,126 SERVICO DE FISIOTERAPIA / 004 ASSISTENCIA FISIOTERAPEUTICA CARDIOVASCULARES E PNEUMOFUNCI,2,24,2357409000,10.0,8.0,0.2
5,3542602,Registro,3523100397993,2023-03-21,2023-05-03,353110,,0,43,2357409000,10.0,8.0,0.0
5,3542602,Registro,3523100397993,2023-03-21,2023-05-03,353110,126 SERVICO DE FISIOTERAPIA / 004 ASSISTENCIA FISIOTERAPEUTICA CARDIOVASCULARES E PNEUMOFUNCI,2,43,2357409000,10.0,8.0,0.2
5,3542602,Registro,3523100399753,2023-04-17,2023-04-18,354260,,0,1,2357409000,10.0,8.0,0.0
5,3542602,Registro,3523100400281,2023-03-31,2023-04-02,352330,,0,2,2357409000,10.0,8.0,0.0
5,3542602,Registro,3523100400281,2023-03-31,2023-04-02,352330,,2,2,2357409000,10.0,8.0,0.2
5,3542602,Registro,3523100400325,2023-03-31,2023-04-01,354260,,1,1,2357409000,10.0,8.0,0.1
5,3542602,Registro,3523100400369,2023-04-01,2023-04-01,350540,,0,0,2357409000,10.0,8.0,0.0
5,3542602,Registro,3523100400490,2023-04-01,2023-04-09,352610,,1,8,2357409000,10.0,8.0,0.1
5,3542602,Registro,3523100400490,2023-04-01,2023-04-09,352610,126 SERVICO DE FISIOTERAPIA / 004 ASSISTENCIA FISIOTERAPEUTICA CARDIOVASCULARES E PNEUMOFUNCI,4,8,2357409000,10.0,8.0,0.4
5,3542602,Registro,3523100400490,2023-04-01,2023-04-09,352610,126 SERVICO DE FISIOTERAPIA / 004 ASSISTENCIA FISIOTERAPEUTICA CARDIOVASCULARES E PNEUMOFUNCI,2,8,2357409000,10.0,8.0,0.2
5,3542602,Registro,3523100400875,2023-04-03,2023-04-03,353760,,0,0,2357409000,10.0,8.0,0.0
5,3542602,Registro,3523100400941,2023-04-03,2023-04-05,351480,,1,2,2357409000,10.0,8.0,0.1
5,3542602,Registro,3523100401227,2023-04-05,2023-04-06,350925,126 SERVICO DE FISIOTERAPIA / 004 ASSISTENCIA FISIOTERAPEUTICA CARDIOVASCULARES E PNEUMOFUNCI,3,1,2357409000,10.0,8.0,0.3
5,3542602,Registro,3523100401227,2023-04-05,2023-04-06,350925,,0,1,2357409000,10.0,8.0,0.0
5,3542602,Registro,3523100401293,2023-04-05,2023-04-09,354260,,1,4,2357409000,10.0,8.0,0.1
5,3542602,Registro,3523100401447,2023-04-04,2023-04-04,352030,,0,0,2357409000,10.0,8.0,0.0
5,3542602,Registro,3523100401458,2023-04-04,2023-04-04,354260,121 SERVICO DE DIAGNOSTICO POR IMAGEM / 001 RADIOLOGIA,1,0,2357409000,10.0,8.0,0.1
5,3542602,Registro,3523100401458,2023-04-04,2023-04-04,354260,,0,0,2357409000,10.0,8.0,0.0
5,3542602,Registro,3523100401469,2023-04-04,2023-04-04,354260,121 SERVICO DE DIAGNOSTICO POR IMAGEM / 001 RADIOLOGIA,1,0,2357409000,10.0,8.0,0.1
5,3542602,Registro,3523100401469,2023-04-04,2023-04-04,354260,,0,0,2357409000,10.0,8.0,0.0
5,3542602,Registro,3523100401470,2023-04-04,2023-04-07,352990,,1,3,2357409000,10.0,8.0,0.1
5,3542602,Registro,3523100401470,2023-04-04,2023-04-07,352990,,0,3,2357409000,10.0,8.0,0.0
5,3542602,Registro,3523100401502,2023-04-04,2023-04-06,350540,126 SERVICO DE FISIOTERAPIA / 004 ASSISTENCIA FISIOTERAPEUTICA CARDIOVASCULARES E PNEUMOFUNCI,3,2,2357409000,10.0,8.0,0.3
5,3542602,Registro,3523100401502,2023-04-04,2023-04-06,350540,,3,2,2357409000,10.0,8.0,0.3
5,3542602,Registro,3523100401513,2023-04-04,2023-04-05,352042,,2,1,2357409000,10.0,8.0,0.2
5,3542602,Registro,3523100401513,2023-04-04,2023-04-05,352042,,0,1,2357409000,10.0,8.0,0.0
5,3542602,Registro,3523100401524,2023-04-04,2023-04-06,352610,142 SERVICO DE ENDOSCOPIA / 001 DO APARELHO DIGESTIVO,0,2,2357409000,10.0,8.0,0.0
5,3542602,Registro,3523100401524,2023-04-04,2023-04-06,352610,,2,2,2357409000,10.0,8.0,0.2
5,3542602,Registro,3523100401535,2023-04-04,2023-04-06,354260,,0,2,2357409000,10.0,8.0,0.0
5,3542602,Registro,3523100401546,2023-04-04,2023-04-06,353760,126 SERVICO DE FISIOTERAPIA / 004 ASSISTENCIA FISIOTERAPEUTICA CARDIOVASCULARES E PNEUMOFUNCI,2,2,2357409000,10.0,8.0,0.2
5,3542602,Registro,3523100401557,2023-04-04,2023-04-06,350925,,1,2,2357409000,10.0,8.0,0.1
5,3542602,Registro,3523100401557,2023-04-04,2023-04-06,350925,,0,2,2357409000,10.0,8.0,0.0
5,3542602,Registro,3523100401711,2023-04-06,2023-04-08,352030,142 SERVICO DE ENDOSCOPIA / 001 DO APARELHO DIGESTIVO,0,2,2357409000,10.0,8.0,0.0
5,3542602,Registro,3523100401821,2023-04-06,2023-05-22,354260,,0,46,2357409000,10.0,8.0,0.0
5,3542602,Registro,3523100401865,2023-04-08,2023-05-03,354260,,15,25,2357409000,10.0,8.0,1.5
5,3542602,Registro,3523100401887,2023-04-08,2023-04-20,352610,,0,12,2357409000,10.0,8.0,0.0
5,3542602,Registro,3523100401887,2023-04-08,2023-04-20,352610,,1,12,2357409000,10.0,8.0,0.1
5,3542602,Registro,3523100401997,2023-04-07,2023-04-12,353760,,0,5,2357409000,10.0,8.0,0.0
5,3542602,Registro,3523100402041,2023-04-07,2023-04-13,351300,,5,6,2357409000,10.0,8.0,0.5
5,3542602,Registro,3523100402041,2023-04-07,2023-04-13,351300,,0,6,2357409000,10.0,8.0,0.0
5,3542602,Registro,3523100402173,2023-04-08,2023-05-11,352210,,2,33,2357409000,10.0,8.0,0.2
5,3542602,Registro,3523100402272,2023-04-09,2023-04-13,352460,,0,4,2357409000,10.0,8.0,0.0
5,3542602,Registro,3523100402316,2023-04-09,2023-04-16,350540,,0,7,2357409000,10.0,8.0,0.0
5,3542602,Registro,3523100402701,2023-04-10,2023-04-14,354260,,1,4,2357409000,10.0,8.0,0.1
5,3542602,Registro,3523100402701,2023-04-10,2023-04-14,354260,126 SERVICO DE FISIOTERAPIA / 004 ASSISTENCIA FISIOTERAPEUTICA CARDIOVASCULARES E PNEUMOFUNCI,3,4,2357409000,10.0,8.0,0.3
5,3542602,Registro,3523100402712,2023-04-10,2023-04-12,352610,,0,2,2357409000,10.0,8.0,0.0
5,3542602,Registro,3523100402833,2023-04-11,2023-04-11,352030,,0,0,2357409000,10.0,8.0,0.0
5,3542602,Registro,3523100402844,2023-04-11,2023-04-11,352120,,0,0,2357409000,10.0,8.0,0.0
5,3542602,Registro,3523100402899,2023-04-11,2023-04-12,354260,,0,1,2357409000,10.0,8.0,0.0
5,3542602,Registro,3523100403009,2023-04-11,2023-04-19,352990,126 SERVICO DE FISIOTERAPIA / 004 ASSISTENCIA FISIOTERAPEUTICA CARDIOVASCULARES E PNEUMOFUNCI,3,8,2357409000,10.0,8.0,0.3
5,3542602,Registro,3523100403009,2023-04-11,2023-04-19,352990,126 SERVICO DE FISIOTERAPIA / 004 ASSISTENCIA FISIOTERAPEUTICA CARDIOVASCULARES E PNEUMOFUNCI,4,8,2357409000,10.0,8.0,0.4
5,3542602,Registro,3523100403295,2023-04-12,2023-04-14,354260,,0,2,2357409000,10.0,8.0,0.0
5,3542602,Registro,3523100403295,2023-04-12,2023-04-14,354260,,2,2,2357409000,10.0,8.0,0.2
5,3542602,Registro,3523100403405,2023-04-13,2023-04-15,354260,,2,2,2357409000,10.0,8.0,0.2
5,3542602,Registro,3523100403427,2023-04-13,2023-04-18,352610,,0,5,2357409000,10.0,8.0,0.0
5,3542602,Registro,3523100403427,2023-04-13,2023-04-18,352610,,1,5,2357409000,10.0,8.0,0.1
5,3542602,Registro,3523100403427,2023-04-13,2023-04-18,352610,126 SERVICO DE FISIOTERAPIA / 004 ASSISTENCIA FISIOTERAPEUTICA CARDIOVASCULARES E PNEUMOFUNCI,2,5,2357409000,10.0,8.0,0.2
5,3542602,Registro,3523100403658,2023-04-15,2023-04-18,354260,126 SERVICO DE FISIOTERAPIA / 004 ASSISTENCIA FISIOTERAPEUTICA CARDIOVASCULARES E PNEUMOFUNCI,2,3,2357409000,10.0,8.0,0.2
5,3542602,Registro,3523100403670,2023-04-15,2023-04-15,350925,,0,0,2357409000,10.0,8.0,0.0
5,3542602,Registro,3523100403702,2023-04-15,2023-04-15,352460,142 SERVICO DE ENDOSCOPIA / 001 DO APARELHO DIGESTIVO,0,0,2357409000,10.0,8.0,0.0
5,3542602,Registro,3523100403724,2023-04-15,2023-04-15,352120,,1,0,2357409000,10.0,8.0,0.1
5,3542602,Registro,3523100403724,2023-04-15,2023-04-15,352120,142 SERVICO DE ENDOSCOPIA / 001 DO APARELHO DIGESTIVO,0,0,2357409000,10.0,8.0,0.0
5,3542602,Registro,3523100403746,2023-04-15,2023-04-15,352042,,1,0,2357409000,10.0,8.0,0.1
5,3542602,Registro,3523100403746,2023-04-15,2023-04-15,352042,142 SERVICO DE ENDOSCOPIA / 001 DO APARELHO DIGESTIVO,0,0,2357409000,10.0,8.0,0.0
5,3542602,Registro,3523100403812,2023-04-15,2023-05-07,352210,,0,22,2357409000,10.0,8.0,0.0
5,3542602,Registro,3523100403812,2023-04-15,2023-05-07,352210,126 SERVICO DE FISIOTERAPIA / 004 ASSISTENCIA FISIOTERAPEUTICA CARDIOVASCULARES E PNEUMOFUNCI,6,22,2357409000,10.0,8.0,0.6
5,3542602,Registro,3523100403845,2023-04-15,2023-05-01,350925,126 SERVICO DE FISIOTERAPIA / 004 ASSISTENCIA FISIOTERAPEUTICA CARDIOVASCULARES E PNEUMOFUNCI,4,16,2357409000,10.0,8.0,0.4
5,3542602,Registro,3523100403845,2023-04-15,2023-05-01,350925,126 SERVICO DE FISIOTERAPIA / 004 ASSISTENCIA FISIOTERAPEUTICA CARDIOVASCULARES E PNEUMOFUNCI,5,16,2357409000,10.0,8.0,0.5
5,3542602,Registro,3523100403878,2023-04-15,2023-05-23,352210,126 SERVICO DE FISIOTERAPIA / 004 ASSISTENCIA FISIOTERAPEUTICA CARDIOVASCULARES E PNEUMOFUNCI,2,38,2357409000,10.0,8.0,0.2
5,3542602,Registro,3523100403878,2023-04-15,2023-05-23,352210,,0,38,2357409000,10.0,8.0,0.0
5,3542602,Registro,3523100403933,2023-04-16,2023-04-18,352990,,0,2,2357409000,10.0,8.0,0.0
5,3542602,Registro,3523100403933,2023-04-16,2023-04-18,352990,126 SERVICO DE FISIOTERAPIA / 004 ASSISTENCIA FISIOTERAPEUTICA CARDIOVASCULARES E PNEUMOFUNCI,2,2,2357409000,10.0,8.0,0.2
5,3542602,Registro,3523100404032,2023-04-16,2023-04-20,355180,,1,4,2357409000,10.0,8.0,0.1
5,3542602,Registro,3523100404032,2023-04-16,2023-04-20,355180,,0,4,2357409000,10.0,8.0,0.0
5,3542602,Registro,3523100404032,2023-04-16,2023-04-20,355180,126 SERVICO DE FISIOTERAPIA / 004 ASSISTENCIA FISIOTERAPEUTICA CARDIOVASCULARES E PNEUMOFUNCI,3,4,2357409000,10.0,8.0,0.3
5,3542602,Registro,3523100404065,2023-04-16,2023-04-23,354260,126 SERVICO DE FISIOTERAPIA / 004 ASSISTENCIA FISIOTERAPEUTICA CARDIOVASCULARES E PNEUMOFUNCI,2,7,2357409000,10.0,8.0,0.2
5,3542602,Registro,3523100404087,2023-04-17,2023-04-20,353110,,1,3,2357409000,10.0,8.0,0.1
5,3542602,Registro,3523100404110,2023-04-17,2023-04-18,350540,126 SERVICO DE FISIOTERAPIA / 004 ASSISTENCIA FISIOTERAPEUTICA CARDIOVASCULARES E PNEUMOFUNCI,2,1,2357409000,10.0,8.0,0.2
5,3542602,Registro,3523100404164,2023-04-17,2023-04-19,352610,142 SERVICO DE ENDOSCOPIA / 001 DO APARELHO DIGESTIVO,0,2,2357409000,10.0,8.0,0.0
5,3542602,Registro,3523100404164,2023-04-17,2023-04-19,352610,,0,2,2357409000,10.0,8.0,0.0
5,3542602,Registro,3523100404175,2023-04-17,2023-04-17,352042,,1,0,2357409000,10.0,8.0,0.1
5,3542602,Registro,3523100404175,2023-04-17,2023-04-17,352042,,0,0,2357409000,10.0,8.0,0.0
5,3542602,Registro,3523100404318,2023-04-17,2023-04-26,352990,,9,9,2357409000,10.0,8.0,0.9
5,3542602,Registro,3523100404318,2023-04-17,2023-04-26,352990,,0,9,2357409000,10.0,8.0,0.0
5,3542602,Registro,3523100404373,2023-04-17,2023-05-18,352330,126 SERVICO DE FISIOTERAPIA / 004 ASSISTENCIA FISIOTERAPEUTICA CARDIOVASCULARES E PNEUMOFUNCI,2,31,2357409000,10.0,8.0,0.2
5,3542602,Registro,3523100404373,2023-04-17,2023-05-18,352330,126 SERVICO DE FISIOTERAPIA / 004 ASSISTENCIA FISIOTERAPEUTICA CARDIOVASCULARES E PNEUMOFUNCI,8,31,2357409000,10.0,8.0,0.8
5,3542602,Registro,3523100404373,2023-04-17,2023-05-18,352330,,1,31,2357409000,10.0,8.0,0.1
5,3542602,Registro,3523100404439,2023-04-18,2023-04-18,354260,121 SERVICO DE DIAGNOSTICO POR IMAGEM / 001 RADIOLOGIA,1,0,2357409000,10.0,8.0,0.1
5,3542602,Registro,3523100404440,2023-04-18,2023-04-18,355180,,2,0,2357409000,10.0,8.0,0.2
5,3542602,Registro,3523100404440,2023-04-18,2023-04-18,355180,,0,0,2357409000,10.0,8.0,0.0
5,3542602,Registro,3523100404494,2023-04-18,2023-04-18,352610,121 SERVICO DE DIAGNOSTICO POR IMAGEM / 001 RADIOLOGIA,1,0,2357409000,10.0,8.0,0.1
5,3542602,Registro,3523100404527,2023-04-18,2023-04-21,350540,,0,3,2357409000,10.0,8.0,0.0
5,3542602,Registro,3523100404560,2023-04-18,2023-04-23,352460,126 SERVICO DE FISIOTERAPIA / 004 ASSISTENCIA FISIOTERAPEUTICA CARDIOVASCULARES E PNEUMOFUNCI,1,5,2357409000,10.0,8.0,0.1
5,3542602,Registro,3523100404560,2023-04-18,2023-04-23,352460,126 SERVICO DE FISIOTERAPIA / 004 ASSISTENCIA FISIOTERAPEUTICA CARDIOVASCULARES E PNEUMOFUNCI,2,5,2357409000,10.0,8.0,0.2
5,3542602,Registro,3523100404593,2023-04-18,2023-04-20,355180,126 SERVICO DE FISIOTERAPIA / 004 ASSISTENCIA FISIOTERAPEUTICA CARDIOVASCULARES E PNEUMOFUNCI,1,2,2357409000,10.0,8.0,0.1
5,3542602,Registro,3523100404593,2023-04-18,2023-04-20,355180,,2,2,2357409000,10.0,8.0,0.2
5,3542602,Registro,3523100404604,2023-04-18,2023-04-20,350925,,2,2,2357409000,10.0,8.0,0.2
5,3542602,Registro,3523100404604,2023-04-18,2023-04-20,350925,,0,2,2357409000,10.0,8.0,0.0
5,3542602,Registro,3523100404659,2023-04-18,2023-04-30,353720,126 SERVICO DE FISIOTERAPIA / 004 ASSISTENCIA FISIOTERAPEUTICA CARDIOVASCULARES E PNEUMOFUNCI,1,12,2357409000,10.0,8.0,0.1
5,3542602,Registro,3523100404714,2023-04-18,2023-05-07,354260,126 SERVICO DE FISIOTERAPIA / 004 ASSISTENCIA FISIOTERAPEUTICA CARDIOVASCULARES E PNEUMOFUNCI,8,19,2357409000,10.0,8.0,0.8
5,3542602,Registro,3523100404714,2023-04-18,2023-05-07,354260,126 SERVICO DE FISIOTERAPIA / 004 ASSISTENCIA FISIOTERAPEUTICA CARDIOVASCULARES E PNEUMOFUNCI,2,19,2357409000,10.0,8.0,0.2
5,3542602,Registro,3523100404880,2023-04-19,2023-05-05,352210,126 SERVICO DE FISIOTERAPIA / 004 ASSISTENCIA FISIOTERAPEUTICA CARDIOVASCULARES E PNEUMOFUNCI,3,16,2357409000,10.0,8.0,0.3
5,3542602,Registro,3523100404956,2023-04-19,2023-04-21,354260,,2,2,2357409000,10.0,8.0,0.2
5,3542602,Registro,3523100404956,2023-04-19,2023-04-21,354260,,1,2,2357409000,10.0,8.0,0.1
5,3542602,Registro,3523100404956,2023-04-19,2023-04-21,354260,126 SERVICO DE FISIOTERAPIA / 004 ASSISTENCIA FISIOTERAPEUTICA CARDIOVASCULARES E PNEUMOFUNCI,4,2,2357409000,10.0,8.0,0.4
5,3542602,Registro,3523100405187,2023-04-21,2023-05-02,352210,126 SERVICO DE FISIOTERAPIA / 004 ASSISTENCIA FISIOTERAPEUTICA CARDIOVASCULARES E PNEUMOFUNCI,2,11,2357409000,10.0,8.0,0.2
5,3542602,Registro,3523100405231,2023-04-21,2023-04-23,353760,,0,2,2357409000,10.0,8.0,0.0
5,3542602,Registro,3523100405231,2023-04-21,2023-04-23,353760,,1,2,2357409000,10.0,8.0,0.1
5,3542602,Registro,3523100405264,2023-04-22,2023-05-15,351480,126 SERVICO DE FISIOTERAPIA / 004 ASSISTENCIA FISIOTERAPEUTICA CARDIOVASCULARES E PNEUMOFUNCI,3,23,2357409000,10.0,8.0,0.3
5,3542602,Registro,3523100405286,2023-04-22,2023-05-08,352042,,3,16,2357409000,10.0,8.0,0.3
5,3542602,Registro,3523100405374,2023-04-22,2023-05-02,354260,126 SERVICO DE FISIOTERAPIA / 004 ASSISTENCIA FISIOTERAPEUTICA CARDIOVASCULARES E PNEUMOFUNCI,2,10,2357409000,10.0,8.0,0.2
5,3542602,Registro,3523100405396,2023-04-23,2023-05-03,354260,126 SERVICO DE FISIOTERAPIA / 004 ASSISTENCIA FISIOTERAPEUTICA CARDIOVASCULARES E PNEUMOFUNCI,2,10,2357409000,10.0,8.0,0.2
5,3542602,Registro,3523100405430,2023-04-23,2023-04-25,352042,,0,2,2357409000,10.0,8.0,0.0
5,3542602,Registro,3523100405528,2023-04-23,2023-05-08,353620,,1,15,2357409000,10.0,8.0,0.1
5,3542602,Registro,3523100405528,2023-04-23,2023-05-08,353620,126 SERVICO DE FISIOTERAPIA / 004 ASSISTENCIA FISIOTERAPEUTICA CARDIOVASCULARES E PNEUMOFUNCI,3,15,2357409000,10.0,8.0,0.3
5,3542602,Registro,3523100406023,2023-04-25,2023-05-02,350990,,0,7,2357409000,10.0,8.0,0.0
5,3542602,Registro,3523100406100,2023-04-25,2023-05-08,354260,,1,13,2357409000,10.0,8.0,0.1
5,3542602,Registro,3523100406133,2023-04-26,2023-04-28,350925,142 SERVICO DE ENDOSCOPIA / 001 DO APARELHO DIGESTIVO,0,2,2357409000,10.0,8.0,0.0
5,3542602,Registro,3523100406133,2023-04-26,2023-04-28,350925,126 SERVICO DE FISIOTERAPIA / 004 ASSISTENCIA FISIOTERAPEUTICA CARDIOVASCULARES E PNEUMOFUNCI,2,2,2357409000,10.0,8.0,0.2
5,3542602,Registro,3523100406133,2023-04-26,2023-04-28,350925,,0,2,2357409000,10.0,8.0,0.0
5,3542602,Registro,3523100406200,2023-04-26,2023-04-28,353620,126 SERVICO DE FISIOTERAPIA / 004 ASSISTENCIA FISIOTERAPEUTICA CARDIOVASCULARES E PNEUMOFUNCI,2,2,2357409000,10.0,8.0,0.2
5,3542602,Registro,3523100406210,2023-04-26,2023-04-28,350925,,0,2,2357409000,10.0,8.0,0.0
5,3542602,Registro,3523100406210,2023-04-26,2023-04-28,350925,121 SERVICO DE DIAGNOSTICO POR IMAGEM / 001 RADIOLOGIA,1,2,2357409000,10.0,8.0,0.1
5,3542602,Registro,3523100406243,2023-04-26,2023-04-28,354260,,0,2,2357409000,10.0,8.0,0.0
5,3542602,Registro,3523100406342,2023-04-26,2023-04-29,350925,126 SERVICO DE FISIOTERAPIA / 004 ASSISTENCIA FISIOTERAPEUTICA CARDIOVASCULARES E PNEUMOFUNCI,2,3,2357409000,10.0,8.0,0.2
5,3542602,Registro,3523100406397,2023-04-26,2023-05-02,355180,,1,6,2357409000,10.0,8.0,0.1
5,3542602,Registro,3523100406397,2023-04-26,2023-05-02,355180,,2,6,2357409000,10.0,8.0,0.2
5,3542602,Registro,3523100406419,2023-04-27,2023-04-29,353720,121 SERVICO DE DIAGNOSTICO POR IMAGEM / 001 RADIOLOGIA,1,2,2357409000,10.0,8.0,0.1
5,3542602,Registro,3523100406419,2023-04-27,2023-04-29,353720,126 SERVICO DE FISIOTERAPIA / 004 ASSISTENCIA FISIOTERAPEUTICA CARDIOVASCULARES E PNEUMOFUNCI,1,2,2357409000,10.0,8.0,0.1
5,3542602,Registro,3523100406419,2023-04-27,2023-04-29,353720,,0,2,2357409000,10.0,8.0,0.0
5,3542602,Registro,3523100406452,2023-04-27,2023-05-01,352990,,0,4,2357409000,10.0,8.0,0.0
5,3542602,Registro,3523100406452,2023-04-27,2023-05-01,352990,126 SERVICO DE FISIOTERAPIA / 004 ASSISTENCIA FISIOTERAPEUTICA CARDIOVASCULARES E PNEUMOFUNCI,1,4,2357409000,10.0,8.0,0.1
5,3542602,Registro,3523100406463,2023-04-11,2023-04-25,352050,126 SERVICO DE FISIOTERAPIA / 004 ASSISTENCIA FISIOTERAPEUTICA CARDIOVASCULARES E PNEUMOFUNCI,2,14,2357409000,10.0,8.0,0.2
5,3542602,Registro,3523100406485,2023-04-27,2023-05-11,352460,126 SERVICO DE FISIOTERAPIA / 004 ASSISTENCIA FISIOTERAPEUTICA CARDIOVASCULARES E PNEUMOFUNCI,6,14,2357409000,10.0,8.0,0.6
5,3542602,Registro,3523100406485,2023-04-27,2023-05-11,352460,126 SERVICO DE FISIOTERAPIA / 004 ASSISTENCIA FISIOTERAPEUTICA CARDIOVASCULARES E PNEUMOFUNCI,4,14,2357409000,10.0,8.0,0.4
5,3542602,Registro,3523100406485,2023-04-27,2023-05-11,352460,,0,14,2357409000,10.0,8.0,0.0
5,3542602,Registro,3523100406485,2023-04-27,2023-05-11,352460,126 SERVICO DE FISIOTERAPIA / 004 ASSISTENCIA FISIOTERAPEUTICA CARDIOVASCULARES E PNEUMOFUNCI,3,14,2357409000,10.0,8.0,0.3
5,3542602,Registro,3523100406518,2023-04-27,2023-05-03,352330,126 SERVICO DE FISIOTERAPIA / 004 ASSISTENCIA FISIOTERAPEUTICA CARDIOVASCULARES E PNEUMOFUNCI,2,6,2357409000,10.0,8.0,0.2
5,3542602,Registro,3523100406518,2023-04-27,2023-05-03,352330,,9,6,2357409000,10.0,8.0,0.9
5,3542602,Registro,3523100406518,2023-04-27,2023-05-03,352330,,1,6,2357409000,10.0,8.0,0.1
5,3542602,Registro,3523100406529,2023-04-27,2023-05-02,354260,126 SERVICO DE FISIOTERAPIA / 004 ASSISTENCIA FISIOTERAPEUTICA CARDIOVASCULARES E PNEUMOFUNCI,2,5,2357409000,10.0,8.0,0.2
5,3542602,Registro,3523100406530,2023-04-01,2023-04-24,352042,,0,23,2357409000,10.0,8.0,0.0
5,3542602,Registro,3523100406639,2023-04-27,2023-05-02,352030,126 SERVICO DE FISIOTERAPIA / 004 ASSISTENCIA FISIOTERAPEUTICA CARDIOVASCULARES E PNEUMOFUNCI,2,5,2357409000,10.0,8.0,0.2
5,3542602,Registro,3523100406640,2023-04-27,2023-05-03,354260,126 SERVICO DE FISIOTERAPIA / 004 ASSISTENCIA FISIOTERAPEUTICA CARDIOVASCULARES E PNEUMOFUNCI,2,6,2357409000,10.0,8.0,0.2
5,3542602,Registro,3523100406661,2023-04-27,2023-05-11,353110,126 SERVICO DE FISIOTERAPIA / 004 ASSISTENCIA FISIOTERAPEUTICA CARDIOVASCULARES E PNEUMOFUNCI,3,14,2357409000,10.0,8.0,0.3
5,3542602,Registro,3523100406661,2023-04-27,2023-05-11,353110,126 SERVICO DE FISIOTERAPIA / 004 ASSISTENCIA FISIOTERAPEUTICA CARDIOVASCULARES E PNEUMOFUNCI,2,14,2357409000,10.0,8.0,0.2
5,3542602,Registro,3523100406661,2023-04-27,2023-05-11,353110,126 SERVICO DE FISIOTERAPIA / 004 ASSISTENCIA FISIOTERAPEUTICA CARDIOVASCULARES E PNEUMOFUNCI,6,14,2357409000,10.0,8.0,0.6
5,3542602,Registro,3523100406672,2023-04-27,2023-05-05,354260,,11,8,2357409000,10.0,8.0,1.1
5,3542602,Registro,3523100406672,2023-04-27,2023-05-05,354260,126 SERVICO DE FISIOTERAPIA / 004 ASSISTENCIA FISIOTERAPEUTICA CARDIOVASCULARES E PNEUMOFUNCI,3,8,2357409000,10.0,8.0,0.3
5,3542602,Registro,3523100406705,2023-04-28,2023-05-01,351480,,1,3,2357409000,10.0,8.0,0.1
5,3542602,Registro,3523100406716,2023-04-28,2023-05-01,352460,,1,3,2357409000,10.0,8.0,0.1
5,3542602,Registro,3523100406716,2023-04-28,2023-05-01,352460,,0,3,2357409000,10.0,8.0,0.0
5,3542602,Registro,3523100406738,2023-04-28,2023-05-02,350925,,1,4,2357409000,10.0,8.0,0.1
5,3542602,Registro,3523100406750,2023-04-28,2023-05-05,350925,126 SERVICO DE FISIOTERAPIA / 004 ASSISTENCIA FISIOTERAPEUTICA CARDIOVASCULARES E PNEUMOFUNCI,2,7,2357409000,10.0,8.0,0.2
5,3542602,Registro,3523100406750,2023-04-28,2023-05-05,350925,,11,7,2357409000,10.0,8.0,1.1
5,3542602,Registro,3523100406750,2023-04-28,2023-05-05,350925,126 SERVICO DE FISIOTERAPIA / 004 ASSISTENCIA FISIOTERAPEUTICA CARDIOVASCULARES E PNEUMOFUNCI,3,7,2357409000,10.0,8.0,0.3
5,3542602,Registro,3523100406771,2023-04-28,2023-05-18,355180,126 SERVICO DE FISIOTERAPIA / 004 ASSISTENCIA FISIOTERAPEUTICA CARDIOVASCULARES E PNEUMOFUNCI,3,20,2357409000,10.0,8.0,0.3
5,3542602,Registro,3523100406771,2023-04-28,2023-05-18,355180,,0,20,2357409000,10.0,8.0,0.0
5,3542602,Registro,3523100406826,2023-04-29,2023-05-08,353760,,0,9,2357409000,10.0,8.0,0.0
5,3542602,Registro,3523100406837,2023-04-29,2023-05-02,354260,,0,3,2357409000,10.0,8.0,0.0
5,3542602,Registro,3523100406870,2023-04-29,2023-05-20,355180,,44,21,2357409000,10.0,8.0,4.4
5,3542602,Registro,3523100406903,2023-04-29,2023-05-04,352610,,6,5,2357409000,10.0,8.0,0.6
5,3542602,Registro,3523100406925,2023-04-29,2023-05-06,350925,126 SERVICO DE FISIOTERAPIA / 004 ASSISTENCIA FISIOTERAPEUTICA CARDIOVASCULARES E PNEUMOFUNCI,4,7,2357409000,10.0,8.0,0.4
5,3542602,Registro,3523100406925,2023-04-29,2023-05-06,350925,126 SERVICO DE FISIOTERAPIA / 004 ASSISTENCIA FISIOTERAPEUTICA CARDIOVASCULARES E PNEUMOFUNCI,3,7,2357409000,10.0,8.0,0.3
5,3542602,Registro,3523100406936,2023-04-30,2023-05-01,352042,,1,1,2357409000,10.0,8.0,0.1
5,3542602,Registro,3523100406958,2023-04-30,2023-05-01,353620,126 SERVICO DE FISIOTERAPIA / 004 ASSISTENCIA FISIOTERAPEUTICA CARDIOVASCULARES E PNEUMOFUNCI,3,1,2357409000,10.0,8.0,0.3
5,3542602,Registro,3523100406969,2023-04-30,2023-05-01,352330,,0,1,2357409000,10.0,8.0,0.0
5,3542602,Registro,3523100406969,2023-04-30,2023-05-01,352330,,1,1,2357409000,10.0,8.0,0.1
5,3542602,Registro,3523100406970,2023-04-30,2023-05-01,353620,,0,1,2357409000,10.0,8.0,0.0
5,3542602,Registro,3523100406980,2023-04-30,2023-05-02,352030,,0,2,2357409000,10.0,8.0,0.0
5,3542602,Registro,3523100406991,2023-04-30,2023-05-02,352610,,1,2,2357409000,10.0,8.0,0.1
5,3542602,Registro,3523100407002,2023-04-30,2023-05-02,353720,,2,2,2357409000,10.0,8.0,0.2
5,3542602,Registro,3523100407013,2023-04-30,2023-05-02,352210,126 SERVICO DE FISIOTERAPIA / 004 ASSISTENCIA FISIOTERAPEUTICA CARDIOVASCULARES E PNEUMOFUNCI,3,2,2357409000,10.0,8.0,0.3
5,3542602,Registro,3523100407013,2023-04-30,2023-05-02,352210,,5,2,2357409000,10.0,8.0,0.5
5,3542602,Registro,3523100407013,2023-04-30,2023-05-02,352210,,1,2,2357409000,10.0,8.0,0.1
5,3542602,Registro,3523100407035,2023-04-30,2023-05-02,352042,,0,2,2357409000,10.0,8.0,0.0
5,3542602,Registro,3523100407057,2023-04-30,2023-05-02,352990,,1,2,2357409000,10.0,8.0,0.1
5,3542602,Registro,3523100407068,2023-04-30,2023-05-02,350925,126 SERVICO DE FISIOTERAPIA / 004 ASSISTENCIA FISIOTERAPEUTICA CARDIOVASCULARES E PNEUMOFUNCI,2,2,2357409000,10.0,8.0,0.2
5,3542602,Registro,3523100407068,2023-04-30,2023-05-02,350925,,1,2,2357409000,10.0,8.0,0.1
5,3542602,Registro,3523100407079,2023-04-30,2023-05-02,354260,,0,2,2357409000,10.0,8.0,0.0
5,3542602,Registro,3523100407079,2023-04-30,2023-05-02,354260,126 SERVICO DE FISIOTERAPIA / 004 ASSISTENCIA FISIOTERAPEUTICA CARDIOVASCULARES E PNEUMOFUNCI,1,2,2357409000,10.0,8.0,0.1
5,3542602,Registro,3523100407090,2023-04-30,2023-05-04,355180,,0,4,2357409000,10.0,8.0,0.0
5,3542602,Registro,3523100407090,2023-04-30,2023-05-04,355180,,1,4,2357409000,10.0,8.0,0.1
5,3542602,Registro,3523100407101,2023-04-30,2023-05-02,350990,126 SERVICO DE FISIOTERAPIA / 004 ASSISTENCIA FISIOTERAPEUTICA CARDIOVASCULARES E PNEUMOFUNCI,3,2,2357409000,10.0,8.0,0.3
5,3542602,Registro,3523100407112,2023-04-30,2023-05-04,352990,,3,4,2357409000,10.0,8.0,0.3
5,3542602,Registro,3523100407112,2023-04-30,2023-05-04,352990,,0,4,2357409000,10.0,8.0,0.0
5,3542602,Registro,3523100407123,2023-05-08,2023-05-10,352030,,2,2,2357409000,10.0,8.0,0.2
5,3542602,Registro,3523100407123,2023-05-08,2023-05-10,352030,,0,2,2357409000,10.0,8.0,0.0
5,3542602,Registro,3523100407178,2023-05-01,2023-05-04,350990,,0,3,2357409000,10.0,8.0,0.0
5,3542602,Registro,3523100407189,2023-05-01,2023-05-03,352610,,0,2,2357409000,10.0,8.0,0.0
5,3542602,Registro,3523100407200,2023-05-01,2023-05-03,353720,,0,2,2357409000,10.0,8.0,0.0
5,3542602,Registro,3523100407200,2023-05-01,2023-05-03,353720,,1,2,2357409000,10.0,8.0,0.1
5,3542602,Registro,3523100407244,2023-05-01,2023-05-03,354260,,0,2,2357409000,10.0,8.0,0.0
5,3542602,Registro,3523100407310,2023-05-01,2023-05-04,352990,,0,3,2357409000,10.0,8.0,0.0
5,3542602,Registro,3523100407321,2023-05-01,2023-05-03,355180,,0,2,2357409000,10.0,8.0,0.0
5,3542602,Registro,3523100407332,2023-05-01,2023-05-12,352990,,0,11,2357409000,10.0,8.0,0.0
5,3542602,Registro,3523100407343,2023-05-01,2023-05-02,352042,,1,1,2357409000,10.0,8.0,0.1
5,3542602,Registro,3523100407376,2023-05-02,2023-05-04,353110,,1,2,2357409000,10.0,8.0,0.1
5,3542602,Registro,3523100407398,2023-05-02,2023-05-27,352030,126 SERVICO DE FISIOTERAPIA / 004 ASSISTENCIA FISIOTERAPEUTICA CARDIOVASCULARES E PNEUMOFUNCI,3,25,2357409000,10.0,8.0,0.3
5,3542602,Registro,3523100407410,2023-05-02,2023-05-04,351480,,0,2,2357409000,10.0,8.0,0.0
5,3542602,Registro,3523100407453,2023-05-02,2023-05-04,350540,,1,2,2357409000,10.0,8.0,0.1
5,3542602,Registro,3523100407464,2023-05-02,2023-05-04,352330,,0,2,2357409000,10.0,8.0,0.0
5,3542602,Registro,3523100407475,2023-05-02,2023-05-04,352042,,1,2,2357409000,10.0,8.0,0.1
5,3542602,Registro,3523100407475,2023-05-02,2023-05-04,352042,142 SERVICO DE ENDOSCOPIA / 001 DO APARELHO DIGESTIVO,0,2,2357409000,10.0,8.0,0.0
5,3542602,Registro,3523100407497,2023-05-02,2023-05-03,355180,,0,1,2357409000,10.0,8.0,0.0
5,3542602,Registro,3523100407497,2023-05-02,2023-05-03,355180,,3,1,2357409000,10.0,8.0,0.3
5,3542602,Registro,3523100407508,2023-05-02,2023-05-04,354260,,2,2,2357409000,10.0,8.0,0.2
5,3542602,Registro,3523100407508,2023-05-02,2023-05-04,354260,126 SERVICO DE FISIOTERAPIA / 004 ASSISTENCIA FISIOTERAPEUTICA CARDIOVASCULARES E PNEUMOFUNCI,2,2,2357409000,10.0,8.0,0.2
5,3542602,Registro,3523100407519,2023-05-02,2023-05-04,352460,,0,2,2357409000,10.0,8.0,0.0
5,3542602,Registro,3523100407574,2023-05-02,2023-05-08,352990,126 SERVICO DE FISIOTERAPIA / 004 ASSISTENCIA FISIOTERAPEUTICA CARDIOVASCULARES E PNEUMOFUNCI,6,6,2357409000,10.0,8.0,0.6
5,3542602,Registro,3523100407574,2023-05-02,2023-05-08,352990,,1,6,2357409000,10.0,8.0,0.1
5,3542602,Registro,3523100407585,2023-05-02,2023-05-06,352210,,1,4,2357409000,10.0,8.0,0.1
5,3542602,Registro,3523100407585,2023-05-02,2023-05-06,352210,126 SERVICO DE FISIOTERAPIA / 004 ASSISTENCIA FISIOTERAPEUTICA CARDIOVASCULARES E PNEUMOFUNCI,3,4,2357409000,10.0,8.0,0.3
5,3542602,Registro,3523100407673,2023-05-02,2023-05-08,354260,,2,6,2357409000,10.0,8.0,0.2
5,3542602,Registro,3523100407673,2023-05-02,2023-05-08,354260,126 SERVICO DE FISIOTERAPIA / 004 ASSISTENCIA FISIOTERAPEUTICA CARDIOVASCULARES E PNEUMOFUNCI,3,6,2357409000,10.0,8.0,0.3
5,3542602,Registro,3523100407717,2023-05-02,2023-05-09,353620,,2,7,2357409000,10.0,8.0,0.2
5,3542602,Registro,3523100407717,2023-05-02,2023-05-09,353620,,3,7,2357409000,10.0,8.0,0.3
5,3542602,Registro,3523100407717,2023-05-02,2023-05-09,353620,126 SERVICO DE FISIOTERAPIA / 004 ASSISTENCIA FISIOTERAPEUTICA CARDIOVASCULARES E PNEUMOFUNCI,3,7,2357409000,10.0,8.0,0.3
5,3542602,Registro,3523100407739,2023-05-02,2023-05-13,353760,126 SERVICO DE FISIOTERAPIA / 004 ASSISTENCIA FISIOTERAPEUTICA CARDIOVASCULARES E PNEUMOFUNCI,1,11,2357409000,10.0,8.0,0.1
5,3542602,Registro,3523100407739,2023-05-02,2023-05-13,353760,,15,11,2357409000,10.0,8.0,1.5
5,3542602,Registro,3523100407740,2023-05-02,2023-05-03,354260,,1,1,2357409000,10.0,8.0,0.1
5,3542602,Registro,3523100407740,2023-05-02,2023-05-03,354260,126 SERVICO DE FISIOTERAPIA / 004 ASSISTENCIA FISIOTERAPEUTICA CARDIOVASCULARES E PNEUMOFUNCI,3,1,2357409000,10.0,8.0,0.3
5,3542602,Registro,3523100407761,2023-05-02,2023-05-08,354260,126 SERVICO DE FISIOTERAPIA / 004 ASSISTENCIA FISIOTERAPEUTICA CARDIOVASCULARES E PNEUMOFUNCI,4,6,2357409000,10.0,8.0,0.4
5,3542602,Registro,3523100407761,2023-05-02,2023-05-08,354260,,5,6,2357409000,10.0,8.0,0.5
5,3542602,Registro,3523100407772,2023-05-03,2023-05-03,354260,,2,0,2357409000,10.0,8.0,0.2
5,3542602,Registro,3523100407816,2023-05-03,2023-05-05,353620,,2,2,2357409000,10.0,8.0,0.2
5,3542602,Registro,3523100407816,2023-05-03,2023-05-05,353620,,0,2,2357409000,10.0,8.0,0.0
5,3542602,Registro,3523100407816,2023-05-03,2023-05-05,353620,121 SERVICO DE DIAGNOSTICO POR IMAGEM / 001 RADIOLOGIA,1,2,2357409000,10.0,8.0,0.1
5,3542602,Registro,3523100407816,2023-05-03,2023-05-05,353620,,1,2,2357409000,10.0,8.0,0.1
5,3542602,Registro,3523100407838,2023-05-03,2023-05-05,353720,,0,2,2357409000,10.0,8.0,0.0
5,3542602,Registro,3523100407849,2023-05-03,2023-05-05,352330,,3,2,2357409000,10.0,8.0,0.3
5,3542602,Registro,3523100407850,2023-05-03,2023-05-05,350925,126 SERVICO DE FISIOTERAPIA / 004 ASSISTENCIA FISIOTERAPEUTICA CARDIOVASCULARES E PNEUMOFUNCI,2,2,2357409000,10.0,8.0,0.2
5,3542602,Registro,3523100407871,2023-05-03,2023-05-05,354260,126 SERVICO DE FISIOTERAPIA / 004 ASSISTENCIA FISIOTERAPEUTICA CARDIOVASCULARES E PNEUMOFUNCI,2,2,2357409000,10.0,8.0,0.2
5,3542602,Registro,3523100407871,2023-05-03,2023-05-05,354260,,1,2,2357409000,10.0,8.0,0.1
5,3542602,Registro,3523100407915,2023-05-03,2023-05-05,352460,126 SERVICO DE FISIOTERAPIA / 004 ASSISTENCIA FISIOTERAPEUTICA CARDIOVASCULARES E PNEUMOFUNCI,2,2,2357409000,10.0,8.0,0.2
5,3542602,Registro,3523100407915,2023-05-03,2023-05-05,352460,,0,2,2357409000,10.0,8.0,0.0
5,3542602,Registro,3523100407915,2023-05-03,2023-05-05,352460,,1,2,2357409000,10.0,8.0,0.1
5,3542602,Registro,3523100407926,2023-05-03,2023-05-05,352460,,2,2,2357409000,10.0,8.0,0.2
5,3542602,Registro,3523100407937,2023-04-30,2023-05-06,354260,126 SERVICO DE FISIOTERAPIA / 004 ASSISTENCIA FISIOTERAPEUTICA CARDIOVASCULARES E PNEUMOFUNCI,3,6,2357409000,10.0,8.0,0.3
5,3542602,Registro,3523100407948,2023-04-28,2023-05-11,352990,,0,13,2357409000,10.0,8.0,0.0
5,3542602,Registro,3523100407960,2023-03-05,2023-04-24,352042,126 SERVICO DE FISIOTERAPIA / 004 ASSISTENCIA FISIOTERAPEUTICA CARDIOVASCULARES E PNEUMOFUNCI,4,50,2357409000,10.0,8.0,0.4
5,3542602,Registro,3523100407960,2023-03-05,2023-04-24,352042,,15,50,2357409000,10.0,8.0,1.5
5,3542602,Registro,3523100407960,2023-03-05,2023-04-24,352042,126 SERVICO DE FISIOTERAPIA / 004 ASSISTENCIA FISIOTERAPEUTICA CARDIOVASCULARES E PNEUMOFUNCI,22,50,2357409000,10.0,8.0,2.2
5,3542602,Registro,3523100407960,2023-03-05,2023-04-24,352042,,6,50,2357409000,10.0,8.0,0.6
5,3542602,Registro,3523100407970,2023-04-18,2023-04-26,355030,,1,8,2357409000,10.0,8.0,0.1
5,3542602,Registro,3523100408058,2023-04-01,2023-04-07,352330,,2,6,2357409000,10.0,8.0,0.2
5,3542602,Registro,3523100408080,2023-05-03,2023-05-11,354260,,2,8,2357409000,10.0,8.0,0.2
5,3542602,Registro,3523100408091,2023-05-03,2023-05-15,352460,,0,12,2357409000,10.0,8.0,0.0
5,3542602,Registro,3523100408102,2023-04-14,2023-04-16,354260,,2,2,2357409000,10.0,8.0,0.2
5,3542602,Registro,3523100408146,2023-05-04,2023-05-06,352330,126 SERVICO DE FISIOTERAPIA / 004 ASSISTENCIA FISIOTERAPEUTICA CARDIOVASCULARES E PNEUMOFUNCI,4,2,2357409000,10.0,8.0,0.4
5,3542602,Registro,3523100408168,2023-05-04,2023-05-18,351480,126 SERVICO DE FISIOTERAPIA / 004 ASSISTENCIA FISIOTERAPEUTICA CARDIOVASCULARES E PNEUMOFUNCI,3,14,2357409000,10.0,8.0,0.3
5,3542602,Registro,3523100408168,2023-05-04,2023-05-18,351480,126 SERVICO DE FISIOTERAPIA / 004 ASSISTENCIA FISIOTERAPEUTICA CARDIOVASCULARES E PNEUMOFUNCI,5,14,2357409000,10.0,8.0,0.5
5,3542602,Registro,3523100408168,2023-05-04,2023-05-18,351480,126 SERVICO DE FISIOTERAPIA / 004 ASSISTENCIA FISIOTERAPEUTICA CARDIOVASCULARES E PNEUMOFUNCI,2,14,2357409000,10.0,8.0,0.2
5,3542602,Registro,3523100408168,2023-05-04,2023-05-18,351480,126 SERVICO DE FISIOTERAPIA / 004 ASSISTENCIA FISIOTERAPEUTICA CARDIOVASCULARES E PNEUMOFUNCI,6,14,2357409000,10.0,8.0,0.6
5,3542602,Registro,3523100408179,2023-05-04,2023-05-09,354260,,2,5,2357409000,10.0,8.0,0.2
5,3542602,Registro,3523100408180,2023-05-04,2023-05-06,352460,,1,2,2357409000,10.0,8.0,0.1
5,3542602,Registro,3523100408201,2023-05-04,2023-05-11,355180,126 SERVICO DE FISIOTERAPIA / 004 ASSISTENCIA FISIOTERAPEUTICA CARDIOVASCULARES E PNEUMOFUNCI,1,7,2357409000,10.0,8.0,0.1
5,3542602,Registro,3523100408212,2023-05-04,2023-05-10,352120,126 SERVICO DE FISIOTERAPIA / 004 ASSISTENCIA FISIOTERAPEUTICA CARDIOVASCULARES E PNEUMOFUNCI,3,6,2357409000,10.0,8.0,0.3
5,3542602,Registro,3523100408212,2023-05-04,2023-05-10,352120,,12,6,2357409000,10.0,8.0,1.2
5,3542602,Registro,3523100408212,2023-05-04,2023-05-10,352120,,0,6,2357409000,10.0,8.0,0.0
5,3542602,Registro,3523100408223,2023-05-04,2023-05-10,355180,126 SERVICO DE FISIOTERAPIA / 004 ASSISTENCIA FISIOTERAPEUTICA CARDIOVASCULARES E PNEUMOFUNCI,2,6,2357409000,10.0,8.0,0.2
5,3542602,Registro,3523100408223,2023-05-04,2023-05-10,355180,,1,6,2357409000,10.0,8.0,0.1
5,3542602,Registro,3523100408245,2023-05-04,2023-05-06,350925,,1,2,2357409000,10.0,8.0,0.1
5,3542602,Registro,3523100408245,2023-05-04,2023-05-06,350925,,0,2,2357409000,10.0,8.0,0.0
5,3542602,Registro,3523100408267,2023-05-04,2023-05-08,350540,126 SERVICO DE FISIOTERAPIA / 004 ASSISTENCIA FISIOTERAPEUTICA CARDIOVASCULARES E PNEUMOFUNCI,2,4,2357409000,10.0,8.0,0.2
5,3542602,Registro,3523100408267,2023-05-04,2023-05-08,350540,126 SERVICO DE FISIOTERAPIA / 004 ASSISTENCIA FISIOTERAPEUTICA CARDIOVASCULARES E PNEUMOFUNCI,1,4,2357409000,10.0,8.0,0.1
5,3542602,Registro,3523100408278,2023-05-04,2023-05-08,354260,,0,4,2357409000,10.0,8.0,0.0
5,3542602,Registro,3523100408290,2023-04-30,2023-05-08,352030,126 SERVICO DE FISIOTERAPIA / 004 ASSISTENCIA FISIOTERAPEUTICA CARDIOVASCULARES E PNEUMOFUNCI,3,8,2357409000,10.0,8.0,0.3
5,3542602,Registro,3523100408290,2023-04-30,2023-05-08,352030,126 SERVICO DE FISIOTERAPIA / 004 ASSISTENCIA FISIOTERAPEUTICA CARDIOVASCULARES E PNEUMOFUNCI,2,8,2357409000,10.0,8.0,0.2
5,3542602,Registro,3523100408311,2023-05-04,2023-05-06,353760,,2,2,2357409000,10.0,8.0,0.2
5,3542602,Registro,3523100408311,2023-05-04,2023-05-06,353760,,1,2,2357409000,10.0,8.0,0.1
5,3542602,Registro,3523100408322,2023-05-04,2023-05-05,352610,,1,1,2357409000,10.0,8.0,0.1
5,3542602,Registro,3523100408333,2023-05-04,2023-05-06,354100,,0,2,2357409000,10.0,8.0,0.0
5,3542602,Registro,3523100408344,2023-05-05,2023-05-05,350925,,0,0,2357409000,10.0,8.0,0.0
5,3542602,Registro,3523100408355,2023-05-05,2023-05-05,355180,,0,0,2357409000,10.0,8.0,0.0
5,3542602,Registro,3523100408366,2023-05-05,2023-05-16,352330,126 SERVICO DE FISIOTERAPIA / 004 ASSISTENCIA FISIOTERAPEUTICA CARDIOVASCULARES E PNEUMOFUNCI,3,11,2357409000,10.0,8.0,0.3
5,3542602,Registro,3523100408366,2023-05-05,2023-05-16,352330,126 SERVICO DE FISIOTERAPIA / 004 ASSISTENCIA FISIOTERAPEUTICA CARDIOVASCULARES E PNEUMOFUNCI,4,11,2357409000,10.0,8.0,0.4
5,3542602,Registro,3523100408377,2023-05-05,2023-05-07,352030,,1,2,2357409000,10.0,8.0,0.1
5,3542602,Registro,3523100408377,2023-05-05,2023-05-07,352030,,2,2,2357409000,10.0,8.0,0.2
5,3542602,Registro,3523100408388,2023-05-05,2023-05-07,352610,,0,2,2357409000,10.0,8.0,0.0
5,3542602,Registro,3523100408388,2023-05-05,2023-05-07,352610,,1,2,2357409000,10.0,8.0,0.1
5,3542602,Registro,3523100408399,2023-05-05,2023-05-06,352610,,1,1,2357409000,10.0,8.0,0.1
5,3542602,Registro,3523100408399,2023-05-05,2023-05-06,352610,,2,1,2357409000,10.0,8.0,0.2
5,3542602,Registro,3523100408410,2023-05-05,2023-05-15,352330,,15,10,2357409000,10.0,8.0,1.5
5,3542602,Registro,3523100408421,2023-05-05,2023-05-07,352610,126 SERVICO DE FISIOTERAPIA / 004 ASSISTENCIA FISIOTERAPEUTICA CARDIOVASCULARES E PNEUMOFUNCI,3,2,2357409000,10.0,8.0,0.3
5,3542602,Registro,3523100408443,2023-05-05,2023-05-09,352210,,8,4,2357409000,10.0,8.0,0.8
5,3542602,Registro,3523100408454,2023-05-05,2023-05-11,352460,,1,6,2357409000,10.0,8.0,0.1
5,3542602,Registro,3523100408476,2023-05-05,2023-05-10,352460,,1,5,2357409000,10.0,8.0,0.1
5,3542602,Registro,3523100408476,2023-05-05,2023-05-10,352460,126 SERVICO DE FISIOTERAPIA / 004 ASSISTENCIA FISIOTERAPEUTICA CARDIOVASCULARES E PNEUMOFUNCI,4,5,2357409000,10.0,8.0,0.4
5,3542602,Registro,3523100408476,2023-05-05,2023-05-10,352460,,3,5,2357409000,10.0,8.0,0.3
5,3542602,Registro,3523100408487,2023-05-05,2023-05-11,352210,126 SERVICO DE FISIOTERAPIA / 004 ASSISTENCIA FISIOTERAPEUTICA CARDIOVASCULARES E PNEUMOFUNCI,4,6,2357409000,10.0,8.0,0.4
5,3542602,Registro,3523100408487,2023-05-05,2023-05-11,352210,,0,6,2357409000,10.0,8.0,0.0
5,3542602,Registro,3523100408487,2023-05-05,2023-05-11,352210,,1,6,2357409000,10.0,8.0,0.1
5,3542602,Registro,3523100408487,2023-05-05,2023-05-11,352210,,2,6,2357409000,10.0,8.0,0.2
5,3542602,Registro,3523100408487,2023-05-05,2023-05-11,352210,,3,6,2357409000,10.0,8.0,0.3
5,3542602,Registro,3523100408498,2023-05-05,2023-05-08,353760,126 SERVICO DE FISIOTERAPIA / 004 ASSISTENCIA FISIOTERAPEUTICA CARDIOVASCULARES E PNEUMOFUNCI,4,3,2357409000,10.0,8.0,0.4
5,3542602,Registro,3523100408509,2023-05-05,2023-05-09,353720,,5,4,2357409000,10.0,8.0,0.5
5,3542602,Registro,3523100408510,2023-05-15,2023-05-17,354260,,1,2,2357409000,10.0,8.0,0.1
5,3542602,Registro,3523100408510,2023-05-15,2023-05-17,354260,,0,2,2357409000,10.0,8.0,0.0
5,3542602,Registro,3523100408531,2023-05-05,2023-05-10,352460,126 SERVICO DE FISIOTERAPIA / 004 ASSISTENCIA FISIOTERAPEUTICA CARDIOVASCULARES E PNEUMOFUNCI,2,5,2357409000,10.0,8.0,0.2
5,3542602,Registro,3523100408542,2023-05-07,2023-05-14,354260,,14,7,2357409000,10.0,8.0,1.4
5,3542602,Registro,3523100408553,2023-05-07,2023-05-09,352042,,0,2,2357409000,10.0,8.0,0.0
5,3542602,Registro,3523100408553,2023-05-07,2023-05-09,352042,121 SERVICO DE DIAGNOSTICO POR IMAGEM / 001 RADIOLOGIA,1,2,2357409000,10.0,8.0,0.1
5,3542602,Registro,3523100408564,2023-05-07,2023-05-12,350925,142 SERVICO DE ENDOSCOPIA / 001 DO APARELHO DIGESTIVO,0,5,2357409000,10.0,8.0,0.0
5,3542602,Registro,3523100408564,2023-05-07,2023-05-12,350925,,0,5,2357409000,10.0,8.0,0.0
5,3542602,Registro,3523100408620,2023-05-07,2023-05-14,352210,,0,7,2357409000,10.0,8.0,0.0
5,3542602,Registro,3523100408620,2023-05-07,2023-05-14,352210,,1,7,2357409000,10.0,8.0,0.1
5,3542602,Registro,3523100408652,2023-05-07,2023-05-09,352030,,0,2,2357409000,10.0,8.0,0.0
5,3542602,Registro,3523100408663,2023-05-06,2023-05-16,354260,126 SERVICO DE FISIOTERAPIA / 004 ASSISTENCIA FISIOTERAPEUTICA CARDIOVASCULARES E PNEUMOFUNCI,2,10,2357409000,10.0,8.0,0.2
5,3542602,Registro,3523100408663,2023-05-06,2023-05-16,354260,,11,10,2357409000,10.0,8.0,1.1
5,3542602,Registro,3523100408685,2023-05-06,2023-05-06,352990,,1,0,2357409000,10.0,8.0,0.1
5,3542602,Registro,3523100408685,2023-05-06,2023-05-06,352990,,0,0,2357409000,10.0,8.0,0.0
5,3542602,Registro,3523100408696,2023-05-06,2023-05-06,353620,,1,0,2357409000,10.0,8.0,0.1
5,3542602,Registro,3523100408718,2023-05-07,2023-05-11,352460,,0,4,2357409000,10.0,8.0,0.0
5,3542602,Registro,3523100408718,2023-05-07,2023-05-11,352460,,1,4,2357409000,10.0,8.0,0.1
5,3542602,Registro,3523100408718,2023-05-07,2023-05-11,352460,,4,4,2357409000,10.0,8.0,0.4
5,3542602,Registro,3523100408729,2023-05-07,2023-05-09,352042,126 SERVICO DE FISIOTERAPIA / 004 ASSISTENCIA FISIOTERAPEUTICA CARDIOVASCULARES E PNEUMOFUNCI,3,2,2357409000,10.0,8.0,0.3
5,3542602,Registro,3523100408730,2023-05-06,2023-05-09,352330,126 SERVICO DE FISIOTERAPIA / 004 ASSISTENCIA FISIOTERAPEUTICA CARDIOVASCULARES E PNEUMOFUNCI,3,3,2357409000,10.0,8.0,0.3
5,3542602,Registro,3523100408730,2023-05-06,2023-05-09,352330,,1,3,2357409000,10.0,8.0,0.1
5,3542602,Registro,3523100408751,2023-05-06,2023-05-08,350925,,0,2,2357409000,10.0,8.0,0.0
5,3542602,Registro,3523100408762,2023-05-07,2023-05-09,354260,,0,2,2357409000,10.0,8.0,0.0
5,3542602,Registro,3523100408828,2023-05-07,2023-05-09,355180,,2,2,2357409000,10.0,8.0,0.2
5,3542602,Registro,3523100408839,2023-05-06,2023-05-15,354260,126 SERVICO DE FISIOTERAPIA / 004 ASSISTENCIA FISIOTERAPEUTICA CARDIOVASCULARES E PNEUMOFUNCI,3,9,2357409000,10.0,8.0,0.3
5,3542602,Registro,3523100408850,2023-05-06,2023-05-13,354260,126 SERVICO DE FISIOTERAPIA / 004 ASSISTENCIA FISIOTERAPEUTICA CARDIOVASCULARES E PNEUMOFUNCI,3,7,2357409000,10.0,8.0,0.3
5,3542602,Registro,3523100408894,2023-05-07,2023-05-17,353720,,0,10,2357409000,10.0,8.0,0.0
5,3542602,Registro,3523100408894,2023-05-07,2023-05-17,353720,126 SERVICO DE FISIOTERAPIA / 004 ASSISTENCIA FISIOTERAPEUTICA CARDIOVASCULARES E PNEUMOFUNCI,4,10,2357409000,10.0,8.0,0.4
5,3542602,Registro,3523100408894,2023-05-07,2023-05-17,353720,126 SERVICO DE FISIOTERAPIA / 004 ASSISTENCIA FISIOTERAPEUTICA CARDIOVASCULARES E PNEUMOFUNCI,9,10,2357409000,10.0,8.0,0.9
5,3542602,Registro,3523100408949,2023-05-08,2023-05-08,355180,,0,0,2357409000,10.0,8.0,0.0
5,3542602,Registro,3523100408950,2023-05-08,2023-05-12,352610,126 SERVICO DE FISIOTERAPIA / 004 ASSISTENCIA FISIOTERAPEUTICA CARDIOVASCULARES E PNEUMOFUNCI,2,4,2357409000,10.0,8.0,0.2
5,3542602,Registro,3523100408971,2023-05-07,2023-05-12,353620,,5,5,2357409000,10.0,8.0,0.5
5,3542602,Registro,3523100408982,2023-05-07,2023-05-10,352042,126 SERVICO DE FISIOTERAPIA / 004 ASSISTENCIA FISIOTERAPEUTICA CARDIOVASCULARES E PNEUMOFUNCI,4,3,2357409000,10.0,8.0,0.4
5,3542602,Registro,3523100408993,2023-05-08,2023-05-10,350925,142 SERVICO DE ENDOSCOPIA / 001 DO APARELHO DIGESTIVO,0,2,2357409000,10.0,8.0,0.0
5,3542602,Registro,3523100408993,2023-05-08,2023-05-10,350925,,0,2,2357409000,10.0,8.0,0.0
5,3542602,Registro,3523100409004,2023-05-08,2023-05-10,350925,,0,2,2357409000,10.0,8.0,0.0
5,3542602,Registro,3523100409026,2023-05-08,2023-05-10,351350,126 SERVICO DE FISIOTERAPIA / 004 ASSISTENCIA FISIOTERAPEUTICA CARDIOVASCULARES E PNEUMOFUNCI,4,2,2357409000,10.0,8.0,0.4
5,3542602,Registro,3523100409026,2023-05-08,2023-05-10,351350,121 SERVICO DE DIAGNOSTICO POR IMAGEM / 001 RADIOLOGIA,1,2,2357409000,10.0,8.0,0.1
5,3542602,Registro,3523100409026,2023-05-08,2023-05-10,351350,,0,2,2357409000,10.0,8.0,0.0
5,3542602,Registro,3523100409048,2023-05-08,2023-05-13,352030,126 SERVICO DE FISIOTERAPIA / 004 ASSISTENCIA FISIOTERAPEUTICA CARDIOVASCULARES E PNEUMOFUNCI,4,5,2357409000,10.0,8.0,0.4
5,3542602,Registro,3523100409048,2023-05-08,2023-05-13,352030,126 SERVICO DE FISIOTERAPIA / 004 ASSISTENCIA FISIOTERAPEUTICA CARDIOVASCULARES E PNEUMOFUNCI,6,5,2357409000,10.0,8.0,0.6
5,3542602,Registro,3523100409103,2023-05-08,2023-05-09,410690,126 SERVICO DE FISIOTERAPIA / 004 ASSISTENCIA FISIOTERAPEUTICA CARDIOVASCULARES E PNEUMOFUNCI,3,1,2357409000,10.0,8.0,0.3
5,3542602,Registro,3523100409114,2023-05-08,2023-05-09,352990,,0,1,2357409000,10.0,8.0,0.0
5,3542602,Registro,3523100409136,2023-05-08,2023-05-11,352990,,0,3,2357409000,10.0,8.0,0.0
5,3542602,Registro,3523100409147,2023-05-08,2023-05-29,352610,126 SERVICO DE FISIOTERAPIA / 004 ASSISTENCIA FISIOTERAPEUTICA CARDIOVASCULARES E PNEUMOFUNCI,4,21,2357409000,10.0,8.0,0.4
5,3542602,Registro,3523100409158,2023-05-08,2023-05-16,354260,,1,8,2357409000,10.0,8.0,0.1
5,3542602,Registro,3523100409158,2023-05-08,2023-05-16,354260,126 SERVICO DE FISIOTERAPIA / 004 ASSISTENCIA FISIOTERAPEUTICA CARDIOVASCULARES E PNEUMOFUNCI,3,8,2357409000,10.0,8.0,0.3
5,3542602,Registro,3523100409180,2023-05-09,2023-05-09,353620,,0,0,2357409000,10.0,8.0,0.0
5,3542602,Registro,3523100409246,2023-05-09,2023-05-09,353620,,0,0,2357409000,10.0,8.0,0.0
5,3542602,Registro,3523100409268,2023-05-09,2023-05-11,351480,,1,2,2357409000,10.0,8.0,0.1
5,3542602,Registro,3523100409268,2023-05-09,2023-05-11,351480,126 SERVICO DE FISIOTERAPIA / 004 ASSISTENCIA FISIOTERAPEUTICA CARDIOVASCULARES E PNEUMOFUNCI,1,2,2357409000,10.0,8.0,0.1
5,3542602,Registro,3523100409268,2023-05-09,2023-05-11,351480,,0,2,2357409000,10.0,8.0,0.0
5,3542602,Registro,3523100409279,2023-05-09,2023-05-12,354260,,0,3,2357409000,10.0,8.0,0.0
5,3542602,Registro,3523100409279,2023-05-09,2023-05-12,354260,126 SERVICO DE FISIOTERAPIA / 004 ASSISTENCIA FISIOTERAPEUTICA CARDIOVASCULARES E PNEUMOFUNCI,2,3,2357409000,10.0,8.0,0.2
5,3542602,Registro,3523100409280,2023-05-09,2023-05-11,353620,,0,2,2357409000,10.0,8.0,0.0
5,3542602,Registro,3523100409280,2023-05-09,2023-05-11,353620,121 SERVICO DE DIAGNOSTICO POR IMAGEM / 001 RADIOLOGIA,1,2,2357409000,10.0,8.0,0.1
5,3542602,Registro,3523100409290,2023-05-09,2023-05-11,352030,,1,2,2357409000,10.0,8.0,0.1
5,3542602,Registro,3523100409290,2023-05-09,2023-05-11,352030,121 SERVICO DE DIAGNOSTICO POR IMAGEM / 001 RADIOLOGIA,1,2,2357409000,10.0,8.0,0.1
5,3542602,Registro,3523100409301,2023-05-09,2023-05-11,352042,,0,2,2357409000,10.0,8.0,0.0
5,3542602,Registro,3523100409301,2023-05-09,2023-05-11,352042,126 SERVICO DE FISIOTERAPIA / 004 ASSISTENCIA FISIOTERAPEUTICA CARDIOVASCULARES E PNEUMOFUNCI,4,2,2357409000,10.0,8.0,0.4
5,3542602,Registro,3523100409323,2023-05-09,2023-05-11,355180,,2,2,2357409000,10.0,8.0,0.2
5,3542602,Registro,3523100409334,2023-05-09,2023-05-16,352610,,1,7,2357409000,10.0,8.0,0.1
5,3542602,Registro,3523100409334,2023-05-09,2023-05-16,352610,126 SERVICO DE FISIOTERAPIA / 004 ASSISTENCIA FISIOTERAPEUTICA CARDIOVASCULARES E PNEUMOFUNCI,6,7,2357409000,10.0,8.0,0.6
5,3542602,Registro,3523100409356,2023-05-09,2023-05-12,353620,,3,3,2357409000,10.0,8.0,0.3
5,3542602,Registro,3523100409367,2023-05-09,2023-05-12,350990,,7,3,2357409000,10.0,8.0,0.7
5,3542602,Registro,3523100409390,2023-05-09,2023-05-24,352990,126 SERVICO DE FISIOTERAPIA / 004 ASSISTENCIA FISIOTERAPEUTICA CARDIOVASCULARES E PNEUMOFUNCI,1,15,2357409000,10.0,8.0,0.1
5,3542602,Registro,3523100409390,2023-05-09,2023-05-24,352990,126 SERVICO DE FISIOTERAPIA / 004 ASSISTENCIA FISIOTERAPEUTICA CARDIOVASCULARES E PNEUMOFUNCI,4,15,2357409000,10.0,8.0,0.4
5,3542602,Registro,3523100409390,2023-05-09,2023-05-24,352990,126 SERVICO DE FISIOTERAPIA / 004 ASSISTENCIA FISIOTERAPEUTICA CARDIOVASCULARES E PNEUMOFUNCI,3,15,2357409000,10.0,8.0,0.3
5,3542602,Registro,3523100409390,2023-05-09,2023-05-24,352990,,0,15,2357409000,10.0,8.0,0.0
5,3542602,Registro,3523100409400,2023-05-09,2023-05-12,352610,,0,3,2357409000,10.0,8.0,0.0
5,3542602,Registro,3523100409444,2023-05-10,2023-05-12,354260,,0,2,2357409000,10.0,8.0,0.0
5,3542602,Registro,3523100409455,2023-05-10,2023-05-17,353110,126 SERVICO DE FISIOTERAPIA / 004 ASSISTENCIA FISIOTERAPEUTICA CARDIOVASCULARES E PNEUMOFUNCI,2,7,2357409000,10.0,8.0,0.2
5,3542602,Registro,3523100409455,2023-05-10,2023-05-17,353110,126 SERVICO DE FISIOTERAPIA / 004 ASSISTENCIA FISIOTERAPEUTICA CARDIOVASCULARES E PNEUMOFUNCI,6,7,2357409000,10.0,8.0,0.6
5,3542602,Registro,3523100409466,2023-05-10,2023-05-16,355180,126 SERVICO DE FISIOTERAPIA / 004 ASSISTENCIA FISIOTERAPEUTICA CARDIOVASCULARES E PNEUMOFUNCI,3,6,2357409000,10.0,8.0,0.3
5,3542602,Registro,3523100409477,2023-05-10,2023-05-10,350925,,0,0,2357409000,10.0,8.0,0.0
5,3542602,Registro,3523100409499,2023-05-10,2023-05-13,352990,,0,3,2357409000,10.0,8.0,0.0
5,3542602,Registro,3523100409510,2023-05-10,2023-05-19,354260,126 SERVICO DE FISIOTERAPIA / 004 ASSISTENCIA FISIOTERAPEUTICA CARDIOVASCULARES E PNEUMOFUNCI,4,9,2357409000,10.0,8.0,0.4
5,3542602,Registro,3523100409521,2023-05-10,2023-05-11,352042,,1,1,2357409000,10.0,8.0,0.1
5,3542602,Registro,3523100409554,2023-05-10,2023-05-12,354260,121 SERVICO DE DIAGNOSTICO POR IMAGEM / 001 RADIOLOGIA,1,2,2357409000,10.0,8.0,0.1
5,3542602,Registro,3523100409554,2023-05-10,2023-05-12,354260,,0,2,2357409000,10.0,8.0,0.0
5,3542602,Registro,3523100409587,2023-05-10,2023-05-24,350990,126 SERVICO DE FISIOTERAPIA / 004 ASSISTENCIA FISIOTERAPEUTICA CARDIOVASCULARES E PNEUMOFUNCI,2,14,2357409000,10.0,8.0,0.2
5,3542602,Registro,3523100409598,2023-05-10,2023-05-13,352042,126 SERVICO DE FISIOTERAPIA / 004 ASSISTENCIA FISIOTERAPEUTICA CARDIOVASCULARES E PNEUMOFUNCI,3,3,2357409000,10.0,8.0,0.3
5,3542602,Registro,3523100409609,2023-05-02,2023-05-05,352210,,0,3,2357409000,10.0,8.0,0.0
5,3542602,Registro,3523100409610,2023-05-08,2023-05-16,354260,126 SERVICO DE FISIOTERAPIA / 004 ASSISTENCIA FISIOTERAPEUTICA CARDIOVASCULARES E PNEUMOFUNCI,2,8,2357409000,10.0,8.0,0.2
5,3542602,Registro,3523100409631,2023-05-10,2023-05-15,353620,126 SERVICO DE FISIOTERAPIA / 004 ASSISTENCIA FISIOTERAPEUTICA CARDIOVASCULARES E PNEUMOFUNCI,3,5,2357409000,10.0,8.0,0.3
5,3542602,Registro,3523100409631,2023-05-10,2023-05-15,353620,,1,5,2357409000,10.0,8.0,0.1
5,3542602,Registro,3523100409642,2023-05-03,2023-05-17,354260,,0,14,2357409000,10.0,8.0,0.0
5,3542602,Registro,3523100409642,2023-05-03,2023-05-17,354260,,15,14,2357409000,10.0,8.0,1.5
5,3542602,Registro,3523100409653,2023-05-05,2023-05-09,354260,,1,4,2357409000,10.0,8.0,0.1
5,3542602,Registro,3523100409653,2023-05-05,2023-05-09,354260,,5,4,2357409000,10.0,8.0,0.5
5,3542602,Registro,3523100409664,2023-05-10,2023-05-12,352610,,0,2,2357409000,10.0,8.0,0.0
5,3542602,Registro,3523100409708,2023-05-10,2023-05-13,352330,,5,3,2357409000,10.0,8.0,0.5
5,3542602,Registro,3523100409730,2023-05-10,2023-05-28,351480,126 SERVICO DE FISIOTERAPIA / 004 ASSISTENCIA FISIOTERAPEUTICA CARDIOVASCULARES E PNEUMOFUNCI,4,18,2357409000,10.0,8.0,0.4
5,3542602,Registro,3523100409730,2023-05-10,2023-05-28,351480,,0,18,2357409000,10.0,8.0,0.0
5,3542602,Registro,3523100409730,2023-05-10,2023-05-28,351480,126 SERVICO DE FISIOTERAPIA / 004 ASSISTENCIA FISIOTERAPEUTICA CARDIOVASCULARES E PNEUMOFUNCI,8,18,2357409000,10.0,8.0,0.8
5,3542602,Registro,3523100409763,2023-05-11,2023-05-13,353760,126 SERVICO DE FISIOTERAPIA / 004 ASSISTENCIA FISIOTERAPEUTICA CARDIOVASCULARES E PNEUMOFUNCI,2,2,2357409000,10.0,8.0,0.2
5,3542602,Registro,3523100409763,2023-05-11,2023-05-13,353760,,1,2,2357409000,10.0,8.0,0.1
5,3542602,Registro,3523100409763,2023-05-11,2023-05-13,353760,,0,2,2357409000,10.0,8.0,0.0
5,3542602,Registro,3523100409785,2023-05-11,2023-05-13,352120,126 SERVICO DE FISIOTERAPIA / 004 ASSISTENCIA FISIOTERAPEUTICA CARDIOVASCULARES E PNEUMOFUNCI,3,2,2357409000,10.0,8.0,0.3
5,3542602,Registro,3523100409796,2023-05-11,2023-05-11,354260,,0,0,2357409000,10.0,8.0,0.0
5,3542602,Registro,3523100409807,2023-05-11,2023-05-13,352042,,0,2,2357409000,10.0,8.0,0.0
5,3542602,Registro,3523100409818,2023-05-11,2023-05-15,420430,126 SERVICO DE FISIOTERAPIA / 004 ASSISTENCIA FISIOTERAPEUTICA CARDIOVASCULARES E PNEUMOFUNCI,1,4,2357409000,10.0,8.0,0.1
5,3542602,Registro,3523100409829,2023-05-11,2023-05-13,353720,,0,2,2357409000,10.0,8.0,0.0
5,3542602,Registro,3523100409830,2023-05-11,2023-05-14,350635,,2,3,2357409000,10.0,8.0,0.2
5,3542602,Registro,3523100409873,2023-05-11,2023-05-24,353760,126 SERVICO DE FISIOTERAPIA / 004 ASSISTENCIA FISIOTERAPEUTICA CARDIOVASCULARES E PNEUMOFUNCI,2,13,2357409000,10.0,8.0,0.2
5,3542602,Registro,3523100409873,2023-05-11,2023-05-24,353760,,2,13,2357409000,10.0,8.0,0.2
5,3542602,Registro,3523100409873,2023-05-11,2023-05-24,353760,126 SERVICO DE FISIOTERAPIA / 004 ASSISTENCIA FISIOTERAPEUTICA CARDIOVASCULARES E PNEUMOFUNCI,3,13,2357409000,10.0,8.0,0.3
5,3542602,Registro,3523100409884,2023-05-11,2023-05-19,352990,126 SERVICO DE FISIOTERAPIA / 004 ASSISTENCIA FISIOTERAPEUTICA CARDIOVASCULARES E PNEUMOFUNCI,3,8,2357409000,10.0,8.0,0.3
5,3542602,Registro,3523100409895,2023-05-11,2023-05-12,354260,,0,1,2357409000,10.0,8.0,0.0
5,3542602,Registro,3523100409895,2023-05-11,2023-05-12,354260,126 SERVICO DE FISIOTERAPIA / 004 ASSISTENCIA FISIOTERAPEUTICA CARDIOVASCULARES E PNEUMOFUNCI,3,1,2357409000,10.0,8.0,0.3
5,3542602,Registro,3523100409906,2023-05-12,2023-05-12,352990,,0,0,2357409000,10.0,8.0,0.0
5,3542602,Registro,3523100409939,2023-05-12,2023-05-26,352460,126 SERVICO DE FISIOTERAPIA / 004 ASSISTENCIA FISIOTERAPEUTICA CARDIOVASCULARES E PNEUMOFUNCI,3,14,2357409000,10.0,8.0,0.3
5,3542602,Registro,3523100409939,2023-05-12,2023-05-26,352460,126 SERVICO DE FISIOTERAPIA / 004 ASSISTENCIA FISIOTERAPEUTICA CARDIOVASCULARES E PNEUMOFUNCI,18,14,2357409000,10.0,8.0,1.8
5,3542602,Registro,3523100409961,2023-05-11,2023-05-13,352210,,3,2,2357409000,10.0,8.0,0.3
5,3542602,Registro,3523100409972,2023-05-11,2023-05-16,352042,126 SERVICO DE FISIOTERAPIA / 004 ASSISTENCIA FISIOTERAPEUTICA CARDIOVASCULARES E PNEUMOFUNCI,3,5,2357409000,10.0,8.0,0.3
5,3542602,Registro,3523100409994,2023-05-12,2023-05-15,350925,126 SERVICO DE FISIOTERAPIA / 004 ASSISTENCIA FISIOTERAPEUTICA CARDIOVASCULARES E PNEUMOFUNCI,3,3,2357409000,10.0,8.0,0.3
5,3515509,Fernandópolis,3523100509500,2023-01-14,2023-01-16,353000,,0,2,2468766000,1.0,0.0,0.0
5,3552205,Sorocaba,3523100583200,2023-02-23,2023-05-18,355220,,0,84,44533398000,12.714285714285714,8.0,0.0
5,3510500,Caraguatatuba,3523100620523,2023-01-25,2023-03-10,355070,,2,44,4532236000,24.0,18.0,0.08333333333333333
5,3510500,Caraguatatuba,3523100620523,2023-01-25,2023-03-10,355070,126 SERVICO DE FISIOTERAPIA / 004 ASSISTENCIA FISIOTERAPEUTICA CARDIOVASCULARES E PNEUMOFUNCI,7,44,4532236000,24.0,18.0,0.2916666666666667
5,3510500,Caraguatatuba,3523100620523,2023-01-25,2023-03-10,355070,126 SERVICO DE FISIOTERAPIA / 004 ASSISTENCIA FISIOTERAPEUTICA CARDIOVASCULARES E PNEUMOFUNCI,1,44,4532236000,24.0,18.0,0.041666666666666664
5,3510500,Caraguatatuba,3523100620523,2023-01-25,2023-03-10,355070,126 SERVICO DE FISIOTERAPIA / 004 ASSISTENCIA FISIOTERAPEUTICA CARDIOVASCULARES E PNEUMOFUNCI,4,44,4532236000,24.0,18.0,0.16666666666666666
5,3510500,Caraguatatuba,3523100620523,2023-01-25,2023-03-10,355070,,1,44,4532236000,24.0,18.0,0.041666666666666664
5,3510500,Caraguatatuba,3523100620523,2023-01-25,2023-03-10,355070,,0,44,4532236000,24.0,18.0,0.0
5,3550308,São Paulo,3523100736837,2023-02-09,2023-03-11,355030,,0,30,828980747000,19.2972972972973,10.716216216216216,0.0
5,3516408,Franco da Rocha,3523100737123,2023-01-15,2023-03-21,352250,,28,65,4297871000,13.0,0.0,2.1538461538461537
5,3550308,São Paulo,3523100740995,2023-02-15,2023-03-17,351570,,1,30,828980747000,19.2972972972973,10.716216216216216,0.05182072829131652
5,3550308,São Paulo,3523100748321,2023-02-18,2023-03-20,355030,,0,30,828980747000,19.2972972972973,10.716216216216216,0.0
5,3530607,Mogi das Cruzes,3523100751808,2023-02-19,2023-03-09,353060,,4,18,19604517000,13.0,4.0,0.3076923076923077
5,3530607,Mogi das Cruzes,3523100751808,2023-02-19,2023-03-09,353060,,1,18,19604517000,13.0,4.0,0.07692307692307693
5,3530607,Mogi das Cruzes,3523100751808,2023-02-19,2023-03-09,353060,126 SERVICO DE FISIOTERAPIA / 007 ASSISTENCIA FISIOTERAPEUTICA NAS ALTERACOES EM NEUROLOGIA,2,18,19604517000,13.0,4.0,0.15384615384615385
5,3530607,Mogi das Cruzes,3523100751808,2023-02-19,2023-03-09,353060,126 SERVICO DE FISIOTERAPIA / 004 ASSISTENCIA FISIOTERAPEUTICA CARDIOVASCULARES E PNEUMOFUNCI,1,18,19604517000,13.0,4.0,0.07692307692307693
5,3530607,Mogi das Cruzes,3523100751808,2023-02-19,2023-03-09,353060,126 SERVICO DE FISIOTERAPIA / 004 ASSISTENCIA FISIOTERAPEUTICA CARDIOVASCULARES E PNEUMOFUNCI,2,18,19604517000,13.0,4.0,0.15384615384615385
5,3530607,Mogi das Cruzes,3523100751808,2023-02-19,2023-03-09,353060,105 SERVICO DE ATENCAO EM NEUROLOGIA / NEUROCIRURGIA / 005 TRATAMENTO NEUROCIRURGICO DA DOR FUNCIONA,0,18,19604517000,13.0,4.0,0.0
5,3530607,Mogi das Cruzes,3523100751808,2023-02-19,2023-03-09,353060,126 SERVICO DE FISIOTERAPIA / 004 ASSISTENCIA FISIOTERAPEUTICA CARDIOVASCULARES E PNEUMOFUNCI,4,18,19604517000,13.0,4.0,0.3076923076923077
5,3530607,Mogi das Cruzes,3523100751808,2023-02-19,2023-03-09,353060,126 SERVICO DE FISIOTERAPIA / 007 ASSISTENCIA FISIOTERAPEUTICA NAS ALTERACOES EM NEUROLOGIA,1,18,19604517000,13.0,4.0,0.07692307692307693
5,3530607,Mogi das Cruzes,3523100751808,2023-02-19,2023-03-09,353060,,3,18,19604517000,13.0,4.0,0.23076923076923078
5,3522208,Itapecerica da Serra,3523100759794,2023-02-18,2023-05-05,352220,,11,76,4909299000,7.5,7.5,1.4666666666666666
5,3506003,Bauru,3523100789714,2023-02-16,2023-04-02,353940,,3,45,16721368000,6.75,5.25,0.4444444444444444
5,3525300,Jaú,3523100798624,2023-02-23,2023-03-01,350790,,0,6,5582395000,18.0,10.0,0.0
5,3525300,Jaú,3523100798624,2023-02-23,2023-03-01,350790,,2,6,5582395000,18.0,10.0,0.1111111111111111
5,3506003,Bauru,3523100805741,2023-02-28,2023-04-20,350600,,2,51,16721368000,6.75,5.25,0.2962962962962963
5,3506003,Bauru,3523100810009,2023-03-02,2023-04-04,350600,,2,33,16721368000,6.75,5.25,0.2962962962962963
5,3506003,Bauru,3523100816785,2023-03-05,2023-05-05,350600,,1,61,16721368000,6.75,5.25,0.14814814814814814
5,3506003,Bauru,3523100816950,2023-03-05,2023-04-13,350600,,4,39,16721368000,6.75,5.25,0.5925925925925926
5,3506003,Bauru,3523100816950,2023-03-05,2023-04-13,350600,,2,39,16721368000,6.75,5.25,0.2962962962962963
5,3506003,Bauru,3523100817599,2023-03-06,2023-04-07,352680,,4,32,16721368000,6.75,5.25,0.5925925925925926
5,3506003,Bauru,3523100819250,2023-03-06,2023-05-13,350600,,3,68,16721368000,6.75,5.25,0.4444444444444444
5,3506003,Bauru,3523100819250,2023-03-06,2023-05-13,350600,,2,68,16721368000,6.75,5.25,0.2962962962962963
5,3506003,Bauru,3523100819623,2023-03-07,2023-04-08,353890,,1,32,16721368000,6.75,5.25,0.14814814814814814
5,3506003,Bauru,3523100819920,2023-02-03,2023-04-17,353890,,2,73,16721368000,6.75,5.25,0.2962962962962963
5,3520442,Ilha Solteira,3523100821790,2023-02-26,2023-03-15,352300,,1,17,706075000,13.0,6.0,0.07692307692307693
5,3520442,Ilha Solteira,3523100821900,2023-02-25,2023-04-07,355255,,8,41,706075000,13.0,6.0,0.6153846153846154
5,3502804,Araçatuba,3523100829369,2023-03-08,2023-03-17,354805,,0,9,9017953000,6.5,6.0,0.0
5,3502101,Andradina,3523100831261,2023-03-05,2023-04-07,350210,,28,33,2845285000,10.0,8.0,2.8
5,3502101,Andradina,3523100831261,2023-03-05,2023-04-07,350210,,3,33,2845285000,10.0,8.0,0.3
5,3502804,Araçatuba,3523100835430,2023-03-15,2023-04-20,350280,,0,36,9017953000,6.5,6.0,0.0
5,3520442,Ilha Solteira,3523100836398,2023-03-19,2023-03-21,353740,,1,2,706075000,13.0,6.0,0.07692307692307693
5,3520442,Ilha Solteira,3523100836398,2023-03-19,2023-03-21,353740,,0,2,706075000,13.0,6.0,0.0
5,3520442,Ilha Solteira,3523100836992,2023-03-20,2023-04-16,352044,128 SERVICO DE HEMOTERAPIA / 004 MEDICINA TRANSFUSIONAL,5,27,706075000,13.0,6.0,0.38461538461538464
5,3502804,Araçatuba,3523100837850,2023-03-20,2023-04-30,350280,,0,41,9017953000,6.5,6.0,0.0
5,3520442,Ilha Solteira,3523100839412,2023-03-22,2023-04-28,353740,,1,37,706075000,13.0,6.0,0.07692307692307693
5,3520442,Ilha Solteira,3523100841117,2023-03-25,2023-03-28,352044,,0,3,706075000,13.0,6.0,0.0
5,3520442,Ilha Solteira,3523100841117,2023-03-25,2023-03-28,352044,,1,3,706075000,13.0,6.0,0.07692307692307693
5,3520442,Ilha Solteira,3523100841140,2023-03-25,2023-04-15,352300,,5,21,706075000,13.0,6.0,0.38461538461538464
5,3520442,Ilha Solteira,3523100844087,2023-03-29,2023-04-08,352044,,1,10,706075000,13.0,6.0,0.07692307692307693
5,3520442,Ilha Solteira,3523100845561,2023-03-31,2023-04-02,352044,,0,2,706075000,13.0,6.0,0.0
5,3520442,Ilha Solteira,3523100847145,2023-04-05,2023-04-08,352044,,1,3,706075000,13.0,6.0,0.07692307692307693
5,3502804,Araçatuba,3523100847167,2023-04-02,2023-04-13,350280,128 SERVICO DE HEMOTERAPIA / 004 MEDICINA TRANSFUSIONAL,2,11,9017953000,6.5,6.0,0.3076923076923077
5,3520442,Ilha Solteira,3523100847706,2023-04-07,2023-04-11,352044,,0,4,706075000,13.0,6.0,0.0
5,3520442,Ilha Solteira,3523100847816,2023-04-07,2023-04-20,355230,,1,13,706075000,13.0,6.0,0.07692307692307693
5,3520442,Ilha Solteira,3523100847816,2023-04-07,2023-04-20,355230,,3,13,706075000,13.0,6.0,0.23076923076923078
5,3520442,Ilha Solteira,3523100847838,2023-04-09,2023-04-17,350420,,1,8,706075000,13.0,6.0,0.07692307692307693
5,3520442,Ilha Solteira,3523100847871,2023-04-09,2023-04-11,352044,,0,2,706075000,13.0,6.0,0.0
5,3520442,Ilha Solteira,3523100849213,2023-04-10,2023-04-12,352300,,1,2,706075000,13.0,6.0,0.07692307692307693
5,3520442,Ilha Solteira,3523100849609,2023-04-11,2023-04-11,352044,,1,0,706075000,13.0,6.0,0.07692307692307693
5,3502804,Araçatuba,3523100849697,2023-04-05,2023-04-10,350280,,0,5,9017953000,6.5,6.0,0.0
5,3502804,Araçatuba,3523100849928,2023-04-05,2023-04-09,353730,,0,4,9017953000,6.5,6.0,0.0
5,3554102,Taubaté,3523100920450,2023-02-06,2023-02-10,352040,,0,4,16199986000,15.5,15.0,0.0
5,3554102,Taubaté,3523100925290,2023-02-10,2023-02-13,355410,132 SERVICO DE ONCOLOGIA / 005 ONCOLOGIA CIRURGICA,0,3,16199986000,15.5,15.0,0.0
5,3554102,Taubaté,3523100931449,2023-02-13,2023-02-21,355000,128 SERVICO DE HEMOTERAPIA / 004 MEDICINA TRANSFUSIONAL,4,8,16199986000,15.5,15.0,0.25806451612903225
5,3554102,Taubaté,3523100931449,2023-02-13,2023-02-21,355000,,4,8,16199986000,15.5,15.0,0.25806451612903225
5,3554102,Taubaté,3523100931449,2023-02-13,2023-02-21,355000,,0,8,16199986000,15.5,15.0,0.0
5,3510500,Caraguatatuba,3523100931845,2023-02-17,2023-05-23,351050,126 SERVICO DE FISIOTERAPIA / 004 ASSISTENCIA FISIOTERAPEUTICA CARDIOVASCULARES E PNEUMOFUNCI,4,95,4532236000,24.0,18.0,0.16666666666666666
5,3510500,Caraguatatuba,3523100931845,2023-02-17,2023-05-23,351050,126 SERVICO DE FISIOTERAPIA / 004 ASSISTENCIA FISIOTERAPEUTICA CARDIOVASCULARES E PNEUMOFUNCI,33,95,4532236000,24.0,18.0,1.375
5,3510500,Caraguatatuba,3523100931845,2023-02-17,2023-05-23,351050,,5,95,4532236000,24.0,18.0,0.20833333333333334
5,3510500,Caraguatatuba,3523100931845,2023-02-17,2023-05-23,351050,126 SERVICO DE FISIOTERAPIA / 004 ASSISTENCIA FISIOTERAPEUTICA CARDIOVASCULARES E PNEUMOFUNCI,10,95,4532236000,24.0,18.0,0.4166666666666667
5,3510500,Caraguatatuba,3523100931845,2023-02-17,2023-05-23,351050,126 SERVICO DE FISIOTERAPIA / 004 ASSISTENCIA FISIOTERAPEUTICA CARDIOVASCULARES E PNEUMOFUNCI,18,95,4532236000,24.0,18.0,0.75
5,3510500,Caraguatatuba,3523100931845,2023-02-17,2023-05-23,351050,126 SERVICO DE FISIOTERAPIA / 004 ASSISTENCIA FISIOTERAPEUTICA CARDIOVASCULARES E PNEUMOFUNCI,6,95,4532236000,24.0,18.0,0.25
5,3510500,Caraguatatuba,3523100931845,2023-02-17,2023-05-23,351050,126 SERVICO DE FISIOTERAPIA / 004 ASSISTENCIA FISIOTERAPEUTICA CARDIOVASCULARES E PNEUMOFUNCI,5,95,4532236000,24.0,18.0,0.20833333333333334
5,3510500,Caraguatatuba,3523100931845,2023-02-17,2023-05-23,351050,126 SERVICO DE FISIOTERAPIA / 004 ASSISTENCIA FISIOTERAPEUTICA CARDIOVASCULARES E PNEUMOFUNCI,1,95,4532236000,24.0,18.0,0.041666666666666664
5,3510500,Caraguatatuba,3523100931845,2023-02-17,2023-05-23,351050,126 SERVICO DE FISIOTERAPIA / 004 ASSISTENCIA FISIOTERAPEUTICA CARDIOVASCULARES E PNEUMOFUNCI,2,95,4532236000,24.0,18.0,0.08333333333333333
5,3510500,Caraguatatuba,3523100931845,2023-02-17,2023-05-23,351050,126 SERVICO DE FISIOTERAPIA / 004 ASSISTENCIA FISIOTERAPEUTICA CARDIOVASCULARES E PNEUMOFUNCI,32,95,4532236000,24.0,18.0,1.3333333333333333
5,3510500,Caraguatatuba,3523100931845,2023-02-17,2023-05-23,351050,126 SERVICO DE FISIOTERAPIA / 004 ASSISTENCIA FISIOTERAPEUTICA CARDIOVASCULARES E PNEUMOFUNCI,40,95,4532236000,24.0,18.0,1.6666666666666667
5,3510500,Caraguatatuba,3523100934639,2023-02-22,2023-04-16,355070,,2,53,4532236000,24.0,18.0,0.08333333333333333
5,3510500,Caraguatatuba,3523100934639,2023-02-22,2023-04-16,355070,126 SERVICO DE FISIOTERAPIA / 004 ASSISTENCIA FISIOTERAPEUTICA CARDIOVASCULARES E PNEUMOFUNCI,2,53,4532236000,24.0,18.0,0.08333333333333333
5,3510500,Caraguatatuba,3523100934639,2023-02-22,2023-04-16,355070,,5,53,4532236000,24.0,18.0,0.20833333333333334
5,3554102,Taubaté,3523100939754,2023-02-22,2023-02-24,355000,,0,2,16199986000,15.5,15.0,0.0
5,3554102,Taubaté,3523100944473,2023-02-24,2023-02-24,351340,,0,0,16199986000,15.5,15.0,0.0
5,3549904,São José dos Campos,3523100945364,2023-02-27,2023-04-27,355540,,0,59,45208808000,16.0,13.75,0.0
5,3554102,Taubaté,3523100945530,2023-03-01,2023-05-03,354990,,22,63,16199986000,15.5,15.0,1.4193548387096775
5,3554102,Taubaté,3523100945530,2023-03-01,2023-05-03,354990,126 SERVICO DE FISIOTERAPIA / 005 ASSISTENCIA FISIOTERAPEUTICA NAS DISFUNCOES MUSCULO ESQUELET,29,63,16199986000,15.5,15.0,1.8709677419354838
5,3554102,Taubaté,3523100945530,2023-03-01,2023-05-03,354990,,3,63,16199986000,15.5,15.0,0.1935483870967742
5,3554102,Taubaté,3523100945530,2023-03-01,2023-05-03,354990,,15,63,16199986000,15.5,15.0,0.967741935483871
5,3554102,Taubaté,3523100945530,2023-03-01,2023-05-03,354990,,1,63,16199986000,15.5,15.0,0.06451612903225806
5,3554102,Taubaté,3523100946849,2023-02-24,2023-03-06,351340,,1,10,16199986000,15.5,15.0,0.06451612903225806
5,3554102,Taubaté,3523100948147,2023-03-02,2023-03-05,352720,,0,3,16199986000,15.5,15.0,0.0
5,3554102,Taubaté,3523100949786,2023-02-20,2023-03-04,355410,128 SERVICO DE HEMOTERAPIA / 004 MEDICINA TRANSFUSIONAL,3,12,16199986000,15.5,15.0,0.1935483870967742
5,3554102,Taubaté,3523100949786,2023-02-20,2023-03-04,355410,126 SERVICO DE FISIOTERAPIA / 004 ASSISTENCIA FISIOTERAPEUTICA CARDIOVASCULARES E PNEUMOFUNCI,5,12,16199986000,15.5,15.0,0.3225806451612903
5,3554102,Taubaté,3523100949786,2023-02-20,2023-03-04,355410,,0,12,16199986000,15.5,15.0,0.0
5,3510500,Caraguatatuba,3523100950523,2023-03-05,2023-04-06,354190,126 SERVICO DE FISIOTERAPIA / 004 ASSISTENCIA FISIOTERAPEUTICA CARDIOVASCULARES E PNEUMOFUNCI,1,32,4532236000,24.0,18.0,0.041666666666666664
5,3510500,Caraguatatuba,3523100950523,2023-03-05,2023-04-06,354190,,0,32,4532236000,24.0,18.0,0.0
5,3510500,Caraguatatuba,3523100950523,2023-03-05,2023-04-06,354190,126 SERVICO DE FISIOTERAPIA / 004 ASSISTENCIA FISIOTERAPEUTICA CARDIOVASCULARES E PNEUMOFUNCI,4,32,4532236000,24.0,18.0,0.16666666666666666
5,3510500,Caraguatatuba,3523100950523,2023-03-05,2023-04-06,354190,126 SERVICO DE FISIOTERAPIA / 004 ASSISTENCIA FISIOTERAPEUTICA CARDIOVASCULARES E PNEUMOFUNCI,6,32,4532236000,24.0,18.0,0.25
5,3554102,Taubaté,3523100951524,2023-02-24,2023-03-07,355410,,3,11,16199986000,15.5,15.0,0.1935483870967742
5,3554102,Taubaté,3523100952998,2023-03-07,2023-04-13,350970,,2,37,16199986000,15.5,15.0,0.12903225806451613
5,3510500,Caraguatatuba,3523100956738,2023-03-08,2023-04-01,355070,126 SERVICO DE FISIOTERAPIA / 004 ASSISTENCIA FISIOTERAPEUTICA CARDIOVASCULARES E PNEUMOFUNCI,3,24,4532236000,24.0,18.0,0.125
5,3554102,Taubaté,3523100958058,2023-03-05,2023-03-12,355410,,0,7,16199986000,15.5,15.0,0.0
5,3554102,Taubaté,3523100958905,2023-02-23,2023-04-12,355000,,19,48,16199986000,15.5,15.0,1.2258064516129032
5,3554102,Taubaté,3523100958905,2023-02-23,2023-04-12,355000,,1,48,16199986000,15.5,15.0,0.06451612903225806
5,3554102,Taubaté,3523100958905,2023-02-23,2023-04-12,355000,,2,48,16199986000,15.5,15.0,0.12903225806451613
5,3530607,Mogi das Cruzes,3523100970191,2023-02-25,2023-03-01,353060,,1,4,19604517000,13.0,4.0,0.07692307692307693
5,3530607,Mogi das Cruzes,3523100970191,2023-02-25,2023-03-01,353060,,0,4,19604517000,13.0,4.0,0.0
5,3530607,Mogi das Cruzes,3523100970191,2023-02-25,2023-03-01,353060,126 SERVICO DE FISIOTERAPIA / 004 ASSISTENCIA FISIOTERAPEUTICA CARDIOVASCULARES E PNEUMOFUNCI,2,4,19604517000,13.0,4.0,0.15384615384615385
5,3550308,São Paulo,3523101170996,2023-02-06,2023-05-31,354870,,0,114,828980747000,19.2972972972973,10.716216216216216,0.0
5,3550308,São Paulo,3523101219870,2023-03-30,2023-04-01,355030,,1,2,828980747000,19.2972972972973,10.716216216216216,0.05182072829131652
5,3550308,São Paulo,3523101221530,2023-04-05,2023-04-30,355030,,0,25,828980747000,19.2972972972973,10.716216216216216,0.0
5,3550308,São Paulo,3523101222730,2023-04-16,2023-04-19,355030,,2,3,828980747000,19.2972972972973,10.716216216216216,0.10364145658263305
5,3550308,São Paulo,3523101365619,2023-03-15,2023-05-26,355030,128 SERVICO DE HEMOTERAPIA / 004 MEDICINA TRANSFUSIONAL,1,72,828980747000,19.2972972972973,10.716216216216216,0.05182072829131652
5,3513801,Diadema,3523101420267,2023-03-02,2023-05-01,351380,,1,60,18484356000,1.5,1.0,0.6666666666666666
5,3513801,Diadema,3523101420267,2023-03-02,2023-05-01,351380,135 SERVICO DE REABILITACAO / 003 REABILITACAO FISICA,73,60,18484356000,1.5,1.0,48.666666666666664
5,3513801,Diadema,3523101420707,2023-03-04,2023-05-05,354780,135 SERVICO DE REABILITACAO / 003 REABILITACAO FISICA,18,62,18484356000,1.5,1.0,12.0
5,3513801,Diadema,3523101420707,2023-03-04,2023-05-05,354780,,1,62,18484356000,1.5,1.0,0.6666666666666666
5,3513801,Diadema,3523101423160,2023-03-11,2023-05-12,351380,,1,62,18484356000,1.5,1.0,0.6666666666666666
5,3513801,Diadema,3523101423160,2023-03-11,2023-05-12,351380,,0,62,18484356000,1.5,1.0,0.0
5,3513801,Diadema,3523101423160,2023-03-11,2023-05-12,351380,135 SERVICO DE REABILITACAO / 003 REABILITACAO FISICA,25,62,18484356000,1.5,1.0,16.666666666666668
5,3513801,Diadema,3523101423160,2023-03-11,2023-05-12,351380,,30,62,18484356000,1.5,1.0,20.0
5,3513801,Diadema,3523101423160,2023-03-11,2023-05-12,351380,132 SERVICO DE ONCOLOGIA / 005 ONCOLOGIA CIRURGICA,0,62,18484356000,1.5,1.0,0.0
5,3513801,Diadema,3523101423160,2023-03-11,2023-05-12,351380,,4,62,18484356000,1.5,1.0,2.6666666666666665
5,3513801,Diadema,3523101425790,2023-03-19,2023-05-02,354870,,1,44,18484356000,1.5,1.0,0.6666666666666666
5,3513801,Diadema,3523101426724,2023-03-21,2023-05-04,354780,,1,44,18484356000,1.5,1.0,0.6666666666666666
5,3513801,Diadema,3523101427110,2023-03-23,2023-04-01,354880,,1,9,18484356000,1.5,1.0,0.6666666666666666
5,3513801,Diadema,3523101427990,2023-03-27,2023-05-26,352940,,1,60,18484356000,1.5,1.0,0.6666666666666666
5,3513801,Diadema,3523101428363,2023-03-27,2023-04-13,351380,,1,17,18484356000,1.5,1.0,0.6666666666666666
5,3513801,Diadema,3523101428407,2023-03-27,2023-05-05,351380,,1,39,18484356000,1.5,1.0,0.6666666666666666
5,3513801,Diadema,3523101428407,2023-03-27,2023-05-05,351380,128 SERVICO DE HEMOTERAPIA / 004 MEDICINA TRANSFUSIONAL,5,39,18484356000,1.5,1.0,3.3333333333333335
5,3513801,Diadema,3523101428407,2023-03-27,2023-05-05,351380,135 SERVICO DE REABILITACAO / 003 REABILITACAO FISICA,24,39,18484356000,1.5,1.0,16.0
5,3513801,Diadema,3523101428407,2023-03-27,2023-05-05,351380,,0,39,18484356000,1.5,1.0,0.0
5,3513801,Diadema,3523101429023,2023-03-29,2023-04-03,351380,,1,5,18484356000,1.5,1.0,0.6666666666666666
5,3513801,Diadema,3523101429023,2023-03-29,2023-04-03,351380,126 SERVICO DE FISIOTERAPIA / 007 ASSISTENCIA FISIOTERAPEUTICA NAS ALTERACOES EM NEUROLOGIA,1,5,18484356000,1.5,1.0,0.6666666666666666
5,3513801,Diadema,3523101429045,2023-03-29,2023-04-03,355030,,0,5,18484356000,1.5,1.0,0.0
5,3513801,Diadema,3523101429045,2023-03-29,2023-04-03,355030,126 SERVICO DE FISIOTERAPIA / 007 ASSISTENCIA FISIOTERAPEUTICA NAS ALTERACOES EM NEUROLOGIA,1,5,18484356000,1.5,1.0,0.6666666666666666
5,3513801,Diadema,3523101429045,2023-03-29,2023-04-03,355030,,1,5,18484356000,1.5,1.0,0.6666666666666666
5,3513801,Diadema,3523101429331,2023-03-24,2023-05-22,351380,,1,59,18484356000,1.5,1.0,0.6666666666666666
5,3513801,Diadema,3523101429342,2023-03-24,2023-05-23,351380,,1,60,18484356000,1.5,1.0,0.6666666666666666
5,3513801,Diadema,3523101429375,2023-03-10,2023-05-08,354330,,1,59,18484356000,1.5,1.0,0.6666666666666666
5,3513801,Diadema,3523101429375,2023-03-10,2023-05-08,354330,,7,59,18484356000,1.5,1.0,4.666666666666667
5,3513801,Diadema,3523101429375,2023-03-10,2023-05-08,354330,135 SERVICO DE REABILITACAO / 003 REABILITACAO FISICA,63,59,18484356000,1.5,1.0,42.0
5,3513801,Diadema,3523101429397,2023-03-03,2023-05-17,351380,,1,75,18484356000,1.5,1.0,0.6666666666666666
5,3513801,Diadema,3523101429397,2023-03-03,2023-05-17,351380,135 SERVICO DE REABILITACAO / 003 REABILITACAO FISICA,68,75,18484356000,1.5,1.0,45.333333333333336
5,3513801,Diadema,3523101429397,2023-03-03,2023-05-17,351380,,0,75,18484356000,1.5,1.0,0.0
5,3513801,Diadema,3523101429430,2023-03-30,2023-04-01,351380,,1,2,18484356000,1.5,1.0,0.6666666666666666
5,3552809,Taboão da Serra,3523101480547,2023-01-20,2023-04-28,351500,,25,98,10291072000,20.0,16.0,1.25
5,3552809,Taboão da Serra,3523101480547,2023-01-20,2023-04-28,351500,,3,98,10291072000,20.0,16.0,0.15
5,3552809,Taboão da Serra,3523101484122,2023-01-27,2023-05-05,351500,,1,98,10291072000,20.0,16.0,0.05
5,3552809,Taboão da Serra,3523101484122,2023-01-27,2023-05-05,351500,,6,98,10291072000,20.0,16.0,0.3
5,3552809,Taboão da Serra,3523101486575,2023-02-01,2023-05-09,351500,,2,97,10291072000,20.0,16.0,0.1
5,3552809,Taboão da Serra,3523101486575,2023-02-01,2023-05-09,351500,,4,97,10291072000,20.0,16.0,0.2
5,3552809,Taboão da Serra,3523101486575,2023-02-01,2023-05-09,351500,,1,97,10291072000,20.0,16.0,0.05
5,3552809,Taboão da Serra,3523101486575,2023-02-01,2023-05-09,351500,,0,97,10291072000,20.0,16.0,0.0
5,3552809,Taboão da Serra,3523101486817,2023-01-25,2023-05-03,355280,,1,98,10291072000,20.0,16.0,0.05
5,3552809,Taboão da Serra,3523101486993,2023-02-02,2023-05-03,351500,,2,90,10291072000,20.0,16.0,0.1
5,3552809,Taboão da Serra,3523101486993,2023-02-02,2023-05-03,351500,,1,90,10291072000,20.0,16.0,0.05
5,3552809,Taboão da Serra,3523101490304,2023-02-09,2023-05-19,351500,,8,99,10291072000,20.0,16.0,0.4
5,3552809,Taboão da Serra,3523101490304,2023-02-09,2023-05-19,351500,,0,99,10291072000,20.0,16.0,0.0
5,3552809,Taboão da Serra,3523101490304,2023-02-09,2023-05-19,351500,,1,99,10291072000,20.0,16.0,0.05
5,3552809,Taboão da Serra,3523101490304,2023-02-09,2023-05-19,351500,,22,99,10291072000,20.0,16.0,1.1
5,3552809,Taboão da Serra,3523101490304,2023-02-09,2023-05-19,351500,,3,99,10291072000,20.0,16.0,0.15
5,3552809,Taboão da Serra,3523101493329,2023-02-15,2023-05-16,351300,,1,90,10291072000,20.0,16.0,0.05
5,3552809,Taboão da Serra,3523101495640,2023-02-22,2023-05-21,351500,,1,88,10291072000,20.0,16.0,0.05
5,3552809,Taboão da Serra,3523101495640,2023-02-22,2023-05-21,351500,116 SERVICO DE ATENCAO CARDIOVASCULAR / CARDIOLOGIA / 005 CARDIOLOGIA INTERVENCIONISTA (HEMODINAMICA,0,88,10291072000,20.0,16.0,0.0
5,3552809,Taboão da Serra,3523101498895,2023-03-01,2023-05-18,355280,,18,78,10291072000,20.0,16.0,0.9
5,3552809,Taboão da Serra,3523101499203,2023-02-28,2023-05-12,351500,,11,73,10291072000,20.0,16.0,0.55
5,3552809,Taboão da Serra,3523101499203,2023-02-28,2023-05-12,351500,,1,73,10291072000,20.0,16.0,0.05
5,3552809,Taboão da Serra,3523101499203,2023-02-28,2023-05-12,351500,,2,73,10291072000,20.0,16.0,0.1
5,3518800,Guarulhos,3523101581032,2023-01-16,2023-05-25,351880,,9,129,77376425000,20.8,17.8,0.43269230769230765
5,3518800,Guarulhos,3523101581032,2023-01-16,2023-05-25,351880,,15,129,77376425000,20.8,17.8,0.7211538461538461
5,3518800,Guarulhos,3523101581032,2023-01-16,2023-05-25,351880,,0,129,77376425000,20.8,17.8,0.0
5,3518800,Guarulhos,3523101610138,2023-03-16,2023-05-08,350660,,15,53,77376425000,20.8,17.8,0.7211538461538461
5,3518800,Guarulhos,3523101610138,2023-03-16,2023-05-08,350660,,7,53,77376425000,20.8,17.8,0.3365384615384615
5,3518800,Guarulhos,3523101610138,2023-03-16,2023-05-08,350660,,0,53,77376425000,20.8,17.8,0.0
5,3518800,Guarulhos,3523101610534,2023-03-17,2023-04-26,353060,,0,40,77376425000,20.8,17.8,0.0
5,3518800,Guarulhos,3523101611260,2023-03-19,2023-03-22,351880,,1,3,77376425000,20.8,17.8,0.04807692307692307
5,3518800,Guarulhos,3523101611799,2023-03-20,2023-05-02,351880,,1,43,77376425000,20.8,17.8,0.04807692307692307
5,3518800,Guarulhos,3523101612888,2023-03-22,2023-05-01,351880,142 SERVICO DE ENDOSCOPIA / 001 DO APARELHO DIGESTIVO,0,40,77376425000,20.8,17.8,0.0
5,3518800,Guarulhos,3523101612910,2023-03-22,2023-04-04,351880,,0,13,77376425000,20.8,17.8,0.0
5,3518800,Guarulhos,3523101612910,2023-03-22,2023-04-04,351880,,6,13,77376425000,20.8,17.8,0.28846153846153844
5,3518800,Guarulhos,3523101613482,2023-03-23,2023-04-01,351880,,0,9,77376425000,20.8,17.8,0.0
5,3518800,Guarulhos,3523101615209,2023-03-26,2023-04-03,351880,,2,8,77376425000,20.8,17.8,0.09615384615384615
5,3518800,Guarulhos,3523101615737,2023-03-02,2023-05-02,351880,,1,61,77376425000,20.8,17.8,0.04807692307692307
5,3518800,Guarulhos,3523101616221,2023-03-28,2023-04-04,351880,,3,7,77376425000,20.8,17.8,0.14423076923076922
5,3518800,Guarulhos,3523101618366,2023-04-02,2023-04-30,351880,,0,28,77376425000,20.8,17.8,0.0
5,3518800,Guarulhos,3523101618971,2023-04-03,2023-04-06,354880,,0,3,77376425000,20.8,17.8,0.0
5,3518800,Guarulhos,3523101618971,2023-04-03,2023-04-06,354880,,3,3,77376425000,20.8,17.8,0.14423076923076922
5,3518800,Guarulhos,3523101619235,2023-04-04,2023-04-08,351880,,0,4,77376425000,20.8,17.8,0.0
5,3518800,Guarulhos,3523101619642,2023-04-04,2023-04-12,351880,,0,8,77376425000,20.8,17.8,0.0
5,3518800,Guarulhos,3523101621204,2023-04-08,2023-04-27,351880,,6,19,77376425000,20.8,17.8,0.28846153846153844
5,3518800,Guarulhos,3523101621204,2023-04-08,2023-04-27,351880,,0,19,77376425000,20.8,17.8,0.0
5,3518800,Guarulhos,3523101621358,2023-04-08,2023-04-26,351880,,10,18,77376425000,20.8,17.8,0.4807692307692307
5,3518800,Guarulhos,3523101621424,2023-04-08,2023-04-13,351880,,3,5,77376425000,20.8,17.8,0.14423076923076922
5,3518800,Guarulhos,3523101621710,2023-04-09,2023-04-11,355030,,2,2,77376425000,20.8,17.8,0.09615384615384615
5,3518800,Guarulhos,3523101621798,2023-04-09,2023-04-12,351880,,3,3,77376425000,20.8,17.8,0.14423076923076922
5,3518800,Guarulhos,3523101621886,2023-04-09,2023-05-23,351880,,11,44,77376425000,20.8,17.8,0.5288461538461539
5,3518800,Guarulhos,3523101621886,2023-04-09,2023-05-23,351880,,0,44,77376425000,20.8,17.8,0.0
5,3518800,Guarulhos,3523101621920,2023-04-09,2023-04-13,351880,,0,4,77376425000,20.8,17.8,0.0
5,3518800,Guarulhos,3523101622513,2023-04-10,2023-04-26,351880,,7,16,77376425000,20.8,17.8,0.3365384615384615
5,3518800,Guarulhos,3523101622524,2023-04-10,2023-05-10,351880,,10,30,77376425000,20.8,17.8,0.4807692307692307
5,3518800,Guarulhos,3523101622579,2023-04-11,2023-04-14,351880,,0,3,77376425000,20.8,17.8,0.0
5,3550308,São Paulo,3523101744690,2023-03-30,2023-04-03,355030,,0,4,828980747000,19.2972972972973,10.716216216216216,0.0
5,3550308,São Paulo,3523101756801,2023-04-27,2023-05-03,355030,,4,6,828980747000,19.2972972972973,10.716216216216216,0.2072829131652661
5,3550308,São Paulo,3523101756801,2023-04-27,2023-05-03,355030,,2,6,828980747000,19.2972972972973,10.716216216216216,0.10364145658263305
5,3550308,São Paulo,3523101756823,2023-04-28,2023-05-04,355030,,1,6,828980747000,19.2972972972973,10.716216216216216,0.05182072829131652
5,3550308,São Paulo,3523101756834,2023-04-24,2023-05-03,355030,,2,9,828980747000,19.2972972972973,10.716216216216216,0.10364145658263305
5,3550308,São Paulo,3523101757021,2023-05-09,2023-05-24,355030,,3,15,828980747000,19.2972972972973,10.716216216216216,0.15546218487394958
5,3550308,São Paulo,3523101757032,2023-05-12,2023-05-31,355030,,6,19,828980747000,19.2972972972973,10.716216216216216,0.31092436974789917
5,3550308,São Paulo,3523101757043,2023-05-11,2023-05-13,355030,,2,2,828980747000,19.2972972972973,10.716216216216216,0.10364145658263305
5,3550308,São Paulo,3523101757087,2023-05-08,2023-05-11,355030,,0,3,828980747000,19.2972972972973,10.716216216216216,0.0
5,3550308,São Paulo,3523101757110,2023-05-04,2023-05-08,355030,,4,4,828980747000,19.2972972972973,10.716216216216216,0.2072829131652661
5,3550308,São Paulo,3523101757197,2023-05-02,2023-05-14,355030,,0,12,828980747000,19.2972972972973,10.716216216216216,0.0
5,3550308,São Paulo,3523101757230,2023-04-28,2023-05-02,355030,,1,4,828980747000,19.2972972972973,10.716216216216216,0.05182072829131652
5,3550308,São Paulo,3523101758011,2023-05-01,2023-05-04,120040,,3,3,828980747000,19.2972972972973,10.716216216216216,0.15546218487394958
5,3550308,São Paulo,3523101758022,2023-04-26,2023-05-03,355030,,3,7,828980747000,19.2972972972973,10.716216216216216,0.15546218487394958
5,3550308,São Paulo,3523101758022,2023-04-26,2023-05-03,355030,,0,7,828980747000,19.2972972972973,10.716216216216216,0.0
5,3550308,São Paulo,3523101758044,2023-04-29,2023-05-04,355030,,0,5,828980747000,19.2972972972973,10.716216216216216,0.0
5,3550308,São Paulo,3523101758044,2023-04-29,2023-05-04,355030,,2,5,828980747000,19.2972972972973,10.716216216216216,0.10364145658263305
5,3550308,São Paulo,3523101758088,2023-03-21,2023-05-03,355030,,1,43,828980747000,19.2972972972973,10.716216216216216,0.05182072829131652
5,3550308,São Paulo,3523101758099,2023-04-22,2023-05-06,355030,,9,14,828980747000,19.2972972972973,10.716216216216216,0.4663865546218487
5,3550308,São Paulo,3523101758099,2023-04-22,2023-05-06,355030,,5,14,828980747000,19.2972972972973,10.716216216216216,0.2591036414565826
5,3550308,São Paulo,3523101758143,2023-04-28,2023-05-02,355030,,0,4,828980747000,19.2972972972973,10.716216216216216,0.0
5,3550308,São Paulo,3523101758210,2023-04-27,2023-05-03,355030,,0,6,828980747000,19.2972972972973,10.716216216216216,0.0
5,3550308,São Paulo,3523101758231,2023-05-02,2023-05-03,355030,,0,1,828980747000,19.2972972972973,10.716216216216216,0.0
5,3550308,São Paulo,3523101758253,2023-05-03,2023-05-06,355030,,0,3,828980747000,19.2972972972973,10.716216216216216,0.0
5,3550308,São Paulo,3523101758275,2023-05-04,2023-05-05,354780,,0,1,828980747000,19.2972972972973,10.716216216216216,0.0
5,3550308,São Paulo,3523101758308,2023-05-04,2023-05-05,355030,,0,1,828980747000,19.2972972972973,10.716216216216216,0.0
5,3550308,São Paulo,3523101758330,2023-05-02,2023-05-03,355030,,0,1,828980747000,19.2972972972973,10.716216216216216,0.0
5,3550308,São Paulo,3523101758352,2023-04-18,2023-05-05,355030,,0,17,828980747000,19.2972972972973,10.716216216216216,0.0
5,3550308,São Paulo,3523101758352,2023-04-18,2023-05-05,355030,,2,17,828980747000,19.2972972972973,10.716216216216216,0.10364145658263305
5,3550308,São Paulo,3523101758352,2023-04-18,2023-05-05,355030,,6,17,828980747000,19.2972972972973,10.716216216216216,0.31092436974789917
5,3550308,São Paulo,3523101758352,2023-04-18,2023-05-05,355030,,4,17,828980747000,19.2972972972973,10.716216216216216,0.2072829131652661
5,3550308,São Paulo,3523101758363,2023-05-03,2023-05-03,355250,,0,0,828980747000,19.2972972972973,10.716216216216216,0.0
5,3550308,São Paulo,3523101758396,2023-05-08,2023-05-09,355030,,0,1,828980747000,19.2972972972973,10.716216216216216,0.0
5,3550308,São Paulo,3523101758407,2023-05-08,2023-05-09,355030,,0,1,828980747000,19.2972972972973,10.716216216216216,0.0
5,3550308,São Paulo,3523101758407,2023-05-08,2023-05-09,355030,121 SERVICO DE DIAGNOSTICO POR IMAGEM / 001 RADIOLOGIA,1,1,828980747000,19.2972972972973,10.716216216216216,0.05182072829131652
5,3550308,São Paulo,3523101758418,2023-05-08,2023-05-08,355250,121 SERVICO DE DIAGNOSTICO POR IMAGEM / 001 RADIOLOGIA,1,0,828980747000,19.2972972972973,10.716216216216216,0.05182072829131652
5,3550308,São Paulo,3523101758430,2023-05-01,2023-05-06,355030,,0,5,828980747000,19.2972972972973,10.716216216216216,0.0
5,3550308,São Paulo,3523101758440,2023-05-02,2023-05-05,355250,,0,3,828980747000,19.2972972972973,10.716216216216216,0.0
5,3550308,São Paulo,3523101758451,2023-05-02,2023-05-05,355030,,0,3,828980747000,19.2972972972973,10.716216216216216,0.0
5,3550308,São Paulo,3523101758473,2023-05-01,2023-05-04,355030,,0,3,828980747000,19.2972972972973,10.716216216216216,0.0
5,3550308,São Paulo,3523101758495,2023-04-30,2023-05-04,355030,,0,4,828980747000,19.2972972972973,10.716216216216216,0.0
5,3550308,São Paulo,3523101758605,2023-05-04,2023-05-09,355030,128 SERVICO DE HEMOTERAPIA / 004 MEDICINA TRANSFUSIONAL,2,5,828980747000,19.2972972972973,10.716216216216216,0.10364145658263305
5,3550308,São Paulo,3523101758650,2023-04-26,2023-05-01,355030,,0,5,828980747000,19.2972972972973,10.716216216216216,0.0
5,3550308,São Paulo,3523101758671,2023-04-19,2023-05-04,355030,,0,15,828980747000,19.2972972972973,10.716216216216216,0.0
5,3550308,São Paulo,3523101758759,2023-04-21,2023-05-05,355030,,1,14,828980747000,19.2972972972973,10.716216216216216,0.05182072829131652
5,3550308,São Paulo,3523101758759,2023-04-21,2023-05-05,355030,,0,14,828980747000,19.2972972972973,10.716216216216216,0.0
5,3550308,São Paulo,3523101758760,2023-04-06,2023-05-03,355030,,12,27,828980747000,19.2972972972973,10.716216216216216,0.6218487394957983
5,3550308,São Paulo,3523101758760,2023-04-06,2023-05-03,355030,,0,27,828980747000,19.2972972972973,10.716216216216216,0.0
5,3550308,São Paulo,3523101758814,2023-05-01,2023-05-01,355030,,0,0,828980747000,19.2972972972973,10.716216216216216,0.0
5,3550308,São Paulo,3523101758924,2023-05-05,2023-05-10,355030,,0,5,828980747000,19.2972972972973,10.716216216216216,0.0
5,3550308,São Paulo,3523101758946,2023-05-09,2023-05-10,355030,,0,1,828980747000,19.2972972972973,10.716216216216216,0.0
5,3550308,São Paulo,3523101758957,2023-05-06,2023-05-10,355030,,0,4,828980747000,19.2972972972973,10.716216216216216,0.0
5,3550308,São Paulo,3523101758979,2023-05-09,2023-05-10,355030,121 SERVICO DE DIAGNOSTICO POR IMAGEM / 001 RADIOLOGIA,1,1,828980747000,19.2972972972973,10.716216216216216,0.05182072829131652
5,3550308,São Paulo,3523101758990,2023-05-10,2023-05-11,351380,,0,1,828980747000,19.2972972972973,10.716216216216216,0.0
5,3550308,São Paulo,3523101759034,2023-05-05,2023-05-10,355030,128 SERVICO DE HEMOTERAPIA / 004 MEDICINA TRANSFUSIONAL,1,5,828980747000,19.2972972972973,10.716216216216216,0.05182072829131652
5,3550308,São Paulo,3523101759078,2023-05-08,2023-05-09,355030,,0,1,828980747000,19.2972972972973,10.716216216216216,0.0
5,3550308,São Paulo,3523101759089,2023-05-11,2023-05-14,351880,,3,3,828980747000,19.2972972972973,10.716216216216216,0.15546218487394958
5,3550308,São Paulo,3523101759133,2023-05-08,2023-05-14,355030,,0,6,828980747000,19.2972972972973,10.716216216216216,0.0
5,3550308,São Paulo,3523101759155,2023-05-11,2023-05-12,355030,121 SERVICO DE DIAGNOSTICO POR IMAGEM / 001 RADIOLOGIA,1,1,828980747000,19.2972972972973,10.716216216216216,0.05182072829131652
5,3550308,São Paulo,3523101759166,2023-05-11,2023-05-12,355030,,0,1,828980747000,19.2972972972973,10.716216216216216,0.0
5,3550308,São Paulo,3523101759177,2023-05-12,2023-05-13,355030,,0,1,828980747000,19.2972972972973,10.716216216216216,0.0
5,3550308,São Paulo,3523101759232,2023-05-02,2023-05-11,355030,128 SERVICO DE HEMOTERAPIA / 004 MEDICINA TRANSFUSIONAL,3,9,828980747000,19.2972972972973,10.716216216216216,0.15546218487394958
5,3550308,São Paulo,3523101759265,2023-05-08,2023-05-09,355030,,0,1,828980747000,19.2972972972973,10.716216216216216,0.0
5,3550308,São Paulo,3523101759375,2023-05-15,2023-05-15,355030,,1,0,828980747000,19.2972972972973,10.716216216216216,0.05182072829131652
5,3550308,São Paulo,3523101759420,2023-05-09,2023-05-15,355030,,0,6,828980747000,19.2972972972973,10.716216216216216,0.0
5,3550308,São Paulo,3523101759430,2023-05-12,2023-05-14,355030,,3,2,828980747000,19.2972972972973,10.716216216216216,0.15546218487394958
5,3550308,São Paulo,3523101759485,2023-05-10,2023-05-15,355030,,2,5,828980747000,19.2972972972973,10.716216216216216,0.10364145658263305
5,3550308,São Paulo,3523101759606,2023-05-15,2023-05-15,355030,,1,0,828980747000,19.2972972972973,10.716216216216216,0.05182072829131652
5,3550308,São Paulo,3523101759640,2023-05-12,2023-05-15,355030,,0,3,828980747000,19.2972972972973,10.716216216216216,0.0
5,3550308,São Paulo,3523101759650,2023-05-15,2023-05-17,355030,,2,2,828980747000,19.2972972972973,10.716216216216216,0.10364145658263305
5,3550308,São Paulo,3523101759716,2023-05-08,2023-05-12,355030,,0,4,828980747000,19.2972972972973,10.716216216216216,0.0
5,3550308,São Paulo,3523101759727,2023-05-07,2023-05-15,355030,,1,8,828980747000,19.2972972972973,10.716216216216216,0.05182072829131652
5,3550308,São Paulo,3523101759782,2023-05-17,2023-05-18,355030,,0,1,828980747000,19.2972972972973,10.716216216216216,0.0
5,3550308,São Paulo,3523101759837,2023-04-29,2023-05-18,355030,128 SERVICO DE HEMOTERAPIA / 004 MEDICINA TRANSFUSIONAL,1,19,828980747000,19.2972972972973,10.716216216216216,0.05182072829131652
5,3550308,São Paulo,3523101759837,2023-04-29,2023-05-18,355030,,0,19,828980747000,19.2972972972973,10.716216216216216,0.0
5,3550308,São Paulo,3523101759859,2023-05-15,2023-05-18,355030,,0,3,828980747000,19.2972972972973,10.716216216216216,0.0
5,3550308,São Paulo,3523101759860,2023-05-16,2023-05-18,355030,,0,2,828980747000,19.2972972972973,10.716216216216216,0.0
5,3550308,São Paulo,3523101759881,2023-05-19,2023-05-20,355030,,0,1,828980747000,19.2972972972973,10.716216216216216,0.0
5,3550308,São Paulo,3523101759903,2023-05-20,2023-05-21,355030,121 SERVICO DE DIAGNOSTICO POR IMAGEM / 001 RADIOLOGIA,1,1,828980747000,19.2972972972973,10.716216216216216,0.05182072829131652
5,3550308,São Paulo,3523101759925,2023-05-19,2023-05-19,352940,,0,0,828980747000,19.2972972972973,10.716216216216216,0.0
5,3550308,São Paulo,3523101759947,2023-05-20,2023-05-21,354870,,0,1,828980747000,19.2972972972973,10.716216216216216,0.0
5,3550308,São Paulo,3523101759969,2023-05-19,2023-05-20,352940,,0,1,828980747000,19.2972972972973,10.716216216216216,0.0
5,3550308,São Paulo,3523101759969,2023-05-19,2023-05-20,352940,121 SERVICO DE DIAGNOSTICO POR IMAGEM / 001 RADIOLOGIA,1,1,828980747000,19.2972972972973,10.716216216216216,0.05182072829131652
5,3550308,São Paulo,3523101759970,2023-05-17,2023-05-18,355030,,0,1,828980747000,19.2972972972973,10.716216216216216,0.0
5,3550308,São Paulo,3523101759980,2023-05-19,2023-05-21,355030,,0,2,828980747000,19.2972972972973,10.716216216216216,0.0
5,3550308,São Paulo,3523101759991,2023-05-18,2023-05-19,355030,,0,1,828980747000,19.2972972972973,10.716216216216216,0.0
5,3550308,São Paulo,3523101760002,2023-05-19,2023-05-21,355030,,0,2,828980747000,19.2972972972973,10.716216216216216,0.0
5,3550308,São Paulo,3523101760035,2023-04-29,2023-05-07,355030,,0,8,828980747000,19.2972972972973,10.716216216216216,0.0
5,3550308,São Paulo,3523101760080,2023-05-04,2023-05-05,355030,,0,1,828980747000,19.2972972972973,10.716216216216216,0.0
5,3550308,São Paulo,3523101760080,2023-05-04,2023-05-05,355030,,1,1,828980747000,19.2972972972973,10.716216216216216,0.05182072829131652
5,3550308,São Paulo,3523101760090,2023-03-21,2023-05-09,355030,,2,49,828980747000,19.2972972972973,10.716216216216216,0.10364145658263305
5,3550308,São Paulo,3523101760090,2023-03-21,2023-05-09,355030,,0,49,828980747000,19.2972972972973,10.716216216216216,0.0
5,3550308,São Paulo,3523101760101,2023-05-09,2023-05-09,355030,,0,0,828980747000,19.2972972972973,10.716216216216216,0.0
5,3550308,São Paulo,3523101760112,2023-05-09,2023-05-09,355030,,0,0,828980747000,19.2972972972973,10.716216216216216,0.0
5,3550308,São Paulo,3523101760134,2023-05-07,2023-05-09,352220,,0,2,828980747000,19.2972972972973,10.716216216216216,0.0
5,3550308,São Paulo,3523101760156,2023-05-08,2023-05-08,355030,,0,0,828980747000,19.2972972972973,10.716216216216216,0.0
5,3550308,São Paulo,3523101760167,2023-05-02,2023-05-04,355250,,0,2,828980747000,19.2972972972973,10.716216216216216,0.0
5,3550308,São Paulo,3523101760189,2023-05-08,2023-05-09,355030,,0,1,828980747000,19.2972972972973,10.716216216216216,0.0
5,3550308,São Paulo,3523101760190,2023-05-08,2023-05-09,355030,121 SERVICO DE DIAGNOSTICO POR IMAGEM / 001 RADIOLOGIA,1,1,828980747000,19.2972972972973,10.716216216216216,0.05182072829131652
5,3550308,São Paulo,3523101760190,2023-05-08,2023-05-09,355030,,0,1,828980747000,19.2972972972973,10.716216216216216,0.0
5,3550308,São Paulo,3523101760200,2023-05-03,2023-05-04,354780,121 SERVICO DE DIAGNOSTICO POR IMAGEM / 001 RADIOLOGIA,1,1,828980747000,19.2972972972973,10.716216216216216,0.05182072829131652
5,3550308,São Paulo,3523101760354,2023-05-03,2023-05-04,355280,,0,1,828980747000,19.2972972972973,10.716216216216216,0.0
5,3550308,São Paulo,3523101760376,2023-05-03,2023-05-04,355030,,0,1,828980747000,19.2972972972973,10.716216216216216,0.0
5,3550308,São Paulo,3523101760442,2023-05-04,2023-05-05,355030,,0,1,828980747000,19.2972972972973,10.716216216216216,0.0
5,3550308,São Paulo,3523101760530,2023-05-05,2023-05-07,355030,,0,2,828980747000,19.2972972972973,10.716216216216216,0.0
5,3550308,São Paulo,3523101760541,2023-05-01,2023-05-06,355030,,0,5,828980747000,19.2972972972973,10.716216216216216,0.0
5,3550308,São Paulo,3523101760552,2023-04-27,2023-05-04,355030,,0,7,828980747000,19.2972972972973,10.716216216216216,0.0
5,3550308,São Paulo,3523101760563,2023-04-26,2023-05-04,355030,,0,8,828980747000,19.2972972972973,10.716216216216216,0.0
5,3550308,São Paulo,3523101760574,2023-04-18,2023-04-29,355030,,11,11,828980747000,19.2972972972973,10.716216216216216,0.5700280112044818
5,3550308,São Paulo,3523101760585,2023-04-29,2023-05-05,355030,,0,6,828980747000,19.2972972972973,10.716216216216216,0.0
5,3550308,São Paulo,3523101760618,2023-05-01,2023-05-07,355030,,1,6,828980747000,19.2972972972973,10.716216216216216,0.05182072829131652
5,3550308,São Paulo,3523101760618,2023-05-01,2023-05-07,355030,,0,6,828980747000,19.2972972972973,10.716216216216216,0.0
5,3550308,São Paulo,3523101760629,2023-05-02,2023-05-04,355030,,0,2,828980747000,19.2972972972973,10.716216216216216,0.0
5,3550308,São Paulo,3523101760640,2023-05-05,2023-05-07,355030,,0,2,828980747000,19.2972972972973,10.716216216216216,0.0
5,3550308,São Paulo,3523101760684,2023-04-26,2023-05-05,355030,,0,9,828980747000,19.2972972972973,10.716216216216216,0.0
5,3550308,São Paulo,3523101760717,2023-04-24,2023-05-04,355030,,0,10,828980747000,19.2972972972973,10.716216216216216,0.0
5,3550308,São Paulo,3523101760728,2023-04-12,2023-05-03,355030,,0,21,828980747000,19.2972972972973,10.716216216216216,0.0
5,3550308,São Paulo,3523101760816,2023-05-03,2023-05-03,355030,,0,0,828980747000,19.2972972972973,10.716216216216216,0.0
5,3550308,São Paulo,3523101760827,2023-04-18,2023-05-01,355030,,9,13,828980747000,19.2972972972973,10.716216216216216,0.4663865546218487
5,3550308,São Paulo,3523101760827,2023-04-18,2023-05-01,355030,,13,13,828980747000,19.2972972972973,10.716216216216216,0.6736694677871148
5,3550308,São Paulo,3523101760850,2023-04-22,2023-05-08,355030,,0,16,828980747000,19.2972972972973,10.716216216216216,0.0
5,3550308,São Paulo,3523101760915,2023-05-04,2023-05-11,355030,,0,7,828980747000,19.2972972972973,10.716216216216216,0.0
5,3550308,São Paulo,3523101760948,2023-04-04,2023-04-25,355030,,0,21,828980747000,19.2972972972973,10.716216216216216,0.0
5,3550308,São Paulo,3523101760992,2023-05-10,2023-05-13,353980,,0,3,828980747000,19.2972972972973,10.716216216216216,0.0
5,3550308,São Paulo,3523101761014,2023-05-11,2023-05-12,355220,,0,1,828980747000,19.2972972972973,10.716216216216216,0.0
5,3550308,São Paulo,3523101761025,2023-05-11,2023-05-12,354330,,0,1,828980747000,19.2972972972973,10.716216216216216,0.0
5,3550308,São Paulo,3523101761047,2023-05-10,2023-05-12,351880,,0,2,828980747000,19.2972972972973,10.716216216216216,0.0
5,3550308,São Paulo,3523101761058,2023-05-10,2023-05-12,355030,,0,2,828980747000,19.2972972972973,10.716216216216216,0.0
5,3550308,São Paulo,3523101761070,2023-05-12,2023-05-13,350900,,0,1,828980747000,19.2972972972973,10.716216216216216,0.0
5,3550308,São Paulo,3523101761080,2023-05-12,2023-05-14,355030,,0,2,828980747000,19.2972972972973,10.716216216216216,0.0
5,3550308,São Paulo,3523101761091,2023-05-10,2023-05-12,355030,,0,2,828980747000,19.2972972972973,10.716216216216216,0.0
5,3550308,São Paulo,3523101761113,2023-05-08,2023-05-12,355030,,0,4,828980747000,19.2972972972973,10.716216216216216,0.0
5,3550308,São Paulo,3523101761124,2023-05-11,2023-05-14,355030,,0,3,828980747000,19.2972972972973,10.716216216216216,0.0
5,3550308,São Paulo,3523101761157,2023-05-12,2023-05-14,355030,,0,2,828980747000,19.2972972972973,10.716216216216216,0.0
5,3550308,São Paulo,3523101761168,2023-05-13,2023-05-14,355030,,0,1,828980747000,19.2972972972973,10.716216216216216,0.0
5,3550308,São Paulo,3523101761245,2023-04-21,2023-04-21,355030,,0,0,828980747000,19.2972972972973,10.716216216216216,0.0
5,3550308,São Paulo,3523101761267,2023-05-14,2023-05-16,351880,,0,2,828980747000,19.2972972972973,10.716216216216216,0.0
5,3550308,São Paulo,3523101761290,2023-05-16,2023-05-16,355030,,0,0,828980747000,19.2972972972973,10.716216216216216,0.0
5,3550308,São Paulo,3523101761300,2023-05-11,2023-05-12,355030,,0,1,828980747000,19.2972972972973,10.716216216216216,0.0
5,3550308,São Paulo,3523101761311,2023-05-11,2023-05-12,355030,,0,1,828980747000,19.2972972972973,10.716216216216216,0.0
5,3550308,São Paulo,3523101761322,2023-05-11,2023-05-12,352940,,0,1,828980747000,19.2972972972973,10.716216216216216,0.0
5,3550308,São Paulo,3523101761366,2023-05-14,2023-05-14,355030,128 SERVICO DE HEMOTERAPIA / 004 MEDICINA TRANSFUSIONAL,2,0,828980747000,19.2972972972973,10.716216216216216,0.10364145658263305
5,3550308,São Paulo,3523101761377,2023-05-04,2023-05-16,355030,,0,12,828980747000,19.2972972972973,10.716216216216216,0.0
5,3550308,São Paulo,3523101761421,2023-05-16,2023-05-17,355030,,0,1,828980747000,19.2972972972973,10.716216216216216,0.0
5,3550308,São Paulo,3523101761421,2023-05-16,2023-05-17,355030,121 SERVICO DE DIAGNOSTICO POR IMAGEM / 001 RADIOLOGIA,1,1,828980747000,19.2972972972973,10.716216216216216,0.05182072829131652
5,3550308,São Paulo,3523101761432,2023-05-16,2023-05-17,355030,,0,1,828980747000,19.2972972972973,10.716216216216216,0.0
5,3550308,São Paulo,3523101761487,2023-05-16,2023-05-17,352940,,0,1,828980747000,19.2972972972973,10.716216216216216,0.0
5,3550308,São Paulo,3523101761509,2023-05-16,2023-05-17,355250,142 SERVICO DE ENDOSCOPIA / 001 DO APARELHO DIGESTIVO,0,1,828980747000,19.2972972972973,10.716216216216216,0.0
5,3550308,São Paulo,3523101761510,2023-05-15,2023-05-17,355030,,0,2,828980747000,19.2972972972973,10.716216216216216,0.0
5,3550308,São Paulo,3523101761520,2023-05-16,2023-05-17,355030,,0,1,828980747000,19.2972972972973,10.716216216216216,0.0
5,3550308,São Paulo,3523101761553,2023-05-16,2023-05-17,355030,,0,1,828980747000,19.2972972972973,10.716216216216216,0.0
5,3550308,São Paulo,3523101761608,2023-05-16,2023-05-17,355030,,0,1,828980747000,19.2972972972973,10.716216216216216,0.0
5,3550308,São Paulo,3523101761619,2023-05-16,2023-05-17,355030,,0,1,828980747000,19.2972972972973,10.716216216216216,0.0
5,3550308,São Paulo,3523101761620,2023-05-13,2023-05-17,355030,,0,4,828980747000,19.2972972972973,10.716216216216216,0.0
5,3550308,São Paulo,3523101761663,2023-05-17,2023-05-18,350570,,0,1,828980747000,19.2972972972973,10.716216216216216,0.0
5,3550308,São Paulo,3523101761674,2023-05-17,2023-05-18,351880,,0,1,828980747000,19.2972972972973,10.716216216216216,0.0
5,3550308,São Paulo,3523101761685,2023-05-17,2023-05-18,354780,,0,1,828980747000,19.2972972972973,10.716216216216216,0.0
5,3550308,São Paulo,3523101761696,2023-05-17,2023-05-18,355030,,0,1,828980747000,19.2972972972973,10.716216216216216,0.0
5,3550308,São Paulo,3523101761707,2023-04-25,2023-05-18,352310,,0,23,828980747000,19.2972972972973,10.716216216216216,0.0
5,3550308,São Paulo,3523101761718,2023-04-21,2023-05-11,355030,,0,20,828980747000,19.2972972972973,10.716216216216216,0.0
5,3550308,São Paulo,3523101761729,2023-05-11,2023-05-18,355030,,0,7,828980747000,19.2972972972973,10.716216216216216,0.0
5,3550308,São Paulo,3523101761740,2023-05-03,2023-05-20,355030,,1,17,828980747000,19.2972972972973,10.716216216216216,0.05182072829131652
5,3550308,São Paulo,3523101761762,2023-05-18,2023-05-19,355030,,0,1,828980747000,19.2972972972973,10.716216216216216,0.0
5,3550308,São Paulo,3523101761773,2023-05-18,2023-05-19,352940,,0,1,828980747000,19.2972972972973,10.716216216216216,0.0
5,3550308,São Paulo,3523101761806,2023-05-17,2023-05-18,355030,,0,1,828980747000,19.2972972972973,10.716216216216216,0.0
5,3550308,São Paulo,3523101761817,2023-05-19,2023-05-19,355070,169 ATENCAO EM UROLOGIA / 002 LITOTRIPSIA,0,0,828980747000,19.2972972972973,10.716216216216216,0.0
5,3550308,São Paulo,3523101761861,2023-05-19,2023-05-20,355030,,0,1,828980747000,19.2972972972973,10.716216216216216,0.0
5,3550308,São Paulo,3523101761949,2023-04-03,2023-04-23,355030,,0,20,828980747000,19.2972972972973,10.716216216216216,0.0
5,3550308,São Paulo,3523101761950,2023-04-23,2023-05-20,355030,128 SERVICO DE HEMOTERAPIA / 004 MEDICINA TRANSFUSIONAL,2,27,828980747000,19.2972972972973,10.716216216216216,0.10364145658263305
5,3550308,São Paulo,3523101761960,2023-05-12,2023-05-19,355030,,0,7,828980747000,19.2972972972973,10.716216216216216,0.0
5,3550308,São Paulo,3523101761971,2023-05-12,2023-05-19,355030,,0,7,828980747000,19.2972972972973,10.716216216216216,0.0
5,3550308,São Paulo,3523101761982,2023-05-19,2023-05-20,355030,,0,1,828980747000,19.2972972972973,10.716216216216216,0.0
5,3550308,São Paulo,3523101762004,2023-05-18,2023-05-21,355280,,0,3,828980747000,19.2972972972973,10.716216216216216,0.0
5,3550308,São Paulo,3523101762015,2023-05-12,2023-05-20,352940,,0,8,828980747000,19.2972972972973,10.716216216216216,0.0
5,3550308,São Paulo,3523101762026,2023-05-19,2023-05-20,355030,,0,1,828980747000,19.2972972972973,10.716216216216216,0.0
5,3550308,São Paulo,3523101762059,2023-05-10,2023-05-18,355030,,0,8,828980747000,19.2972972972973,10.716216216216216,0.0
5,3550308,São Paulo,3523101762807,2023-04-09,2023-05-02,355030,,0,23,828980747000,19.2972972972973,10.716216216216216,0.0
5,3550308,São Paulo,3523101762840,2023-05-01,2023-05-02,355030,,1,1,828980747000,19.2972972972973,10.716216216216216,0.05182072829131652
5,3550308,São Paulo,3523101762862,2023-04-08,2023-05-02,355030,,1,24,828980747000,19.2972972972973,10.716216216216216,0.05182072829131652
5,3550308,São Paulo,3523101762873,2023-04-26,2023-05-02,355030,,5,6,828980747000,19.2972972972973,10.716216216216216,0.2591036414565826
5,3550308,São Paulo,3523101762884,2023-04-30,2023-05-02,355250,,0,2,828980747000,19.2972972972973,10.716216216216216,0.0
5,3550308,São Paulo,3523101762906,2023-04-26,2023-05-02,355030,,0,6,828980747000,19.2972972972973,10.716216216216216,0.0
5,3550308,São Paulo,3523101762917,2023-05-01,2023-05-02,355250,,0,1,828980747000,19.2972972972973,10.716216216216216,0.0
5,3550308,São Paulo,3523101762972,2023-04-30,2023-05-01,355030,,0,1,828980747000,19.2972972972973,10.716216216216216,0.0
5,3550308,São Paulo,3523101762983,2023-04-28,2023-05-02,355030,,0,4,828980747000,19.2972972972973,10.716216216216216,0.0
5,3550308,São Paulo,3523101763016,2023-04-28,2023-05-02,355030,,0,4,828980747000,19.2972972972973,10.716216216216216,0.0
5,3550308,São Paulo,3523101763049,2023-05-02,2023-05-02,355030,,0,0,828980747000,19.2972972972973,10.716216216216216,0.0
5,3550308,São Paulo,3523101763082,2023-04-28,2023-05-02,355030,,3,4,828980747000,19.2972972972973,10.716216216216216,0.15546218487394958
5,3550308,São Paulo,3523101763082,2023-04-28,2023-05-02,355030,,1,4,828980747000,19.2972972972973,10.716216216216216,0.05182072829131652
5,3550308,São Paulo,3523101763093,2023-04-22,2023-05-02,355030,,0,10,828980747000,19.2972972972973,10.716216216216216,0.0
5,3550308,São Paulo,3523101763093,2023-04-22,2023-05-02,355030,,1,10,828980747000,19.2972972972973,10.716216216216216,0.05182072829131652
5,3550308,São Paulo,3523101763170,2023-04-30,2023-05-03,355030,,0,3,828980747000,19.2972972972973,10.716216216216216,0.0
5,3550308,São Paulo,3523101763181,2023-04-27,2023-05-02,355030,,0,5,828980747000,19.2972972972973,10.716216216216216,0.0
5,3550308,São Paulo,3523101763192,2023-04-27,2023-05-02,355030,,0,5,828980747000,19.2972972972973,10.716216216216216,0.0
5,3550308,São Paulo,3523101763214,2023-05-01,2023-05-02,355030,,0,1,828980747000,19.2972972972973,10.716216216216216,0.0
5,3550308,São Paulo,3523101763247,2023-05-05,2023-05-06,355030,,0,1,828980747000,19.2972972972973,10.716216216216216,0.0
5,3550308,São Paulo,3523101763269,2023-05-06,2023-05-07,355030,,0,1,828980747000,19.2972972972973,10.716216216216216,0.0
5,3550308,São Paulo,3523101763270,2023-05-06,2023-05-07,355030,,0,1,828980747000,19.2972972972973,10.716216216216216,0.0
5,3550308,São Paulo,3523101763335,2023-05-03,2023-05-04,355030,,0,1,828980747000,19.2972972972973,10.716216216216216,0.0
5,3550308,São Paulo,3523101763368,2023-04-29,2023-05-02,355030,,2,3,828980747000,19.2972972972973,10.716216216216216,0.10364145658263305
5,3550308,São Paulo,3523101763445,2023-04-20,2023-05-05,355030,,0,15,828980747000,19.2972972972973,10.716216216216216,0.0
5,3550308,São Paulo,3523101763445,2023-04-20,2023-05-05,355030,,1,15,828980747000,19.2972972972973,10.716216216216216,0.05182072829131652
5,3550308,São Paulo,3523101763467,2023-05-01,2023-05-03,355030,,2,2,828980747000,19.2972972972973,10.716216216216216,0.10364145658263305
5,3550308,São Paulo,3523101763490,2023-05-02,2023-05-04,355030,,2,2,828980747000,19.2972972972973,10.716216216216216,0.10364145658263305
5,3550308,São Paulo,3523101763500,2023-04-29,2023-05-03,355030,,2,4,828980747000,19.2972972972973,10.716216216216216,0.10364145658263305
5,3550308,São Paulo,3523101763555,2023-05-02,2023-05-04,355030,,0,2,828980747000,19.2972972972973,10.716216216216216,0.0
5,3550308,São Paulo,3523101763588,2023-05-02,2023-05-05,355030,,0,3,828980747000,19.2972972972973,10.716216216216216,0.0
5,3550308,São Paulo,3523101763599,2023-05-02,2023-05-05,355030,,0,3,828980747000,19.2972972972973,10.716216216216216,0.0
5,3550308,São Paulo,3523101763621,2023-05-08,2023-05-08,354780,,0,0,828980747000,19.2972972972973,10.716216216216216,0.0
5,3550308,São Paulo,3523101763632,2023-05-08,2023-05-09,355030,,0,1,828980747000,19.2972972972973,10.716216216216216,0.0
5,3550308,São Paulo,3523101763643,2023-05-09,2023-05-09,355250,,0,0,828980747000,19.2972972972973,10.716216216216216,0.0
5,3550308,São Paulo,3523101763654,2023-05-02,2023-05-04,355030,,0,2,828980747000,19.2972972972973,10.716216216216216,0.0
5,3550308,São Paulo,3523101763687,2023-05-04,2023-05-07,355030,,0,3,828980747000,19.2972972972973,10.716216216216216,0.0
5,3550308,São Paulo,3523101763709,2023-05-05,2023-05-08,355030,,0,3,828980747000,19.2972972972973,10.716216216216216,0.0
5,3550308,São Paulo,3523101763720,2023-05-08,2023-05-08,355030,,0,0,828980747000,19.2972972972973,10.716216216216216,0.0
5,3550308,São Paulo,3523101763742,2023-05-02,2023-05-06,355030,,0,4,828980747000,19.2972972972973,10.716216216216216,0.0
5,3550308,São Paulo,3523101763775,2023-04-29,2023-05-01,355030,,0,2,828980747000,19.2972972972973,10.716216216216216,0.0
5,3550308,São Paulo,3523101763786,2023-05-01,2023-05-04,355030,,0,3,828980747000,19.2972972972973,10.716216216216216,0.0
5,3550308,São Paulo,3523101763820,2023-04-30,2023-05-01,355030,,0,1,828980747000,19.2972972972973,10.716216216216216,0.0
5,3550308,São Paulo,3523101763863,2023-05-07,2023-05-09,355030,,0,2,828980747000,19.2972972972973,10.716216216216216,0.0
5,3550308,São Paulo,3523101763874,2023-04-20,2023-05-05,355030,,7,15,828980747000,19.2972972972973,10.716216216216216,0.3627450980392157
5,3550308,São Paulo,3523101763885,2023-04-16,2023-05-04,355030,,0,18,828980747000,19.2972972972973,10.716216216216216,0.0
5,3550308,São Paulo,3523101763885,2023-04-16,2023-05-04,355030,,11,18,828980747000,19.2972972972973,10.716216216216216,0.5700280112044818
5,3550308,São Paulo,3523101763907,2023-04-03,2023-05-04,355030,,28,31,828980747000,19.2972972972973,10.716216216216216,1.4509803921568627
5,3550308,São Paulo,3523101763907,2023-04-03,2023-05-04,355030,,0,31,828980747000,19.2972972972973,10.716216216216216,0.0
5,3550308,São Paulo,3523101763940,2023-04-24,2023-05-03,355030,,2,9,828980747000,19.2972972972973,10.716216216216216,0.10364145658263305
5,3550308,São Paulo,3523101763951,2023-04-30,2023-05-09,355030,,8,9,828980747000,19.2972972972973,10.716216216216216,0.4145658263305322
5,3550308,São Paulo,3523101763984,2023-05-09,2023-05-10,355250,,0,1,828980747000,19.2972972972973,10.716216216216216,0.0
5,3550308,São Paulo,3523101764006,2023-05-08,2023-05-10,355030,,0,2,828980747000,19.2972972972973,10.716216216216216,0.0
5,3550308,São Paulo,3523101764028,2023-05-10,2023-05-11,350920,,0,1,828980747000,19.2972972972973,10.716216216216216,0.0
5,3550308,São Paulo,3523101764039,2023-04-25,2023-05-10,355030,,0,15,828980747000,19.2972972972973,10.716216216216216,0.0
5,3550308,São Paulo,3523101764040,2023-05-10,2023-05-11,351880,,0,1,828980747000,19.2972972972973,10.716216216216216,0.0
5,3550308,São Paulo,3523101764050,2023-05-03,2023-05-05,355030,,0,2,828980747000,19.2972972972973,10.716216216216216,0.0
5,3550308,São Paulo,3523101764061,2023-05-09,2023-05-10,355030,,0,1,828980747000,19.2972972972973,10.716216216216216,0.0
5,3550308,São Paulo,3523101764072,2023-05-09,2023-05-10,354780,,0,1,828980747000,19.2972972972973,10.716216216216216,0.0
5,3550308,São Paulo,3523101764072,2023-05-09,2023-05-10,354780,121 SERVICO DE DIAGNOSTICO POR IMAGEM / 001 RADIOLOGIA,1,1,828980747000,19.2972972972973,10.716216216216216,0.05182072829131652
5,3550308,São Paulo,3523101764083,2023-05-09,2023-05-11,355030,,0,2,828980747000,19.2972972972973,10.716216216216216,0.0
5,3550308,São Paulo,3523101764105,2023-05-07,2023-05-10,355030,,0,3,828980747000,19.2972972972973,10.716216216216216,0.0
5,3550308,São Paulo,3523101764116,2023-05-09,2023-05-10,355030,,0,1,828980747000,19.2972972972973,10.716216216216216,0.0
5,3550308,São Paulo,3523101764127,2023-05-07,2023-05-09,355030,,0,2,828980747000,19.2972972972973,10.716216216216216,0.0
5,3550308,São Paulo,3523101764138,2023-04-30,2023-05-11,355030,,1,11,828980747000,19.2972972972973,10.716216216216216,0.05182072829131652
5,3550308,São Paulo,3523101764149,2023-05-09,2023-05-10,355030,,0,1,828980747000,19.2972972972973,10.716216216216216,0.0
5,3550308,São Paulo,3523101764150,2023-04-29,2023-05-10,355030,,2,11,828980747000,19.2972972972973,10.716216216216216,0.10364145658263305
5,3550308,São Paulo,3523101764171,2023-05-06,2023-05-09,355030,,0,3,828980747000,19.2972972972973,10.716216216216216,0.0
5,3550308,São Paulo,3523101764193,2023-05-06,2023-05-12,355030,,6,6,828980747000,19.2972972972973,10.716216216216216,0.31092436974789917
5,3550308,São Paulo,3523101764237,2023-04-20,2023-05-14,355030,,1,24,828980747000,19.2972972972973,10.716216216216216,0.05182072829131652
5,3550308,São Paulo,3523101764248,2023-05-01,2023-05-10,355030,,7,9,828980747000,19.2972972972973,10.716216216216216,0.3627450980392157
5,3550308,São Paulo,3523101764259,2023-05-08,2023-05-11,355030,,3,3,828980747000,19.2972972972973,10.716216216216216,0.15546218487394958
5,3550308,São Paulo,3523101764260,2023-05-05,2023-05-14,355030,,2,9,828980747000,19.2972972972973,10.716216216216216,0.10364145658263305
5,3550308,São Paulo,3523101764281,2023-05-13,2023-05-14,355030,121 SERVICO DE DIAGNOSTICO POR IMAGEM / 001 RADIOLOGIA,1,1,828980747000,19.2972972972973,10.716216216216216,0.05182072829131652
5,3550308,São Paulo,3523101764314,2023-05-12,2023-05-13,355030,,0,1,828980747000,19.2972972972973,10.716216216216216,0.0
5,3550308,São Paulo,3523101764380,2023-05-11,2023-05-13,355030,,0,2,828980747000,19.2972972972973,10.716216216216216,0.0
5,3550308,São Paulo,3523101764391,2023-05-12,2023-05-13,354880,,1,1,828980747000,19.2972972972973,10.716216216216216,0.05182072829131652
5,3550308,São Paulo,3523101764413,2023-05-06,2023-05-10,355030,,0,4,828980747000,19.2972972972973,10.716216216216216,0.0
5,3550308,São Paulo,3523101764435,2023-05-07,2023-05-11,355030,128 SERVICO DE HEMOTERAPIA / 004 MEDICINA TRANSFUSIONAL,1,4,828980747000,19.2972972972973,10.716216216216216,0.05182072829131652
5,3550308,São Paulo,3523101764446,2023-05-09,2023-05-12,355030,128 SERVICO DE HEMOTERAPIA / 004 MEDICINA TRANSFUSIONAL,2,3,828980747000,19.2972972972973,10.716216216216216,0.10364145658263305
5,3550308,São Paulo,3523101764457,2023-05-13,2023-05-14,355030,,1,1,828980747000,19.2972972972973,10.716216216216216,0.05182072829131652
5,3550308,São Paulo,3523101764457,2023-05-13,2023-05-14,355030,,0,1,828980747000,19.2972972972973,10.716216216216216,0.0
5,3550308,São Paulo,3523101764468,2023-05-03,2023-05-13,355030,,10,10,828980747000,19.2972972972973,10.716216216216216,0.5182072829131652
5,3550308,São Paulo,3523101764479,2023-05-05,2023-05-09,355030,,0,4,828980747000,19.2972972972973,10.716216216216216,0.0
5,3550308,São Paulo,3523101764480,2023-05-13,2023-05-14,355030,,1,1,828980747000,19.2972972972973,10.716216216216216,0.05182072829131652
5,3550308,São Paulo,3523101764501,2023-05-12,2023-05-14,355030,,2,2,828980747000,19.2972972972973,10.716216216216216,0.10364145658263305
5,3550308,São Paulo,3523101764512,2023-05-13,2023-05-15,355030,,0,2,828980747000,19.2972972972973,10.716216216216216,0.0
5,3550308,São Paulo,3523101764523,2023-05-13,2023-05-15,355030,,0,2,828980747000,19.2972972972973,10.716216216216216,0.0
5,3550308,São Paulo,3523101764556,2023-05-15,2023-05-15,355030,,0,0,828980747000,19.2972972972973,10.716216216216216,0.0
5,3550308,São Paulo,3523101764567,2023-05-15,2023-05-16,354730,,0,1,828980747000,19.2972972972973,10.716216216216216,0.0
5,3550308,São Paulo,3523101764578,2023-05-15,2023-05-15,355030,,0,0,828980747000,19.2972972972973,10.716216216216216,0.0
5,3550308,São Paulo,3523101764589,2023-05-16,2023-05-16,355030,121 SERVICO DE DIAGNOSTICO POR IMAGEM / 001 RADIOLOGIA,1,0,828980747000,19.2972972972973,10.716216216216216,0.05182072829131652
5,3550308,São Paulo,3523101764600,2023-05-11,2023-05-16,355030,,0,5,828980747000,19.2972972972973,10.716216216216216,0.0
5,3550308,São Paulo,3523101764611,2023-05-04,2023-05-15,355030,,0,11,828980747000,19.2972972972973,10.716216216216216,0.0
5,3550308,São Paulo,3523101764622,2023-04-29,2023-05-12,355030,,3,13,828980747000,19.2972972972973,10.716216216216216,0.15546218487394958
5,3550308,São Paulo,3523101764622,2023-04-29,2023-05-12,355030,,1,13,828980747000,19.2972972972973,10.716216216216216,0.05182072829131652
5,3550308,São Paulo,3523101764622,2023-04-29,2023-05-12,355030,,2,13,828980747000,19.2972972972973,10.716216216216216,0.10364145658263305
5,3550308,São Paulo,3523101764666,2023-05-10,2023-05-15,355030,,0,5,828980747000,19.2972972972973,10.716216216216216,0.0
5,3550308,São Paulo,3523101764688,2023-05-11,2023-05-15,355030,,0,4,828980747000,19.2972972972973,10.716216216216216,0.0
5,3550308,São Paulo,3523101764721,2023-04-14,2023-05-16,355030,,1,32,828980747000,19.2972972972973,10.716216216216216,0.05182072829131652
5,3550308,São Paulo,3523101764721,2023-04-14,2023-05-16,355030,,17,32,828980747000,19.2972972972973,10.716216216216216,0.8809523809523809
5,3550308,São Paulo,3523101764743,2023-05-13,2023-05-15,355030,,0,2,828980747000,19.2972972972973,10.716216216216216,0.0
5,3550308,São Paulo,3523101764765,2023-05-12,2023-05-16,355030,,4,4,828980747000,19.2972972972973,10.716216216216216,0.2072829131652661
5,3550308,São Paulo,3523101765590,2023-04-24,2023-04-25,355030,,0,1,828980747000,19.2972972972973,10.716216216216216,0.0
5,3550308,São Paulo,3523101765612,2023-04-26,2023-05-04,355030,,0,8,828980747000,19.2972972972973,10.716216216216216,0.0
5,3550308,São Paulo,3523101765623,2023-05-02,2023-05-03,355030,,0,1,828980747000,19.2972972972973,10.716216216216216,0.0
5,3550308,São Paulo,3523101765645,2023-04-28,2023-05-01,355030,,0,3,828980747000,19.2972972972973,10.716216216216216,0.0
5,3550308,São Paulo,3523101765690,2023-04-24,2023-05-04,355030,,3,10,828980747000,19.2972972972973,10.716216216216216,0.15546218487394958
5,3550308,São Paulo,3523101765690,2023-04-24,2023-05-04,355030,,2,10,828980747000,19.2972972972973,10.716216216216216,0.10364145658263305
5,3550308,São Paulo,3523101765700,2023-04-24,2023-05-05,355030,,1,11,828980747000,19.2972972972973,10.716216216216216,0.05182072829131652
5,3550308,São Paulo,3523101765700,2023-04-24,2023-05-05,355030,,0,11,828980747000,19.2972972972973,10.716216216216216,0.0
5,3550308,São Paulo,3523101765744,2023-04-30,2023-05-02,355030,,0,2,828980747000,19.2972972972973,10.716216216216216,0.0
5,3550308,São Paulo,3523101765744,2023-04-30,2023-05-02,355030,,1,2,828980747000,19.2972972972973,10.716216216216216,0.05182072829131652
5,3550308,São Paulo,3523101765755,2023-04-30,2023-05-02,355030,,0,2,828980747000,19.2972972972973,10.716216216216216,0.0
5,3550308,São Paulo,3523101765755,2023-04-30,2023-05-02,355030,,1,2,828980747000,19.2972972972973,10.716216216216216,0.05182072829131652
5,3550308,São Paulo,3523101765766,2023-04-29,2023-05-01,355030,,0,2,828980747000,19.2972972972973,10.716216216216216,0.0
5,3550308,São Paulo,3523101765788,2023-04-28,2023-05-02,355030,,1,4,828980747000,19.2972972972973,10.716216216216216,0.05182072829131652
5,3550308,São Paulo,3523101765799,2023-04-25,2023-05-03,355030,,2,8,828980747000,19.2972972972973,10.716216216216216,0.10364145658263305
5,3550308,São Paulo,3523101765800,2023-05-01,2023-05-03,351380,121 SERVICO DE DIAGNOSTICO POR IMAGEM / 001 RADIOLOGIA,1,2,828980747000,19.2972972972973,10.716216216216216,0.05182072829131652
5,3550308,São Paulo,3523101765810,2023-05-03,2023-05-04,354330,,0,1,828980747000,19.2972972972973,10.716216216216216,0.0
5,3550308,São Paulo,3523101765821,2023-04-30,2023-05-03,355030,,0,3,828980747000,19.2972972972973,10.716216216216216,0.0
5,3550308,São Paulo,3523101765832,2023-05-06,2023-05-07,355030,,0,1,828980747000,19.2972972972973,10.716216216216216,0.0
5,3550308,São Paulo,3523101765843,2023-05-04,2023-05-05,355030,,0,1,828980747000,19.2972972972973,10.716216216216216,0.0
5,3550308,São Paulo,3523101765865,2023-05-04,2023-05-06,355030,,0,2,828980747000,19.2972972972973,10.716216216216216,0.0
5,3550308,São Paulo,3523101765887,2023-05-03,2023-05-04,355030,,0,1,828980747000,19.2972972972973,10.716216216216216,0.0
5,3550308,São Paulo,3523101765898,2023-04-29,2023-05-02,355030,,2,3,828980747000,19.2972972972973,10.716216216216216,0.10364145658263305
5,3550308,São Paulo,3523101765942,2023-03-14,2023-05-04,355030,,3,51,828980747000,19.2972972972973,10.716216216216216,0.15546218487394958
5,3550308,São Paulo,3523101765964,2023-05-01,2023-05-01,355250,121 SERVICO DE DIAGNOSTICO POR IMAGEM / 001 RADIOLOGIA,1,0,828980747000,19.2972972972973,10.716216216216216,0.05182072829131652
5,3550308,São Paulo,3523101765986,2023-05-08,2023-05-09,355030,121 SERVICO DE DIAGNOSTICO POR IMAGEM / 001 RADIOLOGIA,1,1,828980747000,19.2972972972973,10.716216216216216,0.05182072829131652
5,3550308,São Paulo,3523101765986,2023-05-08,2023-05-09,355030,,0,1,828980747000,19.2972972972973,10.716216216216216,0.0
5,3550308,São Paulo,3523101765997,2023-05-02,2023-05-05,355030,,0,3,828980747000,19.2972972972973,10.716216216216216,0.0
5,3550308,São Paulo,3523101766030,2023-05-02,2023-05-05,355030,,3,3,828980747000,19.2972972972973,10.716216216216216,0.15546218487394958
5,3550308,São Paulo,3523101766041,2023-05-03,2023-05-05,354870,,0,2,828980747000,19.2972972972973,10.716216216216216,0.0
5,3550308,São Paulo,3523101766052,2023-05-01,2023-05-04,355030,,0,3,828980747000,19.2972972972973,10.716216216216216,0.0
5,3550308,São Paulo,3523101766074,2023-05-03,2023-05-07,355030,,0,4,828980747000,19.2972972972973,10.716216216216216,0.0
5,3550308,São Paulo,3523101766107,2023-05-05,2023-05-07,355030,,0,2,828980747000,19.2972972972973,10.716216216216216,0.0
5,3550308,São Paulo,3523101766140,2023-05-07,2023-05-09,355030,,0,2,828980747000,19.2972972972973,10.716216216216216,0.0
5,3550308,São Paulo,3523101766184,2023-05-08,2023-05-10,355030,,0,2,828980747000,19.2972972972973,10.716216216216216,0.0
5,3550308,São Paulo,3523101766195,2023-05-08,2023-05-10,355030,,0,2,828980747000,19.2972972972973,10.716216216216216,0.0
5,3550308,São Paulo,3523101766206,2023-05-07,2023-05-10,355030,,0,3,828980747000,19.2972972972973,10.716216216216216,0.0
5,3550308,São Paulo,3523101766217,2023-05-08,2023-05-10,355030,,0,2,828980747000,19.2972972972973,10.716216216216216,0.0
5,3550308,São Paulo,3523101766239,2023-05-02,2023-05-04,355030,,0,2,828980747000,19.2972972972973,10.716216216216216,0.0
5,3550308,São Paulo,3523101766261,2023-05-04,2023-05-05,355030,,0,1,828980747000,19.2972972972973,10.716216216216216,0.0
5,3550308,São Paulo,3523101766283,2023-04-30,2023-05-01,355030,,1,1,828980747000,19.2972972972973,10.716216216216216,0.05182072829131652
5,3550308,São Paulo,3523101766283,2023-04-30,2023-05-01,355030,,0,1,828980747000,19.2972972972973,10.716216216216216,0.0
5,3550308,São Paulo,3523101766305,2023-04-26,2023-05-08,355030,,1,12,828980747000,19.2972972972973,10.716216216216216,0.05182072829131652
5,3550308,São Paulo,3523101766305,2023-04-26,2023-05-08,355030,,0,12,828980747000,19.2972972972973,10.716216216216216,0.0
5,3550308,São Paulo,3523101766316,2023-04-12,2023-05-05,355030,,19,23,828980747000,19.2972972972973,10.716216216216216,0.984593837535014
5,3550308,São Paulo,3523101766316,2023-04-12,2023-05-05,355030,,5,23,828980747000,19.2972972972973,10.716216216216216,0.2591036414565826
5,3550308,São Paulo,3523101766316,2023-04-12,2023-05-05,355030,,8,23,828980747000,19.2972972972973,10.716216216216216,0.4145658263305322
5,3550308,São Paulo,3523101766327,2023-05-01,2023-05-09,355030,,0,8,828980747000,19.2972972972973,10.716216216216216,0.0
5,3550308,São Paulo,3523101766349,2023-05-01,2023-05-05,355030,,1,4,828980747000,19.2972972972973,10.716216216216216,0.05182072829131652
5,3550308,São Paulo,3523101766437,2023-05-10,2023-05-12,355030,,0,2,828980747000,19.2972972972973,10.716216216216216,0.0
5,3550308,São Paulo,3523101766470,2023-05-11,2023-05-12,355030,,0,1,828980747000,19.2972972972973,10.716216216216216,0.0
5,3550308,São Paulo,3523101766503,2023-05-13,2023-05-14,355030,121 SERVICO DE DIAGNOSTICO POR IMAGEM / 001 RADIOLOGIA,1,1,828980747000,19.2972972972973,10.716216216216216,0.05182072829131652
5,3550308,São Paulo,3523101766514,2023-05-08,2023-05-11,355030,,0,3,828980747000,19.2972972972973,10.716216216216216,0.0
5,3550308,São Paulo,3523101766525,2023-05-08,2023-05-11,355030,,0,3,828980747000,19.2972972972973,10.716216216216216,0.0
5,3550308,São Paulo,3523101766536,2023-05-08,2023-05-11,355030,,0,3,828980747000,19.2972972972973,10.716216216216216,0.0
5,3550308,São Paulo,3523101766547,2023-05-08,2023-05-11,355030,,0,3,828980747000,19.2972972972973,10.716216216216216,0.0
5,3550308,São Paulo,3523101766602,2023-03-17,2023-05-01,355030,,0,45,828980747000,19.2972972972973,10.716216216216216,0.0
5,3550308,São Paulo,3523101766613,2023-05-10,2023-05-13,355030,,0,3,828980747000,19.2972972972973,10.716216216216216,0.0
5,3550308,São Paulo,3523101766635,2023-05-11,2023-05-13,355030,,0,2,828980747000,19.2972972972973,10.716216216216216,0.0
5,3550308,São Paulo,3523101766646,2023-05-11,2023-05-13,355030,,2,2,828980747000,19.2972972972973,10.716216216216216,0.10364145658263305
5,3550308,São Paulo,3523101766646,2023-05-11,2023-05-13,355030,,0,2,828980747000,19.2972972972973,10.716216216216216,0.0
5,3550308,São Paulo,3523101766657,2023-05-11,2023-05-13,355030,,0,2,828980747000,19.2972972972973,10.716216216216216,0.0
5,3550308,São Paulo,3523101766668,2023-05-10,2023-05-13,355030,,0,3,828980747000,19.2972972972973,10.716216216216216,0.0
5,3550308,São Paulo,3523101766679,2023-05-10,2023-05-13,355030,,0,3,828980747000,19.2972972972973,10.716216216216216,0.0
5,3550308,São Paulo,3523101766680,2023-05-12,2023-05-14,355030,,0,2,828980747000,19.2972972972973,10.716216216216216,0.0
5,3550308,São Paulo,3523101766690,2023-05-12,2023-05-16,355030,,4,4,828980747000,19.2972972972973,10.716216216216216,0.2072829131652661
5,3550308,São Paulo,3523101766745,2023-05-11,2023-05-14,355030,,0,3,828980747000,19.2972972972973,10.716216216216216,0.0
5,3550308,São Paulo,3523101766756,2023-05-12,2023-05-15,355030,,0,3,828980747000,19.2972972972973,10.716216216216216,0.0
5,3550308,São Paulo,3523101766756,2023-05-12,2023-05-15,355030,,3,3,828980747000,19.2972972972973,10.716216216216216,0.15546218487394958
5,3550308,São Paulo,3523101766789,2023-05-12,2023-05-16,355030,,0,4,828980747000,19.2972972972973,10.716216216216216,0.0
5,3550308,São Paulo,3523101766790,2023-05-11,2023-05-15,355030,,0,4,828980747000,19.2972972972973,10.716216216216216,0.0
5,3550308,São Paulo,3523101766800,2023-05-12,2023-05-15,355030,,3,3,828980747000,19.2972972972973,10.716216216216216,0.15546218487394958
5,3550308,São Paulo,3523101766800,2023-05-12,2023-05-15,355030,,0,3,828980747000,19.2972972972973,10.716216216216216,0.0
5,3550308,São Paulo,3523101766844,2023-05-09,2023-05-12,355030,,3,3,828980747000,19.2972972972973,10.716216216216216,0.15546218487394958
5,3550308,São Paulo,3523101766855,2023-05-10,2023-05-12,355030,,0,2,828980747000,19.2972972972973,10.716216216216216,0.0
5,3550308,São Paulo,3523101766866,2023-05-09,2023-05-12,355030,,0,3,828980747000,19.2972972972973,10.716216216216216,0.0
5,3550308,São Paulo,3523101766900,2023-05-10,2023-05-13,355030,,0,3,828980747000,19.2972972972973,10.716216216216216,0.0
5,3550308,São Paulo,3523101766910,2023-05-11,2023-05-13,355030,,0,2,828980747000,19.2972972972973,10.716216216216216,0.0
5,3550308,São Paulo,3523101766910,2023-05-11,2023-05-13,355030,,2,2,828980747000,19.2972972972973,10.716216216216216,0.10364145658263305
5,3550308,São Paulo,3523101766921,2023-05-10,2023-05-13,355030,,0,3,828980747000,19.2972972972973,10.716216216216216,0.0
5,3550308,São Paulo,3523101766932,2023-05-12,2023-05-15,355030,,3,3,828980747000,19.2972972972973,10.716216216216216,0.15546218487394958
5,3550308,São Paulo,3523101766943,2023-05-12,2023-05-15,355030,,0,3,828980747000,19.2972972972973,10.716216216216216,0.0
5,3550308,São Paulo,3523101766954,2023-05-09,2023-05-13,355030,,0,4,828980747000,19.2972972972973,10.716216216216216,0.0
5,3550308,São Paulo,3523101766976,2023-04-19,2023-05-12,355030,,11,23,828980747000,19.2972972972973,10.716216216216216,0.5700280112044818
5,3550308,São Paulo,3523101766976,2023-04-19,2023-05-12,355030,,12,23,828980747000,19.2972972972973,10.716216216216216,0.6218487394957983
5,3550308,São Paulo,3523101767010,2023-05-10,2023-05-12,355030,,0,2,828980747000,19.2972972972973,10.716216216216216,0.0
5,3550308,São Paulo,3523101767064,2023-05-11,2023-05-14,355030,,3,3,828980747000,19.2972972972973,10.716216216216216,0.15546218487394958
5,3550308,São Paulo,3523101767097,2023-05-14,2023-05-17,355030,,0,3,828980747000,19.2972972972973,10.716216216216216,0.0
5,3550308,São Paulo,3523101767108,2023-05-15,2023-05-17,355030,,0,2,828980747000,19.2972972972973,10.716216216216216,0.0
5,3550308,São Paulo,3523101767120,2023-05-15,2023-05-17,355030,,0,2,828980747000,19.2972972972973,10.716216216216216,0.0
5,3550308,São Paulo,3523101767141,2023-05-12,2023-05-17,355030,,0,5,828980747000,19.2972972972973,10.716216216216216,0.0
5,3550308,São Paulo,3523101767163,2023-05-14,2023-05-17,355030,,3,3,828980747000,19.2972972972973,10.716216216216216,0.15546218487394958
5,3550308,São Paulo,3523101767174,2023-05-14,2023-05-16,355030,,0,2,828980747000,19.2972972972973,10.716216216216216,0.0
5,3550308,São Paulo,3523101767185,2023-05-12,2023-05-16,355030,,0,4,828980747000,19.2972972972973,10.716216216216216,0.0
5,3550308,São Paulo,3523101767218,2023-05-20,2023-05-21,355030,,0,1,828980747000,19.2972972972973,10.716216216216216,0.0
5,3550308,São Paulo,3523101767229,2023-03-04,2023-05-01,355030,,23,58,828980747000,19.2972972972973,10.716216216216216,1.19187675070028
5,3550308,São Paulo,3523101767251,2023-05-16,2023-05-22,355030,,6,6,828980747000,19.2972972972973,10.716216216216216,0.31092436974789917
5,3550308,São Paulo,3523101767262,2023-05-13,2023-05-22,355030,,9,9,828980747000,19.2972972972973,10.716216216216216,0.4663865546218487
5,3550308,São Paulo,3523101767284,2023-05-11,2023-05-20,355030,,0,9,828980747000,19.2972972972973,10.716216216216216,0.0
5,3550308,São Paulo,3523101767306,2023-05-20,2023-05-22,355030,,0,2,828980747000,19.2972972972973,10.716216216216216,0.0
5,3550308,São Paulo,3523101767317,2023-05-20,2023-05-22,354870,,0,2,828980747000,19.2972972972973,10.716216216216216,0.0
5,3550308,São Paulo,3523101767328,2023-05-16,2023-05-19,355030,,3,3,828980747000,19.2972972972973,10.716216216216216,0.15546218487394958
5,3550308,São Paulo,3523101767339,2023-05-16,2023-05-19,355030,,0,3,828980747000,19.2972972972973,10.716216216216216,0.0
5,3550308,São Paulo,3523101767340,2023-05-17,2023-05-19,355030,,0,2,828980747000,19.2972972972973,10.716216216216216,0.0
5,3550308,São Paulo,3523101767350,2023-05-15,2023-05-19,355030,,0,4,828980747000,19.2972972972973,10.716216216216216,0.0
5,3550308,São Paulo,3523101767361,2023-05-18,2023-05-20,355030,,2,2,828980747000,19.2972972972973,10.716216216216216,0.10364145658263305
5,3550308,São Paulo,3523101767372,2023-05-21,2023-05-23,355030,,0,2,828980747000,19.2972972972973,10.716216216216216,0.0
5,3550308,São Paulo,3523101767383,2023-05-20,2023-05-23,355030,,0,3,828980747000,19.2972972972973,10.716216216216216,0.0
5,3550308,São Paulo,3523101767394,2023-05-18,2023-05-22,355030,128 SERVICO DE HEMOTERAPIA / 004 MEDICINA TRANSFUSIONAL,1,4,828980747000,19.2972972972973,10.716216216216216,0.05182072829131652
5,3550308,São Paulo,3523101767405,2023-05-19,2023-05-22,355030,,3,3,828980747000,19.2972972972973,10.716216216216216,0.15546218487394958
5,3550308,São Paulo,3523101767449,2023-05-20,2023-05-23,355030,,3,3,828980747000,19.2972972972973,10.716216216216216,0.15546218487394958
5,3550308,São Paulo,3523101767471,2023-05-17,2023-05-20,355030,,0,3,828980747000,19.2972972972973,10.716216216216216,0.0
5,3550308,São Paulo,3523101767482,2023-05-20,2023-05-23,355030,,3,3,828980747000,19.2972972972973,10.716216216216216,0.15546218487394958
5,3550308,São Paulo,3523101767504,2023-05-19,2023-05-23,355030,,0,4,828980747000,19.2972972972973,10.716216216216216,0.0
5,3550308,São Paulo,3523101767537,2023-05-16,2023-05-20,355030,,0,4,828980747000,19.2972972972973,10.716216216216216,0.0
5,3550308,São Paulo,3523101767548,2023-05-18,2023-05-20,355030,,0,2,828980747000,19.2972972972973,10.716216216216216,0.0
5,3550308,São Paulo,3523101767560,2023-05-16,2023-05-19,355030,,0,3,828980747000,19.2972972972973,10.716216216216216,0.0
5,3550308,São Paulo,3523101767570,2023-05-16,2023-05-19,355030,,0,3,828980747000,19.2972972972973,10.716216216216216,0.0
5,3550308,São Paulo,3523101767603,2023-05-19,2023-05-22,355030,,3,3,828980747000,19.2972972972973,10.716216216216216,0.15546218487394958
5,3550308,São Paulo,3523101767625,2023-05-23,2023-05-25,355030,,0,2,828980747000,19.2972972972973,10.716216216216216,0.0
5,3550308,São Paulo,3523101767658,2023-05-20,2023-05-24,355030,,0,4,828980747000,19.2972972972973,10.716216216216216,0.0
5,3550308,São Paulo,3523101767669,2023-05-22,2023-05-25,355030,,0,3,828980747000,19.2972972972973,10.716216216216216,0.0
5,3550308,São Paulo,3523101767680,2023-05-23,2023-05-25,355030,,2,2,828980747000,19.2972972972973,10.716216216216216,0.10364145658263305
5,3550308,São Paulo,3523101767713,2023-05-23,2023-05-25,355030,,0,2,828980747000,19.2972972972973,10.716216216216216,0.0
5,3550308,São Paulo,3523101767724,2023-05-21,2023-05-24,355030,,0,3,828980747000,19.2972972972973,10.716216216216216,0.0
5,3550308,São Paulo,3523101767724,2023-05-21,2023-05-24,355030,,3,3,828980747000,19.2972972972973,10.716216216216216,0.15546218487394958
5,3550308,São Paulo,3523101767735,2023-05-22,2023-05-24,355030,,0,2,828980747000,19.2972972972973,10.716216216216216,0.0
5,3550308,São Paulo,3523101767757,2023-05-26,2023-05-27,351380,,0,1,828980747000,19.2972972972973,10.716216216216216,0.0
5,3550308,São Paulo,3523101767779,2023-05-25,2023-05-27,353060,,0,2,828980747000,19.2972972972973,10.716216216216216,0.0
5,3550308,São Paulo,3523101767790,2023-05-27,2023-05-28,355030,,0,1,828980747000,19.2972972972973,10.716216216216216,0.0
5,3550308,São Paulo,3523101767801,2023-05-26,2023-05-27,351380,121 SERVICO DE DIAGNOSTICO POR IMAGEM / 001 RADIOLOGIA,1,1,828980747000,19.2972972972973,10.716216216216216,0.05182072829131652
5,3550308,São Paulo,3523101767812,2023-05-25,2023-05-27,355030,,2,2,828980747000,19.2972972972973,10.716216216216216,0.10364145658263305
5,3550308,São Paulo,3523101767834,2023-05-25,2023-05-26,355030,,0,1,828980747000,19.2972972972973,10.716216216216216,0.0
5,3550308,São Paulo,3523101767845,2023-05-22,2023-05-26,355030,,0,4,828980747000,19.2972972972973,10.716216216216216,0.0
5,3550308,São Paulo,3523101767890,2023-05-20,2023-05-24,355030,,4,4,828980747000,19.2972972972973,10.716216216216216,0.2072829131652661
5,3550308,São Paulo,3523101767890,2023-05-20,2023-05-24,355030,,0,4,828980747000,19.2972972972973,10.716216216216216,0.0
5,3550308,São Paulo,3523101767900,2023-05-21,2023-05-24,355030,,3,3,828980747000,19.2972972972973,10.716216216216216,0.15546218487394958
5,3550308,São Paulo,3523101767922,2023-05-18,2023-05-21,355030,,3,3,828980747000,19.2972972972973,10.716216216216216,0.15546218487394958
5,3550308,São Paulo,3523101767966,2023-05-16,2023-05-30,355030,,6,14,828980747000,19.2972972972973,10.716216216216216,0.31092436974789917
5,3550308,São Paulo,3523101767977,2023-05-16,2023-05-22,355030,,2,6,828980747000,19.2972972972973,10.716216216216216,0.10364145658263305
5,3550308,São Paulo,3523101767999,2023-05-14,2023-05-22,355030,,0,8,828980747000,19.2972972972973,10.716216216216216,0.0
5,3550308,São Paulo,3523101768000,2023-05-15,2023-05-19,355030,,4,4,828980747000,19.2972972972973,10.716216216216216,0.2072829131652661
5,3550308,São Paulo,3523101768010,2023-05-15,2023-05-17,355030,,2,2,828980747000,19.2972972972973,10.716216216216216,0.10364145658263305
5,3550308,São Paulo,3523101768043,2023-05-15,2023-05-17,355030,,0,2,828980747000,19.2972972972973,10.716216216216216,0.0
5,3550308,São Paulo,3523101768065,2023-05-12,2023-05-16,355030,,0,4,828980747000,19.2972972972973,10.716216216216216,0.0
5,3550308,São Paulo,3523101768076,2023-05-10,2023-05-13,355030,,3,3,828980747000,19.2972972972973,10.716216216216216,0.15546218487394958
5,3550308,São Paulo,3523101768296,2023-05-22,2023-05-25,355030,,0,3,828980747000,19.2972972972973,10.716216216216216,0.0
5,3550308,São Paulo,3523101768340,2023-05-09,2023-05-17,355030,,1,8,828980747000,19.2972972972973,10.716216216216216,0.05182072829131652
5,3550308,São Paulo,3523101768351,2023-03-28,2023-05-17,355030,,4,50,828980747000,19.2972972972973,10.716216216216216,0.2072829131652661
5,3550308,São Paulo,3523101768362,2023-05-16,2023-05-18,355030,,0,2,828980747000,19.2972972972973,10.716216216216216,0.0
5,3550308,São Paulo,3523101768417,2023-05-13,2023-05-20,355030,,0,7,828980747000,19.2972972972973,10.716216216216216,0.0
5,3550308,São Paulo,3523101768494,2023-05-18,2023-05-21,355030,,1,3,828980747000,19.2972972972973,10.716216216216216,0.05182072829131652
5,3550308,São Paulo,3523101768505,2023-05-11,2023-05-20,355030,,0,9,828980747000,19.2972972972973,10.716216216216216,0.0
5,3550308,São Paulo,3523101768505,2023-05-11,2023-05-20,355030,,1,9,828980747000,19.2972972972973,10.716216216216216,0.05182072829131652
5,3550308,São Paulo,3523101768516,2023-05-06,2023-05-19,355030,,13,13,828980747000,19.2972972972973,10.716216216216216,0.6736694677871148
5,3550308,São Paulo,3523101768527,2023-05-16,2023-05-19,355030,,4,3,828980747000,19.2972972972973,10.716216216216216,0.2072829131652661
5,3550308,São Paulo,3523101768538,2023-05-07,2023-05-20,355030,,4,13,828980747000,19.2972972972973,10.716216216216216,0.2072829131652661
5,3550308,São Paulo,3523101768550,2023-05-15,2023-05-19,355030,,4,4,828980747000,19.2972972972973,10.716216216216216,0.2072829131652661
5,3550308,São Paulo,3523101768648,2023-05-21,2023-05-22,355030,128 SERVICO DE HEMOTERAPIA / 004 MEDICINA TRANSFUSIONAL,2,1,828980747000,19.2972972972973,10.716216216216216,0.10364145658263305
5,3550308,São Paulo,3523101768725,2023-05-21,2023-05-25,355030,,0,4,828980747000,19.2972972972973,10.716216216216216,0.0
5,3550308,São Paulo,3523101768769,2023-05-15,2023-05-22,355030,,0,7,828980747000,19.2972972972973,10.716216216216216,0.0
5,3550308,São Paulo,3523101768791,2023-04-15,2023-05-22,355030,,0,37,828980747000,19.2972972972973,10.716216216216216,0.0
5,3550308,São Paulo,3523101768846,2023-05-23,2023-05-24,355030,,0,1,828980747000,19.2972972972973,10.716216216216216,0.0
5,3550308,São Paulo,3523101768934,2023-05-23,2023-05-24,355030,,0,1,828980747000,19.2972972972973,10.716216216216216,0.0
5,3550308,São Paulo,3523101768978,2023-03-13,2023-05-10,355030,,1,58,828980747000,19.2972972972973,10.716216216216216,0.05182072829131652
5,3550308,São Paulo,3523101768978,2023-03-13,2023-05-10,355030,,0,58,828980747000,19.2972972972973,10.716216216216216,0.0
5,3550308,São Paulo,3523101768989,2023-05-02,2023-05-24,355030,,0,22,828980747000,19.2972972972973,10.716216216216216,0.0
5,3550308,São Paulo,3523101768989,2023-05-02,2023-05-24,355030,,8,22,828980747000,19.2972972972973,10.716216216216216,0.4145658263305322
5,3550308,São Paulo,3523101768990,2023-04-26,2023-05-25,355030,,0,29,828980747000,19.2972972972973,10.716216216216216,0.0
5,3550308,São Paulo,3523101769011,2023-05-24,2023-05-25,351500,,0,1,828980747000,19.2972972972973,10.716216216216216,0.0
5,3550308,São Paulo,3523101769044,2023-05-22,2023-05-23,355030,,0,1,828980747000,19.2972972972973,10.716216216216216,0.0
5,3550308,São Paulo,3523101769066,2023-05-19,2023-05-25,355030,,0,6,828980747000,19.2972972972973,10.716216216216216,0.0
5,3550308,São Paulo,3523101769110,2023-05-24,2023-05-27,355030,,0,3,828980747000,19.2972972972973,10.716216216216216,0.0
5,3550308,São Paulo,3523101769121,2023-05-24,2023-05-27,355030,,0,3,828980747000,19.2972972972973,10.716216216216216,0.0
5,3550308,São Paulo,3523101769165,2023-05-23,2023-05-26,355030,,3,3,828980747000,19.2972972972973,10.716216216216216,0.15546218487394958
5,3550308,São Paulo,3523101769209,2023-05-23,2023-05-25,355030,,0,2,828980747000,19.2972972972973,10.716216216216216,0.0
5,3550308,São Paulo,3523101769210,2023-05-22,2023-05-24,355030,,0,2,828980747000,19.2972972972973,10.716216216216216,0.0
5,3550308,São Paulo,3523101769231,2023-05-25,2023-05-26,355030,,1,1,828980747000,19.2972972972973,10.716216216216216,0.05182072829131652
5,3550308,São Paulo,3523101769253,2023-05-24,2023-05-26,355030,,0,2,828980747000,19.2972972972973,10.716216216216216,0.0
5,3550308,São Paulo,3523101769275,2023-05-16,2023-05-25,355030,,9,9,828980747000,19.2972972972973,10.716216216216216,0.4663865546218487
5,3550308,São Paulo,3523101769286,2023-05-15,2023-05-28,355030,,1,13,828980747000,19.2972972972973,10.716216216216216,0.05182072829131652
5,3550308,São Paulo,3523101769297,2023-05-26,2023-05-29,355030,,1,3,828980747000,19.2972972972973,10.716216216216216,0.05182072829131652
5,3550308,São Paulo,3523101769308,2023-05-23,2023-05-24,355030,,0,1,828980747000,19.2972972972973,10.716216216216216,0.0
5,3550308,São Paulo,3523101769319,2023-05-25,2023-05-28,355030,,0,3,828980747000,19.2972972972973,10.716216216216216,0.0
5,3550308,São Paulo,3523101769330,2023-05-24,2023-05-27,355030,,3,3,828980747000,19.2972972972973,10.716216216216216,0.15546218487394958
5,3550308,São Paulo,3523101769363,2023-05-14,2023-05-26,355030,,0,12,828980747000,19.2972972972973,10.716216216216216,0.0
5,3550308,São Paulo,3523101769374,2023-05-24,2023-05-27,355030,,0,3,828980747000,19.2972972972973,10.716216216216216,0.0
5,3550308,São Paulo,3523101769385,2023-05-19,2023-05-26,355030,,0,7,828980747000,19.2972972972973,10.716216216216216,0.0
5,3550308,São Paulo,3523101769396,2023-05-15,2023-05-26,355030,,11,11,828980747000,19.2972972972973,10.716216216216216,0.5700280112044818
5,3550308,São Paulo,3523101769407,2023-05-06,2023-05-14,355030,,0,8,828980747000,19.2972972972973,10.716216216216216,0.0
5,3550308,São Paulo,3523101769418,2023-05-14,2023-05-27,355030,,0,13,828980747000,19.2972972972973,10.716216216216216,0.0
5,3550308,São Paulo,3523101769429,2023-04-17,2023-05-28,355030,,1,41,828980747000,19.2972972972973,10.716216216216216,0.05182072829131652
5,3550308,São Paulo,3523101769440,2023-05-27,2023-05-29,355030,,0,2,828980747000,19.2972972972973,10.716216216216216,0.0
5,3550308,São Paulo,3523101769440,2023-05-27,2023-05-29,355030,121 SERVICO DE DIAGNOSTICO POR IMAGEM / 001 RADIOLOGIA,1,2,828980747000,19.2972972972973,10.716216216216216,0.05182072829131652
5,3550308,São Paulo,3523101769495,2023-05-27,2023-05-30,355030,,0,3,828980747000,19.2972972972973,10.716216216216216,0.0
5,3550308,São Paulo,3523101769506,2023-05-29,2023-05-29,355030,,0,0,828980747000,19.2972972972973,10.716216216216216,0.0
5,3550308,São Paulo,3523101769528,2023-05-29,2023-05-30,355030,,0,1,828980747000,19.2972972972973,10.716216216216216,0.0
5,3550308,São Paulo,3523101769638,2023-05-29,2023-05-29,355030,,1,0,828980747000,19.2972972972973,10.716216216216216,0.05182072829131652
5,3550308,São Paulo,3523101769660,2023-05-27,2023-05-29,355030,,2,2,828980747000,19.2972972972973,10.716216216216216,0.10364145658263305
5,3550308,São Paulo,3523101769693,2023-05-16,2023-05-30,355030,,4,14,828980747000,19.2972972972973,10.716216216216216,0.2072829131652661
5,3550308,São Paulo,3523101769737,2023-05-19,2023-05-21,355030,,0,2,828980747000,19.2972972972973,10.716216216216216,0.0
5,3550308,São Paulo,3523101769760,2023-05-30,2023-05-31,355030,,0,1,828980747000,19.2972972972973,10.716216216216216,0.0
5,3550308,São Paulo,3523101769760,2023-05-30,2023-05-31,355030,,1,1,828980747000,19.2972972972973,10.716216216216216,0.05182072829131652
5,3550308,São Paulo,3523101769792,2023-05-30,2023-05-31,355030,,0,1,828980747000,19.2972972972973,10.716216216216216,0.0
5,3550308,São Paulo,3523101769814,2023-05-27,2023-05-31,355030,,0,4,828980747000,19.2972972972973,10.716216216216216,0.0
5,3550308,São Paulo,3523101771134,2023-05-15,2023-05-18,355030,,0,3,828980747000,19.2972972972973,10.716216216216216,0.0
5,3550308,São Paulo,3523101771189,2023-05-22,2023-05-23,355030,,1,1,828980747000,19.2972972972973,10.716216216216216,0.05182072829131652
5,3550308,São Paulo,3523101771211,2023-05-23,2023-05-23,355030,,0,0,828980747000,19.2972972972973,10.716216216216216,0.0
5,3550308,São Paulo,3523101771244,2023-05-18,2023-05-19,355220,,0,1,828980747000,19.2972972972973,10.716216216216216,0.0
5,3550308,São Paulo,3523101771310,2023-05-22,2023-05-23,355030,,0,1,828980747000,19.2972972972973,10.716216216216216,0.0
5,3550308,São Paulo,3523101771321,2023-05-05,2023-05-14,355030,,0,9,828980747000,19.2972972972973,10.716216216216216,0.0
5,3550308,São Paulo,3523101771398,2023-05-23,2023-05-24,355030,,0,1,828980747000,19.2972972972973,10.716216216216216,0.0
5,3550308,São Paulo,3523101771409,2023-05-23,2023-05-24,355030,,0,1,828980747000,19.2972972972973,10.716216216216216,0.0
5,3550308,São Paulo,3523101771410,2023-05-23,2023-05-24,355030,,0,1,828980747000,19.2972972972973,10.716216216216216,0.0
5,3550308,São Paulo,3523101771464,2023-05-16,2023-05-24,355030,,0,8,828980747000,19.2972972972973,10.716216216216216,0.0
5,3550308,São Paulo,3523101771475,2023-05-11,2023-05-25,352250,128 SERVICO DE HEMOTERAPIA / 004 MEDICINA TRANSFUSIONAL,3,14,828980747000,19.2972972972973,10.716216216216216,0.15546218487394958
5,3550308,São Paulo,3523101771486,2023-05-22,2023-05-24,355250,,0,2,828980747000,19.2972972972973,10.716216216216216,0.0
5,3550308,São Paulo,3523101771519,2023-05-24,2023-05-25,355030,121 SERVICO DE DIAGNOSTICO POR IMAGEM / 001 RADIOLOGIA,1,1,828980747000,19.2972972972973,10.716216216216216,0.05182072829131652
5,3550308,São Paulo,3523101771520,2023-05-21,2023-05-24,355030,,0,3,828980747000,19.2972972972973,10.716216216216216,0.0
5,3550308,São Paulo,3523101771530,2023-05-20,2023-05-24,351640,,0,4,828980747000,19.2972972972973,10.716216216216216,0.0
5,3550308,São Paulo,3523101771541,2023-05-24,2023-05-25,351060,,0,1,828980747000,19.2972972972973,10.716216216216216,0.0
5,3550308,São Paulo,3523101771563,2023-04-25,2023-05-16,355030,,0,21,828980747000,19.2972972972973,10.716216216216216,0.0
5,3550308,São Paulo,3523101771585,2023-05-25,2023-05-26,351060,,0,1,828980747000,19.2972972972973,10.716216216216216,0.0
5,3550308,São Paulo,3523101771607,2023-05-25,2023-05-26,355250,,0,1,828980747000,19.2972972972973,10.716216216216216,0.0
5,3550308,São Paulo,3523101771618,2023-05-25,2023-05-26,355450,,0,1,828980747000,19.2972972972973,10.716216216216216,0.0
5,3550308,São Paulo,3523101771640,2023-05-27,2023-05-28,355030,,0,1,828980747000,19.2972972972973,10.716216216216216,0.0
5,3550308,São Paulo,3523101771740,2023-04-14,2023-05-08,355030,128 SERVICO DE HEMOTERAPIA / 004 MEDICINA TRANSFUSIONAL,2,24,828980747000,19.2972972972973,10.716216216216216,0.10364145658263305
5,3550308,São Paulo,3523101771740,2023-04-14,2023-05-08,355030,,15,24,828980747000,19.2972972972973,10.716216216216216,0.7773109243697479
5,3550308,São Paulo,3523101771761,2023-05-25,2023-05-27,355030,,0,2,828980747000,19.2972972972973,10.716216216216216,0.0
5,3550308,São Paulo,3523101771783,2023-05-26,2023-05-27,355030,,0,1,828980747000,19.2972972972973,10.716216216216216,0.0
5,3550308,São Paulo,3523101771805,2023-05-25,2023-05-28,354500,,0,3,828980747000,19.2972972972973,10.716216216216216,0.0
5,3550308,São Paulo,3523101771805,2023-05-25,2023-05-28,354500,121 SERVICO DE DIAGNOSTICO POR IMAGEM / 001 RADIOLOGIA,1,3,828980747000,19.2972972972973,10.716216216216216,0.05182072829131652
5,3550308,São Paulo,3523101771816,2023-05-26,2023-05-27,355030,,0,1,828980747000,19.2972972972973,10.716216216216216,0.0
5,3550308,São Paulo,3523101771838,2023-05-24,2023-05-28,355030,,0,4,828980747000,19.2972972972973,10.716216216216216,0.0
5,3550308,São Paulo,3523101771850,2023-05-27,2023-05-29,352040,,0,2,828980747000,19.2972972972973,10.716216216216216,0.0
5,3550308,São Paulo,3523101771860,2023-05-08,2023-05-29,355030,,0,21,828980747000,19.2972972972973,10.716216216216216,0.0
5,3550308,São Paulo,3523101771860,2023-05-08,2023-05-29,355030,,10,21,828980747000,19.2972972972973,10.716216216216216,0.5182072829131652
5,3550308,São Paulo,3523101771871,2023-05-11,2023-05-20,355030,,9,9,828980747000,19.2972972972973,10.716216216216216,0.4663865546218487
5,3550308,São Paulo,3523101771882,2023-05-20,2023-05-25,355030,,0,5,828980747000,19.2972972972973,10.716216216216216,0.0
5,3550308,São Paulo,3523101771893,2023-05-06,2023-05-21,355030,,0,15,828980747000,19.2972972972973,10.716216216216216,0.0
5,3550308,São Paulo,3523101771893,2023-05-06,2023-05-21,355030,,15,15,828980747000,19.2972972972973,10.716216216216216,0.7773109243697479
5,3550308,São Paulo,3523101771926,2023-05-26,2023-05-26,355030,,0,0,828980747000,19.2972972972973,10.716216216216216,0.0
5,3550308,São Paulo,3523101771959,2023-05-26,2023-05-27,355030,,0,1,828980747000,19.2972972972973,10.716216216216216,0.0
5,3550308,São Paulo,3523101771960,2023-05-23,2023-05-27,355030,,0,4,828980747000,19.2972972972973,10.716216216216216,0.0
5,3550308,São Paulo,3523101772003,2023-05-19,2023-05-27,355030,,0,8,828980747000,19.2972972972973,10.716216216216216,0.0
5,3550308,São Paulo,3523101772069,2023-05-28,2023-05-30,355030,,0,2,828980747000,19.2972972972973,10.716216216216216,0.0
5,3550308,São Paulo,3523101772080,2023-05-26,2023-05-30,355030,,0,4,828980747000,19.2972972972973,10.716216216216216,0.0
5,3550308,São Paulo,3523101772102,2023-05-25,2023-05-30,355030,,0,5,828980747000,19.2972972972973,10.716216216216216,0.0
5,3550308,São Paulo,3523101772113,2023-05-30,2023-05-31,355030,,1,1,828980747000,19.2972972972973,10.716216216216216,0.05182072829131652
5,3550308,São Paulo,3523101772146,2023-05-28,2023-05-30,355030,,0,2,828980747000,19.2972972972973,10.716216216216216,0.0
5,3550308,São Paulo,3523101772157,2023-05-25,2023-05-31,355030,,0,6,828980747000,19.2972972972973,10.716216216216216,0.0
5,3550308,São Paulo,3523101772180,2023-05-27,2023-05-29,355030,,0,2,828980747000,19.2972972972973,10.716216216216216,0.0
5,3550308,São Paulo,3523101772212,2023-05-30,2023-05-31,355030,142 SERVICO DE ENDOSCOPIA / 001 DO APARELHO DIGESTIVO,0,1,828980747000,19.2972972972973,10.716216216216216,0.0
5,3550308,São Paulo,3523101772223,2023-05-31,2023-05-31,352620,,1,0,828980747000,19.2972972972973,10.716216216216216,0.05182072829131652
5,3550308,São Paulo,3523101772234,2023-05-26,2023-05-31,355030,,0,5,828980747000,19.2972972972973,10.716216216216216,0.0
5,3550308,São Paulo,3523101772256,2023-05-28,2023-05-30,355030,,0,2,828980747000,19.2972972972973,10.716216216216216,0.0
5,3550308,São Paulo,3523101772267,2023-05-29,2023-05-30,352940,121 SERVICO DE DIAGNOSTICO POR IMAGEM / 001 RADIOLOGIA,1,1,828980747000,19.2972972972973,10.716216216216216,0.05182072829131652
5,3550308,São Paulo,3523101772278,2023-05-30,2023-05-30,354330,,0,0,828980747000,19.2972972972973,10.716216216216216,0.0
5,3550308,São Paulo,3523101772290,2023-05-30,2023-05-30,355250,,0,0,828980747000,19.2972972972973,10.716216216216216,0.0
5,3550308,São Paulo,3523101772355,2023-05-17,2023-05-24,355030,,0,7,828980747000,19.2972972972973,10.716216216216216,0.0
5,3550308,São Paulo,3523101772355,2023-05-17,2023-05-24,355030,,4,7,828980747000,19.2972972972973,10.716216216216216,0.2072829131652661
5,3513702,Descalvado,3523102024552,2023-05-03,2023-05-03,351370,,0,0,2081162000,2.0,1.0,0.0
5,3513702,Descalvado,3523102024794,2023-05-03,2023-05-08,351370,,0,5,2081162000,2.0,1.0,0.0
5,3513702,Descalvado,3523102024850,2023-05-05,2023-05-05,351370,,0,0,2081162000,2.0,1.0,0.0
5,3513702,Descalvado,3523102024860,2023-05-04,2023-05-05,351370,,0,1,2081162000,2.0,1.0,0.0
5,3513702,Descalvado,3523102024871,2023-05-04,2023-05-05,351370,,0,1,2081162000,2.0,1.0,0.0
5,3513702,Descalvado,3523102024882,2023-05-04,2023-05-05,351370,,0,1,2081162000,2.0,1.0,0.0
5,3513702,Descalvado,3523102024893,2023-05-05,2023-05-05,351370,,0,0,2081162000,2.0,1.0,0.0
5,3513702,Descalvado,3523102024904,2023-05-02,2023-05-05,351370,,0,3,2081162000,2.0,1.0,0.0
5,3513702,Descalvado,3523102024904,2023-05-02,2023-05-05,351370,126 SERVICO DE FISIOTERAPIA / 004 ASSISTENCIA FISIOTERAPEUTICA CARDIOVASCULARES E PNEUMOFUNCI,1,3,2081162000,2.0,1.0,0.5
5,3513702,Descalvado,3523102024926,2023-05-05,2023-05-05,351370,,0,0,2081162000,2.0,1.0,0.0
5,3513702,Descalvado,3523102025003,2023-05-06,2023-05-09,351370,,1,3,2081162000,2.0,1.0,0.5
5,3513702,Descalvado,3523102025014,2023-05-04,2023-05-06,351370,,0,2,2081162000,2.0,1.0,0.0
5,3513702,Descalvado,3523102025069,2023-05-06,2023-05-10,351370,,0,4,2081162000,2.0,1.0,0.0
5,3513702,Descalvado,3523102025091,2023-04-26,2023-05-09,351370,,0,13,2081162000,2.0,1.0,0.0
5,3513702,Descalvado,3523102025180,2023-05-11,2023-05-12,351370,,0,1,2081162000,2.0,1.0,0.0
5,3513702,Descalvado,3523102025278,2023-05-15,2023-05-17,351370,,0,2,2081162000,2.0,1.0,0.0
5,3513702,Descalvado,3523102025289,2023-05-03,2023-05-12,351370,,0,9,2081162000,2.0,1.0,0.0
5,3513702,Descalvado,3523102025290,2023-05-11,2023-05-13,351370,,0,2,2081162000,2.0,1.0,0.0
5,3513702,Descalvado,3523102025300,2023-04-20,2023-05-01,351370,,1,11,2081162000,2.0,1.0,0.5
5,3513702,Descalvado,3523102025311,2023-05-11,2023-05-12,351370,,0,1,2081162000,2.0,1.0,0.0
5,3513702,Descalvado,3523102025377,2023-04-12,2023-04-14,351370,,0,2,2081162000,2.0,1.0,0.0
5,3513702,Descalvado,3523102025400,2023-05-19,2023-05-19,351370,,0,0,2081162000,2.0,1.0,0.0
5,3513702,Descalvado,3523102025432,2023-05-17,2023-05-19,351370,,0,2,2081162000,2.0,1.0,0.0
5,3513702,Descalvado,3523102025443,2023-05-22,2023-05-22,351370,,0,0,2081162000,2.0,1.0,0.0
5,3513702,Descalvado,3523102025487,2023-05-24,2023-05-24,351370,145 SERVICO DE DIAGNOSTICO DE LABORATORIO CLINICO / 002 EXAMES HEMATOLOGICOS E HEMOSTASIA,1,0,2081162000,2.0,1.0,0.5
5,3513702,Descalvado,3523102025487,2023-05-24,2023-05-24,351370,,0,0,2081162000,2.0,1.0,0.0
5,3513702,Descalvado,3523102025498,2023-05-27,2023-05-29,351370,,0,2,2081162000,2.0,1.0,0.0
5,3513702,Descalvado,3523102025531,2023-05-25,2023-05-26,351370,,0,1,2081162000,2.0,1.0,0.0
5,3513702,Descalvado,3523102025575,2023-05-25,2023-05-26,351370,,0,1,2081162000,2.0,1.0,0.0
5,3513702,Descalvado,3523102025586,2023-05-25,2023-05-26,351370,,0,1,2081162000,2.0,1.0,0.0
5,3513702,Descalvado,3523102025608,2023-05-25,2023-05-26,351370,,0,1,2081162000,2.0,1.0,0.0
5,3513702,Descalvado,3523102025619,2023-05-25,2023-05-26,351370,,0,1,2081162000,2.0,1.0,0.0
5,3513702,Descalvado,3523102025620,2023-05-18,2023-05-29,351370,126 SERVICO DE FISIOTERAPIA / 004 ASSISTENCIA FISIOTERAPEUTICA CARDIOVASCULARES E PNEUMOFUNCI,10,11,2081162000,2.0,1.0,5.0
5,3513702,Descalvado,3523102025630,2023-05-24,2023-05-25,351370,,0,1,2081162000,2.0,1.0,0.0
5,3513702,Descalvado,3523102025641,2023-05-30,2023-05-31,351370,,0,1,2081162000,2.0,1.0,0.0
5,3513702,Descalvado,3523102025663,2023-05-29,2023-05-31,351370,,0,2,2081162000,2.0,1.0,0.0
5,3513702,Descalvado,3523102025674,2023-05-31,2023-05-31,351370,,0,0,2081162000,2.0,1.0,0.0
5,3513702,Descalvado,3523102025971,2023-04-29,2023-04-30,351370,,0,1,2081162000,2.0,1.0,0.0
5,3513702,Descalvado,3523102026060,2023-05-05,2023-05-06,351370,,0,1,2081162000,2.0,1.0,0.0
5,3513702,Descalvado,3523102026070,2023-05-05,2023-05-06,351370,,0,1,2081162000,2.0,1.0,0.0
5,3513702,Descalvado,3523102026081,2023-05-05,2023-05-06,351370,,0,1,2081162000,2.0,1.0,0.0
5,3513702,Descalvado,3523102026092,2023-05-18,2023-05-19,351370,,0,1,2081162000,2.0,1.0,0.0
5,3513702,Descalvado,3523102026103,2023-05-19,2023-05-21,351370,,0,2,2081162000,2.0,1.0,0.0
5,3552700,Tabatinga,3523102032483,2023-03-13,2023-03-15,355270,,2,2,340423000,5.0,3.0,0.4
5,3548500,Santos,3523102068574,2023-04-18,2023-05-02,353760,115 SERVICO DE ATENCAO PSICOSSOCIAL / 003 SERVICO HOSPITALAR PARA ATENCAO A SAUDE MENTAL,0,14,24090173000,7.1,2.0,0.0
5,3548500,Santos,3523102068596,2023-04-30,2023-05-03,354850,115 SERVICO DE ATENCAO PSICOSSOCIAL / 003 SERVICO HOSPITALAR PARA ATENCAO A SAUDE MENTAL,0,3,24090173000,7.1,2.0,0.0
5,3548500,Santos,3523102068651,2023-04-13,2023-05-04,352210,115 SERVICO DE ATENCAO PSICOSSOCIAL / 003 SERVICO HOSPITALAR PARA ATENCAO A SAUDE MENTAL,0,21,24090173000,7.1,2.0,0.0
5,3548500,Santos,3523102068662,2023-04-19,2023-05-08,352210,115 SERVICO DE ATENCAO PSICOSSOCIAL / 003 SERVICO HOSPITALAR PARA ATENCAO A SAUDE MENTAL,0,19,24090173000,7.1,2.0,0.0
5,3548500,Santos,3523102068740,2023-05-03,2023-05-11,351350,115 SERVICO DE ATENCAO PSICOSSOCIAL / 003 SERVICO HOSPITALAR PARA ATENCAO A SAUDE MENTAL,0,8,24090173000,7.1,2.0,0.0
5,3548500,Santos,3523102068761,2023-04-26,2023-05-11,351870,115 SERVICO DE ATENCAO PSICOSSOCIAL / 003 SERVICO HOSPITALAR PARA ATENCAO A SAUDE MENTAL,0,15,24090173000,7.1,2.0,0.0
5,3548500,Santos,3523102068816,2023-04-19,2023-05-17,351870,115 SERVICO DE ATENCAO PSICOSSOCIAL / 003 SERVICO HOSPITALAR PARA ATENCAO A SAUDE MENTAL,0,28,24090173000,7.1,2.0,0.0
5,3548500,Santos,3523102068849,2023-04-29,2023-05-18,353110,115 SERVICO DE ATENCAO PSICOSSOCIAL / 003 SERVICO HOSPITALAR PARA ATENCAO A SAUDE MENTAL,0,19,24090173000,7.1,2.0,0.0
5,3548500,Santos,3523102068904,2023-05-05,2023-05-22,353760,115 SERVICO DE ATENCAO PSICOSSOCIAL / 003 SERVICO HOSPITALAR PARA ATENCAO A SAUDE MENTAL,0,17,24090173000,7.1,2.0,0.0
5,3548500,Santos,3523102069003,2023-05-11,2023-05-25,352210,115 SERVICO DE ATENCAO PSICOSSOCIAL / 003 SERVICO HOSPITALAR PARA ATENCAO A SAUDE MENTAL,0,14,24090173000,7.1,2.0,0.0
5,3548500,Santos,3523102069828,2023-05-12,2023-05-29,354850,115 SERVICO DE ATENCAO PSICOSSOCIAL / 003 SERVICO HOSPITALAR PARA ATENCAO A SAUDE MENTAL,0,17,24090173000,7.1,2.0,0.0
5,3505500,Barretos,3523102099803,2023-03-20,2023-03-20,354980,,0,0,5903516000,9.0,6.5,0.0
5,3505500,Barretos,3523102100243,2023-03-09,2023-03-16,313420,132 SERVICO DE ONCOLOGIA / 005 ONCOLOGIA CIRURGICA,0,7,5903516000,9.0,6.5,0.0
5,3505500,Barretos,3523102100430,2023-02-13,2023-02-16,355680,127 SERVICO DE ATENCAO A OBESIDADE / 001 TRAT. CLINICO CIRUR. REPARADOR E ACOMP PACIENTE C/ OBESIDAD,0,3,5903516000,9.0,6.5,0.0
5,3505500,Barretos,3523102102465,2023-01-31,2023-03-01,352590,,0,29,5903516000,9.0,6.5,0.0
5,3505500,Barretos,3523102103280,2023-03-24,2023-03-24,353010,,0,0,5903516000,9.0,6.5,0.0
5,3505500,Barretos,3523102103741,2023-03-21,2023-03-25,354560,132 SERVICO DE ONCOLOGIA / 005 ONCOLOGIA CIRURGICA,0,4,5903516000,9.0,6.5,0.0
5,3505500,Barretos,3523102103774,2023-03-26,2023-03-30,520110,132 SERVICO DE ONCOLOGIA / 005 ONCOLOGIA CIRURGICA,0,4,5903516000,9.0,6.5,0.0
5,3506102,Bebedouro,3523102104038,2023-04-19,2023-04-20,353150,,0,1,4080485000,10.0,10.0,0.0
5,3506102,Bebedouro,3523102104126,2023-05-22,2023-05-24,350610,,0,2,4080485000,10.0,10.0,0.0
5,3506102,Bebedouro,3523102104137,2023-05-04,2023-05-06,355680,,0,2,4080485000,10.0,10.0,0.0
5,3506102,Bebedouro,3523102104148,2023-04-18,2023-04-20,355690,,0,2,4080485000,10.0,10.0,0.0
5,3506102,Bebedouro,3523102104159,2023-04-26,2023-04-28,350610,,1,2,4080485000,10.0,10.0,0.1
5,3506102,Bebedouro,3523102104247,2023-05-03,2023-05-05,353150,,0,2,4080485000,10.0,10.0,0.0
5,3506102,Bebedouro,3523102104280,2023-05-08,2023-05-10,350610,,0,2,4080485000,10.0,10.0,0.0
5,3506102,Bebedouro,3523102104390,2023-04-26,2023-04-28,355690,,0,2,4080485000,10.0,10.0,0.0
5,3506102,Bebedouro,3523102104423,2023-05-09,2023-05-11,355690,,1,2,4080485000,10.0,10.0,0.1
5,3505500,Barretos,3523102105413,2023-04-05,2023-04-05,351740,132 SERVICO DE ONCOLOGIA / 005 ONCOLOGIA CIRURGICA,0,0,5903516000,9.0,6.5,0.0
5,3505500,Barretos,3523102105490,2023-04-04,2023-04-04,312870,132 SERVICO DE ONCOLOGIA / 005 ONCOLOGIA CIRURGICA,0,0,5903516000,9.0,6.5,0.0
5,3506102,Bebedouro,3523102105941,2023-04-06,2023-04-07,355680,,1,1,4080485000,10.0,10.0,0.1
5,3506102,Bebedouro,3523102105963,2023-04-10,2023-04-12,355690,,0,2,4080485000,10.0,10.0,0.0
5,3505500,Barretos,3523102105974,2023-04-12,2023-04-12,351200,132 SERVICO DE ONCOLOGIA / 005 ONCOLOGIA CIRURGICA,0,0,5903516000,9.0,6.5,0.0
5,3506102,Bebedouro,3523102106062,2023-04-16,2023-04-18,350610,,1,2,4080485000,10.0,10.0,0.1
5,3505500,Barretos,3523102106106,2023-04-12,2023-04-12,315340,132 SERVICO DE ONCOLOGIA / 005 ONCOLOGIA CIRURGICA,0,0,5903516000,9.0,6.5,0.0
5,3506102,Bebedouro,3523102106227,2023-04-08,2023-04-24,350610,,0,16,4080485000,10.0,10.0,0.0
5,3505500,Barretos,3523102106326,2023-04-11,2023-04-11,351740,,0,0,5903516000,9.0,6.5,0.0
5,3506102,Bebedouro,3523102106359,2023-04-09,2023-04-09,355440,,1,0,4080485000,10.0,10.0,0.1
5,3505500,Barretos,3523102106447,2023-03-30,2023-03-30,350460,,0,0,5903516000,9.0,6.5,0.0
5,3505500,Barretos,3523102106458,2023-04-11,2023-04-11,317100,,0,0,5903516000,9.0,6.5,0.0
5,3505500,Barretos,3523102106502,2023-04-03,2023-04-08,353390,,0,5,5903516000,9.0,6.5,0.0
5,3505500,Barretos,3523102106700,2023-04-04,2023-04-11,350550,132 SERVICO DE ONCOLOGIA / 005 ONCOLOGIA CIRURGICA,0,7,5903516000,9.0,6.5,0.0
5,3506102,Bebedouro,3523102106733,2023-04-05,2023-04-12,355310,,2,7,4080485000,10.0,10.0,0.2
5,3505500,Barretos,3523102106800,2023-04-05,2023-04-07,351820,,0,2,5903516000,9.0,6.5,0.0
5,3505500,Barretos,3523102106854,2023-04-09,2023-04-15,350550,,0,6,5903516000,9.0,6.5,0.0
5,3505500,Barretos,3523102106854,2023-04-09,2023-04-15,350550,132 SERVICO DE ONCOLOGIA / 005 ONCOLOGIA CIRURGICA,0,6,5903516000,9.0,6.5,0.0
5,3505500,Barretos,3523102107371,2023-04-14,2023-04-14,353130,,0,0,5903516000,9.0,6.5,0.0
5,3505500,Barretos,3523102107767,2023-04-14,2023-04-14,313420,,0,0,5903516000,9.0,6.5,0.0
5,3505500,Barretos,3523102107811,2023-04-14,2023-04-14,350550,,0,0,5903516000,9.0,6.5,0.0
5,3505500,Barretos,3523102107899,2023-04-17,2023-04-17,313440,,0,0,5903516000,9.0,6.5,0.0
5,3505500,Barretos,3523102108185,2023-04-14,2023-04-14,314810,,0,0,5903516000,9.0,6.5,0.0
5,3506102,Bebedouro,3523102108262,2023-04-14,2023-05-08,350610,,2,24,4080485000,10.0,10.0,0.2
5,3506102,Bebedouro,3523102108284,2023-04-18,2023-04-27,350610,,0,9,4080485000,10.0,10.0,0.0
5,3506102,Bebedouro,3523102108317,2023-04-20,2023-04-29,355320,,0,9,4080485000,10.0,10.0,0.0
5,3506102,Bebedouro,3523102108317,2023-04-20,2023-04-29,355320,,2,9,4080485000,10.0,10.0,0.2
5,3506102,Bebedouro,3523102108372,2023-04-18,2023-05-25,350610,,1,37,4080485000,10.0,10.0,0.1
5,3506102,Bebedouro,3523102108372,2023-04-18,2023-05-25,350610,,2,37,4080485000,10.0,10.0,0.2
5,3506102,Bebedouro,3523102108372,2023-04-18,2023-05-25,350610,,0,37,4080485000,10.0,10.0,0.0
5,3506102,Bebedouro,3523102108450,2023-04-19,2023-05-06,350610,,2,17,4080485000,10.0,10.0,0.2
5,3506102,Bebedouro,3523102108526,2023-04-16,2023-04-19,355680,,0,3,4080485000,10.0,10.0,0.0
5,3506102,Bebedouro,3523102108603,2023-04-14,2023-04-16,355680,,0,2,4080485000,10.0,10.0,0.0
5,3506102,Bebedouro,3523102108625,2023-04-03,2023-04-03,350610,,0,0,4080485000,10.0,10.0,0.0
5,3506102,Bebedouro,3523102108647,2023-04-18,2023-04-21,355680,,1,3,4080485000,10.0,10.0,0.1
5,3506102,Bebedouro,3523102108680,2023-04-12,2023-04-14,350610,,0,2,4080485000,10.0,10.0,0.0
5,3506102,Bebedouro,3523102108702,2023-04-14,2023-04-16,350610,,0,2,4080485000,10.0,10.0,0.0
5,3506102,Bebedouro,3523102108702,2023-04-14,2023-04-16,350610,,2,2,4080485000,10.0,10.0,0.2
5,3506102,Bebedouro,3523102108713,2023-04-17,2023-04-19,350610,,0,2,4080485000,10.0,10.0,0.0
5,3506102,Bebedouro,3523102108713,2023-04-17,2023-04-19,350610,,1,2,4080485000,10.0,10.0,0.1
5,3506102,Bebedouro,3523102108724,2023-04-12,2023-04-16,355440,,1,4,4080485000,10.0,10.0,0.1
5,3506102,Bebedouro,3523102108724,2023-04-12,2023-04-16,355440,,0,4,4080485000,10.0,10.0,0.0
5,3506102,Bebedouro,3523102108746,2023-04-12,2023-04-14,355680,,0,2,4080485000,10.0,10.0,0.0
5,3506102,Bebedouro,3523102108768,2023-04-14,2023-04-17,355320,,0,3,4080485000,10.0,10.0,0.0
5,3505500,Barretos,3523102108823,2023-04-06,2023-04-14,350550,,0,8,5903516000,9.0,6.5,0.0
5,3505500,Barretos,3523102108856,2023-04-11,2023-04-22,352044,132 SERVICO DE ONCOLOGIA / 005 ONCOLOGIA CIRURGICA,0,11,5903516000,9.0,6.5,0.0
5,3505500,Barretos,3523102108878,2023-04-14,2023-04-30,293105,,0,16,5903516000,9.0,6.5,0.0
5,3505500,Barretos,3523102109076,2023-04-15,2023-04-17,350550,,0,2,5903516000,9.0,6.5,0.0
5,3505500,Barretos,3523102109153,2023-04-18,2023-04-18,351770,,0,0,5903516000,9.0,6.5,0.0
5,3505500,Barretos,3523102109186,2023-04-19,2023-04-19,351780,,0,0,5903516000,9.0,6.5,0.0
5,3506102,Bebedouro,3523102109230,2023-05-03,2023-05-06,350610,,3,3,4080485000,10.0,10.0,0.3
5,3505500,Barretos,3523102109571,2023-04-24,2023-04-24,354490,,0,0,5903516000,9.0,6.5,0.0
5,3505500,Barretos,3523102109879,2023-04-20,2023-04-20,352690,,0,0,5903516000,9.0,6.5,0.0
5,3505500,Barretos,3523102110099,2023-04-28,2023-05-23,351380,,0,25,5903516000,9.0,6.5,0.0
5,3505500,Barretos,3523102110132,2023-04-25,2023-04-26,350650,,0,1,5903516000,9.0,6.5,0.0
5,3506102,Bebedouro,3523102110165,2023-03-13,2023-03-15,350610,,0,2,4080485000,10.0,10.0,0.0
5,3505500,Barretos,3523102110187,2023-04-27,2023-04-29,521220,142 SERVICO DE ENDOSCOPIA / 001 DO APARELHO DIGESTIVO,0,2,5903516000,9.0,6.5,0.0
5,3505500,Barretos,3523102110220,2023-04-25,2023-04-27,350550,,0,2,5903516000,9.0,6.5,0.0
5,3505500,Barretos,3523102110264,2023-04-27,2023-04-28,530010,132 SERVICO DE ONCOLOGIA / 005 ONCOLOGIA CIRURGICA,0,1,5903516000,9.0,6.5,0.0
5,3505500,Barretos,3523102110341,2023-04-26,2023-04-28,317040,132 SERVICO DE ONCOLOGIA / 005 ONCOLOGIA CIRURGICA,0,2,5903516000,9.0,6.5,0.0
5,3505500,Barretos,3523102110792,2023-04-26,2023-04-26,520390,132 SERVICO DE ONCOLOGIA / 005 ONCOLOGIA CIRURGICA,0,0,5903516000,9.0,6.5,0.0
5,3505500,Barretos,3523102110836,2023-04-26,2023-04-26,352740,132 SERVICO DE ONCOLOGIA / 005 ONCOLOGIA CIRURGICA,0,0,5903516000,9.0,6.5,0.0
5,3505500,Barretos,3523102110869,2023-04-17,2023-04-17,350550,132 SERVICO DE ONCOLOGIA / 005 ONCOLOGIA CIRURGICA,0,0,5903516000,9.0,6.5,0.0
5,3505500,Barretos,3523102110902,2023-04-26,2023-04-26,316170,132 SERVICO DE ONCOLOGIA / 005 ONCOLOGIA CIRURGICA,0,0,5903516000,9.0,6.5,0.0
5,3505500,Barretos,3523102110924,2023-04-27,2023-04-27,350550,,0,0,5903516000,9.0,6.5,0.0
5,3505500,Barretos,3523102110980,2023-04-24,2023-04-24,315550,,0,0,5903516000,9.0,6.5,0.0
5,3506102,Bebedouro,3523102111815,2023-05-28,2023-05-30,353150,,1,2,4080485000,10.0,10.0,0.1
5,3505500,Barretos,3523102111991,2023-05-02,2023-05-02,311410,,0,0,5903516000,9.0,6.5,0.0
5,3505500,Barretos,3523102112002,2023-04-27,2023-04-29,350550,,0,2,5903516000,9.0,6.5,0.0
5,3505500,Barretos,3523102112013,2023-04-18,2023-04-28,291360,,8,10,5903516000,9.0,6.5,0.8888888888888888
5,3505500,Barretos,3523102112101,2023-05-02,2023-05-15,350550,,0,13,5903516000,9.0,6.5,0.0
5,3505500,Barretos,3523102112123,2023-04-26,2023-05-03,130260,132 SERVICO DE ONCOLOGIA / 005 ONCOLOGIA CIRURGICA,0,7,5903516000,9.0,6.5,0.0
5,3505500,Barretos,3523102112134,2023-04-24,2023-05-03,352930,,3,9,5903516000,9.0,6.5,0.3333333333333333
5,3505500,Barretos,3523102112145,2023-04-27,2023-05-01,350320,,0,4,5903516000,9.0,6.5,0.0
5,3505500,Barretos,3523102112233,2023-04-25,2023-04-25,210530,,0,0,5903516000,9.0,6.5,0.0
5,3505500,Barretos,3523102112288,2023-04-25,2023-04-25,500627,,0,0,5903516000,9.0,6.5,0.0
5,3505500,Barretos,3523102112420,2023-05-03,2023-05-03,351620,,0,0,5903516000,9.0,6.5,0.0
5,3505500,Barretos,3523102112453,2023-05-02,2023-05-02,521850,132 SERVICO DE ONCOLOGIA / 005 ONCOLOGIA CIRURGICA,0,0,5903516000,9.0,6.5,0.0
5,3505500,Barretos,3523102112464,2023-05-02,2023-05-02,355365,,0,0,5903516000,9.0,6.5,0.0
5,3505500,Barretos,3523102112563,2023-05-02,2023-05-02,355330,,0,0,5903516000,9.0,6.5,0.0
5,3505500,Barretos,3523102112618,2023-05-02,2023-05-02,520915,,0,0,5903516000,9.0,6.5,0.0
5,3505500,Barretos,3523102112640,2023-05-02,2023-05-02,520725,,0,0,5903516000,9.0,6.5,0.0
5,3505500,Barretos,3523102112651,2023-05-03,2023-05-03,350550,,0,0,5903516000,9.0,6.5,0.0
5,3505500,Barretos,3523102112740,2023-05-05,2023-05-05,353390,,0,0,5903516000,9.0,6.5,0.0
5,3505500,Barretos,3523102112849,2023-05-05,2023-05-05,350160,,0,0,5903516000,9.0,6.5,0.0
5,3505500,Barretos,3523102112871,2023-05-02,2023-05-02,355670,,0,0,5903516000,9.0,6.5,0.0
5,3505500,Barretos,3523102112904,2023-05-05,2023-05-05,350550,,0,0,5903516000,9.0,6.5,0.0
5,3505500,Barretos,3523102112926,2023-05-05,2023-05-05,355230,,0,0,5903516000,9.0,6.5,0.0
5,3505500,Barretos,3523102112937,2023-05-03,2023-05-03,313710,,0,0,5903516000,9.0,6.5,0.0
5,3505500,Barretos,3523102113003,2023-05-05,2023-05-05,355680,,0,0,5903516000,9.0,6.5,0.0
5,3505500,Barretos,3523102113025,2023-04-28,2023-04-28,311510,,0,0,5903516000,9.0,6.5,0.0
5,3505500,Barretos,3523102113047,2023-05-05,2023-05-05,355030,,0,0,5903516000,9.0,6.5,0.0
5,3505500,Barretos,3523102113058,2023-05-03,2023-05-03,350400,,0,0,5903516000,9.0,6.5,0.0
5,3505500,Barretos,3523102113080,2023-05-02,2023-05-02,500325,132 SERVICO DE ONCOLOGIA / 005 ONCOLOGIA CIRURGICA,0,0,5903516000,9.0,6.5,0.0
5,3505500,Barretos,3523102113124,2023-05-05,2023-05-05,355320,132 SERVICO DE ONCOLOGIA / 005 ONCOLOGIA CIRURGICA,0,0,5903516000,9.0,6.5,0.0
5,3505500,Barretos,3523102113135,2023-05-09,2023-05-09,351620,,0,0,5903516000,9.0,6.5,0.0
5,3505500,Barretos,3523102113157,2023-05-03,2023-05-03,351740,,0,0,5903516000,9.0,6.5,0.0
5,3505500,Barretos,3523102113168,2023-04-28,2023-04-28,313420,,0,0,5903516000,9.0,6.5,0.0
5,3505500,Barretos,3523102113223,2023-05-04,2023-05-11,354530,132 SERVICO DE ONCOLOGIA / 005 ONCOLOGIA CIRURGICA,0,7,5903516000,9.0,6.5,0.0
5,3505500,Barretos,3523102113234,2023-05-05,2023-05-10,354780,,5,5,5903516000,9.0,6.5,0.5555555555555556
5,3506102,Bebedouro,3523102113311,2023-03-21,2023-03-24,350610,,0,3,4080485000,10.0,10.0,0.0
5,3506102,Bebedouro,3523102113322,2023-03-21,2023-03-23,350610,,0,2,4080485000,10.0,10.0,0.0
5,3506102,Bebedouro,3523102113322,2023-03-21,2023-03-23,350610,,1,2,4080485000,10.0,10.0,0.1
5,3506102,Bebedouro,3523102113333,2023-03-24,2023-03-30,350610,,2,6,4080485000,10.0,10.0,0.2
5,3506102,Bebedouro,3523102113333,2023-03-24,2023-03-30,350610,,0,6,4080485000,10.0,10.0,0.0
5,3506102,Bebedouro,3523102113344,2023-03-06,2023-03-09,355320,,0,3,4080485000,10.0,10.0,0.0
5,3506102,Bebedouro,3523102113344,2023-03-06,2023-03-09,355320,,3,3,4080485000,10.0,10.0,0.3
5,3506102,Bebedouro,3523102113355,2023-04-06,2023-04-08,350610,,0,2,4080485000,10.0,10.0,0.0
5,3506102,Bebedouro,3523102113400,2023-03-20,2023-03-21,350610,,0,1,4080485000,10.0,10.0,0.0
5,3506102,Bebedouro,3523102113410,2023-03-24,2023-03-27,355680,,1,3,4080485000,10.0,10.0,0.1
5,3506102,Bebedouro,3523102113421,2023-03-19,2023-03-22,355680,,0,3,4080485000,10.0,10.0,0.0
5,3506102,Bebedouro,3523102113421,2023-03-19,2023-03-22,355680,,2,3,4080485000,10.0,10.0,0.2
5,3505500,Barretos,3523102113476,2023-05-10,2023-05-10,354260,,0,0,5903516000,9.0,6.5,0.0
5,3505500,Barretos,3523102113487,2023-05-05,2023-05-05,351740,,0,0,5903516000,9.0,6.5,0.0
5,3505500,Barretos,3523102113620,2023-05-11,2023-05-11,353930,,0,0,5903516000,9.0,6.5,0.0
5,3505500,Barretos,3523102113630,2023-05-10,2023-05-10,350550,132 SERVICO DE ONCOLOGIA / 005 ONCOLOGIA CIRURGICA,0,0,5903516000,9.0,6.5,0.0
5,3505500,Barretos,3523102113641,2023-04-25,2023-04-25,350610,149 TRANSPLANTE / 015 ACOES PARA DOACAO E CAPTACAO DE ORGAOS E TECIDOS,0,0,5903516000,9.0,6.5,0.0
5,3505500,Barretos,3523102113696,2023-05-09,2023-05-09,350550,,0,0,5903516000,9.0,6.5,0.0
5,3505500,Barretos,3523102113751,2023-05-02,2023-05-02,355190,,0,0,5903516000,9.0,6.5,0.0
5,3505500,Barretos,3523102113850,2023-05-10,2023-05-10,350550,,0,0,5903516000,9.0,6.5,0.0
5,3505500,Barretos,3523102113872,2023-05-03,2023-05-03,351550,,0,0,5903516000,9.0,6.5,0.0
5,3506102,Bebedouro,3523102114048,2023-03-06,2023-03-08,350610,,0,2,4080485000,10.0,10.0,0.0
5,3506102,Bebedouro,3523102114060,2023-03-07,2023-03-09,355440,,0,2,4080485000,10.0,10.0,0.0
5,3506102,Bebedouro,3523102114060,2023-03-07,2023-03-09,355440,,1,2,4080485000,10.0,10.0,0.1
5,3506102,Bebedouro,3523102114070,2023-03-24,2023-03-27,350610,,0,3,4080485000,10.0,10.0,0.0
5,3506102,Bebedouro,3523102114092,2023-04-27,2023-05-03,355690,,3,6,4080485000,10.0,10.0,0.3
5,3506102,Bebedouro,3523102114114,2023-04-20,2023-04-24,353150,,1,4,4080485000,10.0,10.0,0.1
5,3506102,Bebedouro,3523102114136,2023-05-07,2023-05-11,350610,,4,4,4080485000,10.0,10.0,0.4
5,3506102,Bebedouro,3523102114147,2023-04-25,2023-04-27,350610,,1,2,4080485000,10.0,10.0,0.1
5,3506102,Bebedouro,3523102114169,2023-04-01,2023-04-17,350610,,3,16,4080485000,10.0,10.0,0.3
5,3506102,Bebedouro,3523102114169,2023-04-01,2023-04-17,350610,,1,16,4080485000,10.0,10.0,0.1
5,3506102,Bebedouro,3523102114170,2023-04-07,2023-04-10,350930,,0,3,4080485000,10.0,10.0,0.0
5,3506102,Bebedouro,3523102114180,2023-04-26,2023-05-04,350610,,0,8,4080485000,10.0,10.0,0.0
5,3506102,Bebedouro,3523102114257,2023-04-21,2023-04-27,350610,,5,6,4080485000,10.0,10.0,0.5
5,3506102,Bebedouro,3523102114257,2023-04-21,2023-04-27,350610,,2,6,4080485000,10.0,10.0,0.2
5,3506102,Bebedouro,3523102114279,2023-05-03,2023-05-05,355690,,0,2,4080485000,10.0,10.0,0.0
5,3506102,Bebedouro,3523102114280,2023-04-25,2023-05-01,350610,,3,6,4080485000,10.0,10.0,0.3
5,3505500,Barretos,3523102114356,2023-05-11,2023-05-12,311110,,0,1,5903516000,9.0,6.5,0.0
5,3506102,Bebedouro,3523102114378,2023-04-05,2023-04-07,350610,,0,2,4080485000,10.0,10.0,0.0
5,3506102,Bebedouro,3523102114400,2023-04-19,2023-04-21,350610,,0,2,4080485000,10.0,10.0,0.0
5,3506102,Bebedouro,3523102114444,2023-04-20,2023-04-21,350610,,0,1,4080485000,10.0,10.0,0.0
5,3506102,Bebedouro,3523102114466,2023-04-20,2023-04-23,350610,,0,3,4080485000,10.0,10.0,0.0
5,3506102,Bebedouro,3523102114477,2023-04-24,2023-04-26,350610,,0,2,4080485000,10.0,10.0,0.0
5,3506102,Bebedouro,3523102114499,2023-04-20,2023-04-22,355680,,2,2,4080485000,10.0,10.0,0.2
5,3506102,Bebedouro,3523102114565,2023-04-26,2023-04-28,355690,,1,2,4080485000,10.0,10.0,0.1
5,3505500,Barretos,3523102114697,2023-05-10,2023-05-11,355320,132 SERVICO DE ONCOLOGIA / 005 ONCOLOGIA CIRURGICA,0,1,5903516000,9.0,6.5,0.0
5,3505500,Barretos,3523102114720,2023-05-11,2023-05-12,520450,132 SERVICO DE ONCOLOGIA / 005 ONCOLOGIA CIRURGICA,0,1,5903516000,9.0,6.5,0.0
5,3506102,Bebedouro,3523102114741,2023-04-27,2023-04-29,350610,,0,2,4080485000,10.0,10.0,0.0
5,3506102,Bebedouro,3523102114774,2023-04-24,2023-04-26,350610,,1,2,4080485000,10.0,10.0,0.1
5,3506102,Bebedouro,3523102114774,2023-04-24,2023-04-26,350610,,0,2,4080485000,10.0,10.0,0.0
5,3506102,Bebedouro,3523102114785,2023-04-26,2023-04-28,350610,,0,2,4080485000,10.0,10.0,0.0
5,3506102,Bebedouro,3523102114818,2023-04-19,2023-04-22,350610,,1,3,4080485000,10.0,10.0,0.1
5,3506102,Bebedouro,3523102114829,2023-04-14,2023-04-15,355690,,1,1,4080485000,10.0,10.0,0.1
5,3506102,Bebedouro,3523102114830,2023-04-18,2023-04-20,355310,,1,2,4080485000,10.0,10.0,0.1
5,3506102,Bebedouro,3523102114862,2023-04-05,2023-04-06,355440,,0,1,4080485000,10.0,10.0,0.0
5,3506102,Bebedouro,3523102114873,2023-04-16,2023-04-17,350610,,0,1,4080485000,10.0,10.0,0.0
5,3506102,Bebedouro,3523102114884,2023-04-17,2023-04-19,355680,,0,2,4080485000,10.0,10.0,0.0
5,3506102,Bebedouro,3523102114884,2023-04-17,2023-04-19,355680,,1,2,4080485000,10.0,10.0,0.1
5,3506102,Bebedouro,3523102114906,2023-04-06,2023-04-09,350610,,0,3,4080485000,10.0,10.0,0.0
5,3506102,Bebedouro,3523102114906,2023-04-06,2023-04-09,350610,,1,3,4080485000,10.0,10.0,0.1
5,3505500,Barretos,3523102114950,2023-04-16,2023-04-30,220245,,0,14,5903516000,9.0,6.5,0.0
5,3505500,Barretos,3523102114961,2023-04-09,2023-04-23,313140,,0,14,5903516000,9.0,6.5,0.0
5,3505500,Barretos,3523102114972,2023-04-24,2023-05-08,313140,,0,14,5903516000,9.0,6.5,0.0
5,3505500,Barretos,3523102115005,2023-04-12,2023-04-26,110014,,0,14,5903516000,9.0,6.5,0.0
5,3505500,Barretos,3523102115016,2023-04-28,2023-05-04,510621,,0,6,5903516000,9.0,6.5,0.0
5,3505500,Barretos,3523102115137,2023-04-24,2023-05-08,170930,,0,14,5903516000,9.0,6.5,0.0
5,3505500,Barretos,3523102115159,2023-04-11,2023-04-25,210530,,0,14,5903516000,9.0,6.5,0.0
5,3505500,Barretos,3523102115192,2023-04-26,2023-05-10,315070,,0,14,5903516000,9.0,6.5,0.0
5,3505500,Barretos,3523102115203,2023-04-11,2023-04-25,315070,,0,14,5903516000,9.0,6.5,0.0
5,3505500,Barretos,3523102115214,2023-04-15,2023-04-29,500830,,0,14,5903516000,9.0,6.5,0.0
5,3505500,Barretos,3523102115302,2023-04-04,2023-05-03,110020,,0,29,5903516000,9.0,6.5,0.0
5,3505500,Barretos,3523102115379,2023-05-10,2023-05-10,520620,,0,0,5903516000,9.0,6.5,0.0
5,3505500,Barretos,3523102115423,2023-04-11,2023-04-17,510270,,0,6,5903516000,9.0,6.5,0.0
5,3505500,Barretos,3523102115434,2023-04-25,2023-05-09,110002,,0,14,5903516000,9.0,6.5,0.0
5,3506102,Bebedouro,3523102115467,2023-04-24,2023-04-26,350610,,1,2,4080485000,10.0,10.0,0.1
5,3506102,Bebedouro,3523102115489,2023-04-18,2023-04-22,350610,,0,4,4080485000,10.0,10.0,0.0
5,3506102,Bebedouro,3523102115489,2023-04-18,2023-04-22,350610,,3,4,4080485000,10.0,10.0,0.3
5,3506102,Bebedouro,3523102115489,2023-04-18,2023-04-22,350610,,1,4,4080485000,10.0,10.0,0.1
5,3506102,Bebedouro,3523102115533,2023-04-10,2023-04-13,355680,,0,3,4080485000,10.0,10.0,0.0
5,3505500,Barretos,3523102115600,2023-05-12,2023-05-13,313440,132 SERVICO DE ONCOLOGIA / 005 ONCOLOGIA CIRURGICA,0,1,5903516000,9.0,6.5,0.0
5,3505500,Barretos,3523102115654,2023-05-05,2023-05-05,350370,132 SERVICO DE ONCOLOGIA / 005 ONCOLOGIA CIRURGICA,0,0,5903516000,9.0,6.5,0.0
5,3505500,Barretos,3523102115698,2023-05-09,2023-05-09,355500,,0,0,5903516000,9.0,6.5,0.0
5,3505500,Barretos,3523102115720,2023-05-14,2023-05-15,313420,,0,1,5903516000,9.0,6.5,0.0
5,3505500,Barretos,3523102115742,2023-05-08,2023-05-09,351790,,0,1,5903516000,9.0,6.5,0.0
5,3505500,Barretos,3523102115753,2023-05-11,2023-05-11,521190,,0,0,5903516000,9.0,6.5,0.0
5,3505500,Barretos,3523102115786,2023-05-16,2023-05-16,351710,,0,0,5903516000,9.0,6.5,0.0
5,3505500,Barretos,3523102115841,2023-05-12,2023-05-12,314800,,0,0,5903516000,9.0,6.5,0.0
5,3505500,Barretos,3523102115852,2023-05-10,2023-05-10,355260,132 SERVICO DE ONCOLOGIA / 005 ONCOLOGIA CIRURGICA,0,0,5903516000,9.0,6.5,0.0
5,3505500,Barretos,3523102116017,2023-05-15,2023-05-15,353390,,0,0,5903516000,9.0,6.5,0.0
5,3505500,Barretos,3523102116072,2023-05-04,2023-05-04,350820,132 SERVICO DE ONCOLOGIA / 005 ONCOLOGIA CIRURGICA,0,0,5903516000,9.0,6.5,0.0
5,3505500,Barretos,3523102116116,2023-05-04,2023-05-04,353430,132 SERVICO DE ONCOLOGIA / 005 ONCOLOGIA CIRURGICA,0,0,5903516000,9.0,6.5,0.0
5,3505500,Barretos,3523102116127,2023-05-12,2023-05-12,312710,132 SERVICO DE ONCOLOGIA / 005 ONCOLOGIA CIRURGICA,0,0,5903516000,9.0,6.5,0.0
5,3505500,Barretos,3523102116149,2023-05-09,2023-05-09,311720,,0,0,5903516000,9.0,6.5,0.0
5,3505500,Barretos,3523102116150,2023-05-03,2023-05-03,355365,132 SERVICO DE ONCOLOGIA / 005 ONCOLOGIA CIRURGICA,0,0,5903516000,9.0,6.5,0.0
5,3505500,Barretos,3523102116160,2023-05-11,2023-05-11,313750,,0,0,5903516000,9.0,6.5,0.0
5,3505500,Barretos,3523102116215,2023-05-12,2023-05-12,500620,,0,0,5903516000,9.0,6.5,0.0
5,3505500,Barretos,3523102116226,2023-05-12,2023-05-12,311410,,0,0,5903516000,9.0,6.5,0.0
5,3505500,Barretos,3523102116259,2023-05-10,2023-05-10,500295,132 SERVICO DE ONCOLOGIA / 005 ONCOLOGIA CIRURGICA,0,0,5903516000,9.0,6.5,0.0
5,3505500,Barretos,3523102116281,2023-05-15,2023-05-15,350550,,0,0,5903516000,9.0,6.5,0.0
5,3505500,Barretos,3523102116292,2023-05-16,2023-05-16,350810,,0,0,5903516000,9.0,6.5,0.0
5,3505500,Barretos,3523102116325,2023-05-09,2023-05-09,351200,132 SERVICO DE ONCOLOGIA / 005 ONCOLOGIA CIRURGICA,0,0,5903516000,9.0,6.5,0.0
5,3505500,Barretos,3523102116358,2023-05-12,2023-05-12,352190,132 SERVICO DE ONCOLOGIA / 005 ONCOLOGIA CIRURGICA,0,0,5903516000,9.0,6.5,0.0
5,3505500,Barretos,3523102116446,2023-05-10,2023-05-10,352270,132 SERVICO DE ONCOLOGIA / 005 ONCOLOGIA CIRURGICA,0,0,5903516000,9.0,6.5,0.0
5,3505500,Barretos,3523102116479,2023-05-09,2023-05-09,355310,132 SERVICO DE ONCOLOGIA / 005 ONCOLOGIA CIRURGICA,0,0,5903516000,9.0,6.5,0.0
5,3505500,Barretos,3523102116480,2023-05-12,2023-05-12,310010,,0,0,5903516000,9.0,6.5,0.0
5,3505500,Barretos,3523102116523,2023-05-09,2023-05-09,350550,132 SERVICO DE ONCOLOGIA / 005 ONCOLOGIA CIRURGICA,0,0,5903516000,9.0,6.5,0.0
5,3505500,Barretos,3523102116545,2023-05-09,2023-05-09,310910,,0,0,5903516000,9.0,6.5,0.0
5,3505500,Barretos,3523102116567,2023-05-12,2023-05-12,313420,132 SERVICO DE ONCOLOGIA / 005 ONCOLOGIA CIRURGICA,0,0,5903516000,9.0,6.5,0.0
5,3505500,Barretos,3523102116590,2023-05-03,2023-05-03,351590,132 SERVICO DE ONCOLOGIA / 005 ONCOLOGIA CIRURGICA,0,0,5903516000,9.0,6.5,0.0
5,3505500,Barretos,3523102116600,2023-05-03,2023-05-03,351210,132 SERVICO DE ONCOLOGIA / 005 ONCOLOGIA CIRURGICA,0,0,5903516000,9.0,6.5,0.0
5,3505500,Barretos,3523102116611,2023-05-05,2023-05-05,350330,132 SERVICO DE ONCOLOGIA / 005 ONCOLOGIA CIRURGICA,0,0,5903516000,9.0,6.5,0.0
5,3506102,Bebedouro,3523102116710,2023-05-18,2023-05-19,355440,,0,1,4080485000,10.0,10.0,0.0
5,3506102,Bebedouro,3523102116809,2023-05-01,2023-05-12,355690,,9,11,4080485000,10.0,10.0,0.9
5,3506102,Bebedouro,3523102116809,2023-05-01,2023-05-12,355690,,0,11,4080485000,10.0,10.0,0.0
5,3506102,Bebedouro,3523102116809,2023-05-01,2023-05-12,355690,,1,11,4080485000,10.0,10.0,0.1
5,3505500,Barretos,3523102116875,2023-04-28,2023-05-12,350550,,0,14,5903516000,9.0,6.5,0.0
5,3506102,Bebedouro,3523102116974,2023-04-28,2023-05-05,355365,,4,7,4080485000,10.0,10.0,0.4
5,3505500,Barretos,3523102117030,2023-04-14,2023-05-11,352590,,0,27,5903516000,9.0,6.5,0.0
5,3506102,Bebedouro,3523102117040,2023-05-06,2023-05-16,350610,,9,10,4080485000,10.0,10.0,0.9
5,3506102,Bebedouro,3523102117084,2023-04-28,2023-05-04,353150,,1,6,4080485000,10.0,10.0,0.1
5,3506102,Bebedouro,3523102117161,2023-05-04,2023-05-14,355310,,2,10,4080485000,10.0,10.0,0.2
5,3506102,Bebedouro,3523102117161,2023-05-04,2023-05-14,355310,,1,10,4080485000,10.0,10.0,0.1
5,3506102,Bebedouro,3523102117172,2023-04-29,2023-05-18,350610,,4,19,4080485000,10.0,10.0,0.4
5,3506102,Bebedouro,3523102117194,2023-04-27,2023-04-28,350610,,0,1,4080485000,10.0,10.0,0.0
5,3506102,Bebedouro,3523102117205,2023-05-04,2023-05-05,355310,,1,1,4080485000,10.0,10.0,0.1
5,3506102,Bebedouro,3523102117260,2023-05-15,2023-05-18,350610,,0,3,4080485000,10.0,10.0,0.0
5,3506102,Bebedouro,3523102117282,2023-05-12,2023-05-14,355440,,0,2,4080485000,10.0,10.0,0.0
5,3506102,Bebedouro,3523102117293,2023-05-05,2023-05-07,350610,,0,2,4080485000,10.0,10.0,0.0
5,3506102,Bebedouro,3523102117293,2023-05-05,2023-05-07,350610,,2,2,4080485000,10.0,10.0,0.2
5,3506102,Bebedouro,3523102117304,2023-05-17,2023-05-19,350610,,2,2,4080485000,10.0,10.0,0.2
5,3506102,Bebedouro,3523102117315,2023-05-07,2023-05-09,355320,,0,2,4080485000,10.0,10.0,0.0
5,3506102,Bebedouro,3523102117360,2023-05-04,2023-05-06,350610,,0,2,4080485000,10.0,10.0,0.0
5,3506102,Bebedouro,3523102117381,2023-05-11,2023-05-13,350610,,0,2,4080485000,10.0,10.0,0.0
5,3506102,Bebedouro,3523102117392,2023-03-28,2023-04-01,350610,,0,4,4080485000,10.0,10.0,0.0
5,3506102,Bebedouro,3523102117403,2023-05-05,2023-05-07,355440,,0,2,4080485000,10.0,10.0,0.0
5,3506102,Bebedouro,3523102117414,2023-04-26,2023-04-28,350610,,2,2,4080485000,10.0,10.0,0.2
5,3506102,Bebedouro,3523102117414,2023-04-26,2023-04-28,350610,,1,2,4080485000,10.0,10.0,0.1
5,3506102,Bebedouro,3523102117436,2023-05-17,2023-05-19,350610,,2,2,4080485000,10.0,10.0,0.2
5,3506102,Bebedouro,3523102117436,2023-05-17,2023-05-19,350610,,0,2,4080485000,10.0,10.0,0.0
5,3506102,Bebedouro,3523102117458,2023-04-28,2023-05-02,350610,,0,4,4080485000,10.0,10.0,0.0
5,3506102,Bebedouro,3523102117470,2023-04-28,2023-05-01,355680,,0,3,4080485000,10.0,10.0,0.0
5,3506102,Bebedouro,3523102117480,2023-05-16,2023-05-18,355440,,0,2,4080485000,10.0,10.0,0.0
5,3506102,Bebedouro,3523102117491,2023-05-01,2023-05-08,355320,,1,7,4080485000,10.0,10.0,0.1
5,3506102,Bebedouro,3523102117524,2023-04-30,2023-05-02,350610,,0,2,4080485000,10.0,10.0,0.0
5,3506102,Bebedouro,3523102117535,2023-05-05,2023-05-08,355680,,0,3,4080485000,10.0,10.0,0.0
5,3506102,Bebedouro,3523102117557,2023-05-03,2023-05-05,355680,,1,2,4080485000,10.0,10.0,0.1
5,3506102,Bebedouro,3523102117568,2023-05-05,2023-05-08,350610,,0,3,4080485000,10.0,10.0,0.0
5,3505500,Barretos,3523102117580,2023-05-18,2023-05-18,353950,,0,0,5903516000,9.0,6.5,0.0
5,3505500,Barretos,3523102117601,2023-04-26,2023-05-31,354980,,0,35,5903516000,9.0,6.5,0.0
5,3505500,Barretos,3523102117678,2023-05-02,2023-05-05,353730,,3,3,5903516000,9.0,6.5,0.3333333333333333
5,3505500,Barretos,3523102117678,2023-05-02,2023-05-05,353730,,0,3,5903516000,9.0,6.5,0.0
5,3505500,Barretos,3523102117800,2023-04-27,2023-05-04,317010,,4,7,5903516000,9.0,6.5,0.4444444444444444
5,3505500,Barretos,3523102117909,2023-05-18,2023-05-26,353050,,0,8,5903516000,9.0,6.5,0.0
5,3505500,Barretos,3523102117910,2023-05-08,2023-05-19,313440,,0,11,5903516000,9.0,6.5,0.0
5,3505500,Barretos,3523102117964,2023-05-15,2023-05-16,350320,,0,1,5903516000,9.0,6.5,0.0
5,3505500,Barretos,3523102117997,2023-05-16,2023-05-16,350320,,0,0,5903516000,9.0,6.5,0.0
5,3505500,Barretos,3523102118019,2023-05-17,2023-05-17,353730,,0,0,5903516000,9.0,6.5,0.0
5,3505500,Barretos,3523102118020,2023-05-16,2023-05-16,351210,,0,0,5903516000,9.0,6.5,0.0
5,3505500,Barretos,3523102118052,2023-05-22,2023-05-22,317040,,0,0,5903516000,9.0,6.5,0.0
5,3505500,Barretos,3523102118107,2023-05-16,2023-05-16,500400,,0,0,5903516000,9.0,6.5,0.0
5,3505500,Barretos,3523102118118,2023-05-12,2023-05-12,521880,,0,0,5903516000,9.0,6.5,0.0
5,3505500,Barretos,3523102118140,2023-05-16,2023-05-16,431690,,1,0,5903516000,9.0,6.5,0.1111111111111111
5,3505500,Barretos,3523102118184,2023-05-22,2023-05-22,355170,,0,0,5903516000,9.0,6.5,0.0
5,3506102,Bebedouro,3523102118240,2023-04-13,2023-04-21,350610,,2,8,4080485000,10.0,10.0,0.2
5,3506102,Bebedouro,3523102118240,2023-04-13,2023-04-21,350610,,1,8,4080485000,10.0,10.0,0.1
5,3506102,Bebedouro,3523102118338,2023-04-24,2023-04-28,350610,,0,4,4080485000,10.0,10.0,0.0
5,3505500,Barretos,3523102118349,2023-05-15,2023-05-15,355690,,0,0,5903516000,9.0,6.5,0.0
5,3505500,Barretos,3523102118393,2023-05-16,2023-05-16,351200,132 SERVICO DE ONCOLOGIA / 005 ONCOLOGIA CIRURGICA,0,0,5903516000,9.0,6.5,0.0
5,3506102,Bebedouro,3523102118492,2023-04-07,2023-04-13,350610,,2,6,4080485000,10.0,10.0,0.2
5,3506102,Bebedouro,3523102118525,2023-05-02,2023-05-03,350610,,0,1,4080485000,10.0,10.0,0.0
5,3506102,Bebedouro,3523102118525,2023-05-02,2023-05-03,350610,,2,1,4080485000,10.0,10.0,0.2
5,3506102,Bebedouro,3523102118547,2023-04-28,2023-04-29,350610,,0,1,4080485000,10.0,10.0,0.0
5,3506102,Bebedouro,3523102118591,2023-05-23,2023-05-25,350610,,2,2,4080485000,10.0,10.0,0.2
5,3506102,Bebedouro,3523102118602,2023-03-19,2023-03-23,350610,,0,4,4080485000,10.0,10.0,0.0
5,3506102,Bebedouro,3523102118613,2023-03-13,2023-03-15,355690,,0,2,4080485000,10.0,10.0,0.0
5,3506102,Bebedouro,3523102118657,2023-05-17,2023-05-24,355680,,0,7,4080485000,10.0,10.0,0.0
5,3506102,Bebedouro,3523102118679,2023-05-04,2023-05-06,350610,,2,2,4080485000,10.0,10.0,0.2
5,3506102,Bebedouro,3523102118723,2023-05-18,2023-05-20,350610,,0,2,4080485000,10.0,10.0,0.0
5,3506102,Bebedouro,3523102118954,2023-04-18,2023-04-25,350610,,2,7,4080485000,10.0,10.0,0.2
5,3505500,Barretos,3523102119229,2023-05-15,2023-05-15,350550,132 SERVICO DE ONCOLOGIA / 005 ONCOLOGIA CIRURGICA,0,0,5903516000,9.0,6.5,0.0
5,3505500,Barretos,3523102119339,2023-05-18,2023-05-18,316580,,0,0,5903516000,9.0,6.5,0.0
5,3505500,Barretos,3523102119658,2023-05-22,2023-05-22,313420,,0,0,5903516000,9.0,6.5,0.0
5,3505500,Barretos,3523102119680,2023-05-12,2023-05-12,350550,,0,0,5903516000,9.0,6.5,0.0
5,3505500,Barretos,3523102119713,2023-05-18,2023-05-18,150370,,0,0,5903516000,9.0,6.5,0.0
5,3505500,Barretos,3523102119724,2023-05-19,2023-05-19,354420,,0,0,5903516000,9.0,6.5,0.0
5,3505500,Barretos,3523102120263,2023-05-26,2023-05-27,311110,132 SERVICO DE ONCOLOGIA / 005 ONCOLOGIA CIRURGICA,0,1,5903516000,9.0,6.5,0.0
5,3505500,Barretos,3523102120340,2023-05-20,2023-05-30,350550,,0,10,5903516000,9.0,6.5,0.0
5,3505500,Barretos,3523102120527,2023-05-25,2023-05-28,354070,,0,3,5903516000,9.0,6.5,0.0
5,3505500,Barretos,3523102120780,2023-04-27,2023-05-25,230240,,0,28,5903516000,9.0,6.5,0.0
5,3505500,Barretos,3523102120879,2023-04-25,2023-05-08,317010,,0,13,5903516000,9.0,6.5,0.0
5,3505500,Barretos,3523102120901,2023-05-06,2023-05-20,315400,,0,14,5903516000,9.0,6.5,0.0
5,3505500,Barretos,3523102120923,2023-05-03,2023-05-18,120040,,0,15,5903516000,9.0,6.5,0.0
5,3505500,Barretos,3523102120934,2023-05-09,2023-05-24,351620,,0,15,5903516000,9.0,6.5,0.0
5,3505500,Barretos,3523102120978,2023-05-27,2023-05-30,350550,,0,3,5903516000,9.0,6.5,0.0
5,3505500,Barretos,3523102121033,2023-05-11,2023-05-12,230440,,0,1,5903516000,9.0,6.5,0.0
5,3505500,Barretos,3523102121121,2023-05-29,2023-05-29,355690,,0,0,5903516000,9.0,6.5,0.0
5,3505500,Barretos,3523102121143,2023-05-18,2023-05-18,315180,,0,0,5903516000,9.0,6.5,0.0
5,3505500,Barretos,3523102121198,2023-05-23,2023-05-23,350550,132 SERVICO DE ONCOLOGIA / 005 ONCOLOGIA CIRURGICA,0,0,5903516000,9.0,6.5,0.0
5,3505500,Barretos,3523102121220,2023-05-24,2023-05-24,352670,,0,0,5903516000,9.0,6.5,0.0
5,3505500,Barretos,3523102121407,2023-05-25,2023-05-25,521850,,0,0,5903516000,9.0,6.5,0.0
5,3505500,Barretos,3523102121484,2023-05-02,2023-05-02,350550,,0,0,5903516000,9.0,6.5,0.0
5,3505500,Barretos,3523102121495,2023-05-29,2023-05-29,353900,,0,0,5903516000,9.0,6.5,0.0
5,3507506,Botucatu,3523102296087,2023-05-11,2023-05-11,350750,121 SERVICO DE DIAGNOSTICO POR IMAGEM / 001 RADIOLOGIA,1,0,5979359000,4.0,3.0,0.25
5,3507506,Botucatu,3523102296109,2023-05-11,2023-05-11,354105,121 SERVICO DE DIAGNOSTICO POR IMAGEM / 001 RADIOLOGIA,1,0,5979359000,4.0,3.0,0.25
5,3507506,Botucatu,3523102296120,2023-05-11,2023-05-11,352640,121 SERVICO DE DIAGNOSTICO POR IMAGEM / 001 RADIOLOGIA,1,0,5979359000,4.0,3.0,0.25
5,3507506,Botucatu,3523102296131,2023-05-11,2023-05-11,350750,121 SERVICO DE DIAGNOSTICO POR IMAGEM / 001 RADIOLOGIA,1,0,5979359000,4.0,3.0,0.25
5,3507506,Botucatu,3523102296153,2023-05-11,2023-05-11,355010,121 SERVICO DE DIAGNOSTICO POR IMAGEM / 001 RADIOLOGIA,1,0,5979359000,4.0,3.0,0.25
5,3507506,Botucatu,3523102309848,2023-05-04,2023-05-15,350750,,0,11,5979359000,4.0,3.0,0.0
5,3506003,Bauru,3523102325083,2023-05-04,2023-05-05,350600,,0,1,16721368000,6.75,5.25,0.0
5,3506003,Bauru,3523102325920,2023-05-16,2023-05-17,350600,,0,1,16721368000,6.75,5.25,0.0
5,3506003,Bauru,3523102326140,2023-05-18,2023-05-19,350600,107 SERVICO DE ATENCAO A SAUDE AUDITIVA / 008 ATENCAO ESPECIALIZADA AS PESSOAS COM DEFICIENCIA AUDIT,0,1,16721368000,6.75,5.25,0.0
5,3506003,Bauru,3523102326227,2023-05-18,2023-05-19,353050,,0,1,16721368000,6.75,5.25,0.0
5,3506003,Bauru,3523102326403,2023-05-23,2023-05-23,350600,149 TRANSPLANTE / 015 ACOES PARA DOACAO E CAPTACAO DE ORGAOS E TECIDOS,0,0,16721368000,6.75,5.25,0.0
5,3506003,Bauru,3523102327008,2023-05-25,2023-05-26,350070,149 TRANSPLANTE / 015 ACOES PARA DOACAO E CAPTACAO DE ORGAOS E TECIDOS,0,1,16721368000,6.75,5.25,0.0
5,3506003,Bauru,3523102387233,2023-05-30,2023-05-31,354990,,0,1,16721368000,6.75,5.25,0.0
5,3548807,São Caetano do Sul,3523102648505,2023-02-02,2023-02-02,354880,,0,0,15566768000,3.3333333333333335,1.0,0.0
5,3548807,São Caetano do Sul,3523102668140,2023-03-27,2023-03-28,354880,,1,1,15566768000,3.3333333333333335,1.0,0.3
5,3548807,São Caetano do Sul,3523102671760,2023-04-12,2023-04-12,354880,,0,0,15566768000,3.3333333333333335,1.0,0.0
5,3548807,São Caetano do Sul,3523102671836,2023-04-05,2023-04-06,354880,,0,1,15566768000,3.3333333333333335,1.0,0.0
5,3548807,São Caetano do Sul,3523102672650,2023-04-07,2023-04-08,354880,,1,1,15566768000,3.3333333333333335,1.0,0.3
5,3548807,São Caetano do Sul,3523102673981,2023-04-07,2023-04-19,354880,,0,12,15566768000,3.3333333333333335,1.0,0.0
5,3548807,São Caetano do Sul,3523102674070,2023-04-08,2023-05-07,354880,,2,29,15566768000,3.3333333333333335,1.0,0.6
5,3548807,São Caetano do Sul,3523102677006,2023-04-13,2023-05-10,354880,,0,27,15566768000,3.3333333333333335,1.0,0.0
5,3548807,São Caetano do Sul,3523102677116,2023-04-10,2023-04-11,354880,,0,1,15566768000,3.3333333333333335,1.0,0.0
5,3548807,São Caetano do Sul,3523102677260,2023-04-12,2023-05-13,354880,,1,31,15566768000,3.3333333333333335,1.0,0.3
5,3548807,São Caetano do Sul,3523102677435,2023-04-14,2023-05-14,354880,,0,30,15566768000,3.3333333333333335,1.0,0.0
5,3548807,São Caetano do Sul,3523102677996,2023-04-18,2023-04-27,354880,,0,9,15566768000,3.3333333333333335,1.0,0.0
5,3548807,São Caetano do Sul,3523102678030,2023-04-24,2023-04-25,354880,,0,1,15566768000,3.3333333333333335,1.0,0.0
5,3548807,São Caetano do Sul,3523102678095,2023-04-24,2023-04-25,354880,,0,1,15566768000,3.3333333333333335,1.0,0.0
5,3548807,São Caetano do Sul,3523102678216,2023-04-11,2023-05-02,354880,,0,21,15566768000,3.3333333333333335,1.0,0.0
5,3548807,São Caetano do Sul,3523102678580,2023-04-24,2023-05-02,354880,132 SERVICO DE ONCOLOGIA / 005 ONCOLOGIA CIRURGICA,0,8,15566768000,3.3333333333333335,1.0,0.0
5,3548807,São Caetano do Sul,3523102678580,2023-04-24,2023-05-02,354880,,2,8,15566768000,3.3333333333333335,1.0,0.6
5,3548807,São Caetano do Sul,3523102678623,2023-04-25,2023-04-25,354880,,0,0,15566768000,3.3333333333333335,1.0,0.0
5,3548807,São Caetano do Sul,3523102678678,2023-04-22,2023-05-21,354880,,0,29,15566768000,3.3333333333333335,1.0,0.0
5,3548807,São Caetano do Sul,3523102678799,2023-04-26,2023-04-27,354880,,0,1,15566768000,3.3333333333333335,1.0,0.0
5,3548807,São Caetano do Sul,3523102678799,2023-04-26,2023-04-27,354880,,1,1,15566768000,3.3333333333333335,1.0,0.3
5,3548807,São Caetano do Sul,3523102679206,2023-04-28,2023-04-29,354880,,0,1,15566768000,3.3333333333333335,1.0,0.0
5,3548807,São Caetano do Sul,3523102680471,2023-04-30,2023-05-06,354880,,3,6,15566768000,3.3333333333333335,1.0,0.8999999999999999
5,3548807,São Caetano do Sul,3523102680515,2023-05-01,2023-05-02,354880,,0,1,15566768000,3.3333333333333335,1.0,0.0
5,3548807,São Caetano do Sul,3523102680581,2023-04-26,2023-05-03,354880,,0,7,15566768000,3.3333333333333335,1.0,0.0
5,3548807,São Caetano do Sul,3523102680823,2023-05-03,2023-05-03,354880,,0,0,15566768000,3.3333333333333335,1.0,0.0
5,3548807,São Caetano do Sul,3523102680834,2023-05-02,2023-05-03,354880,,0,1,15566768000,3.3333333333333335,1.0,0.0
5,3548807,São Caetano do Sul,3523102680845,2023-05-03,2023-05-04,354880,,0,1,15566768000,3.3333333333333335,1.0,0.0
5,3548807,São Caetano do Sul,3523102680845,2023-05-03,2023-05-04,354880,,1,1,15566768000,3.3333333333333335,1.0,0.3
5,3548807,São Caetano do Sul,3523102680911,2023-05-03,2023-05-03,354880,,1,0,15566768000,3.3333333333333335,1.0,0.3
5,3548807,São Caetano do Sul,3523102680911,2023-05-03,2023-05-03,354880,,0,0,15566768000,3.3333333333333335,1.0,0.0
5,3548807,São Caetano do Sul,3523102681010,2023-04-23,2023-05-10,354880,,2,17,15566768000,3.3333333333333335,1.0,0.6
5,3548807,São Caetano do Sul,3523102681054,2023-04-26,2023-05-17,354880,,5,21,15566768000,3.3333333333333335,1.0,1.5
5,3548807,São Caetano do Sul,3523102681153,2023-04-05,2023-04-19,354880,,0,14,15566768000,3.3333333333333335,1.0,0.0
5,3548807,São Caetano do Sul,3523102681417,2023-05-04,2023-05-05,354880,,0,1,15566768000,3.3333333333333335,1.0,0.0
5,3548807,São Caetano do Sul,3523102681450,2023-05-04,2023-05-05,354880,,0,1,15566768000,3.3333333333333335,1.0,0.0
5,3548807,São Caetano do Sul,3523102681472,2023-05-04,2023-05-05,354880,,1,1,15566768000,3.3333333333333335,1.0,0.3
5,3548807,São Caetano do Sul,3523102681538,2023-04-28,2023-05-04,354880,,0,6,15566768000,3.3333333333333335,1.0,0.0
5,3548807,São Caetano do Sul,3523102681692,2023-04-28,2023-05-01,354880,,2,3,15566768000,3.3333333333333335,1.0,0.6
5,3548807,São Caetano do Sul,3523102681747,2023-05-05,2023-05-05,354880,132 SERVICO DE ONCOLOGIA / 005 ONCOLOGIA CIRURGICA,0,0,15566768000,3.3333333333333335,1.0,0.0
5,3548807,São Caetano do Sul,3523102681770,2023-05-05,2023-05-06,354880,,0,1,15566768000,3.3333333333333335,1.0,0.0
5,3548807,São Caetano do Sul,3523102681791,2023-05-05,2023-05-06,354880,142 SERVICO DE ENDOSCOPIA / 001 DO APARELHO DIGESTIVO,0,1,15566768000,3.3333333333333335,1.0,0.0
5,3548807,São Caetano do Sul,3523102681846,2023-05-05,2023-05-05,354880,,0,0,15566768000,3.3333333333333335,1.0,0.0
5,3548807,São Caetano do Sul,3523102681846,2023-05-05,2023-05-05,354880,,1,0,15566768000,3.3333333333333335,1.0,0.3
5,3548807,São Caetano do Sul,3523102681879,2023-05-02,2023-05-08,354880,,0,6,15566768000,3.3333333333333335,1.0,0.0
5,3548807,São Caetano do Sul,3523102681901,2023-04-23,2023-05-23,354880,,2,30,15566768000,3.3333333333333335,1.0,0.6
5,3548807,São Caetano do Sul,3523102681901,2023-04-23,2023-05-23,354880,,1,30,15566768000,3.3333333333333335,1.0,0.3
5,3548807,São Caetano do Sul,3523102682308,2023-04-20,2023-04-20,354880,,0,0,15566768000,3.3333333333333335,1.0,0.0
5,3548807,São Caetano do Sul,3523102682319,2023-05-22,2023-05-22,354880,121 SERVICO DE DIAGNOSTICO POR IMAGEM / 001 RADIOLOGIA,1,0,15566768000,3.3333333333333335,1.0,0.3
5,3548807,São Caetano do Sul,3523102682319,2023-05-22,2023-05-22,354880,,0,0,15566768000,3.3333333333333335,1.0,0.0
5,3548807,São Caetano do Sul,3523102682320,2023-05-08,2023-05-09,354880,,0,1,15566768000,3.3333333333333335,1.0,0.0
5,3548807,São Caetano do Sul,3523102682352,2023-05-08,2023-05-10,354880,,0,2,15566768000,3.3333333333333335,1.0,0.0
5,3548807,São Caetano do Sul,3523102682374,2023-05-08,2023-05-09,354880,,0,1,15566768000,3.3333333333333335,1.0,0.0
5,3548807,São Caetano do Sul,3523102682385,2023-05-08,2023-05-08,354880,,0,0,15566768000,3.3333333333333335,1.0,0.0
5,3548807,São Caetano do Sul,3523102682540,2023-05-08,2023-05-09,354880,,0,1,15566768000,3.3333333333333335,1.0,0.0
5,3548807,São Caetano do Sul,3523102682572,2023-04-14,2023-05-02,354880,,1,18,15566768000,3.3333333333333335,1.0,0.3
5,3548807,São Caetano do Sul,3523102682649,2023-05-02,2023-05-05,354880,,0,3,15566768000,3.3333333333333335,1.0,0.0
5,3548807,São Caetano do Sul,3523102682715,2023-05-02,2023-05-05,354880,,0,3,15566768000,3.3333333333333335,1.0,0.0
5,3548807,São Caetano do Sul,3523102682726,2023-05-03,2023-05-05,354880,,0,2,15566768000,3.3333333333333335,1.0,0.0
5,3548807,São Caetano do Sul,3523102682737,2023-05-02,2023-05-03,354880,,1,1,15566768000,3.3333333333333335,1.0,0.3
5,3548807,São Caetano do Sul,3523102682759,2023-05-03,2023-05-05,354880,,2,2,15566768000,3.3333333333333335,1.0,0.6
5,3548807,São Caetano do Sul,3523102682836,2023-04-24,2023-05-01,355030,,1,7,15566768000,3.3333333333333335,1.0,0.3
5,3548807,São Caetano do Sul,3523102682847,2023-05-08,2023-05-08,354880,,1,0,15566768000,3.3333333333333335,1.0,0.3
5,3548807,São Caetano do Sul,3523102682869,2023-05-16,2023-05-16,354880,,0,0,15566768000,3.3333333333333335,1.0,0.0
5,3548807,São Caetano do Sul,3523102682935,2023-05-09,2023-05-11,354880,121 SERVICO DE DIAGNOSTICO POR IMAGEM / 001 RADIOLOGIA,1,2,15566768000,3.3333333333333335,1.0,0.3
5,3548807,São Caetano do Sul,3523102682935,2023-05-09,2023-05-11,354880,142 SERVICO DE ENDOSCOPIA / 001 DO APARELHO DIGESTIVO,0,2,15566768000,3.3333333333333335,1.0,0.0
5,3548807,São Caetano do Sul,3523102682957,2023-05-09,2023-05-10,354880,,0,1,15566768000,3.3333333333333335,1.0,0.0
5,3548807,São Caetano do Sul,3523102682968,2023-05-09,2023-05-10,354880,,0,1,15566768000,3.3333333333333335,1.0,0.0
5,3548807,São Caetano do Sul,3523102683155,2023-04-20,2023-04-28,354880,,0,8,15566768000,3.3333333333333335,1.0,0.0
5,3548807,São Caetano do Sul,3523102683199,2023-05-02,2023-05-02,354880,,0,0,15566768000,3.3333333333333335,1.0,0.0
5,3548807,São Caetano do Sul,3523102683397,2023-05-10,2023-05-10,354880,,1,0,15566768000,3.3333333333333335,1.0,0.3
5,3548807,São Caetano do Sul,3523102683408,2023-05-10,2023-05-10,354880,,1,0,15566768000,3.3333333333333335,1.0,0.3
5,3548807,São Caetano do Sul,3523102683518,2023-05-06,2023-05-08,354880,,0,2,15566768000,3.3333333333333335,1.0,0.0
5,3548807,São Caetano do Sul,3523102683530,2023-05-06,2023-05-14,354880,,0,8,15566768000,3.3333333333333335,1.0,0.0
5,3548807,São Caetano do Sul,3523102683617,2023-05-01,2023-05-09,354880,,0,8,15566768000,3.3333333333333335,1.0,0.0
5,3548807,São Caetano do Sul,3523102683639,2023-05-01,2023-05-17,354880,,4,16,15566768000,3.3333333333333335,1.0,1.2
5,3548807,São Caetano do Sul,3523102683749,2023-04-26,2023-05-01,354880,,1,5,15566768000,3.3333333333333335,1.0,0.3
5,3548807,São Caetano do Sul,3523102683760,2023-04-30,2023-05-30,354880,,3,30,15566768000,3.3333333333333335,1.0,0.8999999999999999
5,3548807,São Caetano do Sul,3523102683760,2023-04-30,2023-05-30,354880,,4,30,15566768000,3.3333333333333335,1.0,1.2
5,3548807,São Caetano do Sul,3523102683859,2023-05-01,2023-05-02,354880,,1,1,15566768000,3.3333333333333335,1.0,0.3
5,3548807,São Caetano do Sul,3523102683947,2023-05-06,2023-05-09,354880,,0,3,15566768000,3.3333333333333335,1.0,0.0
5,3548807,São Caetano do Sul,3523102683958,2023-05-05,2023-05-08,354880,,0,3,15566768000,3.3333333333333335,1.0,0.0
5,3548807,São Caetano do Sul,3523102683991,2023-05-05,2023-05-19,354880,,0,14,15566768000,3.3333333333333335,1.0,0.0
5,3548807,São Caetano do Sul,3523102684013,2023-05-04,2023-05-14,354880,,4,10,15566768000,3.3333333333333335,1.0,1.2
5,3548807,São Caetano do Sul,3523102684080,2023-05-06,2023-05-12,354880,,0,6,15566768000,3.3333333333333335,1.0,0.0
5,3548807,São Caetano do Sul,3523102684101,2023-05-06,2023-05-23,354880,,1,17,15566768000,3.3333333333333335,1.0,0.3
5,3548807,São Caetano do Sul,3523102684156,2023-05-11,2023-05-12,354880,132 SERVICO DE ONCOLOGIA / 005 ONCOLOGIA CIRURGICA,0,1,15566768000,3.3333333333333335,1.0,0.0
5,3548807,São Caetano do Sul,3523102684167,2023-05-11,2023-05-12,354880,,0,1,15566768000,3.3333333333333335,1.0,0.0
5,3548807,São Caetano do Sul,3523102684178,2023-05-11,2023-05-12,354880,121 SERVICO DE DIAGNOSTICO POR IMAGEM / 001 RADIOLOGIA,1,1,15566768000,3.3333333333333335,1.0,0.3
5,3548807,São Caetano do Sul,3523102684178,2023-05-11,2023-05-12,354880,,0,1,15566768000,3.3333333333333335,1.0,0.0
5,3548807,São Caetano do Sul,3523102684189,2023-05-11,2023-05-13,354880,,0,2,15566768000,3.3333333333333335,1.0,0.0
5,3548807,São Caetano do Sul,3523102684190,2023-05-11,2023-05-12,354880,,1,1,15566768000,3.3333333333333335,1.0,0.3
5,3548807,São Caetano do Sul,3523102684497,2023-05-08,2023-05-22,354880,,7,14,15566768000,3.3333333333333335,1.0,2.1
5,3548807,São Caetano do Sul,3523102684530,2023-05-08,2023-05-10,354880,,0,2,15566768000,3.3333333333333335,1.0,0.0
5,3548807,São Caetano do Sul,3523102684673,2023-04-30,2023-05-04,354880,,2,4,15566768000,3.3333333333333335,1.0,0.6
5,3548807,São Caetano do Sul,3523102684750,2023-05-12,2023-05-13,354880,,0,1,15566768000,3.3333333333333335,1.0,0.0
5,3548807,São Caetano do Sul,3523102684783,2023-05-12,2023-05-13,354880,142 SERVICO DE ENDOSCOPIA / 001 DO APARELHO DIGESTIVO,0,1,15566768000,3.3333333333333335,1.0,0.0
5,3548807,São Caetano do Sul,3523102684849,2023-05-08,2023-05-09,354880,,0,1,15566768000,3.3333333333333335,1.0,0.0
5,3548807,São Caetano do Sul,3523102684860,2023-04-18,2023-05-17,354880,,0,29,15566768000,3.3333333333333335,1.0,0.0
5,3548807,São Caetano do Sul,3523102684915,2023-05-07,2023-05-09,354880,,0,2,15566768000,3.3333333333333335,1.0,0.0
5,3548807,São Caetano do Sul,3523102684926,2023-04-25,2023-05-01,354880,,0,6,15566768000,3.3333333333333335,1.0,0.0
5,3548807,São Caetano do Sul,3523102684960,2023-05-09,2023-05-12,354880,,0,3,15566768000,3.3333333333333335,1.0,0.0
5,3548807,São Caetano do Sul,3523102684970,2023-05-02,2023-05-12,354880,,0,10,15566768000,3.3333333333333335,1.0,0.0
5,3548807,São Caetano do Sul,3523102685014,2023-05-11,2023-05-12,354880,,0,1,15566768000,3.3333333333333335,1.0,0.0
5,3548807,São Caetano do Sul,3523102685069,2023-05-15,2023-05-15,354880,,0,0,15566768000,3.3333333333333335,1.0,0.0
5,3548807,São Caetano do Sul,3523102685070,2023-05-15,2023-05-15,354880,,0,0,15566768000,3.3333333333333335,1.0,0.0
5,3548807,São Caetano do Sul,3523102685091,2023-05-10,2023-05-12,354880,,0,2,15566768000,3.3333333333333335,1.0,0.0
5,3548807,São Caetano do Sul,3523102685168,2023-05-10,2023-05-12,354880,,0,2,15566768000,3.3333333333333335,1.0,0.0
5,3548807,São Caetano do Sul,3523102685421,2023-05-10,2023-05-11,354880,,0,1,15566768000,3.3333333333333335,1.0,0.0
5,3548807,São Caetano do Sul,3523102685432,2023-05-10,2023-05-11,354880,,0,1,15566768000,3.3333333333333335,1.0,0.0
5,3548807,São Caetano do Sul,3523102685465,2023-04-01,2023-05-08,354880,,2,37,15566768000,3.3333333333333335,1.0,0.6
5,3548807,São Caetano do Sul,3523102685542,2023-05-12,2023-05-13,354880,,0,1,15566768000,3.3333333333333335,1.0,0.0
5,3548807,São Caetano do Sul,3523102685553,2023-05-12,2023-05-12,354880,,0,0,15566768000,3.3333333333333335,1.0,0.0
5,3548807,São Caetano do Sul,3523102685575,2023-05-15,2023-05-16,354880,,1,1,15566768000,3.3333333333333335,1.0,0.3
5,3548807,São Caetano do Sul,3523102685608,2023-05-03,2023-05-06,354880,,1,3,15566768000,3.3333333333333335,1.0,0.3
5,3548807,São Caetano do Sul,3523102685663,2023-05-16,2023-05-17,354880,,0,1,15566768000,3.3333333333333335,1.0,0.0
5,3548807,São Caetano do Sul,3523102685685,2023-05-16,2023-05-18,354880,,0,2,15566768000,3.3333333333333335,1.0,0.0
5,3548807,São Caetano do Sul,3523102685685,2023-05-16,2023-05-18,354880,,1,2,15566768000,3.3333333333333335,1.0,0.3
5,3548807,São Caetano do Sul,3523102685707,2023-05-16,2023-05-17,354880,,0,1,15566768000,3.3333333333333335,1.0,0.0
5,3548807,São Caetano do Sul,3523102685730,2023-05-16,2023-05-20,354880,,0,4,15566768000,3.3333333333333335,1.0,0.0
5,3548807,São Caetano do Sul,3523102685773,2023-05-11,2023-05-11,354880,131 SERVICO DE OFTALMOLOGIA / 003 TRATAMENTO CIRURGICO DO APARELHO DA VISAO,0,0,15566768000,3.3333333333333335,1.0,0.0
5,3548807,São Caetano do Sul,3523102685828,2023-05-10,2023-05-19,354880,,0,9,15566768000,3.3333333333333335,1.0,0.0
5,3548807,São Caetano do Sul,3523102685828,2023-05-10,2023-05-19,354880,,1,9,15566768000,3.3333333333333335,1.0,0.3
5,3548807,São Caetano do Sul,3523102685839,2023-05-11,2023-05-25,354880,,1,14,15566768000,3.3333333333333335,1.0,0.3
5,3548807,São Caetano do Sul,3523102685839,2023-05-11,2023-05-25,354880,,0,14,15566768000,3.3333333333333335,1.0,0.0
5,3548807,São Caetano do Sul,3523102685850,2023-05-11,2023-05-12,354880,,0,1,15566768000,3.3333333333333335,1.0,0.0
5,3548807,São Caetano do Sul,3523102686114,2023-05-04,2023-05-05,354880,,0,1,15566768000,3.3333333333333335,1.0,0.0
5,3548807,São Caetano do Sul,3523102686147,2023-05-16,2023-05-19,354880,,0,3,15566768000,3.3333333333333335,1.0,0.0
5,3548807,São Caetano do Sul,3523102686170,2023-05-17,2023-05-17,354880,,0,0,15566768000,3.3333333333333335,1.0,0.0
5,3548807,São Caetano do Sul,3523102686213,2023-05-17,2023-05-17,354880,,0,0,15566768000,3.3333333333333335,1.0,0.0
5,3548807,São Caetano do Sul,3523102686224,2023-05-17,2023-05-17,354880,,0,0,15566768000,3.3333333333333335,1.0,0.0
5,3548807,São Caetano do Sul,3523102686334,2023-05-11,2023-05-12,354880,,0,1,15566768000,3.3333333333333335,1.0,0.0
5,3548807,São Caetano do Sul,3523102686367,2023-05-12,2023-05-15,354880,,0,3,15566768000,3.3333333333333335,1.0,0.0
5,3548807,São Caetano do Sul,3523102686378,2023-05-14,2023-05-16,354880,,0,2,15566768000,3.3333333333333335,1.0,0.0
5,3548807,São Caetano do Sul,3523102686389,2023-05-14,2023-05-18,354880,,0,4,15566768000,3.3333333333333335,1.0,0.0
5,3548807,São Caetano do Sul,3523102686390,2023-05-12,2023-05-15,354880,,0,3,15566768000,3.3333333333333335,1.0,0.0
5,3548807,São Caetano do Sul,3523102686411,2023-05-13,2023-05-16,354880,,0,3,15566768000,3.3333333333333335,1.0,0.0
5,3548807,São Caetano do Sul,3523102686488,2023-05-12,2023-05-19,354880,,0,7,15566768000,3.3333333333333335,1.0,0.0
5,3548807,São Caetano do Sul,3523102686499,2023-05-13,2023-05-14,354880,,0,1,15566768000,3.3333333333333335,1.0,0.0
5,3548807,São Caetano do Sul,3523102686500,2023-05-04,2023-05-05,354880,,1,1,15566768000,3.3333333333333335,1.0,0.3
5,3548807,São Caetano do Sul,3523102686500,2023-05-04,2023-05-05,354880,,0,1,15566768000,3.3333333333333335,1.0,0.0
5,3548807,São Caetano do Sul,3523102686620,2023-05-14,2023-05-15,354880,,0,1,15566768000,3.3333333333333335,1.0,0.0
5,3548807,São Caetano do Sul,3523102686642,2023-05-07,2023-05-11,354880,,1,4,15566768000,3.3333333333333335,1.0,0.3
5,3548807,São Caetano do Sul,3523102686730,2023-05-18,2023-05-18,354880,,0,0,15566768000,3.3333333333333335,1.0,0.0
5,3548807,São Caetano do Sul,3523102686741,2023-05-18,2023-05-22,354880,,4,4,15566768000,3.3333333333333335,1.0,1.2
5,3548807,São Caetano do Sul,3523102686774,2023-05-18,2023-05-18,354880,,0,0,15566768000,3.3333333333333335,1.0,0.0
5,3548807,São Caetano do Sul,3523102686785,2023-05-18,2023-05-20,354880,,0,2,15566768000,3.3333333333333335,1.0,0.0
5,3548807,São Caetano do Sul,3523102686796,2023-05-18,2023-05-19,354880,,0,1,15566768000,3.3333333333333335,1.0,0.0
5,3548807,São Caetano do Sul,3523102686807,2023-05-18,2023-05-19,354880,,1,1,15566768000,3.3333333333333335,1.0,0.3
5,3548807,São Caetano do Sul,3523102686818,2023-05-18,2023-05-23,354880,,0,5,15566768000,3.3333333333333335,1.0,0.0
5,3548807,São Caetano do Sul,3523102686830,2023-05-18,2023-05-21,354880,121 SERVICO DE DIAGNOSTICO POR IMAGEM / 001 RADIOLOGIA,1,3,15566768000,3.3333333333333335,1.0,0.3
5,3548807,São Caetano do Sul,3523102686862,2023-05-15,2023-05-15,354880,,0,0,15566768000,3.3333333333333335,1.0,0.0
5,3548807,São Caetano do Sul,3523102686873,2023-05-15,2023-05-17,354880,,0,2,15566768000,3.3333333333333335,1.0,0.0
5,3548807,São Caetano do Sul,3523102686906,2023-05-15,2023-05-23,354880,,5,8,15566768000,3.3333333333333335,1.0,1.5
5,3548807,São Caetano do Sul,3523102686939,2023-05-14,2023-05-30,354880,,0,16,15566768000,3.3333333333333335,1.0,0.0
5,3548807,São Caetano do Sul,3523102686972,2023-05-15,2023-05-16,354880,,0,1,15566768000,3.3333333333333335,1.0,0.0
5,3548807,São Caetano do Sul,3523102686983,2023-05-15,2023-05-17,354880,,2,2,15566768000,3.3333333333333335,1.0,0.6
5,3548807,São Caetano do Sul,3523102687005,2023-05-15,2023-05-18,354880,,0,3,15566768000,3.3333333333333335,1.0,0.0
5,3548807,São Caetano do Sul,3523102687016,2023-05-16,2023-05-20,354880,,0,4,15566768000,3.3333333333333335,1.0,0.0
5,3548807,São Caetano do Sul,3523102687159,2023-05-12,2023-05-18,354880,,0,6,15566768000,3.3333333333333335,1.0,0.0
5,3548807,São Caetano do Sul,3523102687192,2023-05-19,2023-05-20,354880,,0,1,15566768000,3.3333333333333335,1.0,0.0
5,3548807,São Caetano do Sul,3523102687236,2023-05-19,2023-05-20,354880,,0,1,15566768000,3.3333333333333335,1.0,0.0
5,3548807,São Caetano do Sul,3523102687247,2023-05-19,2023-05-20,354880,,0,1,15566768000,3.3333333333333335,1.0,0.0
5,3548807,São Caetano do Sul,3523102687269,2023-05-19,2023-05-19,354880,121 SERVICO DE DIAGNOSTICO POR IMAGEM / 001 RADIOLOGIA,1,0,15566768000,3.3333333333333335,1.0,0.3
5,3548807,São Caetano do Sul,3523102687270,2023-05-19,2023-05-20,352220,,0,1,15566768000,3.3333333333333335,1.0,0.0
5,3548807,São Caetano do Sul,3523102687280,2023-05-19,2023-05-20,354880,,0,1,15566768000,3.3333333333333335,1.0,0.0
5,3548807,São Caetano do Sul,3523102687324,2023-05-16,2023-05-19,354880,,0,3,15566768000,3.3333333333333335,1.0,0.0
5,3548807,São Caetano do Sul,3523102687346,2023-05-16,2023-05-19,354880,,0,3,15566768000,3.3333333333333335,1.0,0.0
5,3548807,São Caetano do Sul,3523102687511,2023-05-15,2023-05-16,354880,,0,1,15566768000,3.3333333333333335,1.0,0.0
5,3548807,São Caetano do Sul,3523102687588,2023-05-08,2023-05-12,354880,,2,4,15566768000,3.3333333333333335,1.0,0.6
5,3548807,São Caetano do Sul,3523102687665,2023-05-22,2023-05-23,354880,,0,1,15566768000,3.3333333333333335,1.0,0.0
5,3548807,São Caetano do Sul,3523102687687,2023-05-22,2023-05-23,354880,,0,1,15566768000,3.3333333333333335,1.0,0.0
5,3548807,São Caetano do Sul,3523102687709,2023-05-22,2023-05-23,354880,,0,1,15566768000,3.3333333333333335,1.0,0.0
5,3548807,São Caetano do Sul,3523102687710,2023-05-22,2023-05-23,354880,,0,1,15566768000,3.3333333333333335,1.0,0.0
5,3548807,São Caetano do Sul,3523102687742,2023-05-22,2023-05-22,354880,,0,0,15566768000,3.3333333333333335,1.0,0.0
5,3548807,São Caetano do Sul,3523102687753,2023-05-22,2023-05-24,354880,,0,2,15566768000,3.3333333333333335,1.0,0.0
5,3548807,São Caetano do Sul,3523102687764,2023-05-22,2023-05-23,354880,,0,1,15566768000,3.3333333333333335,1.0,0.0
5,3548807,São Caetano do Sul,3523102687852,2023-05-16,2023-05-17,354880,,0,1,15566768000,3.3333333333333335,1.0,0.0
5,3548807,São Caetano do Sul,3523102687863,2023-05-16,2023-05-19,354880,,0,3,15566768000,3.3333333333333335,1.0,0.0
5,3548807,São Caetano do Sul,3523102688050,2023-05-17,2023-05-23,354880,,0,6,15566768000,3.3333333333333335,1.0,0.0
5,3548807,São Caetano do Sul,3523102688160,2023-05-18,2023-05-18,354880,131 SERVICO DE OFTALMOLOGIA / 003 TRATAMENTO CIRURGICO DO APARELHO DA VISAO,0,0,15566768000,3.3333333333333335,1.0,0.0
5,3548807,São Caetano do Sul,3523102688160,2023-05-18,2023-05-18,354880,,0,0,15566768000,3.3333333333333335,1.0,0.0
5,3548807,São Caetano do Sul,3523102688204,2023-05-23,2023-05-25,354880,,0,2,15566768000,3.3333333333333335,1.0,0.0
5,3548807,São Caetano do Sul,3523102688215,2023-05-23,2023-05-24,354880,,0,1,15566768000,3.3333333333333335,1.0,0.0
5,3548807,São Caetano do Sul,3523102688226,2023-05-23,2023-05-25,354880,,0,2,15566768000,3.3333333333333335,1.0,0.0
5,3548807,São Caetano do Sul,3523102688260,2023-05-23,2023-05-24,354880,,1,1,15566768000,3.3333333333333335,1.0,0.3
5,3548807,São Caetano do Sul,3523102688270,2023-05-23,2023-05-24,354880,,0,1,15566768000,3.3333333333333335,1.0,0.0
5,3548807,São Caetano do Sul,3523102688358,2023-05-18,2023-05-22,354880,,1,4,15566768000,3.3333333333333335,1.0,0.3
5,3548807,São Caetano do Sul,3523102688480,2023-05-18,2023-05-19,354100,,0,1,15566768000,3.3333333333333335,1.0,0.0
5,3548807,São Caetano do Sul,3523102688590,2023-05-24,2023-05-25,354880,,1,1,15566768000,3.3333333333333335,1.0,0.3
5,3548807,São Caetano do Sul,3523102688600,2023-05-24,2023-05-25,354880,,0,1,15566768000,3.3333333333333335,1.0,0.0
5,3548807,São Caetano do Sul,3523102688622,2023-05-24,2023-05-24,354880,,1,0,15566768000,3.3333333333333335,1.0,0.3
5,3548807,São Caetano do Sul,3523102688952,2023-05-17,2023-05-23,354880,,0,6,15566768000,3.3333333333333335,1.0,0.0
5,3548807,São Caetano do Sul,3523102689029,2023-05-21,2023-05-22,354880,,0,1,15566768000,3.3333333333333335,1.0,0.0
5,3548807,São Caetano do Sul,3523102689051,2023-05-20,2023-05-22,354880,,0,2,15566768000,3.3333333333333335,1.0,0.0
5,3548807,São Caetano do Sul,3523102689183,2023-05-13,2023-05-15,355030,,0,2,15566768000,3.3333333333333335,1.0,0.0
5,3548807,São Caetano do Sul,3523102689238,2023-05-25,2023-05-26,354880,,1,1,15566768000,3.3333333333333335,1.0,0.3
5,3548807,São Caetano do Sul,3523102689238,2023-05-25,2023-05-26,354880,,0,1,15566768000,3.3333333333333335,1.0,0.0
5,3548807,São Caetano do Sul,3523102689249,2023-05-25,2023-05-26,354880,,0,1,15566768000,3.3333333333333335,1.0,0.0
5,3548807,São Caetano do Sul,3523102689315,2023-05-25,2023-05-26,354880,,1,1,15566768000,3.3333333333333335,1.0,0.3
5,3548807,São Caetano do Sul,3523102689469,2023-05-25,2023-05-25,354880,,0,0,15566768000,3.3333333333333335,1.0,0.0
5,3548807,São Caetano do Sul,3523102689524,2023-05-09,2023-05-09,354880,,0,0,15566768000,3.3333333333333335,1.0,0.0
5,3548807,São Caetano do Sul,3523102689535,2023-05-16,2023-05-19,354880,,1,3,15566768000,3.3333333333333335,1.0,0.3
5,3548807,São Caetano do Sul,3523102689645,2023-05-26,2023-05-26,354880,,1,0,15566768000,3.3333333333333335,1.0,0.3
5,3548807,São Caetano do Sul,3523102689678,2023-05-26,2023-05-27,354880,,0,1,15566768000,3.3333333333333335,1.0,0.0
5,3548807,São Caetano do Sul,3523102689690,2023-05-26,2023-05-27,354880,,0,1,15566768000,3.3333333333333335,1.0,0.0
5,3548807,São Caetano do Sul,3523102689722,2023-05-26,2023-05-27,354880,,2,1,15566768000,3.3333333333333335,1.0,0.6
5,3548807,São Caetano do Sul,3523102689800,2023-05-08,2023-05-15,355030,,0,7,15566768000,3.3333333333333335,1.0,0.0
5,3548807,São Caetano do Sul,3523102689876,2023-05-23,2023-05-25,354880,,0,2,15566768000,3.3333333333333335,1.0,0.0
5,3548807,São Caetano do Sul,3523102689910,2023-05-23,2023-05-25,354880,,0,2,15566768000,3.3333333333333335,1.0,0.0
5,3548807,São Caetano do Sul,3523102689920,2023-05-22,2023-05-25,354880,,0,3,15566768000,3.3333333333333335,1.0,0.0
5,3548807,São Caetano do Sul,3523102689931,2023-05-22,2023-05-29,354880,,1,7,15566768000,3.3333333333333335,1.0,0.3
5,3548807,São Caetano do Sul,3523102690019,2023-05-22,2023-05-22,354880,,0,0,15566768000,3.3333333333333335,1.0,0.0
5,3548807,São Caetano do Sul,3523102690020,2023-05-10,2023-05-18,355030,,1,8,15566768000,3.3333333333333335,1.0,0.3
5,3548807,São Caetano do Sul,3523102690195,2023-05-22,2023-05-26,354880,,0,4,15566768000,3.3333333333333335,1.0,0.0
5,3548807,São Caetano do Sul,3523102690294,2023-05-29,2023-05-30,354880,121 SERVICO DE DIAGNOSTICO POR IMAGEM / 001 RADIOLOGIA,1,1,15566768000,3.3333333333333335,1.0,0.3
5,3548807,São Caetano do Sul,3523102690305,2023-05-29,2023-05-30,354880,,0,1,15566768000,3.3333333333333335,1.0,0.0
5,3548807,São Caetano do Sul,3523102690316,2023-05-29,2023-05-30,354880,,0,1,15566768000,3.3333333333333335,1.0,0.0
5,3548807,São Caetano do Sul,3523102690316,2023-05-29,2023-05-30,354880,,1,1,15566768000,3.3333333333333335,1.0,0.3
5,3548807,São Caetano do Sul,3523102690327,2023-05-31,2023-05-31,354880,,1,0,15566768000,3.3333333333333335,1.0,0.3
5,3548807,São Caetano do Sul,3523102690327,2023-05-31,2023-05-31,354880,,0,0,15566768000,3.3333333333333335,1.0,0.0
5,3548807,São Caetano do Sul,3523102690360,2023-05-29,2023-05-30,354880,,0,1,15566768000,3.3333333333333335,1.0,0.0
5,3548807,São Caetano do Sul,3523102690525,2023-05-24,2023-05-29,354880,,4,5,15566768000,3.3333333333333335,1.0,1.2
5,3548807,São Caetano do Sul,3523102690569,2023-05-30,2023-05-30,354880,,0,0,15566768000,3.3333333333333335,1.0,0.0
5,3548807,São Caetano do Sul,3523102690580,2023-05-30,2023-05-31,354880,,0,1,15566768000,3.3333333333333335,1.0,0.0
5,3548807,São Caetano do Sul,3523102690580,2023-05-30,2023-05-31,354880,,2,1,15566768000,3.3333333333333335,1.0,0.6
5,3548807,São Caetano do Sul,3523102690646,2023-05-30,2023-05-30,354880,,0,0,15566768000,3.3333333333333335,1.0,0.0
5,3548807,São Caetano do Sul,3523102690778,2023-05-25,2023-05-31,354880,,0,6,15566768000,3.3333333333333335,1.0,0.0
5,3548807,São Caetano do Sul,3523102690790,2023-05-18,2023-05-20,354880,,0,2,15566768000,3.3333333333333335,1.0,0.0
5,3548807,São Caetano do Sul,3523102690800,2023-05-16,2023-05-21,354880,,1,5,15566768000,3.3333333333333335,1.0,0.3
5,3548807,São Caetano do Sul,3523102691042,2023-05-21,2023-05-23,355030,,0,2,15566768000,3.3333333333333335,1.0,0.0
5,3548807,São Caetano do Sul,3523102691141,2023-05-31,2023-05-31,354880,,0,0,15566768000,3.3333333333333335,1.0,0.0
5,3548807,São Caetano do Sul,3523102691207,2023-05-27,2023-05-28,354880,,0,1,15566768000,3.3333333333333335,1.0,0.0
5,3548807,São Caetano do Sul,3523102691229,2023-05-28,2023-05-30,354880,,0,2,15566768000,3.3333333333333335,1.0,0.0
5,3548807,São Caetano do Sul,3523102691284,2023-05-28,2023-05-28,354880,,0,0,15566768000,3.3333333333333335,1.0,0.0
5,3548807,São Caetano do Sul,3523102691340,2023-05-28,2023-05-29,354880,,3,1,15566768000,3.3333333333333335,1.0,0.8999999999999999
5,3548807,São Caetano do Sul,3523102691361,2023-05-27,2023-05-29,354880,,0,2,15566768000,3.3333333333333335,1.0,0.0
5,3548807,São Caetano do Sul,3523102691482,2023-05-31,2023-05-31,354880,,0,0,15566768000,3.3333333333333335,1.0,0.0
5,3548807,São Caetano do Sul,3523102691680,2023-05-11,2023-05-25,354880,,1,14,15566768000,3.3333333333333335,1.0,0.3
5,3548807,São Caetano do Sul,3523102691779,2023-05-29,2023-05-31,354880,,0,2,15566768000,3.3333333333333335,1.0,0.0
5,3548807,São Caetano do Sul,3523102692000,2023-05-29,2023-05-30,354880,,0,1,15566768000,3.3333333333333335,1.0,0.0
5,3548807,São Caetano do Sul,3523102692065,2023-05-29,2023-05-30,354880,121 SERVICO DE DIAGNOSTICO POR IMAGEM / 001 RADIOLOGIA,1,1,15566768000,3.3333333333333335,1.0,0.3
5,3548807,São Caetano do Sul,3523102692065,2023-05-29,2023-05-30,354880,,0,1,15566768000,3.3333333333333335,1.0,0.0
5,3548807,São Caetano do Sul,3523102692110,2023-05-15,2023-05-16,354880,,0,1,15566768000,3.3333333333333335,1.0,0.0
5,3548807,São Caetano do Sul,3523102692230,2023-05-18,2023-05-19,354880,,0,1,15566768000,3.3333333333333335,1.0,0.0
5,3548807,São Caetano do Sul,3523102692252,2023-05-15,2023-05-15,354880,,0,0,15566768000,3.3333333333333335,1.0,0.0
5,3548807,São Caetano do Sul,3523102692274,2023-04-19,2023-04-21,354880,,0,2,15566768000,3.3333333333333335,1.0,0.0
5,3548807,São Caetano do Sul,3523102692296,2023-04-21,2023-04-23,354880,,0,2,15566768000,3.3333333333333335,1.0,0.0
5,3548807,São Caetano do Sul,3523102692307,2023-04-25,2023-05-02,354880,,0,7,15566768000,3.3333333333333335,1.0,0.0
5,3548807,São Caetano do Sul,3523102692318,2023-05-22,2023-05-25,354880,,1,3,15566768000,3.3333333333333335,1.0,0.3
5,3548807,São Caetano do Sul,3523102692329,2023-05-30,2023-05-31,354880,,0,1,15566768000,3.3333333333333335,1.0,0.0
5,3548807,São Caetano do Sul,3523102692604,2023-05-25,2023-05-26,355030,,0,1,15566768000,3.3333333333333335,1.0,0.0
5,3548807,São Caetano do Sul,3523102692659,2023-05-27,2023-05-30,354880,,1,3,15566768000,3.3333333333333335,1.0,0.3
5,3548807,São Caetano do Sul,3523102692967,2023-05-08,2023-05-16,355030,,3,8,15566768000,3.3333333333333335,1.0,0.8999999999999999
5,3548807,São Caetano do Sul,3523102692967,2023-05-08,2023-05-16,355030,,2,8,15566768000,3.3333333333333335,1.0,0.6
5,3548807,São Caetano do Sul,3523102693407,2023-05-20,2023-05-29,355030,,1,9,15566768000,3.3333333333333335,1.0,0.3
5,3548807,São Caetano do Sul,3523102693671,2023-05-22,2023-05-23,354880,,0,1,15566768000,3.3333333333333335,1.0,0.0
5,3548807,São Caetano do Sul,3523102693870,2023-05-27,2023-05-29,354880,,0,2,15566768000,3.3333333333333335,1.0,0.0
5,3548807,São Caetano do Sul,3523102694045,2023-05-25,2023-05-27,355030,,1,2,15566768000,3.3333333333333335,1.0,0.3
5,3548807,São Caetano do Sul,3523102694100,2023-05-21,2023-05-22,354880,,0,1,15566768000,3.3333333333333335,1.0,0.0
5,3548807,São Caetano do Sul,3523102694155,2023-05-18,2023-05-22,354880,,2,4,15566768000,3.3333333333333335,1.0,0.6
5,3548807,São Caetano do Sul,3523102694166,2023-05-16,2023-05-23,354880,,1,7,15566768000,3.3333333333333335,1.0,0.3
5,3543402,Ribeirão Preto,3523102792430,2023-03-04,2023-04-12,354340,,19,39,39955306000,10.6,7.5,1.7924528301886793
5,3543402,Ribeirão Preto,3523102794717,2023-03-07,2023-04-08,354340,126 SERVICO DE FISIOTERAPIA / 007 ASSISTENCIA FISIOTERAPEUTICA NAS ALTERACOES EM NEUROLOGIA,40,32,39955306000,10.6,7.5,3.7735849056603774
5,3509502,Campinas,3523103255254,2023-03-13,2023-03-13,351905,,0,0,72946910000,24.285714285714285,11.142857142857142,0.0
5,3509502,Campinas,3523103283161,2023-04-19,2023-04-19,351907,,0,0,72946910000,24.285714285714285,11.142857142857142,0.0
5,3509502,Campinas,3523103283250,2023-04-20,2023-04-20,352340,,0,0,72946910000,24.285714285714285,11.142857142857142,0.0
5,3509502,Campinas,3523103283260,2023-04-18,2023-04-19,350950,,0,1,72946910000,24.285714285714285,11.142857142857142,0.0
5,3509502,Campinas,3523103283315,2023-04-19,2023-04-19,351280,,0,0,72946910000,24.285714285714285,11.142857142857142,0.0
5,3509502,Campinas,3523103283337,2023-04-17,2023-04-17,355210,,0,0,72946910000,24.285714285714285,11.142857142857142,0.0
5,3509502,Campinas,3523103283414,2023-04-18,2023-04-18,351907,,0,0,72946910000,24.285714285714285,11.142857142857142,0.0
5,3509502,Campinas,3523103283447,2023-04-19,2023-04-19,351907,,0,0,72946910000,24.285714285714285,11.142857142857142,0.0
5,3509502,Campinas,3523103283469,2023-04-18,2023-04-18,350950,,0,0,72946910000,24.285714285714285,11.142857142857142,0.0
5,3509502,Campinas,3523103283513,2023-04-17,2023-04-17,355210,,0,0,72946910000,24.285714285714285,11.142857142857142,0.0
5,3525904,Jundiaí,3523103284701,2023-04-18,2023-05-04,352590,126 SERVICO DE FISIOTERAPIA / 005 ASSISTENCIA FISIOTERAPEUTICA NAS DISFUNCOES MUSCULO ESQUELET,2,16,57670893000,12.333333333333334,0.0,0.16216216216216214
5,3525904,Jundiaí,3523103284701,2023-04-18,2023-05-04,352590,126 SERVICO DE FISIOTERAPIA / 004 ASSISTENCIA FISIOTERAPEUTICA CARDIOVASCULARES E PNEUMOFUNCI,1,16,57670893000,12.333333333333334,0.0,0.08108108108108107
5,3525904,Jundiaí,3523103284712,2023-04-17,2023-05-05,352340,,1,18,57670893000,12.333333333333334,0.0,0.08108108108108107
5,3525904,Jundiaí,3523103284712,2023-04-17,2023-05-05,352340,126 SERVICO DE FISIOTERAPIA / 005 ASSISTENCIA FISIOTERAPEUTICA NAS DISFUNCOES MUSCULO ESQUELET,2,18,57670893000,12.333333333333334,0.0,0.16216216216216214
5,3525904,Jundiaí,3523103284712,2023-04-17,2023-05-05,352340,126 SERVICO DE FISIOTERAPIA / 004 ASSISTENCIA FISIOTERAPEUTICA CARDIOVASCULARES E PNEUMOFUNCI,2,18,57670893000,12.333333333333334,0.0,0.16216216216216214
5,3525904,Jundiaí,3523103284712,2023-04-17,2023-05-05,352340,126 SERVICO DE FISIOTERAPIA / 004 ASSISTENCIA FISIOTERAPEUTICA CARDIOVASCULARES E PNEUMOFUNCI,1,18,57670893000,12.333333333333334,0.0,0.08108108108108107
5,3525904,Jundiaí,3523103284712,2023-04-17,2023-05-05,352340,126 SERVICO DE FISIOTERAPIA / 005 ASSISTENCIA FISIOTERAPEUTICA NAS DISFUNCOES MUSCULO ESQUELET,3,18,57670893000,12.333333333333334,0.0,0.24324324324324323
5,3525904,Jundiaí,3523103284778,2023-04-24,2023-05-03,355650,126 SERVICO DE FISIOTERAPIA / 005 ASSISTENCIA FISIOTERAPEUTICA NAS DISFUNCOES MUSCULO ESQUELET,1,9,57670893000,12.333333333333334,0.0,0.08108108108108107
5,3525904,Jundiaí,3523103284778,2023-04-24,2023-05-03,355650,126 SERVICO DE FISIOTERAPIA / 005 ASSISTENCIA FISIOTERAPEUTICA NAS DISFUNCOES MUSCULO ESQUELET,2,9,57670893000,12.333333333333334,0.0,0.16216216216216214
5,3525904,Jundiaí,3523103284778,2023-04-24,2023-05-03,355650,,0,9,57670893000,12.333333333333334,0.0,0.0
5,3509502,Campinas,3523103298088,2023-04-25,2023-04-25,350190,,0,0,72946910000,24.285714285714285,11.142857142857142,0.0
5,3509502,Campinas,3523103298099,2023-04-25,2023-04-26,350950,,0,1,72946910000,24.285714285714285,11.142857142857142,0.0
5,3509502,Campinas,3523103298165,2023-04-26,2023-04-26,351280,,0,0,72946910000,24.285714285714285,11.142857142857142,0.0
5,3509502,Campinas,3523103298176,2023-04-28,2023-04-29,350050,,0,1,72946910000,24.285714285714285,11.142857142857142,0.0
5,3509502,Campinas,3523103298187,2023-04-27,2023-04-28,350950,,0,1,72946910000,24.285714285714285,11.142857142857142,0.0
5,3509502,Campinas,3523103298264,2023-04-26,2023-04-26,350410,,0,0,72946910000,24.285714285714285,11.142857142857142,0.0
5,3509502,Campinas,3523103298374,2023-04-27,2023-04-28,355620,,0,1,72946910000,24.285714285714285,11.142857142857142,0.0
5,3525904,Jundiaí,3523103298594,2023-05-08,2023-05-08,350840,131 SERVICO DE OFTALMOLOGIA / 003 TRATAMENTO CIRURGICO DO APARELHO DA VISAO,0,0,57670893000,12.333333333333334,0.0,0.0
5,3525904,Jundiaí,3523103298616,2023-05-08,2023-05-08,355210,131 SERVICO DE OFTALMOLOGIA / 003 TRATAMENTO CIRURGICO DO APARELHO DA VISAO,0,0,57670893000,12.333333333333334,0.0,0.0
5,3525904,Jundiaí,3523103298671,2023-05-08,2023-05-08,352520,,0,0,57670893000,12.333333333333334,0.0,0.0
5,3525904,Jundiaí,3523103298759,2023-05-08,2023-05-08,352590,,0,0,57670893000,12.333333333333334,0.0,0.0
5,3525904,Jundiaí,3523103298825,2023-05-08,2023-05-08,352590,131 SERVICO DE OFTALMOLOGIA / 003 TRATAMENTO CIRURGICO DO APARELHO DA VISAO,0,0,57670893000,12.333333333333334,0.0,0.0
5,3525904,Jundiaí,3523103298836,2023-05-08,2023-05-08,352520,131 SERVICO DE OFTALMOLOGIA / 003 TRATAMENTO CIRURGICO DO APARELHO DA VISAO,0,0,57670893000,12.333333333333334,0.0,0.0
5,3525904,Jundiaí,3523103298858,2023-05-08,2023-05-08,350840,131 SERVICO DE OFTALMOLOGIA / 003 TRATAMENTO CIRURGICO DO APARELHO DA VISAO,0,0,57670893000,12.333333333333334,0.0,0.0
5,3525904,Jundiaí,3523103298870,2023-05-08,2023-05-08,355650,131 SERVICO DE OFTALMOLOGIA / 003 TRATAMENTO CIRURGICO DO APARELHO DA VISAO,0,0,57670893000,12.333333333333334,0.0,0.0
5,3525904,Jundiaí,3523103298902,2023-05-05,2023-05-05,352590,,0,0,57670893000,12.333333333333334,0.0,0.0
5,3525904,Jundiaí,3523103298913,2023-05-05,2023-05-05,350840,,0,0,57670893000,12.333333333333334,0.0,0.0
5,3525904,Jundiaí,3523103298946,2023-05-05,2023-05-05,352590,,0,0,57670893000,12.333333333333334,0.0,0.0
5,3525904,Jundiaí,3523103298957,2023-05-05,2023-05-05,355650,,0,0,57670893000,12.333333333333334,0.0,0.0
5,3525904,Jundiaí,3523103298980,2023-05-05,2023-05-05,352400,,0,0,57670893000,12.333333333333334,0.0,0.0
5,3525904,Jundiaí,3523103298990,2023-05-02,2023-05-04,353240,,0,2,57670893000,12.333333333333334,0.0,0.0
5,3525904,Jundiaí,3523103299034,2023-05-02,2023-05-04,352590,,0,2,57670893000,12.333333333333334,0.0,0.0
5,3525904,Jundiaí,3523103299067,2023-05-02,2023-05-04,355160,,0,2,57670893000,12.333333333333334,0.0,0.0
5,3525904,Jundiaí,3523103299111,2023-05-02,2023-05-04,350760,,0,2,57670893000,12.333333333333334,0.0,0.0
5,3525904,Jundiaí,3523103299122,2023-05-02,2023-05-04,350380,,0,2,57670893000,12.333333333333334,0.0,0.0
5,3525904,Jundiaí,3523103299155,2023-05-02,2023-05-04,352470,,0,2,57670893000,12.333333333333334,0.0,0.0
5,3525904,Jundiaí,3523103299166,2023-05-03,2023-05-04,350380,,0,1,57670893000,12.333333333333334,0.0,0.0
5,3525904,Jundiaí,3523103299177,2023-05-01,2023-05-04,352520,,0,3,57670893000,12.333333333333334,0.0,0.0
5,3525904,Jundiaí,3523103299188,2023-05-02,2023-05-04,352520,,0,2,57670893000,12.333333333333334,0.0,0.0
5,3525904,Jundiaí,3523103299254,2023-05-02,2023-05-04,350760,,0,2,57670893000,12.333333333333334,0.0,0.0
5,3525904,Jundiaí,3523103299265,2023-05-02,2023-05-04,352590,,0,2,57670893000,12.333333333333334,0.0,0.0
5,3525904,Jundiaí,3523103299309,2023-05-02,2023-05-03,355650,,0,1,57670893000,12.333333333333334,0.0,0.0
5,3525904,Jundiaí,3523103299310,2023-05-01,2023-05-03,354580,,0,2,57670893000,12.333333333333334,0.0,0.0
5,3525904,Jundiaí,3523103299320,2023-05-01,2023-05-03,350760,169 ATENCAO EM UROLOGIA / 002 LITOTRIPSIA,0,2,57670893000,12.333333333333334,0.0,0.0
5,3525904,Jundiaí,3523103299342,2023-05-02,2023-05-03,352340,,0,1,57670893000,12.333333333333334,0.0,0.0
5,3525904,Jundiaí,3523103299375,2023-04-27,2023-05-03,353820,126 SERVICO DE FISIOTERAPIA / 005 ASSISTENCIA FISIOTERAPEUTICA NAS DISFUNCOES MUSCULO ESQUELET,2,6,57670893000,12.333333333333334,0.0,0.16216216216216214
5,3525904,Jundiaí,3523103299386,2023-05-01,2023-05-02,350710,,0,1,57670893000,12.333333333333334,0.0,0.0
5,3525904,Jundiaí,3523103299397,2023-05-01,2023-05-02,355240,,0,1,57670893000,12.333333333333334,0.0,0.0
5,3525904,Jundiaí,3523103299419,2023-05-01,2023-05-02,351907,,0,1,57670893000,12.333333333333334,0.0,0.0
5,3525904,Jundiaí,3523103299430,2023-05-01,2023-05-02,350760,,0,1,57670893000,12.333333333333334,0.0,0.0
5,3525904,Jundiaí,3523103299463,2023-05-01,2023-05-02,354580,,0,1,57670893000,12.333333333333334,0.0,0.0
5,3525904,Jundiaí,3523103299485,2023-05-01,2023-05-02,352340,,0,1,57670893000,12.333333333333334,0.0,0.0
5,3525904,Jundiaí,3523103299518,2023-05-01,2023-05-02,352590,,0,1,57670893000,12.333333333333334,0.0,0.0
5,3525904,Jundiaí,3523103299529,2023-05-01,2023-05-03,355210,,0,2,57670893000,12.333333333333334,0.0,0.0
5,3525904,Jundiaí,3523103299573,2023-05-01,2023-05-03,350840,,0,2,57670893000,12.333333333333334,0.0,0.0
5,3525904,Jundiaí,3523103299595,2023-05-01,2023-05-03,350380,,0,2,57670893000,12.333333333333334,0.0,0.0
5,3525904,Jundiaí,3523103299650,2023-05-01,2023-05-03,355240,,0,2,57670893000,12.333333333333334,0.0,0.0
5,3525904,Jundiaí,3523103299672,2023-05-03,2023-05-05,350410,,0,2,57670893000,12.333333333333334,0.0,0.0
5,3525904,Jundiaí,3523103299683,2023-05-03,2023-05-05,352520,,0,2,57670893000,12.333333333333334,0.0,0.0
5,3525904,Jundiaí,3523103299837,2023-05-04,2023-05-07,350760,,0,3,57670893000,12.333333333333334,0.0,0.0
5,3525904,Jundiaí,3523103299870,2023-05-05,2023-05-07,350410,,0,2,57670893000,12.333333333333334,0.0,0.0
5,3525904,Jundiaí,3523103299925,2023-05-07,2023-05-09,352590,,0,2,57670893000,12.333333333333334,0.0,0.0
5,3525904,Jundiaí,3523103299947,2023-05-08,2023-05-09,352590,,0,1,57670893000,12.333333333333334,0.0,0.0
5,3525904,Jundiaí,3523103299980,2023-05-07,2023-05-09,352340,,0,2,57670893000,12.333333333333334,0.0,0.0
5,3525904,Jundiaí,3523103300013,2023-05-07,2023-05-09,353200,,0,2,57670893000,12.333333333333334,0.0,0.0
5,3525904,Jundiaí,3523103300057,2023-05-07,2023-05-09,352590,,0,2,57670893000,12.333333333333334,0.0,0.0
5,3525904,Jundiaí,3523103300079,2023-05-07,2023-05-09,355210,,0,2,57670893000,12.333333333333334,0.0,0.0
5,3525904,Jundiaí,3523103300080,2023-05-07,2023-05-09,350410,,0,2,57670893000,12.333333333333334,0.0,0.0
5,3525904,Jundiaí,3523103300101,2023-05-08,2023-05-09,355650,,0,1,57670893000,12.333333333333334,0.0,0.0
5,3525904,Jundiaí,3523103300211,2023-05-08,2023-05-09,352590,,0,1,57670893000,12.333333333333334,0.0,0.0
5,3525904,Jundiaí,3523103300222,2023-05-07,2023-05-09,352590,,0,2,57670893000,12.333333333333334,0.0,0.0
5,3525904,Jundiaí,3523103300343,2023-05-07,2023-05-09,352400,,0,2,57670893000,12.333333333333334,0.0,0.0
5,3509502,Campinas,3523103300398,2023-05-09,2023-05-10,500270,,0,1,72946910000,24.285714285714285,11.142857142857142,0.0
5,3525904,Jundiaí,3523103300409,2023-05-02,2023-05-03,353710,,0,1,57670893000,12.333333333333334,0.0,0.0
5,3525904,Jundiaí,3523103300453,2023-05-02,2023-05-03,354800,,0,1,57670893000,12.333333333333334,0.0,0.0
5,3509502,Campinas,3523103300464,2023-05-08,2023-05-09,350950,,0,1,72946910000,24.285714285714285,11.142857142857142,0.0
5,3525904,Jundiaí,3523103300486,2023-05-02,2023-05-03,355495,,0,1,57670893000,12.333333333333334,0.0,0.0
5,3525904,Jundiaí,3523103300520,2023-05-07,2023-05-10,350760,,0,3,57670893000,12.333333333333334,0.0,0.0
5,3525904,Jundiaí,3523103300541,2023-05-08,2023-05-10,355210,,0,2,57670893000,12.333333333333334,0.0,0.0
5,3525904,Jundiaí,3523103300563,2023-05-09,2023-05-10,351905,,0,1,57670893000,12.333333333333334,0.0,0.0
5,3525904,Jundiaí,3523103300574,2023-05-08,2023-05-10,353200,,0,2,57670893000,12.333333333333334,0.0,0.0
5,3525904,Jundiaí,3523103300596,2023-05-09,2023-05-10,352400,,0,1,57670893000,12.333333333333334,0.0,0.0
5,3509502,Campinas,3523103300640,2023-05-03,2023-05-04,350950,,0,1,72946910000,24.285714285714285,11.142857142857142,0.0
5,3509502,Campinas,3523103300673,2023-05-03,2023-05-04,350950,,0,1,72946910000,24.285714285714285,11.142857142857142,0.0
5,3525904,Jundiaí,3523103300717,2023-05-08,2023-05-10,355160,,0,2,57670893000,12.333333333333334,0.0,0.0
5,3509502,Campinas,3523103300728,2023-05-03,2023-05-04,355620,,0,1,72946910000,24.285714285714285,11.142857142857142,0.0
5,3509502,Campinas,3523103300740,2023-05-02,2023-05-05,353050,,0,3,72946910000,24.285714285714285,11.142857142857142,0.0
5,3509502,Campinas,3523103300750,2023-05-02,2023-05-03,350760,,0,1,72946910000,24.285714285714285,11.142857142857142,0.0
5,3525904,Jundiaí,3523103300761,2023-05-08,2023-05-10,350960,,0,2,57670893000,12.333333333333334,0.0,0.0
5,3525904,Jundiaí,3523103300849,2023-05-08,2023-05-10,352590,,0,2,57670893000,12.333333333333334,0.0,0.0
5,3525904,Jundiaí,3523103300893,2023-05-08,2023-05-10,355210,,0,2,57670893000,12.333333333333334,0.0,0.0
5,3525904,Jundiaí,3523103301025,2023-05-04,2023-05-06,352590,169 ATENCAO EM UROLOGIA / 002 LITOTRIPSIA,0,2,57670893000,12.333333333333334,0.0,0.0
5,3525904,Jundiaí,3523103301025,2023-05-04,2023-05-06,352590,,0,2,57670893000,12.333333333333334,0.0,0.0
5,3525904,Jundiaí,3523103301070,2023-05-04,2023-05-06,352590,,0,2,57670893000,12.333333333333334,0.0,0.0
5,3525904,Jundiaí,3523103301080,2023-05-04,2023-05-06,350190,,0,2,57670893000,12.333333333333334,0.0,0.0
5,3525904,Jundiaí,3523103301124,2023-05-04,2023-05-06,350410,,0,2,57670893000,12.333333333333334,0.0,0.0
5,3525904,Jundiaí,3523103301290,2023-05-04,2023-05-06,350050,,0,2,57670893000,12.333333333333334,0.0,0.0
5,3525904,Jundiaí,3523103301311,2023-05-04,2023-05-06,350190,,0,2,57670893000,12.333333333333334,0.0,0.0
5,3525904,Jundiaí,3523103301344,2023-05-04,2023-05-06,350410,,0,2,57670893000,12.333333333333334,0.0,0.0
5,3525904,Jundiaí,3523103301355,2023-05-03,2023-05-05,350380,,0,2,57670893000,12.333333333333334,0.0,0.0
5,3525904,Jundiaí,3523103301388,2023-05-02,2023-05-05,355160,,0,3,57670893000,12.333333333333334,0.0,0.0
5,3525904,Jundiaí,3523103301400,2023-05-04,2023-05-05,355650,,0,1,57670893000,12.333333333333334,0.0,0.0
5,3525904,Jundiaí,3523103301476,2023-05-03,2023-05-05,353240,,0,2,57670893000,12.333333333333334,0.0,0.0
5,3525904,Jundiaí,3523103301498,2023-05-03,2023-05-05,355650,,0,2,57670893000,12.333333333333334,0.0,0.0
5,3525904,Jundiaí,3523103301509,2023-05-03,2023-05-05,355240,,0,2,57670893000,12.333333333333334,0.0,0.0
5,3525904,Jundiaí,3523103301531,2023-05-03,2023-05-05,352590,,0,2,57670893000,12.333333333333334,0.0,0.0
5,3525904,Jundiaí,3523103301553,2023-05-04,2023-05-05,352340,,0,1,57670893000,12.333333333333334,0.0,0.0
5,3525904,Jundiaí,3523103301730,2023-05-04,2023-05-05,352400,,0,1,57670893000,12.333333333333334,0.0,0.0
5,3501905,Amparo,3523103301840,2023-05-11,2023-05-11,353820,131 SERVICO DE OFTALMOLOGIA / 003 TRATAMENTO CIRURGICO DO APARELHO DA VISAO,0,0,5152156000,6.0,0.0,0.0
5,3545803,Santa Bárbara d'Oeste,3523103302004,2023-05-03,2023-05-03,352260,,0,0,7825507000,13.5,10.0,0.0
5,3509502,Campinas,3523103302125,2023-05-08,2023-05-08,350950,,0,0,72946910000,24.285714285714285,11.142857142857142,0.0
5,3509502,Campinas,3523103302169,2023-05-02,2023-05-02,350950,,0,0,72946910000,24.285714285714285,11.142857142857142,0.0
5,3509502,Campinas,3523103302301,2023-05-03,2023-05-03,351280,,0,0,72946910000,24.285714285714285,11.142857142857142,0.0
5,3509502,Campinas,3523103302433,2023-05-02,2023-05-03,350950,,0,1,72946910000,24.285714285714285,11.142857142857142,0.0
5,3509502,Campinas,3523103302510,2023-05-05,2023-05-05,350950,,0,0,72946910000,24.285714285714285,11.142857142857142,0.0
5,3545803,Santa Bárbara d'Oeste,3523103302532,2023-05-08,2023-05-08,354580,,0,0,7825507000,13.5,10.0,0.0
5,3509502,Campinas,3523103302719,2023-05-08,2023-05-08,350950,,0,0,72946910000,24.285714285714285,11.142857142857142,0.0
5,3509502,Campinas,3523103302752,2023-05-02,2023-05-02,350050,,0,0,72946910000,24.285714285714285,11.142857142857142,0.0
5,3509502,Campinas,3523103302763,2023-05-05,2023-05-05,350950,,0,0,72946910000,24.285714285714285,11.142857142857142,0.0
5,3509502,Campinas,3523103302774,2023-05-05,2023-05-05,352050,,0,0,72946910000,24.285714285714285,11.142857142857142,0.0
5,3509502,Campinas,3523103302807,2023-05-02,2023-05-03,355240,,0,1,72946910000,24.285714285714285,11.142857142857142,0.0
5,3509502,Campinas,3523103302830,2023-05-04,2023-05-04,350950,,0,0,72946910000,24.285714285714285,11.142857142857142,0.0
5,3509502,Campinas,3523103302895,2023-05-03,2023-05-03,350950,,0,0,72946910000,24.285714285714285,11.142857142857142,0.0
5,3509502,Campinas,3523103302917,2023-05-02,2023-05-02,355240,,0,0,72946910000,24.285714285714285,11.142857142857142,0.0
5,3509502,Campinas,3523103302940,2023-05-04,2023-05-04,351907,,0,0,72946910000,24.285714285714285,11.142857142857142,0.0
5,3509502,Campinas,3523103303016,2023-05-08,2023-05-08,350950,,0,0,72946910000,24.285714285714285,11.142857142857142,0.0
5,3509502,Campinas,3523103303038,2023-05-02,2023-05-02,353180,,0,0,72946910000,24.285714285714285,11.142857142857142,0.0
5,3509502,Campinas,3523103303126,2023-05-02,2023-05-03,355250,,0,1,72946910000,24.285714285714285,11.142857142857142,0.0
5,3509502,Campinas,3523103303203,2023-05-11,2023-05-12,352230,,0,1,72946910000,24.285714285714285,11.142857142857142,0.0
5,3509502,Campinas,3523103303214,2023-05-11,2023-05-12,355220,,0,1,72946910000,24.285714285714285,11.142857142857142,0.0
5,3509502,Campinas,3523103303280,2023-05-12,2023-05-14,353650,,0,2,72946910000,24.285714285714285,11.142857142857142,0.0
5,3509502,Campinas,3523103303291,2023-05-12,2023-05-14,350190,,0,2,72946910000,24.285714285714285,11.142857142857142,0.0
5,3509502,Campinas,3523103303357,2023-05-04,2023-05-16,350330,132 SERVICO DE ONCOLOGIA / 005 ONCOLOGIA CIRURGICA,0,12,72946910000,24.285714285714285,11.142857142857142,0.0
5,3525904,Jundiaí,3523103303401,2023-05-11,2023-05-15,350710,,0,4,57670893000,12.333333333333334,0.0,0.0
5,3525904,Jundiaí,3523103303401,2023-05-11,2023-05-15,350710,169 ATENCAO EM UROLOGIA / 002 LITOTRIPSIA,0,4,57670893000,12.333333333333334,0.0,0.0
5,3525904,Jundiaí,3523103303456,2023-05-14,2023-05-15,355650,,0,1,57670893000,12.333333333333334,0.0,0.0
5,3525904,Jundiaí,3523103303533,2023-05-10,2023-05-12,352340,,0,2,57670893000,12.333333333333334,0.0,0.0
5,3525904,Jundiaí,3523103303544,2023-05-10,2023-05-12,351905,,0,2,57670893000,12.333333333333334,0.0,0.0
5,3525904,Jundiaí,3523103303566,2023-05-10,2023-05-12,351640,,0,2,57670893000,12.333333333333334,0.0,0.0
5,3525904,Jundiaí,3523103303588,2023-05-10,2023-05-12,354580,,0,2,57670893000,12.333333333333334,0.0,0.0
5,3525904,Jundiaí,3523103303676,2023-05-10,2023-05-12,355160,,0,2,57670893000,12.333333333333334,0.0,0.0
5,3525904,Jundiaí,3523103303709,2023-05-11,2023-05-12,350160,,0,1,57670893000,12.333333333333334,0.0,0.0
5,3525904,Jundiaí,3523103303731,2023-05-10,2023-05-12,351280,,0,2,57670893000,12.333333333333334,0.0,0.0
5,3525904,Jundiaí,3523103303742,2023-05-10,2023-05-12,352590,,0,2,57670893000,12.333333333333334,0.0,0.0
5,3525904,Jundiaí,3523103303753,2023-05-10,2023-05-12,351907,,0,2,57670893000,12.333333333333334,0.0,0.0
5,3525904,Jundiaí,3523103303775,2023-05-10,2023-05-12,353860,,0,2,57670893000,12.333333333333334,0.0,0.0
5,3525904,Jundiaí,3523103303797,2023-05-10,2023-05-12,355650,,0,2,57670893000,12.333333333333334,0.0,0.0
5,3525904,Jundiaí,3523103303820,2023-05-10,2023-05-12,350190,,0,2,57670893000,12.333333333333334,0.0,0.0
5,3525904,Jundiaí,3523103303852,2023-05-11,2023-05-12,355650,,0,1,57670893000,12.333333333333334,0.0,0.0
5,3525904,Jundiaí,3523103303896,2023-05-15,2023-05-15,352520,131 SERVICO DE OFTALMOLOGIA / 003 TRATAMENTO CIRURGICO DO APARELHO DA VISAO,0,0,57670893000,12.333333333333334,0.0,0.0
5,3525904,Jundiaí,3523103303907,2023-05-15,2023-05-15,352730,131 SERVICO DE OFTALMOLOGIA / 003 TRATAMENTO CIRURGICO DO APARELHO DA VISAO,0,0,57670893000,12.333333333333334,0.0,0.0
5,3525904,Jundiaí,3523103303940,2023-05-15,2023-05-15,350840,131 SERVICO DE OFTALMOLOGIA / 003 TRATAMENTO CIRURGICO DO APARELHO DA VISAO,0,0,57670893000,12.333333333333334,0.0,0.0
5,3525904,Jundiaí,3523103303984,2023-05-15,2023-05-15,352340,131 SERVICO DE OFTALMOLOGIA / 003 TRATAMENTO CIRURGICO DO APARELHO DA VISAO,0,0,57670893000,12.333333333333334,0.0,0.0
5,3525904,Jundiaí,3523103304017,2023-05-15,2023-05-15,355650,131 SERVICO DE OFTALMOLOGIA / 003 TRATAMENTO CIRURGICO DO APARELHO DA VISAO,0,0,57670893000,12.333333333333334,0.0,0.0
5,3525904,Jundiaí,3523103304050,2023-05-15,2023-05-15,352590,131 SERVICO DE OFTALMOLOGIA / 003 TRATAMENTO CIRURGICO DO APARELHO DA VISAO,0,0,57670893000,12.333333333333334,0.0,0.0
5,3525904,Jundiaí,3523103304061,2023-05-15,2023-05-15,355650,,0,0,57670893000,12.333333333333334,0.0,0.0
5,3525904,Jundiaí,3523103304083,2023-05-15,2023-05-15,355650,,0,0,57670893000,12.333333333333334,0.0,0.0
5,3525904,Jundiaí,3523103304094,2023-05-15,2023-05-15,352340,,0,0,57670893000,12.333333333333334,0.0,0.0
5,3525904,Jundiaí,3523103304127,2023-05-15,2023-05-15,352590,,0,0,57670893000,12.333333333333334,0.0,0.0
5,3525904,Jundiaí,3523103304138,2023-05-15,2023-05-15,352590,,0,0,57670893000,12.333333333333334,0.0,0.0
5,3525904,Jundiaí,3523103304171,2023-05-12,2023-05-12,352590,,0,0,57670893000,12.333333333333334,0.0,0.0
5,3525904,Jundiaí,3523103304193,2023-05-12,2023-05-12,352400,,0,0,57670893000,12.333333333333334,0.0,0.0
5,3525904,Jundiaí,3523103304204,2023-05-12,2023-05-12,355650,,0,0,57670893000,12.333333333333334,0.0,0.0
5,3525904,Jundiaí,3523103304336,2023-05-11,2023-05-11,352400,,0,0,57670893000,12.333333333333334,0.0,0.0
5,3525904,Jundiaí,3523103304435,2023-05-11,2023-05-11,352590,,0,0,57670893000,12.333333333333334,0.0,0.0
5,3525904,Jundiaí,3523103304468,2023-05-11,2023-05-11,352590,,0,0,57670893000,12.333333333333334,0.0,0.0
5,3525904,Jundiaí,3523103304567,2023-05-11,2023-05-13,352590,,0,2,57670893000,12.333333333333334,0.0,0.0
5,3525904,Jundiaí,3523103304589,2023-05-11,2023-05-13,355210,,0,2,57670893000,12.333333333333334,0.0,0.0
5,3525904,Jundiaí,3523103304611,2023-05-03,2023-05-05,350410,,0,2,57670893000,12.333333333333334,0.0,0.0
5,3525904,Jundiaí,3523103304622,2023-05-02,2023-05-05,350840,,0,3,57670893000,12.333333333333334,0.0,0.0
5,3525904,Jundiaí,3523103304633,2023-05-01,2023-05-05,354800,,0,4,57670893000,12.333333333333334,0.0,0.0
5,3525904,Jundiaí,3523103304644,2023-05-02,2023-05-05,350710,,0,3,57670893000,12.333333333333334,0.0,0.0
5,3525904,Jundiaí,3523103304655,2023-05-08,2023-05-10,352550,,0,2,57670893000,12.333333333333334,0.0,0.0
5,3525904,Jundiaí,3523103304677,2023-05-10,2023-05-12,352590,,0,2,57670893000,12.333333333333334,0.0,0.0
5,3525904,Jundiaí,3523103304721,2023-05-04,2023-05-07,355210,,0,3,57670893000,12.333333333333334,0.0,0.0
5,3525904,Jundiaí,3523103304754,2023-05-09,2023-05-11,352340,,1,2,57670893000,12.333333333333334,0.0,0.08108108108108107
5,3525904,Jundiaí,3523103304776,2023-05-09,2023-05-11,352400,,0,2,57670893000,12.333333333333334,0.0,0.0
5,3525904,Jundiaí,3523103304776,2023-05-09,2023-05-11,352400,,1,2,57670893000,12.333333333333334,0.0,0.08108108108108107
5,3525904,Jundiaí,3523103304820,2023-05-09,2023-05-11,353860,,0,2,57670893000,12.333333333333334,0.0,0.0
5,3525904,Jundiaí,3523103304842,2023-05-09,2023-05-11,355650,,0,2,57670893000,12.333333333333334,0.0,0.0
5,3525904,Jundiaí,3523103304908,2023-05-09,2023-05-11,352400,,0,2,57670893000,12.333333333333334,0.0,0.0
5,3525904,Jundiaí,3523103304930,2023-05-09,2023-05-11,352520,,0,2,57670893000,12.333333333333334,0.0,0.0
5,3525904,Jundiaí,3523103304985,2023-05-09,2023-05-11,350410,,0,2,57670893000,12.333333333333334,0.0,0.0
5,3525904,Jundiaí,3523103304996,2023-05-09,2023-05-11,353710,,0,2,57670893000,12.333333333333334,0.0,0.0
5,3525904,Jundiaí,3523103305029,2023-05-09,2023-05-11,352590,,0,2,57670893000,12.333333333333334,0.0,0.0
5,3525904,Jundiaí,3523103305073,2023-05-08,2023-05-09,352590,,0,1,57670893000,12.333333333333334,0.0,0.0
5,3525904,Jundiaí,3523103305095,2023-05-11,2023-05-13,352590,,0,2,57670893000,12.333333333333334,0.0,0.0
5,3525904,Jundiaí,3523103305117,2023-05-11,2023-05-13,355650,,0,2,57670893000,12.333333333333334,0.0,0.0
5,3525904,Jundiaí,3523103305139,2023-05-11,2023-05-13,351907,,0,2,57670893000,12.333333333333334,0.0,0.0
5,3525904,Jundiaí,3523103305161,2023-05-11,2023-05-13,352340,,0,2,57670893000,12.333333333333334,0.0,0.0
5,3525904,Jundiaí,3523103305216,2023-05-11,2023-05-13,350760,,0,2,57670893000,12.333333333333334,0.0,0.0
5,3525904,Jundiaí,3523103305260,2023-05-11,2023-05-13,350710,,0,2,57670893000,12.333333333333334,0.0,0.0
5,3525904,Jundiaí,3523103305304,2023-05-10,2023-05-13,350840,,0,3,57670893000,12.333333333333334,0.0,0.0
5,3525904,Jundiaí,3523103305315,2023-05-11,2023-05-13,352590,169 ATENCAO EM UROLOGIA / 002 LITOTRIPSIA,0,2,57670893000,12.333333333333334,0.0,0.0
5,3525904,Jundiaí,3523103305337,2023-05-11,2023-05-16,352590,,0,5,57670893000,12.333333333333334,0.0,0.0
5,3525904,Jundiaí,3523103305381,2023-05-07,2023-05-14,355240,126 SERVICO DE FISIOTERAPIA / 004 ASSISTENCIA FISIOTERAPEUTICA CARDIOVASCULARES E PNEUMOFUNCI,3,7,57670893000,12.333333333333334,0.0,0.24324324324324323
5,3525904,Jundiaí,3523103305381,2023-05-07,2023-05-14,355240,126 SERVICO DE FISIOTERAPIA / 004 ASSISTENCIA FISIOTERAPEUTICA CARDIOVASCULARES E PNEUMOFUNCI,2,7,57670893000,12.333333333333334,0.0,0.16216216216216214
5,3525904,Jundiaí,3523103305381,2023-05-07,2023-05-14,355240,,0,7,57670893000,12.333333333333334,0.0,0.0
5,3525904,Jundiaí,3523103305381,2023-05-07,2023-05-14,355240,126 SERVICO DE FISIOTERAPIA / 005 ASSISTENCIA FISIOTERAPEUTICA NAS DISFUNCOES MUSCULO ESQUELET,2,7,57670893000,12.333333333333334,0.0,0.16216216216216214
5,3525904,Jundiaí,3523103305392,2023-05-02,2023-05-04,352400,,0,2,57670893000,12.333333333333334,0.0,0.0
5,3525904,Jundiaí,3523103305403,2023-04-30,2023-05-04,350840,,0,4,57670893000,12.333333333333334,0.0,0.0
5,3525904,Jundiaí,3523103305414,2023-05-03,2023-05-04,355620,,0,1,57670893000,12.333333333333334,0.0,0.0
5,3525904,Jundiaí,3523103305447,2023-04-30,2023-05-03,352590,,0,3,57670893000,12.333333333333334,0.0,0.0
5,3525904,Jundiaí,3523103305458,2023-05-02,2023-05-07,352590,,0,5,57670893000,12.333333333333334,0.0,0.0
5,3525904,Jundiaí,3523103305470,2023-05-08,2023-05-11,352590,126 SERVICO DE FISIOTERAPIA / 004 ASSISTENCIA FISIOTERAPEUTICA CARDIOVASCULARES E PNEUMOFUNCI,2,3,57670893000,12.333333333333334,0.0,0.16216216216216214
5,3525904,Jundiaí,3523103305491,2023-04-27,2023-05-15,352590,126 SERVICO DE FISIOTERAPIA / 005 ASSISTENCIA FISIOTERAPEUTICA NAS DISFUNCOES MUSCULO ESQUELET,2,18,57670893000,12.333333333333334,0.0,0.16216216216216214
5,3525904,Jundiaí,3523103305491,2023-04-27,2023-05-15,352590,126 SERVICO DE FISIOTERAPIA / 005 ASSISTENCIA FISIOTERAPEUTICA NAS DISFUNCOES MUSCULO ESQUELET,1,18,57670893000,12.333333333333334,0.0,0.08108108108108107
5,3525904,Jundiaí,3523103305513,2023-05-11,2023-05-12,350840,,0,1,57670893000,12.333333333333334,0.0,0.0
5,3525904,Jundiaí,3523103305634,2023-05-03,2023-05-19,355650,126 SERVICO DE FISIOTERAPIA / 004 ASSISTENCIA FISIOTERAPEUTICA CARDIOVASCULARES E PNEUMOFUNCI,2,16,57670893000,12.333333333333334,0.0,0.16216216216216214
5,3525904,Jundiaí,3523103305634,2023-05-03,2023-05-19,355650,126 SERVICO DE FISIOTERAPIA / 004 ASSISTENCIA FISIOTERAPEUTICA CARDIOVASCULARES E PNEUMOFUNCI,3,16,57670893000,12.333333333333334,0.0,0.24324324324324323
5,3525904,Jundiaí,3523103305645,2023-05-09,2023-05-17,355650,126 SERVICO DE FISIOTERAPIA / 004 ASSISTENCIA FISIOTERAPEUTICA CARDIOVASCULARES E PNEUMOFUNCI,2,8,57670893000,12.333333333333334,0.0,0.16216216216216214
5,3525904,Jundiaí,3523103305667,2023-04-22,2023-05-06,355240,126 SERVICO DE FISIOTERAPIA / 004 ASSISTENCIA FISIOTERAPEUTICA CARDIOVASCULARES E PNEUMOFUNCI,2,14,57670893000,12.333333333333334,0.0,0.16216216216216214
5,3525904,Jundiaí,3523103305667,2023-04-22,2023-05-06,355240,126 SERVICO DE FISIOTERAPIA / 005 ASSISTENCIA FISIOTERAPEUTICA NAS DISFUNCOES MUSCULO ESQUELET,1,14,57670893000,12.333333333333334,0.0,0.08108108108108107
5,3525904,Jundiaí,3523103305755,2023-05-14,2023-05-16,352520,,0,2,57670893000,12.333333333333334,0.0,0.0
5,3509502,Campinas,3523103305777,2023-05-11,2023-05-11,350950,,0,0,72946910000,24.285714285714285,11.142857142857142,0.0
5,3525904,Jundiaí,3523103305887,2023-05-14,2023-05-16,353200,,0,2,57670893000,12.333333333333334,0.0,0.0
5,3509502,Campinas,3523103305931,2023-05-11,2023-05-11,351280,,0,0,72946910000,24.285714285714285,11.142857142857142,0.0
5,3525904,Jundiaí,3523103305964,2023-05-14,2023-05-16,350760,,0,2,57670893000,12.333333333333334,0.0,0.0
5,3525904,Jundiaí,3523103305975,2023-05-14,2023-05-16,352590,,0,2,57670893000,12.333333333333334,0.0,0.0
5,3509502,Campinas,3523103306041,2023-05-12,2023-05-12,350380,,0,0,72946910000,24.285714285714285,11.142857142857142,0.0
5,3525904,Jundiaí,3523103306129,2023-05-14,2023-05-16,350760,,0,2,57670893000,12.333333333333334,0.0,0.0
5,3525904,Jundiaí,3523103306162,2023-05-15,2023-05-17,350710,,0,2,57670893000,12.333333333333334,0.0,0.0
5,3525904,Jundiaí,3523103306184,2023-05-16,2023-05-17,350410,,0,1,57670893000,12.333333333333334,0.0,0.0
5,3509502,Campinas,3523103306239,2023-05-11,2023-05-11,351907,,0,0,72946910000,24.285714285714285,11.142857142857142,0.0
5,3525904,Jundiaí,3523103306272,2023-05-15,2023-05-17,352590,,0,2,57670893000,12.333333333333334,0.0,0.0
5,3509502,Campinas,3523103306371,2023-05-11,2023-05-11,355240,,0,0,72946910000,24.285714285714285,11.142857142857142,0.0
5,3525904,Jundiaí,3523103306404,2023-05-15,2023-05-17,353240,,0,2,57670893000,12.333333333333334,0.0,0.0
5,3509502,Campinas,3523103306437,2023-05-09,2023-05-09,350050,,0,0,72946910000,24.285714285714285,11.142857142857142,0.0
5,3525904,Jundiaí,3523103306448,2023-05-15,2023-05-17,352590,,0,2,57670893000,12.333333333333334,0.0,0.0
5,3525904,Jundiaí,3523103306569,2023-05-14,2023-05-15,350960,,0,1,57670893000,12.333333333333334,0.0,0.0
5,3509502,Campinas,3523103306624,2023-05-10,2023-05-10,351907,,0,0,72946910000,24.285714285714285,11.142857142857142,0.0
5,3509502,Campinas,3523103306657,2023-05-10,2023-05-10,352520,,0,0,72946910000,24.285714285714285,11.142857142857142,0.0
5,3509502,Campinas,3523103306701,2023-05-11,2023-05-11,350950,,0,0,72946910000,24.285714285714285,11.142857142857142,0.0
5,3525904,Jundiaí,3523103306767,2023-05-14,2023-05-16,350380,,0,2,57670893000,12.333333333333334,0.0,0.0
5,3525904,Jundiaí,3523103306790,2023-05-14,2023-05-16,352590,,0,2,57670893000,12.333333333333334,0.0,0.0
5,3525904,Jundiaí,3523103306811,2023-05-14,2023-05-16,355210,,0,2,57670893000,12.333333333333334,0.0,0.0
5,3525904,Jundiaí,3523103306833,2023-05-14,2023-05-16,352590,,0,2,57670893000,12.333333333333334,0.0,0.0
5,3509502,Campinas,3523103306855,2023-05-12,2023-05-12,351907,,0,0,72946910000,24.285714285714285,11.142857142857142,0.0
5,3525904,Jundiaí,3523103306866,2023-05-14,2023-05-16,352590,,0,2,57670893000,12.333333333333334,0.0,0.0
5,3509502,Campinas,3523103306877,2023-05-11,2023-05-11,350950,,0,0,72946910000,24.285714285714285,11.142857142857142,0.0
5,3525904,Jundiaí,3523103306888,2023-05-14,2023-05-16,352520,,0,2,57670893000,12.333333333333334,0.0,0.0
5,3525904,Jundiaí,3523103306900,2023-05-15,2023-05-16,351907,,0,1,57670893000,12.333333333333334,0.0,0.0
5,3525904,Jundiaí,3523103306910,2023-05-04,2023-05-05,355160,,0,1,57670893000,12.333333333333334,0.0,0.0
5,3525904,Jundiaí,3523103306921,2023-05-18,2023-05-18,355650,,0,0,57670893000,12.333333333333334,0.0,0.0
5,3525904,Jundiaí,3523103306954,2023-05-18,2023-05-18,350840,,0,0,57670893000,12.333333333333334,0.0,0.0
5,3525904,Jundiaí,3523103307009,2023-05-18,2023-05-18,350960,,0,0,57670893000,12.333333333333334,0.0,0.0
5,3525904,Jundiaí,3523103307010,2023-05-18,2023-05-18,352590,,0,0,57670893000,12.333333333333334,0.0,0.0
5,3525904,Jundiaí,3523103307031,2023-05-17,2023-05-17,352590,,0,0,57670893000,12.333333333333334,0.0,0.0
5,3525904,Jundiaí,3523103307053,2023-05-17,2023-05-17,352590,,0,0,57670893000,12.333333333333334,0.0,0.0
5,3525904,Jundiaí,3523103307075,2023-05-17,2023-05-17,352590,,0,0,57670893000,12.333333333333334,0.0,0.0
5,3525904,Jundiaí,3523103307152,2023-05-19,2023-05-19,352590,,0,0,57670893000,12.333333333333334,0.0,0.0
5,3525904,Jundiaí,3523103307185,2023-05-19,2023-05-19,350840,,0,0,57670893000,12.333333333333334,0.0,0.0
5,3509502,Campinas,3523103307229,2023-05-15,2023-05-16,355220,,0,1,72946910000,24.285714285714285,11.142857142857142,0.0
5,3509502,Campinas,3523103307262,2023-05-15,2023-05-17,355220,,0,2,72946910000,24.285714285714285,11.142857142857142,0.0
5,3509502,Campinas,3523103307273,2023-05-16,2023-05-17,353340,,0,1,72946910000,24.285714285714285,11.142857142857142,0.0
5,3525904,Jundiaí,3523103307284,2023-05-09,2023-05-14,350840,126 SERVICO DE FISIOTERAPIA / 004 ASSISTENCIA FISIOTERAPEUTICA CARDIOVASCULARES E PNEUMOFUNCI,3,5,57670893000,12.333333333333334,0.0,0.24324324324324323
5,3525904,Jundiaí,3523103307295,2023-05-14,2023-05-16,355040,,0,2,57670893000,12.333333333333334,0.0,0.0
5,3525904,Jundiaí,3523103307306,2023-05-15,2023-05-17,351907,,0,2,57670893000,12.333333333333334,0.0,0.0
5,3525904,Jundiaí,3523103307383,2023-05-22,2023-05-22,352590,,0,0,57670893000,12.333333333333334,0.0,0.0
5,3525904,Jundiaí,3523103307405,2023-05-17,2023-05-18,350410,,0,1,57670893000,12.333333333333334,0.0,0.0
5,3525904,Jundiaí,3523103307427,2023-05-22,2023-05-22,352400,,0,0,57670893000,12.333333333333334,0.0,0.0
5,3525904,Jundiaí,3523103307482,2023-05-22,2023-05-22,350840,,0,0,57670893000,12.333333333333334,0.0,0.0
5,3525904,Jundiaí,3523103307493,2023-05-16,2023-05-17,354630,,0,1,57670893000,12.333333333333334,0.0,0.0
5,3525904,Jundiaí,3523103307504,2023-05-22,2023-05-22,352590,,0,0,57670893000,12.333333333333334,0.0,0.0
5,3525904,Jundiaí,3523103307570,2023-05-20,2023-05-20,353200,131 SERVICO DE OFTALMOLOGIA / 003 TRATAMENTO CIRURGICO DO APARELHO DA VISAO,0,0,57670893000,12.333333333333334,0.0,0.0
5,3525904,Jundiaí,3523103307603,2023-05-15,2023-05-16,350410,,0,1,57670893000,12.333333333333334,0.0,0.0
5,3525904,Jundiaí,3523103307691,2023-05-20,2023-05-20,352590,131 SERVICO DE OFTALMOLOGIA / 003 TRATAMENTO CIRURGICO DO APARELHO DA VISAO,0,0,57670893000,12.333333333333334,0.0,0.0
5,3525904,Jundiaí,3523103307735,2023-05-20,2023-05-20,352400,131 SERVICO DE OFTALMOLOGIA / 003 TRATAMENTO CIRURGICO DO APARELHO DA VISAO,0,0,57670893000,12.333333333333334,0.0,0.0
5,3525904,Jundiaí,3523103307812,2023-05-18,2023-05-20,350760,,0,2,57670893000,12.333333333333334,0.0,0.0
5,3525904,Jundiaí,3523103307823,2023-05-20,2023-05-20,352590,131 SERVICO DE OFTALMOLOGIA / 003 TRATAMENTO CIRURGICO DO APARELHO DA VISAO,0,0,57670893000,12.333333333333334,0.0,0.0
5,3525904,Jundiaí,3523103307878,2023-05-18,2023-05-21,350760,,0,3,57670893000,12.333333333333334,0.0,0.0
5,3525904,Jundiaí,3523103307889,2023-05-19,2023-05-19,352400,,0,0,57670893000,12.333333333333334,0.0,0.0
5,3525904,Jundiaí,3523103307890,2023-05-19,2023-05-19,350190,,0,0,57670893000,12.333333333333334,0.0,0.0
5,3525904,Jundiaí,3523103307922,2023-05-19,2023-05-19,352340,,0,0,57670893000,12.333333333333334,0.0,0.0
5,3525904,Jundiaí,3523103307955,2023-05-19,2023-05-19,352590,,0,0,57670893000,12.333333333333334,0.0,0.0
5,3525904,Jundiaí,3523103308000,2023-05-16,2023-05-18,350760,,0,2,57670893000,12.333333333333334,0.0,0.0
5,3525904,Jundiaí,3523103308021,2023-05-18,2023-05-20,352400,,0,2,57670893000,12.333333333333334,0.0,0.0
5,3525904,Jundiaí,3523103308076,2023-05-19,2023-05-20,355210,,0,1,57670893000,12.333333333333334,0.0,0.0
5,3525904,Jundiaí,3523103308164,2023-05-22,2023-05-22,352340,131 SERVICO DE OFTALMOLOGIA / 003 TRATAMENTO CIRURGICO DO APARELHO DA VISAO,0,0,57670893000,12.333333333333334,0.0,0.0
5,3525904,Jundiaí,3523103308230,2023-05-22,2023-05-22,355650,131 SERVICO DE OFTALMOLOGIA / 003 TRATAMENTO CIRURGICO DO APARELHO DA VISAO,0,0,57670893000,12.333333333333334,0.0,0.0
5,3525904,Jundiaí,3523103308241,2023-05-16,2023-05-18,352590,,0,2,57670893000,12.333333333333334,0.0,0.0
5,3525904,Jundiaí,3523103308296,2023-05-16,2023-05-18,355650,,0,2,57670893000,12.333333333333334,0.0,0.0
5,3525904,Jundiaí,3523103308307,2023-05-22,2023-05-22,352520,131 SERVICO DE OFTALMOLOGIA / 003 TRATAMENTO CIRURGICO DO APARELHO DA VISAO,0,0,57670893000,12.333333333333334,0.0,0.0
5,3525904,Jundiaí,3523103308440,2023-05-19,2023-05-20,355240,,0,1,57670893000,12.333333333333334,0.0,0.0
5,3525904,Jundiaí,3523103308461,2023-05-19,2023-05-20,353200,,0,1,57670893000,12.333333333333334,0.0,0.0
5,3525904,Jundiaí,3523103308538,2023-05-17,2023-05-19,352590,,0,2,57670893000,12.333333333333334,0.0,0.0
5,3525904,Jundiaí,3523103308549,2023-05-17,2023-05-19,351280,,0,2,57670893000,12.333333333333334,0.0,0.0
5,3525904,Jundiaí,3523103308549,2023-05-17,2023-05-19,351280,169 ATENCAO EM UROLOGIA / 002 LITOTRIPSIA,0,2,57670893000,12.333333333333334,0.0,0.0
5,3525904,Jundiaí,3523103308560,2023-05-18,2023-05-19,350840,,1,1,57670893000,12.333333333333334,0.0,0.08108108108108107
5,3525904,Jundiaí,3523103308681,2023-05-18,2023-05-20,353180,,0,2,57670893000,12.333333333333334,0.0,0.0
5,3525904,Jundiaí,3523103308747,2023-05-17,2023-05-19,353240,,0,2,57670893000,12.333333333333334,0.0,0.0
5,3525904,Jundiaí,3523103308769,2023-05-17,2023-05-19,352590,,0,2,57670893000,12.333333333333334,0.0,0.0
5,3525904,Jundiaí,3523103308802,2023-05-17,2023-05-19,350380,,0,2,57670893000,12.333333333333334,0.0,0.0
5,3525904,Jundiaí,3523103308857,2023-05-17,2023-05-19,351907,,0,2,57670893000,12.333333333333334,0.0,0.0
5,3525904,Jundiaí,3523103308868,2023-05-16,2023-05-18,355160,,1,2,57670893000,12.333333333333334,0.0,0.08108108108108107
5,3525904,Jundiaí,3523103308868,2023-05-16,2023-05-18,355160,,0,2,57670893000,12.333333333333334,0.0,0.0
5,3525904,Jundiaí,3523103308879,2023-05-17,2023-05-19,351907,,0,2,57670893000,12.333333333333334,0.0,0.0
5,3509502,Campinas,3523103309099,2023-04-20,2023-04-20,350950,,0,0,72946910000,24.285714285714285,11.142857142857142,0.0
5,3509502,Campinas,3523103309121,2023-05-16,2023-05-17,350950,,0,1,72946910000,24.285714285714285,11.142857142857142,0.0
5,3509502,Campinas,3523103309143,2023-05-16,2023-05-17,352550,,0,1,72946910000,24.285714285714285,11.142857142857142,0.0
5,3509502,Campinas,3523103309231,2023-05-16,2023-05-17,355240,,0,1,72946910000,24.285714285714285,11.142857142857142,0.0
5,3509502,Campinas,3523103309286,2023-05-17,2023-05-17,352520,,0,0,72946910000,24.285714285714285,11.142857142857142,0.0
5,3509502,Campinas,3523103309308,2023-05-16,2023-05-17,350950,,0,1,72946910000,24.285714285714285,11.142857142857142,0.0
5,3509502,Campinas,3523103309319,2023-05-17,2023-05-17,353860,,0,0,72946910000,24.285714285714285,11.142857142857142,0.0
5,3509502,Campinas,3523103309462,2023-05-19,2023-05-19,355240,,0,0,72946910000,24.285714285714285,11.142857142857142,0.0
5,3545803,Santa Bárbara d'Oeste,3523103309484,2023-05-16,2023-05-16,353200,,0,0,7825507000,13.5,10.0,0.0
5,3545803,Santa Bárbara d'Oeste,3523103309539,2023-05-16,2023-05-16,355240,,0,0,7825507000,13.5,10.0,0.0
5,3545803,Santa Bárbara d'Oeste,3523103309650,2023-05-15,2023-05-15,355240,,0,0,7825507000,13.5,10.0,0.0
5,3509502,Campinas,3523103309693,2023-05-16,2023-05-16,350950,,0,0,72946910000,24.285714285714285,11.142857142857142,0.0
5,3509502,Campinas,3523103309781,2023-05-15,2023-05-15,355620,,0,0,72946910000,24.285714285714285,11.142857142857142,0.0
5,3509502,Campinas,3523103310001,2023-05-19,2023-05-19,355240,,0,0,72946910000,24.285714285714285,11.142857142857142,0.0
5,3545803,Santa Bárbara d'Oeste,3523103310045,2023-05-17,2023-05-17,350160,,0,0,7825507000,13.5,10.0,0.0
5,3509502,Campinas,3523103310056,2023-05-15,2023-05-15,350950,,0,0,72946910000,24.285714285714285,11.142857142857142,0.0
5,3545803,Santa Bárbara d'Oeste,3523103310067,2023-05-17,2023-05-17,355240,,0,0,7825507000,13.5,10.0,0.0
5,3509502,Campinas,3523103310078,2023-05-19,2023-05-19,350950,,0,0,72946910000,24.285714285714285,11.142857142857142,0.0
5,3509502,Campinas,3523103310309,2023-05-16,2023-05-16,354800,,0,0,72946910000,24.285714285714285,11.142857142857142,0.0
5,3509502,Campinas,3523103310331,2023-05-15,2023-05-15,350950,,0,0,72946910000,24.285714285714285,11.142857142857142,0.0
5,3509502,Campinas,3523103310408,2023-05-16,2023-05-17,353650,,0,1,72946910000,24.285714285714285,11.142857142857142,0.0
5,3509502,Campinas,3523103310430,2023-05-15,2023-05-15,351907,,0,0,72946910000,24.285714285714285,11.142857142857142,0.0
5,3545803,Santa Bárbara d'Oeste,3523103310496,2023-05-17,2023-05-17,354580,,0,0,7825507000,13.5,10.0,0.0
5,3509502,Campinas,3523103310672,2023-05-22,2023-05-23,291920,,0,1,72946910000,24.285714285714285,11.142857142857142,0.0
5,3509502,Campinas,3523103310705,2023-05-23,2023-05-25,355240,,0,2,72946910000,24.285714285714285,11.142857142857142,0.0
5,3509502,Campinas,3523103310749,2023-05-04,2023-05-05,320130,,0,1,72946910000,24.285714285714285,11.142857142857142,0.0
5,3509502,Campinas,3523103310760,2023-05-09,2023-05-10,355640,,0,1,72946910000,24.285714285714285,11.142857142857142,0.0
5,3509502,Campinas,3523103310771,2023-05-12,2023-05-13,350950,,0,1,72946910000,24.285714285714285,11.142857142857142,0.0
5,3509502,Campinas,3523103310782,2023-05-17,2023-05-18,350400,,0,1,72946910000,24.285714285714285,11.142857142857142,0.0
5,3509502,Campinas,3523103310826,2023-05-18,2023-05-19,350950,,0,1,72946910000,24.285714285714285,11.142857142857142,0.0
5,3509502,Campinas,3523103310848,2023-05-18,2023-05-19,355240,,0,1,72946910000,24.285714285714285,11.142857142857142,0.0
5,3509502,Campinas,3523103310860,2023-05-18,2023-05-19,353340,,0,1,72946910000,24.285714285714285,11.142857142857142,0.0
5,3509502,Campinas,3523103310870,2023-05-18,2023-05-19,355220,,0,1,72946910000,24.285714285714285,11.142857142857142,0.0
5,3509502,Campinas,3523103310881,2023-05-18,2023-05-19,350950,,0,1,72946910000,24.285714285714285,11.142857142857142,0.0
5,3525904,Jundiaí,3523103310925,2023-05-17,2023-05-19,352400,,0,2,57670893000,12.333333333333334,0.0,0.0
5,3525904,Jundiaí,3523103310936,2023-05-17,2023-05-19,352590,,0,2,57670893000,12.333333333333334,0.0,0.0
5,3525904,Jundiaí,3523103310969,2023-05-17,2023-05-19,355160,,0,2,57670893000,12.333333333333334,0.0,0.0
5,3525904,Jundiaí,3523103311080,2023-05-18,2023-05-20,350410,,0,2,57670893000,12.333333333333334,0.0,0.0
5,3525904,Jundiaí,3523103311090,2023-05-18,2023-05-20,351907,,0,2,57670893000,12.333333333333334,0.0,0.0
5,3525904,Jundiaí,3523103311134,2023-05-19,2023-05-20,350760,,0,1,57670893000,12.333333333333334,0.0,0.0
5,3525904,Jundiaí,3523103311156,2023-05-19,2023-05-20,352590,,0,1,57670893000,12.333333333333334,0.0,0.0
5,3525904,Jundiaí,3523103311178,2023-05-18,2023-05-20,353820,,0,2,57670893000,12.333333333333334,0.0,0.0
5,3525904,Jundiaí,3523103311211,2023-05-16,2023-05-18,350760,,0,2,57670893000,12.333333333333334,0.0,0.0
5,3525904,Jundiaí,3523103311233,2023-05-16,2023-05-18,350760,,0,2,57670893000,12.333333333333334,0.0,0.0
5,3525904,Jundiaí,3523103311310,2023-05-16,2023-05-18,350410,,0,2,57670893000,12.333333333333334,0.0,0.0
5,3525904,Jundiaí,3523103311321,2023-05-16,2023-05-18,350410,,0,2,57670893000,12.333333333333334,0.0,0.0
5,3525904,Jundiaí,3523103311365,2023-05-17,2023-05-19,353200,,0,2,57670893000,12.333333333333334,0.0,0.0
5,3525904,Jundiaí,3523103311376,2023-05-17,2023-05-19,350410,,0,2,57670893000,12.333333333333334,0.0,0.0
5,3525904,Jundiaí,3523103311387,2023-05-17,2023-05-19,350960,,0,2,57670893000,12.333333333333334,0.0,0.0
5,3525904,Jundiaí,3523103311409,2023-05-17,2023-05-19,352340,,0,2,57670893000,12.333333333333334,0.0,0.0
5,3525904,Jundiaí,3523103311475,2023-05-21,2023-05-23,351280,,0,2,57670893000,12.333333333333334,0.0,0.0
5,3525904,Jundiaí,3523103311508,2023-05-19,2023-05-20,352340,,0,1,57670893000,12.333333333333334,0.0,0.0
5,3525904,Jundiaí,3523103311629,2023-05-22,2023-05-23,352590,,0,1,57670893000,12.333333333333334,0.0,0.0
5,3525904,Jundiaí,3523103311630,2023-05-22,2023-05-23,353710,,0,1,57670893000,12.333333333333334,0.0,0.0
5,3525904,Jundiaí,3523103311662,2023-05-22,2023-05-23,350410,,0,1,57670893000,12.333333333333334,0.0,0.0
5,3525904,Jundiaí,3523103311684,2023-05-21,2023-05-23,350190,,0,2,57670893000,12.333333333333334,0.0,0.0
5,3509502,Campinas,3523103311728,2023-05-23,2023-05-24,170210,,0,1,72946910000,24.285714285714285,11.142857142857142,0.0
5,3509502,Campinas,3523103311740,2023-05-24,2023-05-26,351905,,0,2,72946910000,24.285714285714285,11.142857142857142,0.0
5,3509502,Campinas,3523103311761,2023-05-25,2023-05-27,522140,,0,2,72946910000,24.285714285714285,11.142857142857142,0.0
5,3525904,Jundiaí,3523103311783,2023-05-21,2023-05-23,354800,,0,2,57670893000,12.333333333333334,0.0,0.0
5,3525904,Jundiaí,3523103311805,2023-05-21,2023-05-23,354580,,0,2,57670893000,12.333333333333334,0.0,0.0
5,3509502,Campinas,3523103311849,2023-05-26,2023-05-27,355620,,0,1,72946910000,24.285714285714285,11.142857142857142,0.0
5,3509502,Campinas,3523103311860,2023-05-26,2023-05-28,355620,,0,2,72946910000,24.285714285714285,11.142857142857142,0.0
5,3509502,Campinas,3523103311871,2023-05-26,2023-05-28,353680,,0,2,72946910000,24.285714285714285,11.142857142857142,0.0
5,3525904,Jundiaí,3523103311926,2023-05-21,2023-05-23,352590,,0,2,57670893000,12.333333333333334,0.0,0.0
5,3525904,Jundiaí,3523103311959,2023-05-21,2023-05-23,355160,,0,2,57670893000,12.333333333333334,0.0,0.0
5,3525904,Jundiaí,3523103311970,2023-05-19,2023-05-19,352400,,0,0,57670893000,12.333333333333334,0.0,0.0
5,3525904,Jundiaí,3523103311992,2023-05-21,2023-05-23,350840,,0,2,57670893000,12.333333333333334,0.0,0.0
5,3525904,Jundiaí,3523103312036,2023-05-21,2023-05-23,353860,,0,2,57670893000,12.333333333333334,0.0,0.0
5,3525904,Jundiaí,3523103312058,2023-05-24,2023-05-29,355650,,0,5,57670893000,12.333333333333334,0.0,0.0
5,3525904,Jundiaí,3523103312069,2023-05-21,2023-05-22,352590,,0,1,57670893000,12.333333333333334,0.0,0.0
5,3501905,Amparo,3523103312070,2023-05-24,2023-05-24,350190,131 SERVICO DE OFTALMOLOGIA / 003 TRATAMENTO CIRURGICO DO APARELHO DA VISAO,0,0,5152156000,6.0,0.0,0.0
5,3525904,Jundiaí,3523103312113,2023-05-24,2023-05-24,352590,,0,0,57670893000,12.333333333333334,0.0,0.0
5,3525904,Jundiaí,3523103312135,2023-05-28,2023-05-29,355240,,0,1,57670893000,12.333333333333334,0.0,0.0
5,3525904,Jundiaí,3523103312168,2023-05-24,2023-05-24,352590,,0,0,57670893000,12.333333333333334,0.0,0.0
5,3525904,Jundiaí,3523103312267,2023-05-24,2023-05-24,352590,,0,0,57670893000,12.333333333333334,0.0,0.0
5,3525904,Jundiaí,3523103312289,2023-05-24,2023-05-24,352590,,0,0,57670893000,12.333333333333334,0.0,0.0
5,3525904,Jundiaí,3523103312366,2023-05-26,2023-05-26,352340,,0,0,57670893000,12.333333333333334,0.0,0.0
5,3525904,Jundiaí,3523103312476,2023-05-22,2023-05-24,352340,,0,2,57670893000,12.333333333333334,0.0,0.0
5,3525904,Jundiaí,3523103312487,2023-05-25,2023-05-25,352590,,0,0,57670893000,12.333333333333334,0.0,0.0
5,3525904,Jundiaí,3523103312498,2023-05-22,2023-05-24,352520,,0,2,57670893000,12.333333333333334,0.0,0.0
5,3525904,Jundiaí,3523103312531,2023-05-22,2023-05-24,355210,,0,2,57670893000,12.333333333333334,0.0,0.0
5,3525904,Jundiaí,3523103312553,2023-05-25,2023-05-25,352590,,0,0,57670893000,12.333333333333334,0.0,0.0
5,3525904,Jundiaí,3523103312586,2023-05-25,2023-05-25,353200,,0,0,57670893000,12.333333333333334,0.0,0.0
5,3525904,Jundiaí,3523103312597,2023-05-21,2023-05-23,350760,,0,2,57670893000,12.333333333333334,0.0,0.0
5,3525904,Jundiaí,3523103312652,2023-05-22,2023-05-24,350760,,0,2,57670893000,12.333333333333334,0.0,0.0
5,3525904,Jundiaí,3523103312663,2023-05-25,2023-05-25,352590,,0,0,57670893000,12.333333333333334,0.0,0.0
5,3525904,Jundiaí,3523103312707,2023-05-22,2023-05-23,352590,,0,1,57670893000,12.333333333333334,0.0,0.0
5,3525904,Jundiaí,3523103312718,2023-05-25,2023-05-25,352590,,0,0,57670893000,12.333333333333334,0.0,0.0
5,3525904,Jundiaí,3523103312795,2023-05-22,2023-05-24,351280,,0,2,57670893000,12.333333333333334,0.0,0.0
5,3525904,Jundiaí,3523103312817,2023-05-21,2023-05-24,350410,,0,3,57670893000,12.333333333333334,0.0,0.0
5,3525904,Jundiaí,3523103312840,2023-05-22,2023-05-24,352590,,0,2,57670893000,12.333333333333334,0.0,0.0
5,3525904,Jundiaí,3523103312927,2023-05-05,2023-05-07,350410,,0,2,57670893000,12.333333333333334,0.0,0.0
5,3525904,Jundiaí,3523103312938,2023-05-25,2023-05-27,352700,,0,2,57670893000,12.333333333333334,0.0,0.0
5,3525904,Jundiaí,3523103312949,2023-05-25,2023-05-27,351907,,0,2,57670893000,12.333333333333334,0.0,0.0
5,3525904,Jundiaí,3523103312960,2023-05-23,2023-05-26,350760,169 ATENCAO EM UROLOGIA / 002 LITOTRIPSIA,0,3,57670893000,12.333333333333334,0.0,0.0
5,3525904,Jundiaí,3523103313004,2023-05-25,2023-05-27,355240,,0,2,57670893000,12.333333333333334,0.0,0.0
5,3525904,Jundiaí,3523103313048,2023-05-25,2023-05-27,353860,,0,2,57670893000,12.333333333333334,0.0,0.0
5,3525904,Jundiaí,3523103313070,2023-05-24,2023-05-27,350410,,0,3,57670893000,12.333333333333334,0.0,0.0
5,3525904,Jundiaí,3523103313081,2023-05-24,2023-05-26,351280,,0,2,57670893000,12.333333333333334,0.0,0.0
5,3525904,Jundiaí,3523103313103,2023-05-24,2023-05-26,352590,,0,2,57670893000,12.333333333333334,0.0,0.0
5,3525904,Jundiaí,3523103313114,2023-05-25,2023-05-27,352590,,0,2,57670893000,12.333333333333334,0.0,0.0
5,3525904,Jundiaí,3523103313147,2023-05-24,2023-05-26,352340,,0,2,57670893000,12.333333333333334,0.0,0.0
5,3525904,Jundiaí,3523103313170,2023-05-24,2023-05-26,355650,,0,2,57670893000,12.333333333333334,0.0,0.0
5,3525904,Jundiaí,3523103313280,2023-05-24,2023-05-28,350050,126 SERVICO DE FISIOTERAPIA / 004 ASSISTENCIA FISIOTERAPEUTICA CARDIOVASCULARES E PNEUMOFUNCI,1,4,57670893000,12.333333333333334,0.0,0.08108108108108107
5,3525904,Jundiaí,3523103313280,2023-05-24,2023-05-28,350050,126 SERVICO DE FISIOTERAPIA / 005 ASSISTENCIA FISIOTERAPEUTICA NAS DISFUNCOES MUSCULO ESQUELET,1,4,57670893000,12.333333333333334,0.0,0.08108108108108107
5,3525904,Jundiaí,3523103313312,2023-05-23,2023-05-24,353710,,0,1,57670893000,12.333333333333334,0.0,0.0
5,3525904,Jundiaí,3523103313323,2023-05-23,2023-05-24,355650,,0,1,57670893000,12.333333333333334,0.0,0.0
5,3525904,Jundiaí,3523103313334,2023-05-23,2023-05-24,350960,,0,1,57670893000,12.333333333333334,0.0,0.0
5,3525904,Jundiaí,3523103313477,2023-05-24,2023-05-26,352590,,0,2,57670893000,12.333333333333334,0.0,0.0
5,3525904,Jundiaí,3523103313521,2023-05-24,2023-05-26,352590,,0,2,57670893000,12.333333333333334,0.0,0.0
5,3525904,Jundiaí,3523103313598,2023-05-25,2023-05-26,353820,,0,1,57670893000,12.333333333333334,0.0,0.0
5,3525904,Jundiaí,3523103313642,2023-05-25,2023-05-26,353650,,0,1,57670893000,12.333333333333334,0.0,0.0
5,3525904,Jundiaí,3523103313664,2023-05-24,2023-05-26,352590,,0,2,57670893000,12.333333333333334,0.0,0.0
5,3525904,Jundiaí,3523103313686,2023-05-24,2023-05-26,350410,,0,2,57670893000,12.333333333333334,0.0,0.0
5,3525904,Jundiaí,3523103313708,2023-05-24,2023-05-26,352590,,0,2,57670893000,12.333333333333334,0.0,0.0
5,3525904,Jundiaí,3523103313741,2023-05-24,2023-05-25,350160,,0,1,57670893000,12.333333333333334,0.0,0.0
5,3525904,Jundiaí,3523103313763,2023-05-25,2023-05-27,352590,,0,2,57670893000,12.333333333333334,0.0,0.0
5,3525904,Jundiaí,3523103313785,2023-05-25,2023-05-27,352590,,0,2,57670893000,12.333333333333334,0.0,0.0
5,3525904,Jundiaí,3523103313873,2023-05-05,2023-05-21,355240,,0,16,57670893000,12.333333333333334,0.0,0.0
5,3525904,Jundiaí,3523103313895,2023-05-22,2023-05-23,355650,,0,1,57670893000,12.333333333333334,0.0,0.0
5,3525904,Jundiaí,3523103313906,2023-05-21,2023-05-22,352590,,0,1,57670893000,12.333333333333334,0.0,0.0
5,3525904,Jundiaí,3523103313917,2023-05-22,2023-05-24,355240,,0,2,57670893000,12.333333333333334,0.0,0.0
5,3525904,Jundiaí,3523103313940,2023-05-22,2023-05-24,352590,,0,2,57670893000,12.333333333333334,0.0,0.0
5,3525904,Jundiaí,3523103314050,2023-05-23,2023-05-25,353820,,0,2,57670893000,12.333333333333334,0.0,0.0
5,3525904,Jundiaí,3523103314115,2023-05-23,2023-05-25,352590,,0,2,57670893000,12.333333333333334,0.0,0.0
5,3525904,Jundiaí,3523103314148,2023-05-23,2023-05-25,352590,,0,2,57670893000,12.333333333333334,0.0,0.0
5,3525904,Jundiaí,3523103314160,2023-05-25,2023-05-27,353710,,0,2,57670893000,12.333333333333334,0.0,0.0
5,3525904,Jundiaí,3523103314203,2023-05-25,2023-05-27,355650,,0,2,57670893000,12.333333333333334,0.0,0.0
5,3525904,Jundiaí,3523103314247,2023-05-25,2023-05-27,353240,,0,2,57670893000,12.333333333333334,0.0,0.0
5,3525904,Jundiaí,3523103314258,2023-05-23,2023-05-25,352590,,0,2,57670893000,12.333333333333334,0.0,0.0
5,3525904,Jundiaí,3523103314270,2023-05-25,2023-05-27,352340,,0,2,57670893000,12.333333333333334,0.0,0.0
5,3525904,Jundiaí,3523103314324,2023-05-23,2023-05-25,350760,,0,2,57670893000,12.333333333333334,0.0,0.0
5,3525904,Jundiaí,3523103314401,2023-05-24,2023-05-26,352340,,0,2,57670893000,12.333333333333334,0.0,0.0
5,3525904,Jundiaí,3523103314423,2023-05-22,2023-05-24,351280,,0,2,57670893000,12.333333333333334,0.0,0.0
5,3525904,Jundiaí,3523103314445,2023-05-25,2023-05-27,350710,,0,2,57670893000,12.333333333333334,0.0,0.0
5,3525904,Jundiaí,3523103314456,2023-05-23,2023-05-25,352340,,0,2,57670893000,12.333333333333334,0.0,0.0
5,3525904,Jundiaí,3523103314467,2023-05-21,2023-05-25,352340,,0,4,57670893000,12.333333333333334,0.0,0.0
5,3525904,Jundiaí,3523103314511,2023-05-23,2023-05-25,355240,,0,2,57670893000,12.333333333333334,0.0,0.0
5,3525904,Jundiaí,3523103314533,2023-05-25,2023-05-27,352520,,0,2,57670893000,12.333333333333334,0.0,0.0
5,3525904,Jundiaí,3523103314555,2023-05-24,2023-05-28,352340,,0,4,57670893000,12.333333333333334,0.0,0.0
5,3525904,Jundiaí,3523103314566,2023-05-23,2023-05-25,352590,,0,2,57670893000,12.333333333333334,0.0,0.0
5,3525904,Jundiaí,3523103314621,2023-05-22,2023-05-24,352590,,0,2,57670893000,12.333333333333334,0.0,0.0
5,3525904,Jundiaí,3523103314632,2023-05-25,2023-05-27,350410,,0,2,57670893000,12.333333333333334,0.0,0.0
5,3525904,Jundiaí,3523103314654,2023-05-22,2023-05-24,352520,,0,2,57670893000,12.333333333333334,0.0,0.0
5,3525904,Jundiaí,3523103314709,2023-05-24,2023-05-26,352590,,0,2,57670893000,12.333333333333334,0.0,0.0
5,3525904,Jundiaí,3523103314710,2023-05-23,2023-05-25,354580,,0,2,57670893000,12.333333333333334,0.0,0.0
5,3525904,Jundiaí,3523103314742,2023-05-23,2023-05-25,352700,,0,2,57670893000,12.333333333333334,0.0,0.0
5,3525904,Jundiaí,3523103314753,2023-05-23,2023-05-25,355160,,0,2,57670893000,12.333333333333334,0.0,0.0
5,3525904,Jundiaí,3523103314764,2023-05-23,2023-05-25,354580,,1,2,57670893000,12.333333333333334,0.0,0.08108108108108107
5,3525904,Jundiaí,3523103314775,2023-05-23,2023-05-25,351280,,0,2,57670893000,12.333333333333334,0.0,0.0
5,3525904,Jundiaí,3523103314808,2023-05-29,2023-05-29,352590,131 SERVICO DE OFTALMOLOGIA / 003 TRATAMENTO CIRURGICO DO APARELHO DA VISAO,0,0,57670893000,12.333333333333334,0.0,0.0
5,3525904,Jundiaí,3523103314841,2023-05-29,2023-05-29,352590,131 SERVICO DE OFTALMOLOGIA / 003 TRATAMENTO CIRURGICO DO APARELHO DA VISAO,0,0,57670893000,12.333333333333334,0.0,0.0
5,3525904,Jundiaí,3523103314863,2023-05-29,2023-05-29,352520,131 SERVICO DE OFTALMOLOGIA / 003 TRATAMENTO CIRURGICO DO APARELHO DA VISAO,0,0,57670893000,12.333333333333334,0.0,0.0
5,3525904,Jundiaí,3523103314874,2023-05-29,2023-05-29,352590,131 SERVICO DE OFTALMOLOGIA / 003 TRATAMENTO CIRURGICO DO APARELHO DA VISAO,0,0,57670893000,12.333333333333334,0.0,0.0
5,3525904,Jundiaí,3523103314907,2023-05-29,2023-05-29,352340,131 SERVICO DE OFTALMOLOGIA / 003 TRATAMENTO CIRURGICO DO APARELHO DA VISAO,0,0,57670893000,12.333333333333334,0.0,0.0
5,3525904,Jundiaí,3523103314984,2023-05-29,2023-05-29,355650,131 SERVICO DE OFTALMOLOGIA / 003 TRATAMENTO CIRURGICO DO APARELHO DA VISAO,0,0,57670893000,12.333333333333334,0.0,0.0
5,3525904,Jundiaí,3523103314995,2023-05-29,2023-05-29,352590,,0,0,57670893000,12.333333333333334,0.0,0.0
5,3525904,Jundiaí,3523103315006,2023-05-29,2023-05-29,350840,,0,0,57670893000,12.333333333333334,0.0,0.0
5,3525904,Jundiaí,3523103315040,2023-05-29,2023-05-29,352340,,0,0,57670893000,12.333333333333334,0.0,0.0
5,3525904,Jundiaí,3523103315061,2023-05-29,2023-05-29,352590,,0,0,57670893000,12.333333333333334,0.0,0.0
5,3525904,Jundiaí,3523103315105,2023-05-29,2023-05-29,350960,,0,0,57670893000,12.333333333333334,0.0,0.0
5,3525904,Jundiaí,3523103315149,2023-05-26,2023-05-26,352400,,0,0,57670893000,12.333333333333334,0.0,0.0
5,3525904,Jundiaí,3523103315150,2023-05-26,2023-05-26,350840,,0,0,57670893000,12.333333333333334,0.0,0.0
5,3525904,Jundiaí,3523103315160,2023-05-26,2023-05-26,350840,,0,0,57670893000,12.333333333333334,0.0,0.0
5,3525904,Jundiaí,3523103315171,2023-05-26,2023-05-26,352340,,0,0,57670893000,12.333333333333334,0.0,0.0
5,3525904,Jundiaí,3523103315215,2023-05-26,2023-05-26,352590,,0,0,57670893000,12.333333333333334,0.0,0.0
5,3525904,Jundiaí,3523103315226,2023-05-26,2023-05-26,352340,,0,0,57670893000,12.333333333333334,0.0,0.0
5,3525904,Jundiaí,3523103315237,2023-05-26,2023-05-26,352340,,0,0,57670893000,12.333333333333334,0.0,0.0
5,3545803,Santa Bárbara d'Oeste,3523103315402,2023-05-23,2023-05-23,353240,,0,0,7825507000,13.5,10.0,0.0
5,3545803,Santa Bárbara d'Oeste,3523103315721,2023-05-24,2023-05-24,354580,,0,0,7825507000,13.5,10.0,0.0
5,3525904,Jundiaí,3523103315886,2023-05-31,2023-05-31,352590,,0,0,57670893000,12.333333333333334,0.0,0.0
5,3525904,Jundiaí,3523103315920,2023-05-31,2023-05-31,352590,,0,0,57670893000,12.333333333333334,0.0,0.0
5,3525904,Jundiaí,3523103315930,2023-05-31,2023-05-31,352520,,0,0,57670893000,12.333333333333334,0.0,0.0
5,3525904,Jundiaí,3523103315941,2023-05-31,2023-05-31,352590,,0,0,57670893000,12.333333333333334,0.0,0.0
5,3545803,Santa Bárbara d'Oeste,3523103316051,2023-05-30,2023-05-30,350710,,0,0,7825507000,13.5,10.0,0.0
5,3545803,Santa Bárbara d'Oeste,3523103316337,2023-05-31,2023-05-31,355240,,0,0,7825507000,13.5,10.0,0.0
5,3525904,Jundiaí,3523103316436,2023-05-29,2023-05-31,353340,,0,2,57670893000,12.333333333333334,0.0,0.0
5,3525904,Jundiaí,3523103316447,2023-05-29,2023-05-31,353860,,0,2,57670893000,12.333333333333334,0.0,0.0
5,3525904,Jundiaí,3523103316469,2023-05-29,2023-05-31,352470,,0,2,57670893000,12.333333333333334,0.0,0.0
5,3525904,Jundiaí,3523103316502,2023-05-29,2023-05-31,350950,,0,2,57670893000,12.333333333333334,0.0,0.0
5,3525904,Jundiaí,3523103316524,2023-05-28,2023-05-30,352340,,0,2,57670893000,12.333333333333334,0.0,0.0
5,3525904,Jundiaí,3523103316546,2023-05-29,2023-05-31,351907,,0,2,57670893000,12.333333333333334,0.0,0.0
5,3525904,Jundiaí,3523103316623,2023-05-28,2023-05-30,352590,,0,2,57670893000,12.333333333333334,0.0,0.0
5,3525904,Jundiaí,3523103316645,2023-05-28,2023-05-29,352590,,0,1,57670893000,12.333333333333334,0.0,0.0
5,3525904,Jundiaí,3523103316678,2023-05-28,2023-05-29,350840,,0,1,57670893000,12.333333333333334,0.0,0.0
5,3525904,Jundiaí,3523103316766,2023-05-28,2023-05-30,350190,,0,2,57670893000,12.333333333333334,0.0,0.0
5,3525904,Jundiaí,3523103316821,2023-05-28,2023-05-30,352340,,0,2,57670893000,12.333333333333334,0.0,0.0
5,3525904,Jundiaí,3523103316843,2023-05-28,2023-05-30,351280,,0,2,57670893000,12.333333333333334,0.0,0.0
5,3525904,Jundiaí,3523103316865,2023-05-28,2023-05-30,350410,,0,2,57670893000,12.333333333333334,0.0,0.0
5,3525904,Jundiaí,3523103316909,2023-05-28,2023-05-30,350380,,0,2,57670893000,12.333333333333334,0.0,0.0
5,3525904,Jundiaí,3523103316910,2023-05-28,2023-05-30,352590,,0,2,57670893000,12.333333333333334,0.0,0.0
5,3525904,Jundiaí,3523103316920,2023-05-28,2023-05-30,352050,,0,2,57670893000,12.333333333333334,0.0,0.0
5,3525904,Jundiaí,3523103316931,2023-05-28,2023-05-30,355620,,0,2,57670893000,12.333333333333334,0.0,0.0
5,3525904,Jundiaí,3523103316953,2023-05-28,2023-05-30,350160,,0,2,57670893000,12.333333333333334,0.0,0.0
5,3525904,Jundiaí,3523103316997,2023-05-29,2023-05-30,352340,,0,1,57670893000,12.333333333333334,0.0,0.0
5,3525904,Jundiaí,3523103317019,2023-05-29,2023-05-30,352590,,0,1,57670893000,12.333333333333334,0.0,0.0
5,3525904,Jundiaí,3523103317020,2023-05-29,2023-05-30,352520,,0,1,57670893000,12.333333333333334,0.0,0.0
5,3525904,Jundiaí,3523103317041,2023-05-29,2023-05-30,355240,,0,1,57670893000,12.333333333333334,0.0,0.0
5,3525904,Jundiaí,3523103317096,2023-05-18,2023-05-30,352050,,0,12,57670893000,12.333333333333334,0.0,0.0
5,3525904,Jundiaí,3523103317118,2023-05-28,2023-05-29,350190,,0,1,57670893000,12.333333333333334,0.0,0.0
5,3525904,Jundiaí,3523103317162,2023-05-30,2023-05-31,350410,,0,1,57670893000,12.333333333333334,0.0,0.0
5,3549409,São Joaquim da Barra,3523103704945,2023-02-28,2023-03-06,354940,,0,6,2191086000,14.0,8.0,0.0
5,3549409,São Joaquim da Barra,3523103707497,2023-03-23,2023-03-31,354940,,0,8,2191086000,14.0,8.0,0.0
5,3549409,São Joaquim da Barra,3523103708718,2023-03-29,2023-04-13,354940,,0,15,2191086000,14.0,8.0,0.0
5,3549409,São Joaquim da Barra,3523103709477,2023-04-04,2023-04-05,354940,,0,1,2191086000,14.0,8.0,0.0
5,3549409,São Joaquim da Barra,3523103710434,2023-03-28,2023-03-29,354940,,0,1,2191086000,14.0,8.0,0.0
5,3516200,Franca,3523103710786,2023-05-08,2023-05-08,350300,,0,0,11276086000,11.5,8.25,0.0
5,3516200,Franca,3523103710797,2023-05-08,2023-05-08,351620,,0,0,11276086000,11.5,8.25,0.0
5,3516200,Franca,3523103710819,2023-05-05,2023-05-05,351620,,0,0,11276086000,11.5,8.25,0.0
5,3516200,Franca,3523103710820,2023-05-05,2023-05-05,351620,,0,0,11276086000,11.5,8.25,0.0
5,3516200,Franca,3523103710863,2023-05-04,2023-05-04,351620,,0,0,11276086000,11.5,8.25,0.0
5,3516200,Franca,3523103710885,2023-05-04,2023-05-04,354360,,0,0,11276086000,11.5,8.25,0.0
5,3516200,Franca,3523103710896,2023-05-04,2023-05-04,351620,,0,0,11276086000,11.5,8.25,0.0
5,3516200,Franca,3523103710918,2023-05-04,2023-05-04,351620,,0,0,11276086000,11.5,8.25,0.0
5,3516200,Franca,3523103710930,2023-05-03,2023-05-03,351620,,0,0,11276086000,11.5,8.25,0.0
5,3516200,Franca,3523103710940,2023-05-03,2023-05-03,351620,,0,0,11276086000,11.5,8.25,0.0
5,3516200,Franca,3523103710984,2023-05-02,2023-05-02,353630,,0,0,11276086000,11.5,8.25,0.0
5,3516200,Franca,3523103711006,2023-05-02,2023-05-02,351620,,0,0,11276086000,11.5,8.25,0.0
5,3516200,Franca,3523103711017,2023-05-05,2023-05-05,351620,,0,0,11276086000,11.5,8.25,0.0
5,3516200,Franca,3523103711039,2023-05-05,2023-05-05,354270,,0,0,11276086000,11.5,8.25,0.0
5,3516200,Franca,3523103711094,2023-05-03,2023-05-03,351620,,0,0,11276086000,11.5,8.25,0.0
5,3516200,Franca,3523103711138,2023-05-09,2023-05-09,351620,,0,0,11276086000,11.5,8.25,0.0
5,3549409,São Joaquim da Barra,3523103711150,2023-03-12,2023-04-15,353190,,0,34,2191086000,14.0,8.0,0.0
5,3549409,São Joaquim da Barra,3523103711171,2023-03-14,2023-03-19,352130,,0,5,2191086000,14.0,8.0,0.0
5,3549409,São Joaquim da Barra,3523103711237,2023-04-10,2023-04-14,354940,,0,4,2191086000,14.0,8.0,0.0
5,3516200,Franca,3523103711270,2023-05-11,2023-05-11,351620,,0,0,11276086000,11.5,8.25,0.0
5,3516200,Franca,3523103711281,2023-05-11,2023-05-11,351320,,0,0,11276086000,11.5,8.25,0.0
5,3516200,Franca,3523103711303,2023-05-02,2023-05-02,351620,,0,0,11276086000,11.5,8.25,0.0
5,3516200,Franca,3523103711391,2023-05-12,2023-05-12,351620,,0,0,11276086000,11.5,8.25,0.0
5,3516200,Franca,3523103711446,2023-05-12,2023-05-12,353700,,0,0,11276086000,11.5,8.25,0.0
5,3549409,São Joaquim da Barra,3523103711523,2023-02-10,2023-02-20,354940,,0,10,2191086000,14.0,8.0,0.0
5,3549409,São Joaquim da Barra,3523103711523,2023-02-10,2023-02-20,354940,,10,10,2191086000,14.0,8.0,0.7142857142857143
5,3549409,São Joaquim da Barra,3523103711567,2023-04-24,2023-04-28,351620,,0,4,2191086000,14.0,8.0,0.0
5,3516200,Franca,3523103711644,2023-05-17,2023-05-17,353430,,0,0,11276086000,11.5,8.25,0.0
5,3516200,Franca,3523103711655,2023-05-17,2023-05-17,351620,,0,0,11276086000,11.5,8.25,0.0
5,3516200,Franca,3523103711699,2023-05-10,2023-05-10,351620,,0,0,11276086000,11.5,8.25,0.0
5,3516200,Franca,3523103711743,2023-05-18,2023-05-18,351620,,0,0,11276086000,11.5,8.25,0.0
5,3516200,Franca,3523103711820,2023-05-19,2023-05-19,351620,,0,0,11276086000,11.5,8.25,0.0
5,3516200,Franca,3523103711853,2023-05-19,2023-05-19,351620,,0,0,11276086000,11.5,8.25,0.0
5,3516200,Franca,3523103711886,2023-05-19,2023-05-19,352540,,0,0,11276086000,11.5,8.25,0.0
5,3516200,Franca,3523103711897,2023-05-19,2023-05-19,351620,,0,0,11276086000,11.5,8.25,0.0
5,3516200,Franca,3523103711908,2023-05-19,2023-05-19,351620,,0,0,11276086000,11.5,8.25,0.0
5,3516200,Franca,3523103711930,2023-05-19,2023-05-19,351620,,0,0,11276086000,11.5,8.25,0.0
5,3516200,Franca,3523103711941,2023-05-22,2023-05-22,351620,,0,0,11276086000,11.5,8.25,0.0
5,3516200,Franca,3523103711974,2023-05-23,2023-05-23,351620,,0,0,11276086000,11.5,8.25,0.0
5,3516200,Franca,3523103711996,2023-05-16,2023-05-16,351620,,0,0,11276086000,11.5,8.25,0.0
5,3516200,Franca,3523103712029,2023-05-19,2023-05-19,351620,,0,0,11276086000,11.5,8.25,0.0
5,3516200,Franca,3523103712172,2023-05-24,2023-05-24,351620,,0,0,11276086000,11.5,8.25,0.0
5,3516200,Franca,3523103712183,2023-05-30,2023-05-30,351620,131 SERVICO DE OFTALMOLOGIA / 003 TRATAMENTO CIRURGICO DO APARELHO DA VISAO,0,0,11276086000,11.5,8.25,0.0
5,3516200,Franca,3523103712205,2023-05-31,2023-05-31,351620,,0,0,11276086000,11.5,8.25,0.0
5,3550308,São Paulo,3523103750199,2023-04-25,2023-04-26,355030,,1,1,828980747000,19.2972972972973,10.716216216216216,0.05182072829131652
5,3550308,São Paulo,3523103750199,2023-04-25,2023-04-26,355030,132 SERVICO DE ONCOLOGIA / 005 ONCOLOGIA CIRURGICA,0,1,828980747000,19.2972972972973,10.716216216216216,0.0
5,3550308,São Paulo,3523103750232,2023-04-03,2023-04-04,355030,132 SERVICO DE ONCOLOGIA / 005 ONCOLOGIA CIRURGICA,0,1,828980747000,19.2972972972973,10.716216216216216,0.0
5,3550308,São Paulo,3523103758867,2023-05-05,2023-05-06,355030,,1,1,828980747000,19.2972972972973,10.716216216216216,0.05182072829131652
5,3550308,São Paulo,3523103810920,2023-04-01,2023-04-01,355030,155 SERVICO DE TRAUMATOLOGIA E ORTOPEDIA / 001 SERVICO DE TRAUMATOLOGIA E ORTOPEDIA,0,0,828980747000,19.2972972972973,10.716216216216216,0.0
5,3550308,São Paulo,3523103810920,2023-04-01,2023-04-01,355030,,1,0,828980747000,19.2972972972973,10.716216216216216,0.05182072829131652
5,3550308,São Paulo,3523103811513,2023-03-30,2023-04-01,355030,,0,2,828980747000,19.2972972972973,10.716216216216216,0.0
5,3550308,São Paulo,3523103824977,2023-01-29,2023-03-06,355030,,28,36,828980747000,19.2972972972973,10.716216216216216,1.4509803921568627
5,3550308,São Paulo,3523103832787,2023-02-23,2023-02-27,351880,132 SERVICO DE ONCOLOGIA / 005 ONCOLOGIA CIRURGICA,0,4,828980747000,19.2972972972973,10.716216216216216,0.0
5,3550308,São Paulo,3523103832787,2023-02-23,2023-02-27,351880,,1,4,828980747000,19.2972972972973,10.716216216216216,0.05182072829131652
5,3550308,São Paulo,3523103832787,2023-02-23,2023-02-27,351880,126 SERVICO DE FISIOTERAPIA / 002 ASSISTENCIA FISIOTERAPEUTICA EM ALTERACOES ONCOLOGICAS,1,4,828980747000,19.2972972972973,10.716216216216216,0.05182072829131652
5,3550308,São Paulo,3523103836010,2023-04-01,2023-04-01,355030,,0,0,828980747000,19.2972972972973,10.716216216216216,0.0
5,3550308,São Paulo,3523103837044,2023-03-29,2023-03-30,355030,132 SERVICO DE ONCOLOGIA / 005 ONCOLOGIA CIRURGICA,0,1,828980747000,19.2972972972973,10.716216216216216,0.0
5,3550308,São Paulo,3523103838815,2023-02-02,2023-03-09,355030,,26,35,828980747000,19.2972972972973,10.716216216216216,1.3473389355742296
5,3550308,São Paulo,3523103838815,2023-02-02,2023-03-09,355030,,0,35,828980747000,19.2972972972973,10.716216216216216,0.0
5,3550308,São Paulo,3523103842929,2023-02-04,2023-03-14,351880,,14,38,828980747000,19.2972972972973,10.716216216216216,0.7254901960784313
5,3550308,São Paulo,3523103845800,2023-04-04,2023-04-05,355030,132 SERVICO DE ONCOLOGIA / 005 ONCOLOGIA CIRURGICA,0,1,828980747000,19.2972972972973,10.716216216216216,0.0
5,3550308,São Paulo,3523103845822,2023-05-09,2023-05-09,355030,,0,0,828980747000,19.2972972972973,10.716216216216216,0.0
5,3550308,São Paulo,3523103846097,2023-03-31,2023-04-01,355030,,1,1,828980747000,19.2972972972973,10.716216216216216,0.05182072829131652
5,3550308,São Paulo,3523103846460,2023-04-05,2023-04-07,355030,,1,2,828980747000,19.2972972972973,10.716216216216216,0.05182072829131652
5,3550308,São Paulo,3523103846460,2023-04-05,2023-04-07,355030,,0,2,828980747000,19.2972972972973,10.716216216216216,0.0
5,3550308,São Paulo,3523103848044,2023-02-06,2023-05-03,355030,,1,86,828980747000,19.2972972972973,10.716216216216216,0.05182072829131652
5,3550308,São Paulo,3523103848044,2023-02-06,2023-05-03,355030,,4,86,828980747000,19.2972972972973,10.716216216216216,0.2072829131652661
5,3550308,São Paulo,3523103848044,2023-02-06,2023-05-03,355030,,3,86,828980747000,19.2972972972973,10.716216216216216,0.15546218487394958
5,3550308,São Paulo,3523103848044,2023-02-06,2023-05-03,355030,,5,86,828980747000,19.2972972972973,10.716216216216216,0.2591036414565826
5,3550308,São Paulo,3523103848044,2023-02-06,2023-05-03,355030,,11,86,828980747000,19.2972972972973,10.716216216216216,0.5700280112044818
5,3550308,São Paulo,3523103848044,2023-02-06,2023-05-03,355030,,12,86,828980747000,19.2972972972973,10.716216216216216,0.6218487394957983
5,3550308,São Paulo,3523103849606,2023-02-06,2023-03-15,355030,,0,37,828980747000,19.2972972972973,10.716216216216216,0.0
5,3550308,São Paulo,3523103849617,2023-02-06,2023-03-28,355030,,28,50,828980747000,19.2972972972973,10.716216216216216,1.4509803921568627
5,3550308,São Paulo,3523103852048,2023-04-10,2023-04-17,355030,,1,7,828980747000,19.2972972972973,10.716216216216216,0.05182072829131652
5,3550308,São Paulo,3523103852785,2023-02-08,2023-03-26,355030,,18,46,828980747000,19.2972972972973,10.716216216216216,0.9327731092436974
5,3550308,São Paulo,3523103852785,2023-02-08,2023-03-26,355030,,26,46,828980747000,19.2972972972973,10.716216216216216,1.3473389355742296
5,3550308,São Paulo,3523103852785,2023-02-08,2023-03-26,355030,,1,46,828980747000,19.2972972972973,10.716216216216216,0.05182072829131652
5,3550308,São Paulo,3523103857097,2023-05-03,2023-05-03,355030,,0,0,828980747000,19.2972972972973,10.716216216216216,0.0
5,3550308,São Paulo,3523103861706,2023-04-06,2023-04-06,355030,,0,0,828980747000,19.2972972972973,10.716216216216216,0.0
5,3550308,São Paulo,3523103863026,2023-02-08,2023-05-20,355030,,0,101,828980747000,19.2972972972973,10.716216216216216,0.0
5,3550308,São Paulo,3523103863686,2023-05-04,2023-05-05,353440,132 SERVICO DE ONCOLOGIA / 005 ONCOLOGIA CIRURGICA,0,1,828980747000,19.2972972972973,10.716216216216216,0.0
5,3550308,São Paulo,3523103865633,2023-04-10,2023-04-11,355030,132 SERVICO DE ONCOLOGIA / 005 ONCOLOGIA CIRURGICA,0,1,828980747000,19.2972972972973,10.716216216216216,0.0
5,3550308,São Paulo,3523103865710,2023-03-05,2023-03-13,355030,126 SERVICO DE FISIOTERAPIA / 002 ASSISTENCIA FISIOTERAPEUTICA EM ALTERACOES ONCOLOGICAS,14,8,828980747000,19.2972972972973,10.716216216216216,0.7254901960784313
5,3550308,São Paulo,3523103865710,2023-03-05,2023-03-13,355030,,1,8,828980747000,19.2972972972973,10.716216216216216,0.05182072829131652
5,3550308,São Paulo,3523103865754,2023-04-06,2023-04-07,355030,132 SERVICO DE ONCOLOGIA / 005 ONCOLOGIA CIRURGICA,0,1,828980747000,19.2972972972973,10.716216216216216,0.0
5,3550308,São Paulo,3523103866810,2023-02-14,2023-05-01,355030,,1,76,828980747000,19.2972972972973,10.716216216216216,0.05182072829131652
5,3550308,São Paulo,3523103866810,2023-02-14,2023-05-01,355030,,2,76,828980747000,19.2972972972973,10.716216216216216,0.10364145658263305
5,3550308,São Paulo,3523103866810,2023-02-14,2023-05-01,355030,,6,76,828980747000,19.2972972972973,10.716216216216216,0.31092436974789917
5,3550308,São Paulo,3523103866975,2023-02-10,2023-03-02,355030,,0,20,828980747000,19.2972972972973,10.716216216216216,0.0
5,3550308,São Paulo,3523103868999,2023-02-11,2023-03-07,355030,,7,24,828980747000,19.2972972972973,10.716216216216216,0.3627450980392157
5,3550308,São Paulo,3523103869890,2023-04-18,2023-04-19,355030,126 SERVICO DE FISIOTERAPIA / 002 ASSISTENCIA FISIOTERAPEUTICA EM ALTERACOES ONCOLOGICAS,1,1,828980747000,19.2972972972973,10.716216216216216,0.05182072829131652
5,3550308,São Paulo,3523103870066,2023-03-31,2023-04-01,355030,,0,1,828980747000,19.2972972972973,10.716216216216216,0.0
5,3550308,São Paulo,3523103870968,2023-02-28,2023-03-05,350570,,1,5,828980747000,19.2972972972973,10.716216216216216,0.05182072829131652
5,3550308,São Paulo,3523103870968,2023-02-28,2023-03-05,350570,126 SERVICO DE FISIOTERAPIA / 002 ASSISTENCIA FISIOTERAPEUTICA EM ALTERACOES ONCOLOGICAS,1,5,828980747000,19.2972972972973,10.716216216216216,0.05182072829131652
5,3550308,São Paulo,3523103870968,2023-02-28,2023-03-05,350570,,0,5,828980747000,19.2972972972973,10.716216216216216,0.0
5,3550308,São Paulo,3523103872409,2023-03-09,2023-03-10,355030,,0,1,828980747000,19.2972972972973,10.716216216216216,0.0
5,3550308,São Paulo,3523103873510,2023-04-18,2023-04-19,355030,132 SERVICO DE ONCOLOGIA / 005 ONCOLOGIA CIRURGICA,0,1,828980747000,19.2972972972973,10.716216216216216,0.0
5,3550308,São Paulo,3523103873619,2023-05-04,2023-05-05,355030,,0,1,828980747000,19.2972972972973,10.716216216216216,0.0
5,3550308,São Paulo,3523103874466,2023-02-13,2023-02-21,352500,126 SERVICO DE FISIOTERAPIA / 002 ASSISTENCIA FISIOTERAPEUTICA EM ALTERACOES ONCOLOGICAS,1,8,828980747000,19.2972972972973,10.716216216216216,0.05182072829131652
5,3550308,São Paulo,3523103874466,2023-02-13,2023-02-21,352500,,1,8,828980747000,19.2972972972973,10.716216216216216,0.05182072829131652
5,3550308,São Paulo,3523103875885,2023-03-16,2023-03-17,355030,,0,1,828980747000,19.2972972972973,10.716216216216216,0.0
5,3550308,São Paulo,3523103875885,2023-03-16,2023-03-17,355030,,1,1,828980747000,19.2972972972973,10.716216216216216,0.05182072829131652
5,3550308,São Paulo,3523103876897,2023-02-13,2023-03-08,355030,,15,23,828980747000,19.2972972972973,10.716216216216216,0.7773109243697479
5,3550308,São Paulo,3523103876897,2023-02-13,2023-03-08,355030,,0,23,828980747000,19.2972972972973,10.716216216216216,0.0
5,3550308,São Paulo,3523103878712,2023-02-02,2023-02-08,353440,,0,6,828980747000,19.2972972972973,10.716216216216216,0.0
5,3550308,São Paulo,3523103881264,2023-03-31,2023-04-01,355030,,0,1,828980747000,19.2972972972973,10.716216216216216,0.0
5,3550308,São Paulo,3523103884355,2023-04-06,2023-04-06,355030,105 SERVICO DE ATENCAO EM NEUROLOGIA / NEUROCIRURGIA / 002 COLUNA E NERVOS PERIFERICOS,0,0,828980747000,19.2972972972973,10.716216216216216,0.0
5,3550308,São Paulo,3523103888810,2023-04-18,2023-04-19,351880,132 SERVICO DE ONCOLOGIA / 005 ONCOLOGIA CIRURGICA,0,1,828980747000,19.2972972972973,10.716216216216216,0.0
5,3550308,São Paulo,3523103891329,2023-05-02,2023-05-06,355030,,1,4,828980747000,19.2972972972973,10.716216216216216,0.05182072829131652
5,3550308,São Paulo,3523103891329,2023-05-02,2023-05-06,355030,126 SERVICO DE FISIOTERAPIA / 002 ASSISTENCIA FISIOTERAPEUTICA EM ALTERACOES ONCOLOGICAS,8,4,828980747000,19.2972972972973,10.716216216216216,0.4145658263305322
5,3550308,São Paulo,3523103892176,2023-03-02,2023-03-10,355030,,1,8,828980747000,19.2972972972973,10.716216216216216,0.05182072829131652
5,3550308,São Paulo,3523103892176,2023-03-02,2023-03-10,355030,126 SERVICO DE FISIOTERAPIA / 002 ASSISTENCIA FISIOTERAPEUTICA EM ALTERACOES ONCOLOGICAS,1,8,828980747000,19.2972972972973,10.716216216216216,0.05182072829131652
5,3550308,São Paulo,3523103892858,2023-03-23,2023-03-23,355030,,0,0,828980747000,19.2972972972973,10.716216216216216,0.0
5,3550308,São Paulo,3523103892858,2023-03-23,2023-03-23,355030,,1,0,828980747000,19.2972972972973,10.716216216216216,0.05182072829131652
5,3550308,São Paulo,3523103897027,2023-04-01,2023-04-01,355030,,1,0,828980747000,19.2972972972973,10.716216216216216,0.05182072829131652
5,3550308,São Paulo,3523103897027,2023-04-01,2023-04-01,355030,155 SERVICO DE TRAUMATOLOGIA E ORTOPEDIA / 001 SERVICO DE TRAUMATOLOGIA E ORTOPEDIA,0,0,828980747000,19.2972972972973,10.716216216216216,0.0
5,3550308,São Paulo,3523103897050,2023-04-08,2023-04-08,355030,,0,0,828980747000,19.2972972972973,10.716216216216216,0.0
5,3550308,São Paulo,3523103899733,2023-03-23,2023-03-24,355030,,0,1,828980747000,19.2972972972973,10.716216216216216,0.0
5,3550308,São Paulo,3523103901614,2023-04-07,2023-04-08,355030,,0,1,828980747000,19.2972972972973,10.716216216216216,0.0
5,3550308,São Paulo,3523103901625,2023-04-08,2023-04-08,355030,,0,0,828980747000,19.2972972972973,10.716216216216216,0.0
5,3550308,São Paulo,3523103903814,2023-02-21,2023-03-28,355030,,5,35,828980747000,19.2972972972973,10.716216216216216,0.2591036414565826
5,3550308,São Paulo,3523103904640,2023-03-14,2023-03-15,355030,,1,1,828980747000,19.2972972972973,10.716216216216216,0.05182072829131652
5,3550308,São Paulo,3523103904640,2023-03-14,2023-03-15,355030,132 SERVICO DE ONCOLOGIA / 005 ONCOLOGIA CIRURGICA,0,1,828980747000,19.2972972972973,10.716216216216216,0.0
5,3550308,São Paulo,3523103907103,2023-03-31,2023-04-01,355030,,0,1,828980747000,19.2972972972973,10.716216216216216,0.0
5,3550308,São Paulo,3523103907830,2023-02-23,2023-03-08,355030,,5,13,828980747000,19.2972972972973,10.716216216216216,0.2591036414565826
5,3550308,São Paulo,3523103907830,2023-02-23,2023-03-08,355030,,8,13,828980747000,19.2972972972973,10.716216216216216,0.4145658263305322
5,3550308,São Paulo,3523103908137,2023-02-24,2023-03-02,355030,,2,6,828980747000,19.2972972972973,10.716216216216216,0.10364145658263305
5,3550308,São Paulo,3523103910447,2023-04-10,2023-04-11,352210,132 SERVICO DE ONCOLOGIA / 005 ONCOLOGIA CIRURGICA,0,1,828980747000,19.2972972972973,10.716216216216216,0.0
5,3550308,São Paulo,3523103913472,2023-02-26,2023-03-09,351880,,0,11,828980747000,19.2972972972973,10.716216216216216,0.0
5,3550308,São Paulo,3523103913505,2023-02-24,2023-03-04,355030,,0,8,828980747000,19.2972972972973,10.716216216216216,0.0
5,3550308,São Paulo,3523103915310,2023-04-17,2023-04-18,355030,132 SERVICO DE ONCOLOGIA / 005 ONCOLOGIA CIRURGICA,0,1,828980747000,19.2972972972973,10.716216216216216,0.0
5,3550308,São Paulo,3523103916101,2023-02-26,2023-03-21,355030,,0,23,828980747000,19.2972972972973,10.716216216216216,0.0
5,3550308,São Paulo,3523103916332,2023-02-27,2023-03-11,355030,,0,12,828980747000,19.2972972972973,10.716216216216216,0.0
5,3550308,São Paulo,3523103916827,2023-02-27,2023-03-20,355030,,0,21,828980747000,19.2972972972973,10.716216216216216,0.0
5,3550308,São Paulo,3523103916827,2023-02-27,2023-03-20,355030,,20,21,828980747000,19.2972972972973,10.716216216216216,1.0364145658263304
5,3550308,São Paulo,3523103916849,2023-02-24,2023-03-02,355030,,4,6,828980747000,19.2972972972973,10.716216216216216,0.2072829131652661
5,3550308,São Paulo,3523103916849,2023-02-24,2023-03-02,355030,,2,6,828980747000,19.2972972972973,10.716216216216216,0.10364145658263305
5,3550308,São Paulo,3523103919160,2023-05-15,2023-05-17,355030,132 SERVICO DE ONCOLOGIA / 005 ONCOLOGIA CIRURGICA,0,2,828980747000,19.2972972972973,10.716216216216216,0.0
5,3550308,São Paulo,3523103919214,2023-05-15,2023-05-16,355030,,0,1,828980747000,19.2972972972973,10.716216216216216,0.0
5,3550308,São Paulo,3523103919313,2023-05-02,2023-05-03,355030,132 SERVICO DE ONCOLOGIA / 005 ONCOLOGIA CIRURGICA,0,1,828980747000,19.2972972972973,10.716216216216216,0.0
5,3550308,São Paulo,3523103919379,2023-05-02,2023-05-03,355030,132 SERVICO DE ONCOLOGIA / 005 ONCOLOGIA CIRURGICA,0,1,828980747000,19.2972972972973,10.716216216216216,0.0
5,3550308,São Paulo,3523103919456,2023-04-23,2023-04-29,355030,126 SERVICO DE FISIOTERAPIA / 002 ASSISTENCIA FISIOTERAPEUTICA EM ALTERACOES ONCOLOGICAS,9,6,828980747000,19.2972972972973,10.716216216216216,0.4663865546218487
5,3550308,São Paulo,3523103921942,2023-05-22,2023-05-22,355030,,0,0,828980747000,19.2972972972973,10.716216216216216,0.0
5,3550308,São Paulo,3523103923636,2023-05-03,2023-05-04,355030,,0,1,828980747000,19.2972972972973,10.716216216216216,0.0
5,3550308,São Paulo,3523103924230,2023-03-01,2023-03-03,355030,,0,2,828980747000,19.2972972972973,10.716216216216216,0.0
5,3550308,São Paulo,3523103924505,2023-03-02,2023-03-11,355030,,9,9,828980747000,19.2972972972973,10.716216216216216,0.4663865546218487
5,3550308,São Paulo,3523103924736,2023-02-28,2023-03-04,355030,,4,4,828980747000,19.2972972972973,10.716216216216216,0.2072829131652661
5,3550308,São Paulo,3523103924736,2023-02-28,2023-03-04,355030,,1,4,828980747000,19.2972972972973,10.716216216216216,0.05182072829131652
5,3550308,São Paulo,3523103924880,2023-03-01,2023-03-04,355030,,2,3,828980747000,19.2972972972973,10.716216216216216,0.10364145658263305
5,3550308,São Paulo,3523103928620,2023-03-06,2023-03-30,355030,,4,24,828980747000,19.2972972972973,10.716216216216216,0.2072829131652661
5,3550308,São Paulo,3523103931171,2023-05-26,2023-05-26,355030,,0,0,828980747000,19.2972972972973,10.716216216216216,0.0
5,3550308,São Paulo,3523103931336,2023-02-17,2023-02-27,352940,,1,10,828980747000,19.2972972972973,10.716216216216216,0.05182072829131652
5,3550308,São Paulo,3523103931336,2023-02-17,2023-02-27,352940,126 SERVICO DE FISIOTERAPIA / 002 ASSISTENCIA FISIOTERAPEUTICA EM ALTERACOES ONCOLOGICAS,1,10,828980747000,19.2972972972973,10.716216216216216,0.05182072829131652
5,3550308,São Paulo,3523103931336,2023-02-17,2023-02-27,352940,132 SERVICO DE ONCOLOGIA / 005 ONCOLOGIA CIRURGICA,0,10,828980747000,19.2972972972973,10.716216216216216,0.0
5,3550308,São Paulo,3523103931974,2023-05-05,2023-05-06,355030,132 SERVICO DE ONCOLOGIA / 005 ONCOLOGIA CIRURGICA,0,1,828980747000,19.2972972972973,10.716216216216216,0.0
5,3550308,São Paulo,3523103932799,2023-03-02,2023-03-11,355030,,0,9,828980747000,19.2972972972973,10.716216216216216,0.0
5,3550308,São Paulo,3523103932876,2023-03-02,2023-05-31,355030,,0,90,828980747000,19.2972972972973,10.716216216216216,0.0
5,3550308,São Paulo,3523103932909,2023-03-03,2023-03-05,355030,,0,2,828980747000,19.2972972972973,10.716216216216216,0.0
5,3550308,São Paulo,3523103932909,2023-03-03,2023-03-05,355030,,2,2,828980747000,19.2972972972973,10.716216216216216,0.10364145658263305
5,3550308,São Paulo,3523103933998,2023-03-03,2023-03-10,355030,,0,7,828980747000,19.2972972972973,10.716216216216216,0.0
5,3550308,São Paulo,3523103935373,2023-03-07,2023-05-07,355030,,2,61,828980747000,19.2972972972973,10.716216216216216,0.10364145658263305
5,3550308,São Paulo,3523103935373,2023-03-07,2023-05-07,355030,,3,61,828980747000,19.2972972972973,10.716216216216216,0.15546218487394958
5,3550308,São Paulo,3523103935747,2023-05-09,2023-05-11,355030,,0,2,828980747000,19.2972972972973,10.716216216216216,0.0
5,3550308,São Paulo,3523103935770,2023-05-08,2023-05-09,355030,132 SERVICO DE ONCOLOGIA / 005 ONCOLOGIA CIRURGICA,0,1,828980747000,19.2972972972973,10.716216216216216,0.0
